trial,channel,std_uv,peak_to_peak_uv,global_correlation,neighbor_correlation,flags,flagged
1,E1,55.36210884424621,758.7743530079161,-0.18031613384682557,0.10975399634821545,peak_to_peak;neighbor_correlation,True
1,E2,25.307656764910952,319.3530937515394,-0.1535395164629382,0.6407259079445558,,False
1,E3,12.126101071129728,156.59334430854418,-0.1738285516658259,0.7917662525013062,,False
1,E4,8.387057778731139,91.4047240525002,-0.20418825521963568,0.8161124163559919,,False
1,E5,5.696924973432883,63.160167172821616,-0.20975227388845932,0.7901534766641001,,False
1,E6,4.714991294510769,50.4802225333688,-0.21340499880562908,0.5936496119452275,,False
1,E7,3.082413101696558,39.78495038878963,-0.045601317803551665,0.6188452587440729,,False
1,E8,57.73336196327892,767.4909651454972,-0.2784258566484125,0.8937621711619751,peak_to_peak,True
1,E9,23.59460727843504,326.13766933232216,-0.20272223109046786,0.9182244097158165,,False
1,E10,22.348123346818582,309.4423687288593,-0.2025102902486976,0.7995193191007037,,False
1,E11,9.531565931581161,106.54592402910232,-0.24756529448990824,0.7145119758862322,,False
1,E12,6.424797019862007,74.44070788983421,-0.13606885398506693,0.6582269385936652,,False
1,E13,3.769305191698085,57.16712841019937,-0.047617063255751726,0.3948675501974338,,False
1,E14,31.02670841953203,411.4905529227563,-0.20176033283496397,0.9450875039902062,,False
1,E15,11.817406882269612,142.7404694557543,-0.23798590099190534,0.7310456432296341,,False
1,E16,10.164300445531696,116.9546888828121,-0.2508082070230649,0.6868120024198241,,False
1,E17,25.582413503205473,338.35872748466835,-0.169500534654405,0.9467306545428652,,False
1,E18,17.27340877516949,249.4233618266152,-0.14690151065184615,0.8275999035331146,,False
1,E19,14.642322327388454,217.19691762319542,-0.1264762787875187,0.7563713841944577,,False
1,E20,8.678700602962307,142.34279489585884,0.07927315983087829,0.6590500723965922,,False
1,E21,29.81605616657791,390.3163594213238,-0.21703047941791362,0.9539945867801379,,False
1,E22,23.324243796913102,325.95374476932665,-0.1839789068048455,0.8974405202040389,,False
1,E23,15.676103156072859,225.71961698626717,-0.11390114498316051,0.8500374087753853,,False
1,E24,11.368021982967678,151.01425362674448,0.031076168659372832,0.7129812462126981,,False
1,E25,86.39135548539005,1500.090291668053,-0.1953938373541408,0.8367527175952463,variance;peak_to_peak,True
1,E26,16.942467186756414,225.03001510661326,0.052207561209978284,0.6792342231616078,,False
1,E27,14.411524580169393,171.7253585955615,0.12049801202471619,0.7409271290594086,,False
1,E28,9.692931353562734,130.42547043566339,0.16524523387733142,0.6857967037153958,,False
1,E29,7.154397040427821,114.88107046070166,0.18744934151722065,0.6389552885053877,,False
1,E30,6.395378610020407,69.22172153956146,0.12673303262923521,0.4349043884502964,,False
1,E31,4.060014818582704,41.8886600616977,0.061563978551708844,0.2463947495813135,,False
1,E32,49.71931458263495,705.0768511441677,-0.14884544439828234,0.08613778090608397,neighbor_correlation,True
1,E33,17.420335542728868,185.05075294208504,0.142822365804863,0.49983482762731335,,False
1,E34,9.326508159954194,145.41227026305972,0.3165909231327159,0.6698877958735572,,False
1,E35,8.503350467474839,136.11062525034214,0.2975795392646869,0.765925973295984,,False
1,E36,8.689598128169086,144.3737956824703,0.2967068447244789,0.6816260787534122,,False
1,E37,6.926030276785028,107.1801102799972,0.2835076821675623,0.730330105642166,,False
1,E38,18.304112583229337,196.8205413692041,0.30509304348984684,0.5154641401891964,,False
1,E39,15.340936095124553,167.84797108482763,0.2526674600567119,0.5586119659315152,,False
1,E40,10.507413543209674,147.06405352081046,0.3316843895851686,0.736225320866212,,False
1,E41,13.790928635000935,153.9890196078582,0.23501758836080822,0.6053389260263957,,False
1,E42,8.954253435453506,155.23987082985033,0.37296627317851827,0.7507087115972884,,False
1,E43,21.746111436002558,191.45806524015825,0.23735874301136287,0.4728847979540638,,False
1,E44,20.57852762022354,166.8154594904592,0.25165890182068007,0.44106712553528693,,False
1,E45,18.26280693905207,160.36558592021282,0.26193814492738327,0.45990631244090335,,False
1,E46,10.776891254835132,156.70566991456852,0.332821257001755,0.6645934127164385,,False
1,E47,10.58025502697178,129.72905093744856,0.34827235133490114,0.6803243533296843,,False
1,E48,19.042468430471697,185.0551594567438,0.3130969125498375,0.6029799230987047,,False
1,E49,15.41576709429847,178.2099320179948,0.3495646867836137,0.580359181080804,,False
1,E50,16.220869918345382,166.65324342369195,0.2554934071263749,0.5358616290885092,,False
1,E51,11.079490065288379,139.57287002849628,0.3546856776034584,0.6822809578018905,,False
1,E52,10.455429035556275,146.40412448349275,0.3189564118865618,0.6632525568649641,,False
1,E53,8.242196615362007,126.97013588756431,0.3551920723579273,0.7898892855542392,,False
1,E54,7.809600991902799,96.88396292828831,0.3196420287362363,0.7236769517044133,,False
1,E55,4.705155262880599,126.71515219764876,-0.05328030209404915,0.37870875825265793,,False
1,E56,21.000848488593324,198.74441753256474,0.1982584827917053,0.4478409382445771,,False
1,E57,15.853966416102262,200.83514672388517,0.29675139433496084,0.5100989860749588,,False
1,E58,12.763743187360271,162.67381789442524,0.3692584627232337,0.7489201541627561,,False
1,E59,11.150043825904469,152.08110037808396,0.3612586311629336,0.781628190701547,,False
1,E60,9.11771167803501,119.44498468308078,0.3731724005805867,0.7842744182643837,,False
1,E61,17.217456424214564,457.88126452049966,0.1946952231757999,0.7384560816016439,,False
1,E62,14.684727998587457,441.20476593700175,0.2338075334165819,0.7651781361005082,,False
1,E63,22.64553969555926,308.83066579462627,0.2118006161807756,0.4992332490868659,,False
1,E64,13.111667025699692,175.61104566275696,0.41231205812509975,0.728682625799832,,False
1,E65,12.051862028662248,149.57638708284185,0.36235014913140684,0.8185265604945956,,False
1,E66,9.950292845828018,127.15631681974776,0.35855147852561425,0.8453632593075029,,False
1,E67,62.69346634894553,2074.686745063517,0.10718210701711064,0.6892505433987812,peak_to_peak,True
1,E68,16.625334177867778,204.2437023044036,0.3421008200421198,0.7303249752750876,,False
1,E69,13.46755120099884,159.98912771094243,0.3921453976798436,0.8134905916152695,,False
1,E70,12.94741182402163,145.03871617671908,0.31623484203797586,0.6838861870147204,,False
1,E71,12.886308587951588,164.69807368354293,0.309976396177565,0.764537740981726,,False
1,E72,13.517851901657346,378.46703151887493,0.2554934071263749,0.7471145603410188,,False
1,E73,14.872242663156447,196.05979426767993,0.36967561406088073,0.8321869651938472,,False
1,E74,13.368622378085595,168.56785958090592,0.40262578100946317,0.8505985037534658,,False
1,E75,12.077416012982368,148.9729737217308,0.37298369217536514,0.7729060505268319,,False
1,E76,12.873763117787096,339.78776557787944,0.27098871627315124,0.7277009993890389,,False
1,E77,11.873886513088278,113.22251390862624,0.28035633579433766,0.6897451907175199,,False
1,E78,7.277666649811649,67.21128350428182,0.25165890182068,0.6238023349317293,,False
1,E79,6.968166179008318,137.7995658011371,0.3245057787507557,0.419499261736392,,False
1,E80,3.452476606077892,77.16958662164762,0.03333107917471988,0.6223207069647623,,False
1,E81,14.961194664542882,171.04297469884574,0.38215595911636707,0.7776250743619961,,False
1,E82,12.890840926415205,168.44412460891377,0.4289528049862186,0.705078156638732,,False
1,E83,14.899436128224226,166.37571675403433,0.23752182271709868,0.6798177011551155,,False
1,E84,20.762479678854987,264.7115407207943,0.11871343280778604,0.7756065096292954,,False
1,E85,9.765813019506517,117.89102670632249,0.19695109478787906,0.83575080663756,,False
1,E86,5.807226986487055,51.62605051822628,0.3151241721304187,0.7970481685315742,,False
1,E87,5.2867415307364,93.78005858658399,0.3062971077429209,0.3907498443598185,,False
1,E88,32.206262965956434,432.3084242395595,0.20679015688361904,0.3356145781702806,,False
1,E89,18.32936807144386,288.5012813384692,0.3363057547311669,0.5488406470380875,,False
1,E90,13.977543397161934,146.6425951419765,0.28916838311106485,0.6980560116031693,,False
1,E91,10.950965774226738,125.71383402123,0.2133891911353272,0.8224944513805834,,False
1,E92,6.536195200657605,58.13860569128913,0.3088343080589828,0.8826128048322734,,False
1,E93,6.150895835635313,58.109044547446565,0.27641146129735716,0.7459046570608412,,False
1,E94,23.46162436402212,401.92138433817547,0.2016876828216961,0.3796374762424865,,False
1,E95,13.428177868143479,208.58446025585286,0.4186583382063299,0.5524181723699182,,False
1,E96,12.625085522839077,175.09563439984206,0.38262543413361966,0.5781898974576254,,False
1,E97,6.550946877380026,57.95581681938313,0.3165711928001299,0.819045927959188,,False
1,E98,6.1146764283944535,65.74366037417201,0.3760723451921004,0.8122457039609446,,False
1,E99,14.944750987225595,188.85614810490608,0.34538375460187354,0.34491221040208475,,False
1,E100,23.70564969601142,368.0243857196542,0.1935800848429245,0.36160259650306736,,False
1,E101,11.97981919475865,173.53710023438038,0.3468898383220168,0.6223164597840806,,False
1,E102,6.588330071450437,79.73114056024772,0.3736726267152982,0.7184555431710414,,False
1,E103,6.756249488807475,60.74833943868628,0.24743007850729434,0.6271150939348815,,False
1,E104,4.56165536361087,81.75052709575874,0.026766678314036226,0.6214716894534855,,False
1,E105,4.614037842899015,96.1135953622645,-0.03806344821352398,0.9249320039029298,,False
1,E106,3.468651232319831,82.00456493276519,-0.07098886966919486,0.7489431611011148,,False
1,E107,30.305325541661833,239.98558373347637,0.1859560691222651,0.29790661396991613,,False
1,E108,11.622277203514905,171.9547628188227,0.3460147103103431,0.6094778486471804,,False
1,E109,7.892782443256636,113.82171961143189,0.2727861476626997,0.5060414880039037,,False
1,E110,7.656362243278159,80.26807756821795,0.10175282454795563,0.4693820381889118,,False
1,E111,4.572239843639797,89.58568763351809,-0.05107327969119248,0.7100894549346985,,False
1,E112,4.4932873076239,108.99485986281691,-0.08929156604918864,0.709050032691935,,False
1,E113,14.954564444767932,171.64578696134947,0.2889737288312216,0.4196346766869504,,False
1,E114,14.394485290869422,173.70018614898862,0.20787995381908936,0.5554602569469471,,False
1,E115,15.051525036561074,173.44643339563913,0.19849409026530088,0.46759585538511883,,False
1,E116,11.025514657731247,144.18940195526164,0.14602106543684298,0.3841081054388928,,False
1,E117,9.955861531104642,130.7575601490598,0.02712117044826968,0.6572057441571941,,False
1,E118,7.389185080139627,71.70101952515893,-0.07974117776979887,0.7595238949612386,,False
1,E119,17.90840161894017,200.68586605273148,0.2348639973375903,0.6186214232148088,,False
1,E120,30.51837410545764,374.7392055725129,0.0358004005708595,0.3775565643895066,,False
1,E121,40.00776494746869,590.5004085228386,0.11999933472573594,0.1284418419771424,,False
1,E122,39.24303561678445,303.01931110181886,0.03167112309614458,0.14938643992173561,,False
1,E123,9.817769031661667,126.17574399913327,0.014041876722511738,0.5029292729732227,,False
1,E124,7.70070653881233,75.31510917802255,-0.07653048196982276,0.8391670648485914,,False
1,E125,17.524261903630688,186.5800944928135,0.1921761298308695,0.533492629575322,,False
1,E126,17.275107993805282,189.0449599964482,0.33896258441248517,0.28367250110786174,,False
1,E127,17.93933616075689,200.15620362793635,0.37669186270798444,0.6368547670851104,,False
1,E128,17.5115511136194,189.568504738433,0.3352027399195203,0.5060084047761441,,False
2,E1,34.85323887567582,573.0304763751247,-0.07793356738810805,0.13689888225336275,,False
2,E2,20.13811664880987,260.7456986110219,0.005714107842151277,0.49368642508648264,,False
2,E3,12.666514657751849,145.50391839649302,-0.07887808918582327,0.45565041684492386,,False
2,E4,8.224990333560763,95.92640199335914,-0.07461276174149296,0.5409462632704947,,False
2,E5,5.183662487341167,59.292028078252656,-0.09002694497575003,0.5748925210061204,,False
2,E6,4.1740850682885515,49.20056355176765,-0.09543908383876216,0.4622102123704692,,False
2,E7,2.847170378439451,34.500770708037344,0.06038685330743314,0.6029454191214176,,False
2,E8,33.38221790701663,528.4641648058857,-0.1179502353221921,0.8178698785948071,,False
2,E9,16.56881825661345,249.8066670646981,-0.06397417723747312,0.7752310713908421,,False
2,E10,15.622639484954432,234.59851711887757,-0.06158073038281267,0.5775633284182966,,False
2,E11,7.72325277316821,116.98433212798253,-0.07917074715334475,0.574218478634872,,False
2,E12,6.104053916421348,61.07376250336751,0.02207189186594046,0.5569087839875313,,False
2,E13,3.4037616460048667,42.2454462400432,0.056196515819236646,0.4584111366887931,,False
2,E14,21.31063170445168,308.6025696260601,-0.06512477431746233,0.927014324362921,,False
2,E15,9.267046655352074,147.76381252902144,-0.08605906582864954,0.6516167615802609,,False
2,E16,8.12411685950737,125.95050409188543,-0.08383823023211336,0.6173219782122057,,False
2,E17,18.38038281637074,284.92156758548697,-0.020519090811945414,0.905795863594401,,False
2,E18,12.859470103988759,174.36299291931226,-0.016511872521031822,0.7629561705175605,,False
2,E19,10.953697283020327,148.42436689117935,0.001326576653819885,0.7562255304028671,,False
2,E20,7.217790371881859,77.7964471642502,0.1494078288210966,0.6575706469471589,,False
2,E21,20.20319275139625,292.52201925805315,-0.07363326371841084,0.9148330070977051,,False
2,E22,16.019202078105096,232.03849488806839,-0.04518288080601104,0.856578218909819,,False
2,E23,12.285844639874117,161.6766891606992,0.008622614693753644,0.8112130051871241,,False
2,E24,9.476423817995094,102.3101662152528,0.10471756884784411,0.7061185911526949,,False
2,E25,52.61951234494237,748.6112295303752,-0.09988385039371322,0.7920426235768144,,False
2,E26,14.852836990097392,153.91002562911385,0.09348001612872758,0.7295806123060418,,False
2,E27,14.43030056052082,133.35558122637042,0.12745652480561695,0.7260632445301507,,False
2,E28,10.09471942034802,80.30164111037608,0.16373344884926508,0.5893252363069481,,False
2,E29,6.789399748851516,61.28190185844534,0.18193246022752355,0.6266762829356531,,False
2,E30,6.019034341039263,49.38813717970861,0.1416881344042307,0.5809793870414424,,False
2,E31,4.0301342555754704,32.37469143847327,0.11850213575994928,0.38206556291585114,,False
2,E32,30.540573192032184,546.1580684824908,0.018989025511299357,0.22939875869429116,,False
2,E33,19.908570379746287,167.08049988318066,0.14750008194940376,0.33191927896230833,,False
2,E34,7.994844753873065,83.09275184687212,0.2893846580208596,0.5647064686209315,,False
2,E35,6.7702045233916,76.84381643270245,0.3187375394002197,0.7683087650511562,,False
2,E36,6.7800345088921405,78.23814990825944,0.2965950360024212,0.7248115509138899,,False
2,E37,5.806589794436686,61.23809792241396,0.24284629853257508,0.7339428684269238,,False
2,E38,20.423899931039422,149.1454620402777,0.1965004284470418,0.24572208525905048,,False
2,E39,12.876451033474716,115.1008133929501,0.234294206918061,0.4824039996418069,,False
2,E40,8.653031465298433,88.99494972369712,0.29025502426812916,0.69889217625344,,False
2,E41,9.650096463241006,98.8981617870827,0.2714082566702818,0.6423592018277354,,False
2,E42,7.231469128643413,75.53417527314073,0.3162431466167019,0.7804560351475411,,False
2,E43,29.169860743556395,272.01624324009043,0.12383624735615867,0.22283429249876047,,False
2,E44,25.08960702455756,316.311268506576,0.1148860879734063,0.16288852561725536,,False
2,E45,16.86024323587527,133.055053519488,0.1812920372878733,0.4202310586366992,,False
2,E46,8.99092220864019,89.87450509670393,0.3032585559463794,0.6706133928530058,,False
2,E47,7.800170520102258,78.24247212803297,0.34138565351739664,0.7382895656001698,,False
2,E48,17.372890028665854,170.79974096734074,0.19400804466751556,0.36574401378140664,,False
2,E49,13.374924426086121,116.2362369084355,0.2749300499815941,0.40164993474829425,,False
2,E50,13.79992292204667,181.43754135208957,0.23518202337569818,0.5673018990875104,,False
2,E51,9.171397853142027,92.52520621558105,0.30877373283453907,0.7205504067770602,,False
2,E52,7.853760375710079,88.39182771163979,0.29961884775485037,0.7323564855761913,,False
2,E53,6.76041807677853,74.9615385129195,0.26932928695769415,0.7619546638729838,,False
2,E54,6.614583316242682,82.63989931291017,0.22166756012946043,0.7553348808805183,,False
2,E55,3.3590685724477805,54.97529629016417,-0.014716589038594649,0.3910323997714096,,False
2,E56,18.677449684749988,255.87493308972904,0.11724925524053087,0.37390478953028705,,False
2,E57,13.318108017347496,116.68025864829582,0.28016550156105574,0.6064091698366552,,False
2,E58,9.944586599517702,101.6190969946325,0.34436032247446896,0.7816035295103173,,False
2,E59,9.276545937594609,84.0095506432402,0.32377537921287114,0.8111325762637482,,False
2,E60,7.845695613643158,83.46007556387326,0.31170453337912973,0.7857682976853211,,False
2,E61,10.95213112676502,187.58709418084848,0.2053794230276208,0.6929055371031954,,False
2,E62,9.150384379332747,128.36672216430054,0.2474674253570509,0.6940861743300479,,False
2,E63,14.942904179444128,190.91593763109546,0.2651167598337768,0.722363000680077,,False
2,E64,10.84297971533192,122.08754143982861,0.35343765993666965,0.7946553103802421,,False
2,E65,9.940672750443525,94.78814977045924,0.3330456707890303,0.8378237656411731,,False
2,E66,8.84618166171512,134.83476444025442,0.31336174662603045,0.8379476592686459,,False
2,E67,32.9281596815343,665.605669314635,0.14529968517766298,0.47197385804095215,,False
2,E68,13.190723584127854,136.98914175151657,0.30130963787878445,0.8027075135535369,,False
2,E69,11.269619995738562,109.4685498781971,0.34403444491220114,0.7943360909054333,,False
2,E70,11.355719244523828,159.5804638638947,0.2650418558440647,0.6897058192396803,,False
2,E71,10.07160361153054,122.68656069188896,0.3027996709040819,0.7343803545022823,,False
2,E72,9.183363566209911,114.32940114212636,0.2635378969523487,0.7309306757500167,,False
2,E73,12.74741853132897,136.55532521873462,0.30919212955850695,0.7539193599679912,,False
2,E74,10.543028274626069,105.44520825594478,0.376669356717345,0.8159103457253675,,False
2,E75,9.649187049170393,101.05285319133063,0.33680025485209775,0.7972705565625338,,False
2,E76,9.239437313827084,103.32659210859443,0.2742521524426458,0.7483741897979128,,False
2,E77,10.078669453962991,89.76363119739315,0.18433092236228998,0.6837569946418849,,False
2,E78,6.815602688731633,61.44399248129188,0.2310280019914094,0.5962124673465031,,False
2,E79,5.565343090495451,65.622613249983,0.25656248550793626,0.43697189375566314,,False
2,E80,2.9436360294327995,49.58061357931393,0.05309659978308849,0.6821140904960086,,False
2,E81,13.187754011079575,145.1718622170933,0.3072780022035462,0.6627986964845153,,False
2,E82,10.881966289036235,103.70140663691822,0.3510608104611805,0.5992756709094202,,False
2,E83,11.413138668994524,115.46242624796054,0.21499847392308624,0.7979326987147699,,False
2,E84,16.27868067478709,196.33717273468915,0.08947510757850131,0.7803944088524783,,False
2,E85,8.6028960995282,91.94403206372661,0.17806788489280698,0.8428876587258876,,False
2,E86,5.467385912167473,55.98012540877087,0.2951216821294244,0.8075257725060929,,False
2,E87,4.590214850710588,47.076869689856274,0.25068285588122674,0.38893818598934604,,False
2,E88,24.83866828716875,457.3340953907773,0.1139654419484532,0.3281315796571691,,False
2,E89,13.548563384420161,195.04198510082904,0.20119741411019448,0.49332562656365453,,False
2,E90,11.443933500784945,127.53179006707472,0.22326191912324966,0.7442164631423653,,False
2,E91,9.591475885304753,98.50800137140126,0.21531469404317902,0.8114478576183315,,False
2,E92,6.253912665831078,61.489375080342654,0.3091898006972672,0.8893645265582867,,False
2,E93,5.441783100035527,51.14421499374903,0.24969418761178597,0.8042907805775474,,False
2,E94,31.265414648960856,526.2021290084936,0.09847417632778542,0.22860210892174454,,False
2,E95,11.427376396912543,91.08079931907112,0.35068493549835994,0.48399804408398883,,False
2,E96,10.919423147130427,93.1064932225,0.2647658955161768,0.519157137086836,,False
2,E97,6.2602030405484985,60.0048862912728,0.3162431466167019,0.830755952512209,,False
2,E98,6.027421649780963,50.71960769246161,0.35019157991624,0.8394775627694131,,False
2,E99,14.392372165139282,117.7673088626314,0.29558192052921256,0.27440741969708793,,False
2,E100,15.865276607018359,173.6829536976675,0.2283007269833719,0.45945409434050843,,False
2,E101,10.046524639802346,95.9567980214223,0.3482847982742912,0.6379145860404436,,False
2,E102,6.525845022655575,55.648788693529816,0.3600888292214556,0.694610155335553,,False
2,E103,5.900177990284617,56.5341626981176,0.2226436322541356,0.6549120222283898,,False
2,E104,4.4695233057700205,101.54544709608352,0.05150388769995162,0.7144385349268407,,False
2,E105,4.321936734835751,101.44021176930602,0.021826213723448982,0.9271563598809296,,False
2,E106,2.7361573659483986,44.923240568426614,0.01846909364628004,0.7804043735640456,,False
2,E107,39.51915055165194,305.3631716519719,0.04438392386619122,0.10252109057197681,,False
2,E108,10.162882452218708,102.88175064540718,0.31933895325303097,0.5893708991929111,,False
2,E109,7.981612780153389,68.21944929403418,0.22956394020907425,0.5417506318630214,,False
2,E110,10.288193914690023,382.3384048284831,0.04302974919549764,0.4627952002794363,,False
2,E111,3.9467134868445735,59.55401847594245,0.025992677657853465,0.7390317299409562,,False
2,E112,3.4047876092080913,52.249880500228045,0.0031093083003300662,0.7207939388281086,,False
2,E113,16.934295554845978,158.406233598097,0.23696972364069369,0.31222863306581095,,False
2,E114,17.841884533453374,160.84894174896374,0.12316622827978949,0.4548937345663534,,False
2,E115,10.314372994807881,97.98115072455664,0.2363465423162883,0.5655646590548187,,False
2,E116,10.048276885316065,74.22607047673463,0.14376753679230034,0.37138723577502575,,False
2,E117,9.176441358438623,87.2458645431586,0.07622478988846869,0.7251685720568792,,False
2,E118,6.867693554433209,71.8038845304722,0.028945042284400743,0.6302259661156664,,False
2,E119,21.174411564650953,214.32988631475885,0.11960389899050552,0.48941107044056786,,False
2,E120,49.00669529157709,487.6820210119779,0.0013913560072247432,0.3167664742992792,,False
2,E121,60.546771323100515,749.4845578919437,0.09893153088876581,0.11475152421522977,,False
2,E122,29.791642684862506,195.47725564495136,0.06607104347007403,0.1350141210366378,,False
2,E123,8.73299684787822,85.96286757104453,0.08594968140469468,0.36010788491580664,,False
2,E124,7.169984112178574,74.40953128365415,0.03573554731977224,0.7774919165158468,,False
2,E125,18.8382566249387,175.85369645004303,0.17483023967558162,0.5140085913328855,,False
2,E126,15.095381719468131,159.954091429916,0.2688765033744945,0.22263109316193558,,False
2,E127,15.013429335191788,149.68241281397474,0.2898508012356953,0.45739003680249085,,False
2,E128,16.20931084814225,119.75447938688754,0.2609189990192893,0.3093399729485836,,False
3,E1,65.52184533001017,756.1203763766242,0.08302695963481098,0.17906514395070056,,False
3,E2,22.745606149658535,377.47282671725276,0.19102169220394216,0.5490439953328421,,False
3,E3,15.623949530529044,238.0468823629588,0.14268828303188272,0.6128383000740021,,False
3,E4,9.00309498232398,97.88273357126498,-0.0393371856114043,0.5481067844264291,,False
3,E5,5.960407476961927,88.29306998674517,-0.15940901104698618,0.47791349672311884,,False
3,E6,6.011227483470253,126.81582967736678,-0.3022091867766185,0.6250519616737569,,False
3,E7,6.685511780381871,178.55610060289754,-0.3543928100218571,0.7638753593894361,global_correlation,True
3,E8,39.0355120685169,659.4159631303062,-0.02942053504040008,0.7820337666350488,,False
3,E9,22.686354099282383,411.91261077129104,0.15398316536778908,0.783792966620112,,False
3,E10,21.4795227995495,396.1826117754353,0.1611650623707525,0.29163881331606045,,False
3,E11,14.65528618266702,374.55151827836994,-0.39413737371040336,0.06834157166322902,global_correlation,True
3,E12,7.72233347323388,154.58705516673234,0.2833534571113692,0.10290733862780464,,False
3,E13,8.214516286027347,222.78976383374024,-0.3373803178843553,-0.16376218046398364,neighbor_correlation,True
3,E14,28.231213853386826,464.07153817549454,0.0841782903161754,0.9532865265252939,,False
3,E15,15.724227489843589,381.63673542816963,-0.3926329369560049,0.12064490916271234,global_correlation,True
3,E16,15.767438885369064,404.12490275712105,-0.39769861972115056,-0.027420650327869268,global_correlation,True
3,E17,24.373480210020958,412.31728772579135,0.11844884459009969,0.9497069738283942,,False
3,E18,18.6690197219859,385.18119007926646,0.2267130669985932,0.42698120342543694,,False
3,E19,16.55358559780963,343.1324535125436,0.2716721871511799,0.8369251252857208,,False
3,E20,13.529311197137456,349.2070408706697,0.45155978287949816,0.7482843010811207,,False
3,E21,27.009695221395873,432.8784117586552,0.07918628159739419,0.9368887805435522,,False
3,E22,23.28874895266018,424.8372716654683,0.14632433137105286,0.8790848577059158,,False
3,E23,19.00996507695224,384.65688398407826,0.2558506557196455,0.8577887955310217,,False
3,E24,14.503335135726104,339.61296320390016,0.38447702948956985,0.7853121017544762,,False
3,E25,61.9859940601439,944.6623233884693,-0.04959488076383131,0.7922940761407019,peak_to_peak,True
3,E26,20.522122608775742,436.12639382513396,0.32049974898219025,0.7176970732348632,,False
3,E27,18.178772186727596,381.5165456702959,0.36528158822685936,0.7726367438500239,,False
3,E28,14.169207319940343,301.5282219556436,0.35891592359519314,0.685982911164523,,False
3,E29,12.7875496413257,301.98469846279977,0.38503604091576465,0.6878969927139393,,False
3,E30,8.30986233470187,157.0064702561166,0.2717024250431811,0.46388874419780785,,False
3,E31,5.6216700048407136,94.71305845251521,-0.2172499488132816,0.4595690678010135,,False
3,E32,42.88927128884779,722.398385536816,0.13297397682518142,0.30089778584760196,,False
3,E33,18.685433487351297,355.00750258468787,0.3599315464163061,0.6242318750453562,,False
3,E34,14.831346267784514,393.43606406597803,0.5378651582303055,0.7151346114478668,,False
3,E35,14.484383677168752,393.86079886254174,0.5237083162850039,0.8805607333153866,,False
3,E36,15.340232210910283,424.686001113806,0.520000498909991,0.8923447468616394,,False
3,E37,12.676452151721744,345.3464575950328,0.510318868110349,0.9146384627594477,,False
3,E38,22.448460644444136,377.4440173319165,0.35291850552267173,0.47488184459014293,,False
3,E39,21.64386537205643,427.5178984846528,0.45472624475031714,0.6223079319500078,,False
3,E40,16.03716753121406,417.3093519846317,0.509369605092511,0.8091182608077101,,False
3,E41,16.273977531000398,430.58441489117234,0.513003510536092,0.8721701603265128,,False
3,E42,15.440063173902775,421.8020383028432,0.5203264470053033,0.9120151071963751,,False
3,E43,34.358023118694824,351.14504843723637,0.20011316280719024,0.3371772894610785,,False
3,E44,22.806471159874214,414.30093259692,0.35271047423531765,0.5093952782356603,,False
3,E45,21.446998251097416,401.3950454145455,0.3611088958809461,0.5461659100278875,,False
3,E46,16.22855453846349,370.1457027839457,0.46505187237242457,0.7388593510095314,,False
3,E47,14.917202418230925,381.82545360997693,0.42474616593494613,0.8100361459542798,,False
3,E48,28.981691844129333,522.8166326740823,0.23311945176094906,0.37375943464726846,,False
3,E49,24.319276115435688,457.69139391205323,0.35497307659963456,0.45396259839428005,,False
3,E50,21.56794302043726,385.0794255691994,0.3878573750022207,0.5900627265684526,,False
3,E51,15.478411271218151,364.7781339448625,0.3877850109434094,0.7555980800590427,,False
3,E52,14.073511528750545,343.0868992963524,0.48787578179832386,0.8810395490802745,,False
3,E53,14.56467443877126,394.52402031995905,0.4899963288495294,0.9136516896105019,,False
3,E54,14.83812160816978,411.37169984856433,0.4762012499023762,0.7532090368588413,,False
3,E55,11.221115626302153,277.0448363276298,-0.41540720067825554,0.610110370785301,global_correlation,True
3,E56,46.095335088285786,1067.7496756273754,0.13416799721812234,0.30278664852248305,peak_to_peak,True
3,E57,25.354012514716157,545.9614169374881,0.31790511658409215,0.5932079650360673,,False
3,E58,16.65282534402252,369.3351895878317,0.44930658919770367,0.7898952157291935,,False
3,E59,16.788180657665603,419.23539591021085,0.5029590549470611,0.857682715696799,,False
3,E60,15.347279891163812,425.05873605856516,0.48487405085460683,0.7984976520744949,,False
3,E61,17.40167642591571,307.58528903839704,0.26878051303733425,0.5788493882375185,,False
3,E62,16.165589407411815,440.0363753186605,-0.08743986428835514,0.48806363887876414,,False
3,E63,27.073000356334067,429.04711694501015,0.34484178003238664,0.5380123679267503,,False
3,E64,17.897092235452533,322.91828286586554,0.4161829290235567,0.6646082327025478,,False
3,E65,17.417406903785345,425.69230665676696,0.5033207987532791,0.8165495952154701,,False
3,E66,26.9676690165644,488.30997393262663,0.2578215000213352,0.5424017895153278,,False
3,E67,65.947626112348,2174.7768235708913,-0.08627807261016177,0.5652838751240618,peak_to_peak,True
3,E68,35.622360637450456,820.3693517989827,0.22702314123391348,0.6287984125547896,peak_to_peak,True
3,E69,19.004289116705852,423.7875524570966,0.4879740686082961,0.7254657538904448,,False
3,E70,19.25617346352147,605.1331430234507,0.3741325854376928,0.7030948371547524,,False
3,E71,16.499230390138624,360.95061274915867,0.4201192441997312,0.5109083949386755,,False
3,E72,15.59289000907644,384.2676187949254,-0.07760854356696409,0.5616968545869033,,False
3,E73,35.6969601106362,873.2762392004198,0.2022586791017545,0.5567574787290903,peak_to_peak,True
3,E74,20.100147525733504,451.49449812502036,0.48500532840743793,0.7928779901421684,,False
3,E75,17.594931975947016,439.6757813812966,0.494283356023364,0.8040613418355582,,False
3,E76,14.2452410477619,339.4484170267173,-0.029573479172523925,0.3241270595664561,,False
3,E77,16.077127103218608,368.4038316260061,0.4487645702300507,0.4337531421765599,,False
3,E78,9.815982472526846,202.12881889565512,0.3934643106272787,0.6251055097272245,,False
3,E79,14.248454879557809,403.0075787279128,0.489642182230026,0.3793035291727061,,False
3,E80,7.689555998954214,208.61323268080542,-0.37636828831738606,0.8316136082782695,global_correlation,True
3,E81,28.362858505354186,548.2152309442362,0.34551461665913635,0.6065427977694839,,False
3,E82,17.871049010157527,413.7991773721473,0.4824847204925907,0.6724363055376279,,False
3,E83,20.222244069817304,418.1067414409457,0.39904332570511886,0.784858989266638,,False
3,E84,27.143275414069546,482.32348352522644,0.21809793752226264,0.8066046491488221,,False
3,E85,10.91799936325732,142.61178757357888,0.11357193833826003,0.811371413294498,,False
3,E86,6.410997444185962,81.20927900465065,0.30472953058754865,0.796587133146549,,False
3,E87,10.605634106941542,284.8550537558052,0.4641095542571194,0.05628754071423078,,False
3,E88,39.966407230175655,608.6946847346424,0.228714300968608,0.35207112240316857,,False
3,E89,24.2002478258733,452.69267087869144,0.3630517095897645,0.6139772932130109,,False
3,E90,18.745210220925173,380.6732150264483,0.39327789423666776,0.7968252716923485,,False
3,E91,12.634874282886857,202.74326791417178,0.26446796228842706,0.8064293631091013,,False
3,E92,6.9016341912863,77.26748888672093,0.23181399129037858,0.8512624299449083,,False
3,E93,6.582868515778547,101.83460375699016,0.33393685616797025,0.8076958698361048,,False
3,E94,31.711052314708308,500.6660238111674,0.2659250051156731,0.386668240393272,,False
3,E95,18.825973704177805,439.40684415177986,0.5123892344294112,0.680049178197461,,False
3,E96,18.213470564539584,432.32117163853025,0.49737524631310615,0.6690958471615001,,False
3,E97,6.7741305187922976,75.07388143377418,0.22418563958859253,0.7321942674348529,,False
3,E98,8.334375395388205,177.23231459876007,0.4658500230930234,0.8033656045535238,,False
3,E99,18.67113418325898,335.54790571732065,0.4056307834970333,0.507932580416755,,False
3,E100,19.376788266135005,347.1947303177227,0.3725657981212945,0.6358040915960617,,False
3,E101,17.634988911514995,443.7125394730143,0.48899064183418156,0.8559602357476657,,False
3,E102,9.623565848089767,218.89757675543126,0.4750416772847219,0.8412142962759993,,False
3,E103,7.172362445121818,108.83937372513336,0.3055640665991238,0.6621043522217618,,False
3,E104,9.617195969094903,253.7624256734999,-0.2728341307430451,0.34500475716705953,,False
3,E105,10.217684746880973,284.5380959220237,-0.34763649825735055,0.9350400381021933,,False
3,E106,7.821704530808353,227.40501560647175,-0.41999812845614853,0.8771675815071598,global_correlation,True
3,E107,29.087537143708964,366.8815771324518,0.33065355032178445,0.49146214082728684,,False
3,E108,17.577842342126694,426.50082903576515,0.4732638349159134,0.7782463540304697,,False
3,E109,12.379967734023289,275.2747744769221,0.4581272829324166,0.778201868844792,,False
3,E110,20.168503902339037,434.37024795439,0.052056605577650954,0.3143484782889505,,False
3,E111,8.675978847744727,240.3671940222281,-0.35417845515673974,0.6201556460655032,global_correlation,True
3,E112,9.885713677032596,285.9458820333385,-0.4341474143131303,0.78076176280522,global_correlation,True
3,E113,21.708343968597447,439.6949336577597,0.42890663912441007,0.5149908986662646,,False
3,E114,27.005323681074564,391.8939335287948,0.2593592991419123,0.5402645305797129,,False
3,E115,20.070712561047877,427.1567959533171,0.40608490940978353,0.6452719995152756,,False
3,E116,15.537456751496746,324.6905810058115,0.42207169931711697,0.7048090084711089,,False
3,E117,13.72184299651092,340.49506318020804,0.4282273621571091,0.7827276047581101,,False
3,E118,6.812742021207716,89.26129417414265,0.22195025446070313,0.49163346142931463,,False
3,E119,26.15911527690536,386.56189489806115,0.26900275989719435,0.5871663706714478,,False
3,E120,57.7020630247077,512.5165640584027,0.08382204415389355,0.3857128962542531,,False
3,E121,63.193815019486784,787.8995033685391,0.19705083357855813,0.1571970209138712,peak_to_peak,True
3,E122,29.18552205271339,379.7348682311333,0.2630796606445544,0.3296068424074411,,False
3,E123,13.0834849472895,323.2863838521291,0.4346717089476818,0.6508159977420572,,False
3,E124,7.6718924651915,127.99501626245106,0.2788089436961036,0.7459119130907284,,False
3,E125,25.676991972996873,422.07096937279897,0.3513547675074705,0.5487462889852197,,False
3,E126,62.60593705165861,826.3703061991835,0.1892987881888803,0.2561296126008203,peak_to_peak,True
3,E127,24.377217441157114,459.15980243566196,0.4224341695108596,0.42289305773667707,,False
3,E128,22.098571006372747,415.72446830930204,0.41895593809060117,0.6043123348999628,,False
4,E1,38.91944272676501,589.8726184783447,-0.051582295945587685,0.13829392112383054,,False
4,E2,16.686264449852587,190.5202491668931,0.13237682448522212,0.36578369716909587,,False
4,E3,13.006879908009966,132.53351503102655,0.00726566567035255,0.38825498836611194,,False
4,E4,8.091419854131322,79.03466912454505,-0.05097360911472669,0.392535141739628,,False
4,E5,5.110464549451754,54.52192040392923,-0.10215060664228891,0.4249424027948818,,False
4,E6,4.399946407200168,46.88446461251195,-0.17016418454291446,0.559714779140239,,False
4,E7,4.088647074566518,61.06345665762083,-0.1420764755258991,0.582183464125666,,False
4,E8,25.893124001643816,394.2770795981412,0.057278150584153815,0.7401746203239692,,False
4,E9,13.681794292110808,228.55788916724666,0.22170264572418968,0.6564061748898486,,False
4,E10,13.046771586265885,213.70676614147982,0.23150047204927157,0.26610022957762713,,False
4,E11,12.96600189064479,145.46530258780678,-0.15696335713767706,0.18604533999096595,,False
4,E12,17.05661113051723,165.66845856867374,0.020060130532134863,0.14816958371965175,,False
4,E13,4.978073948696879,92.19611383076122,-0.13021308500782836,0.29354705593574326,,False
4,E14,16.134545002760202,273.79589734592463,0.22733621554734523,0.8848168546183737,,False
4,E15,12.094499453483587,162.51968117732864,-0.15367302184995488,0.21335791405151763,,False
4,E16,13.03525184890406,151.1921663394299,-0.1639736549515416,0.10975654735066112,,False
4,E17,15.44382290086123,233.89443201287907,0.271034804952974,0.8911619231142183,,False
4,E18,12.516100491680099,198.30323628862328,0.2466068331192209,0.5003979845564759,,False
4,E19,11.51919838778485,184.70779938379528,0.2154449848390963,0.7020958611896286,,False
4,E20,8.613446564398235,194.0783864015771,0.34528096154149107,0.5609438040552779,,False
4,E21,17.933774500603224,261.2905520666995,0.1624535202736685,0.8737660632005118,,False
4,E22,14.105270314024501,246.18517069414352,0.2234946200747198,0.7382286128528371,,False
4,E23,13.324688378308945,205.81722540202992,0.2216892987416485,0.7309265237290002,,False
4,E24,11.48076085996883,187.6854163991705,0.29617103676991074,0.6839007719988984,,False
4,E25,37.80593068723208,633.6335534174875,0.1064969116802317,0.6300737248847458,,False
4,E26,15.45747430597428,229.93014328528875,0.2955080124895419,0.6691279395541694,,False
4,E27,14.253144804928114,210.43778662894687,0.3125088640868133,0.7854808979630554,,False
4,E28,10.056433968598803,168.54193394584303,0.35069906660717765,0.777502626200144,,False
4,E29,13.771537256397295,206.39447413627568,0.17025263932307053,0.3913213221043521,,False
4,E30,8.798792655081927,129.71037144382075,0.17235022950078627,0.41077437836211694,,False
4,E31,6.194206188771824,65.4037128551248,0.008436055524608676,0.10382277008562296,,False
4,E32,27.49735457644582,490.7308279171075,0.14491537781932692,0.393468847275328,,False
4,E33,17.724773367854002,190.45279484894135,0.27892514887193276,0.5420160938677645,,False
4,E34,9.714905688051509,189.67973042665255,0.4021690118314445,0.7446519900993663,,False
4,E35,9.058126635702802,184.09853918089667,0.39584721389389094,0.8122329757132972,,False
4,E36,9.729739116594313,198.2225173691224,0.35952649289923827,0.6855389343509591,,False
4,E37,7.448716795312718,162.34108593928894,0.3363465150768819,0.8347899018632223,,False
4,E38,22.01727011724244,401.1042901155375,0.3309715729260623,0.4215333367578672,,False
4,E39,15.319359111176196,206.36533475455334,0.3083224089125745,0.5019458115656026,,False
4,E40,10.78367332910703,211.74211777445908,0.37383624197311754,0.6810408084429382,,False
4,E41,17.29293076926653,231.84349891789316,0.29500161974892014,0.5652059475122534,,False
4,E42,9.521412118738672,209.0593693360351,0.3456498258125689,0.8213648575606042,,False
4,E43,29.276185886306067,273.1224971865512,0.12879910851072535,0.2530056520896623,,False
4,E44,23.449068522621122,242.58986113951076,0.18878177150579328,0.3323235278280317,,False
4,E45,25.105723878951903,306.3185579851687,0.16379645224270023,0.29972548327659465,,False
4,E46,11.562677428790884,268.69553006042526,0.3645997823144084,0.7248826789843539,,False
4,E47,9.826981886773343,175.31955320717398,0.34760999320391756,0.7426883992481847,,False
4,E48,27.18353615702169,414.2694716738457,0.008288615625756826,0.17253657179475776,,False
4,E49,18.343399737868083,234.59635323890893,0.23455921014016032,0.33160201272646067,,False
4,E50,16.66243303801789,337.8851454485946,0.22934284880174938,0.5110624906339972,,False
4,E51,10.953167239156818,185.47975614476184,0.33424623049701124,0.7344420891174912,,False
4,E52,11.896172076422355,202.646896278945,0.31573584040261365,0.7052085647282476,,False
4,E53,8.615140030171585,181.95878435004752,0.3267329208174477,0.8691708763101296,,False
4,E54,8.560369649322743,175.1351528431925,0.3134609334626986,0.8189778107335186,,False
4,E55,16.588967848015365,745.8786741788297,-0.2914760831519236,0.011531817791934677,peak_to_peak,True
4,E56,52.987548366456195,2166.256819271659,0.08656524337825125,0.17295288107603868,peak_to_peak,True
4,E57,25.703538815720247,711.5319753460907,0.1925261746014861,0.4678301053378273,,False
4,E58,12.403041859907894,224.46999928337,0.3497015646052821,0.721885828311198,,False
4,E59,12.191021667045053,213.6102742053838,0.3404267806108289,0.7275436953283554,,False
4,E60,9.415866598162632,178.37038224152892,0.3334408806159568,0.7576484308713548,,False
4,E61,13.045883769377399,249.90683508609862,0.21816086993298228,0.6728923384532571,,False
4,E62,11.502803385838225,385.6886733404125,0.0621395266570224,0.5981704697661219,,False
4,E63,22.47838320934357,539.6413897716905,0.1683335603969947,0.588789957586988,,False
4,E64,14.867916297563248,287.05646131993535,0.3420247104150341,0.6752167416358793,,False
4,E65,11.198903330110452,199.2746334989018,0.3480917032974224,0.7625710360524718,,False
4,E66,10.268788878762026,169.0592374252,0.3472583499718549,0.7442865606368889,,False
4,E67,52.80130583686373,1849.3864421485928,0.028727568085046857,0.5513214548249296,peak_to_peak,True
4,E68,20.019792682952616,487.55524255303027,0.24047020273271708,0.677483904525635,,False
4,E69,11.998621436696785,223.40621927241264,0.39248870085307525,0.8104834193114325,,False
4,E70,21.376920224365264,315.1786891487094,0.2071145449917864,0.40745997472087814,,False
4,E71,12.345612510113769,205.39353504478595,0.3084824290083289,0.5664315729800418,,False
4,E72,11.222047951879,348.3490093918516,0.06410822179229156,0.551253200578334,,False
4,E73,14.489857169789836,269.7159192706687,0.3460979528685589,0.7874443281603571,,False
4,E74,12.359759807332157,214.95520804686842,0.3766841216583932,0.8312485674139765,,False
4,E75,11.594794568148949,200.61335430739925,0.36389631989348514,0.7627449754326205,,False
4,E76,10.640314354818788,297.534709858494,0.08412846287890541,0.5478819043530649,,False
4,E77,11.145395357822196,177.44900641905107,0.2898167778066348,0.5732254420873122,,False
4,E78,8.343657570727965,110.3793302240705,0.24217911575434417,0.5355933202783822,,False
4,E79,7.9732602959753915,185.63251175458748,0.3354867838563494,0.42057911171420115,,False
4,E80,6.032793943309533,210.7434748519986,-0.25190968305412353,0.4852876868374899,,False
4,E81,14.3825316907789,245.2945000215297,0.3425315713597134,0.6236992085838063,,False
4,E82,11.500038890143884,179.90073530411587,0.3706090525800931,0.6880734794810417,,False
4,E83,12.78182356307583,221.18832246849297,0.31817914293955296,0.7554479703687775,,False
4,E84,17.537487797723326,286.8314204169146,0.12394052710130385,0.775969783318962,,False
4,E85,8.834766355249808,108.21552545571672,0.11799391864859422,0.8170272055501252,,False
4,E86,5.584517324558853,79.48509083439772,0.28071835304924353,0.764797167205689,,False
4,E87,6.317028687059905,136.89891987108018,0.33287517862712124,0.1953919303749524,,False
4,E88,19.637057502473933,436.2540248634093,0.18202927910036987,0.38983162370952823,,False
4,E89,14.558157088513095,283.29790074444037,0.21394923873231259,0.4488070937100871,,False
4,E90,12.700849075458311,199.0598397005977,0.2703788821836971,0.7198923704693596,,False
4,E91,9.931519234513628,122.59666782918741,0.15948648584952535,0.7254670489763138,,False
4,E92,6.7259492754921455,91.78135824111385,0.25590569365206767,0.827143861653756,,False
4,E93,5.717646728777193,73.61866899011049,0.2780568522750369,0.794227637807791,,False
4,E94,34.73412314894603,531.3666952892679,0.14000693622772656,0.17723853314084628,,False
4,E95,11.921080583623743,218.69263432062007,0.36224581040021125,0.3920369933692742,,False
4,E96,14.742533127930162,200.11295259361492,0.3013041180221924,0.525391087020575,,False
4,E97,6.671652261613463,88.73394490917683,0.2587555247845934,0.7193371371635182,,False
4,E98,6.645080047796806,100.5340028626173,0.35181437727733655,0.8143534922328436,,False
4,E99,22.31420207497801,319.9461913754739,0.0422066946908933,0.24492150687440195,,False
4,E100,20.567294150692437,217.3028973295328,0.2031156878734334,0.3577178902973724,,False
4,E101,11.290086328219898,208.2155626399161,0.393559768744545,0.6614285157323988,,False
4,E102,7.661758205923621,144.14328504459604,0.3167111894518113,0.6525913228976212,,False
4,E103,6.348882582262989,81.00412181512702,0.2783864313082939,0.5884887333785567,,False
4,E104,4.843326740887417,110.42337065743487,-0.1358330463823571,0.3836766406873787,,False
4,E105,5.050761160602706,126.16473250498015,-0.1853442788219879,0.939252362054656,,False
4,E106,4.080515526301508,109.57166181408425,-0.25326572675645126,0.6865087133624581,,False
4,E107,78.8346690743102,1287.8829631670396,-0.06748340662552678,0.040680013262874334,variance;peak_to_peak,True
4,E108,12.173232912163828,207.896024583706,0.36501335036890953,0.5086250786376467,,False
4,E109,9.341187543323283,147.0631959857186,0.2960702607362606,0.5032934281192715,,False
4,E110,7.855734753872885,91.44613235637445,0.19750412107817863,0.4693526731949065,,False
4,E111,5.040567982085728,112.6557239586522,-0.18395658018511035,0.6568581758560252,,False
4,E112,5.067181257149796,140.7390069068755,-0.26286628063416084,0.7444596460867812,,False
4,E113,15.346275423575715,230.0439970933103,0.25863718052063184,0.4407500339804466,,False
4,E114,21.724878201593228,226.32885816273745,0.17680507829412337,0.41359623396745226,,False
4,E115,23.003868635683588,221.67710339876106,0.17025263932307053,0.30363143090431577,,False
4,E116,12.473238555200334,180.86181248213262,0.29194164085219443,0.4647415118799474,,False
4,E117,11.722779990234578,212.57354183921046,0.16819087500592464,0.673344759000416,,False
4,E118,7.640830816489129,102.45778970501529,0.07707916589824959,0.45410093534454565,,False
4,E119,20.380992877530957,225.37781845095097,0.23391655958612043,0.6141164848545453,,False
4,E120,52.94465373531615,642.3211824397756,0.11990205738391668,0.40793753453352366,,False
4,E121,66.0616542971837,1051.8836756886885,0.0902389664225797,0.1005215797395678,peak_to_peak,True
4,E122,26.90220588775158,207.5190314321057,0.15096687087151656,0.13759577616381402,,False
4,E123,10.879623925427364,194.07570907673278,0.17202998119072915,0.44291114454363445,,False
4,E124,8.051920596234753,115.4527150329257,0.08700912935004763,0.6796768270414232,,False
4,E125,19.64857763806313,283.0925312414091,0.3204429948389173,0.4744964894527024,,False
4,E126,14.74112884066575,231.38432086067837,0.30807557722401024,0.16766067045236188,,False
4,E127,21.11323299844271,300.8783742389423,0.205642885336418,0.33084263504602973,,False
4,E128,17.569971606082518,222.4634586276622,0.273975150847375,0.4510369794349911,,False
5,E1,81.55958618401203,1072.4525224895654,-0.24202834221055955,0.2007963753582613,peak_to_peak,True
5,E2,28.86006721602067,376.45162536925545,-0.12100225391377271,0.7751233167639059,,False
5,E3,14.993618319643312,199.515918729396,-0.16146806527957305,0.8494427748789368,,False
5,E4,10.129275884811642,134.33482401375707,-0.2294538459245856,0.8442928330294324,,False
5,E5,6.652179738562381,91.2062892699603,-0.2568596668766129,0.743744002443718,,False
5,E6,5.510744384569306,76.0230590446732,-0.2969440762049751,0.5376761449848613,,False
5,E7,3.9655951805501166,46.02174863282448,-0.20479903714661876,0.6361929730894778,,False
5,E8,64.88778580956942,875.4656293855371,-0.244399161188283,0.8928920706056291,,False
5,E9,26.75790312639916,357.67612390002625,-0.18132636260964957,0.9252076216667944,,False
5,E10,24.692927315648422,327.64180088735606,-0.17457386527343519,0.744090066619729,,False
5,E11,10.213562006407752,130.94051360574602,-0.3310512291377273,0.548826266820165,,False
5,E12,6.2501556563087,60.92710591788105,0.020937548251791553,0.5082996781970719,,False
5,E13,4.748922131878614,62.37892865159296,-0.1980102101449249,0.1676345743288286,,False
5,E14,30.212588301724377,374.03381888769144,-0.19083155753980693,0.9697541219805398,,False
5,E15,11.860008879621555,145.13253877231065,-0.33843577032307043,0.6060075217784608,,False
5,E16,10.853439757315066,139.10865026663814,-0.33548456711857133,0.49026084338240883,,False
5,E17,25.966326071283223,314.3910440515906,-0.11908579803822221,0.9429816484958257,,False
5,E18,16.14267524628888,175.300912388553,-0.07595653667305255,0.711319782580761,,False
5,E19,13.136732411693599,148.45070175841644,-0.04694370639937833,0.714895485366613,,False
5,E20,7.948678673498615,84.11077798943319,0.21768288633309074,0.62011969720118,,False
5,E21,30.368882762157753,365.08824460185184,-0.18917580837240075,0.9348924267986772,,False
5,E22,21.506533779847757,244.97677262786058,-0.13766212056846985,0.8114301494408771,,False
5,E23,14.275012356265197,166.25882282058467,0.005690908217092358,0.8023929357885029,,False
5,E24,9.962979917487052,104.23289480743637,0.2061098090885952,0.6950875592842898,,False
5,E25,98.33304817984151,1380.9761404419942,-0.18695691991907581,0.6893522977839202,variance;peak_to_peak,True
5,E26,19.172361301029124,253.7413844212651,0.15019383869868944,0.485793802594808,,False
5,E27,16.5016196245954,188.5951513799464,0.18140798263579186,0.760562177827337,,False
5,E28,11.785583592752461,135.49481522384056,0.20262851810308832,0.6653180715184046,,False
5,E29,8.106224274198595,93.55173033931038,0.219458485687233,0.6430050632598817,,False
5,E30,5.955865706859506,62.0637644481008,0.16430584471673212,0.524746643017659,,False
5,E31,4.492023146729578,46.03842336879893,0.005546050118490646,0.2500228003291521,,False
5,E32,72.61215180149233,959.7111900326327,-0.17446822417848645,-0.04683721300675902,neighbor_correlation,True
5,E33,17.17309373292057,187.36673373236925,0.2418360335448713,0.6750353851690294,,False
5,E34,11.042531845694285,125.10954197404169,0.3950151915478545,0.7233595732577047,,False
5,E35,9.501161349835154,114.08959844677182,0.40483704848176605,0.8674595717149993,,False
5,E36,9.173298958049434,111.57525973539063,0.4169057648939155,0.8507318490202214,,False
5,E37,7.582425087914846,90.57155163941661,0.4238165023466153,0.8641499835810307,,False
5,E38,27.054990498005065,348.3786668864898,0.21450453765674443,0.4981606754562981,,False
5,E39,18.515305328755108,203.05846313945975,0.32029515025414845,0.6020714231860356,,False
5,E40,12.125632969171615,134.12650834369606,0.408240653094028,0.8335147676693428,,False
5,E41,11.13564529987353,132.658592548949,0.3858913940331082,0.8312620386626075,,False
5,E42,9.13391204100422,113.94848237308199,0.4523441117700845,0.8668498860103065,,False
5,E43,26.569246350630053,227.29221036365618,0.28928437620052294,0.5304911456440907,,False
5,E44,19.43202600913072,218.2738752766047,0.3321795917152659,0.6005369335222512,,False
5,E45,15.19238709041414,144.25309852862213,0.3965218200905562,0.6297410860146998,,False
5,E46,11.336216640778169,130.93099727196676,0.47193835869519424,0.8437645640820568,,False
5,E47,9.956058747877913,116.01860012698069,0.46929957158329316,0.8648647932817134,,False
5,E48,29.84263070483517,464.1002034674715,0.3037809165950641,0.4432521097546491,,False
5,E49,20.144890973606298,227.34065353713967,0.39216085070789236,0.555588260749236,,False
5,E50,14.36582737883973,256.13590336391735,0.3729915358394276,0.6388154195714668,,False
5,E51,10.7407777124558,122.04572560631306,0.46773811914289076,0.8371895042220782,,False
5,E52,9.784364726133267,114.23293113752906,0.4383354439710697,0.8455891441299536,,False
5,E53,8.506738258399876,104.87357178466999,0.4307278029012093,0.877490665952279,,False
5,E54,8.463380975304332,102.81442723318126,0.40549042144200914,0.8758823635203636,,False
5,E55,7.290086288879767,162.39364730996323,-0.21158685229136368,0.3777295134670282,,False
5,E56,27.239861243309463,603.8629558338237,0.10105211849727128,0.4353101128998583,,False
5,E57,15.796968360262456,174.43932439709715,0.3907915837114675,0.6357833698314538,,False
5,E58,12.930105540789398,140.3114676583348,0.43835126290905846,0.813471493367221,,False
5,E59,11.422895630446794,139.78656634447975,0.4711305986885087,0.8445261587408859,,False
5,E60,10.067666272320839,126.79307608726339,0.4734270792987617,0.8892749603304513,,False
5,E61,11.260073285084973,127.94670588843518,0.3985716763130936,0.8559506001783335,,False
5,E62,10.44207178176005,105.73300385990366,0.3038820905092254,0.6269147283470355,,False
5,E63,19.64963078358988,202.0695609989533,0.303689679445671,0.6075576596757994,,False
5,E64,14.938027777830493,192.46567494433128,0.416259529406358,0.7631731084565747,,False
5,E65,12.902364527955939,144.65749552556673,0.44160850403003504,0.8571503145967376,,False
5,E66,10.944763333385746,134.64574864827964,0.47194278125808076,0.9072327420369191,,False
5,E67,31.134151624512427,301.6267136804711,0.2595582204728026,0.5669623299013355,,False
5,E68,20.81288549914347,337.3694152728422,0.40402828937014296,0.7241059260050324,,False
5,E69,13.959925341400854,155.74989969978924,0.4710283063027117,0.8311665982970813,,False
5,E70,12.890382503498206,157.31298552889413,0.4831491596603278,0.8714711606643717,,False
5,E71,13.232264427976153,161.45144316019224,0.44268066744801904,0.7750798526209449,,False
5,E72,10.481219492799289,105.4230675854159,0.31603164065128375,0.6857906880690463,,False
5,E73,21.037932764464358,286.0138329988265,0.392526742015045,0.7319153007191319,,False
5,E74,15.118203261396065,178.17707613743084,0.46257124135606403,0.862142878765201,,False
5,E75,12.960938566778795,164.1807067184086,0.49814490284288954,0.8938403983149747,,False
5,E76,10.399604789733921,105.96777077513343,0.3594421803633741,0.7504919663991108,,False
5,E77,11.460793685827316,121.20245943778927,0.38600200403956836,0.7114638663034405,,False
5,E78,8.189231219012502,70.55982462611482,0.3119857092409837,0.659658063612812,,False
5,E79,7.790683191704754,95.33128123334575,0.417050198437759,0.5279491439526656,,False
5,E80,4.046954509374064,60.83240294737243,-0.14660126095185813,0.6941126504465551,,False
5,E81,21.179164315517994,247.8161031181616,0.3703180292058653,0.6928646372492451,,False
5,E82,13.381848451291319,158.21063666066925,0.469142918970065,0.7712779122119453,,False
5,E83,13.92009415615366,154.35127664606398,0.39917762863885536,0.8309030114710871,,False
5,E84,18.74147396080894,291.44402129981773,0.23485201414080098,0.7735025958852877,,False
5,E85,9.489461335074026,106.81783542415377,0.2433544342225589,0.8042860940603815,,False
5,E86,6.122431927701937,62.73924657620271,0.34832422965261856,0.8200704392180291,,False
5,E87,6.105780219882029,69.01749164170621,0.39210340521174897,0.3071926239326146,,False
5,E88,37.22535928202685,706.3587129888879,0.20335722296833428,0.3421185919611056,,False
5,E89,18.1124980800757,277.81921356366576,0.36468803424691504,0.6735139194571416,,False
5,E90,13.598883394686487,152.21325042725104,0.4037591596243822,0.7758697309587026,,False
5,E91,11.019071125762935,126.45210925241355,0.3394051952758038,0.7853907408676741,,False
5,E92,6.799210517040857,63.48319704908083,0.3262051900720516,0.8616269541281956,,False
5,E93,5.453541575640822,56.79777887956405,0.31547656226900084,0.8280088831947099,,False
5,E94,24.693260137448206,450.6733186396523,0.27266402300649956,0.3900256959125207,,False
5,E95,13.671917826315074,151.57195532956416,0.4885580037400067,0.6321703931927668,,False
5,E96,12.606592173744598,124.4678585057764,0.44073116102663706,0.7098655823850984,,False
5,E97,6.832990118676945,62.600259648993415,0.327790286247772,0.7526570440772489,,False
5,E98,7.326485488674568,74.00983413069207,0.40152850111780325,0.8342394419588354,,False
5,E99,30.172224795010074,432.0563843056477,0.12353879338361065,0.24855686523185605,,False
5,E100,14.657302344811022,132.25858708437073,0.3771494555873681,0.5837373734569575,,False
5,E101,11.803009359827456,115.67757790985922,0.47539724047396575,0.7727062667792401,,False
5,E102,8.455293517021376,101.66839674841708,0.3973163280733464,0.7327851655331079,,False
5,E103,5.751196649530242,57.81617695336611,0.2793054779268574,0.652801411318013,,False
5,E104,4.655743388835871,59.7388957414596,-0.055926995659085606,0.48910424480067083,,False
5,E105,4.70564978260209,63.79618913552913,-0.148630953249089,0.9192624457845713,,False
5,E106,3.664796521985003,50.10030863795921,-0.21022137823499462,0.8057844607481526,,False
5,E107,40.76788665190039,571.19635147124,0.10450862304236147,0.23857687382023085,,False
5,E108,11.582835000917445,118.5108921415784,0.4072957442171329,0.7491415438769538,,False
5,E109,9.189006963815087,87.46777120099857,0.31375686535419806,0.7096645318005999,,False
5,E110,9.752205877225071,133.87031853208578,0.09254068421324427,0.4569123319190216,,False
5,E111,4.642162967742863,66.99748181177617,-0.2019412979512096,0.7144358857035467,,False
5,E112,4.5566306112341115,64.62005709719946,-0.22352096527223303,0.7419355810604431,,False
5,E113,16.489578152781693,193.90268239459974,0.37066178946695616,0.5201726137682527,,False
5,E114,15.834678836795804,180.39835040286584,0.2520619424438698,0.675988223413331,,False
5,E115,12.955088695876317,116.25773395438432,0.2613135861101062,0.7443139186336811,,False
5,E116,12.43505163285874,129.44268618085948,0.18410879462166355,0.6872827985955678,,False
5,E117,9.763891498055013,123.46434388141738,0.05511642282796789,0.8014826405635949,,False
5,E118,8.134703474736792,103.54803748752533,-0.06974171796928105,0.7913559328861698,,False
5,E119,19.630813320401533,207.2405340248551,0.2891267959979802,0.6431184685183384,,False
5,E120,27.73223717237249,504.25840516840805,0.18047452984192816,0.595549856850289,,False
5,E121,57.57913641632034,1044.4609205274064,0.07247318088383567,0.23790461172363148,peak_to_peak,True
5,E122,28.85037554953633,316.52835125239665,0.024174001620764385,0.4161841858854628,,False
5,E123,9.88531199704325,129.65969674119367,0.03264394512065154,0.741969509420727,,False
5,E124,8.496860778487447,110.84455437534132,-0.04806120753928945,0.8705148358673237,,False
5,E125,20.736306491356686,448.18010729014077,0.19491672482616187,0.5085806943065241,,False
5,E126,22.424727997722098,267.7684244678951,0.3252310548217265,0.3069376792366907,,False
5,E127,21.456199797061856,267.8941007231891,0.39127769732857154,0.5674037779658534,,False
5,E128,21.83006169326007,238.68520304873473,0.36554687779420386,0.6511037112710965,,False
6,E1,71.90826594882286,1132.19535390791,-0.10561216592277956,0.03298566745943618,variance,True
6,E2,22.810552654301674,479.58112597384786,0.014275396471239146,0.68870997669923,,False
6,E3,14.728977679085375,219.95634054704396,-0.023780894733175396,0.7041945035278008,,False
6,E4,8.752833867892411,143.22361112697058,-0.0996336970592198,0.7427095698984139,,False
6,E5,5.889020861624273,91.30221781961325,-0.15503260822951856,0.6934269900491359,,False
6,E6,5.065682176819953,71.36976452914504,-0.20732949628565342,0.5973801966464277,,False
6,E7,4.402802393820203,70.28541538415618,-0.20579001870357985,0.665692622675319,,False
6,E8,47.31533873804389,823.6701237434944,-0.10522409939141128,0.860145393356373,,False
6,E9,22.008808562513682,341.25389808156376,-0.014464439973676921,0.8450605288277803,,False
6,E10,20.415083967477717,316.9031659618589,-0.004719184398733634,0.5828156602714322,,False
6,E11,10.574534996775697,158.4375137455334,-0.29180334728494617,0.4534562598771602,,False
6,E12,7.023162830677371,76.87565879260815,0.11882760221284358,0.388590187334359,,False
6,E13,5.238334765519039,87.40895649139125,-0.19875248180237748,0.10120753561277736,,False
6,E14,26.225695439119203,379.77110733520146,-0.027216895401996764,0.9616590886904568,,False
6,E15,12.261304224442016,192.62309696191105,-0.29239997588316413,0.4219763119864567,,False
6,E16,11.201720083798605,171.03590811986754,-0.2911756449239204,0.3535160874777407,,False
6,E17,22.675838683223724,312.41730439411174,0.02326638483499248,0.9280211210682352,,False
6,E18,15.452919152817628,217.9424952225828,0.07375674926729903,0.6353876919253025,,False
6,E19,13.613113636012285,189.03737623427227,0.1258179049164783,0.7799654385682411,,False
6,E20,11.736886078021845,149.77657894906338,0.20055209768809232,0.6214688288358863,,False
6,E21,25.62793489755722,374.57552164900756,-0.019264649207908425,0.9380697953234132,,False
6,E22,20.348389815162196,281.47601766205383,0.03121648227337968,0.8615053699690933,,False
6,E23,15.032477454253511,225.2108502121527,0.14051163287470708,0.8784169906639663,,False
6,E24,12.629059319618367,196.40785150003552,0.18471726711153466,0.7996285490910082,,False
6,E25,85.49278743922915,1327.5237329195552,-0.09762418125977876,0.7333078388759046,variance;peak_to_peak,True
6,E26,17.641983931215613,294.91900731712025,0.22096974100332728,0.6556291347372959,,False
6,E27,16.817321961945353,258.2441950421857,0.2230776210915746,0.6849208410018703,,False
6,E28,13.386761248195931,231.57802550366642,0.22244932243461202,0.676882305733618,,False
6,E29,9.840870988025456,234.33461053038258,0.20917592495803342,0.7471072163602379,,False
6,E30,7.122587273401674,167.66232099313424,0.1645831477667889,0.7399565020186247,,False
6,E31,4.991508547525126,103.29331100467334,-0.02528139891779657,0.2907142688588328,,False
6,E32,79.31649173899824,1394.633921902916,-0.03557990919376068,0.06514522925616384,variance;peak_to_peak,True
6,E33,17.242323156233976,294.5689210848465,0.23968093327127848,0.6310195848136568,,False
6,E34,11.630731958172174,233.18752111294367,0.3665161949197527,0.6499506955508374,,False
6,E35,9.750104514367255,148.06901725882636,0.3765647748481754,0.765713199128542,,False
6,E36,10.970447788630725,261.3795228678027,0.26545916752030485,0.8781843089548445,,False
6,E37,8.38523547752869,125.5768088120794,0.334775736861434,0.8681692626663702,,False
6,E38,21.31093857380619,279.6722622591215,0.26440228082578615,0.43214181130091534,,False
6,E39,16.594572641908165,346.4104994820178,0.31939443301373854,0.6569644978178397,,False
6,E40,13.699206493580737,350.21577047451996,0.32782593077432537,0.7196423026370806,,False
6,E41,11.507692019370685,148.07980263885793,0.3531283792742393,0.7477647296184778,,False
6,E42,10.435389824378172,183.8346826157648,0.33504898554053225,0.8803486352803388,,False
6,E43,20.935914977950418,293.02037247681443,0.2723323855060834,0.4538758472421057,,False
6,E44,18.844453391474314,258.57072766863456,0.32049943578909945,0.5159718785077323,,False
6,E45,18.3505293953181,364.6027691639117,0.3307329133894353,0.6568725751497353,,False
6,E46,11.861759043460879,193.98859446524733,0.3894480835985036,0.7346731254464459,,False
6,E47,11.112133229927174,124.06248306425042,0.36126733998429555,0.7952383422736657,,False
6,E48,30.888353367795997,589.9182516393644,0.14288855766626485,0.3136793466480232,,False
6,E49,16.945180995465996,216.8829884383087,0.3275926833415356,0.45923025329574607,,False
6,E50,13.085803120860644,155.20052842867122,0.375604004449116,0.6934480994130134,,False
6,E51,11.30976748739847,131.3133975712223,0.3540731172373917,0.8009129582463711,,False
6,E52,11.174001636043911,155.93742090477446,0.32397555704472497,0.8124310518594133,,False
6,E53,9.366827010555243,123.62218610034361,0.3992313092302277,0.8925640074831811,,False
6,E54,9.299947743414634,135.53984550626558,0.39948213718085973,0.860269309076495,,False
6,E55,15.081647454126694,457.52915631945,-0.23158692190824318,0.17733249072563126,,False
6,E56,23.076241003873402,320.1442239423908,0.11963956824923219,0.37871801721717796,,False
6,E57,16.843497467247996,189.04001326035643,0.33820320349958843,0.5437007599597603,,False
6,E58,13.036151242658363,152.68121598369402,0.38365718847025715,0.7801909112279414,,False
6,E59,11.930758659311097,136.3223482251612,0.4073737861659193,0.8087249528884766,,False
6,E60,10.490619502488448,129.18787735372297,0.4466121061749059,0.8653391549135134,,False
6,E61,12.05843320896651,219.40201733681386,0.34165682870220143,0.7847286780901963,,False
6,E62,10.14067273517007,152.1499600275513,0.22269227118582924,0.6080569390805781,,False
6,E63,20.684465789696198,232.43779435713157,0.26944133085555655,0.5271097629546648,,False
6,E64,17.15785973584996,259.1893049404237,0.30154370606183534,0.5425922147977248,,False
6,E65,12.790178528864928,143.2046941842891,0.44598421728754306,0.8664167952805669,,False
6,E66,10.979446306616042,134.61482134550027,0.4567760179617342,0.8984332063072751,,False
6,E67,41.53879676423756,824.7542104759768,0.13761598729573374,0.5254957908891437,,False
6,E68,23.124023320678788,379.85901157294325,0.27470087992000464,0.5654594729234276,,False
6,E69,13.393760881964925,152.8653462574578,0.4235676361769228,0.7567660263863216,,False
6,E70,12.491326655198314,141.8848554296097,0.42466002223861216,0.8462815124649155,,False
6,E71,12.294293296966336,177.30911490717006,0.4425213882518698,0.7526868939939229,,False
6,E72,9.945570846831814,136.3703786906197,0.23507175646988002,0.6175926665178437,,False
6,E73,17.4393456340763,194.5128610797119,0.3399889388391377,0.7012882369398312,,False
6,E74,13.02217341618754,155.6260820129248,0.45848604001289617,0.8594095217993831,,False
6,E75,12.124247703618902,153.82575055059033,0.4845504121871953,0.8694635277894287,,False
6,E76,9.78235870316925,119.62035925547805,0.2737807594052743,0.6560595894295234,,False
6,E77,12.89025883612107,154.24272643680496,0.3626062125732825,0.655037945802948,,False
6,E78,8.529917050449425,90.17589912230929,0.34051864547872757,0.6488414609596542,,False
6,E79,8.709290291850815,118.84987676325119,0.40558510433917216,0.4661619169870536,,False
6,E80,5.935988713787537,129.58827126462472,-0.23470349035419458,0.6595950461422756,,False
6,E81,17.164805561819435,181.81244267777635,0.3135497335516114,0.5878284281956407,,False
6,E82,13.126199415951882,144.34062068155214,0.4735224849186668,0.6942629925242457,,False
6,E83,14.486969101805993,168.30789778265472,0.3786296695837607,0.7595753085769973,,False
6,E84,22.33371774328091,336.02268203131325,0.17189279957827808,0.8471308000154916,,False
6,E85,10.340938880775091,137.19612757129852,0.17189702107760024,0.8497425338975351,,False
6,E86,6.436296988009531,83.54109105834898,0.2880141399001093,0.7912955944553115,,False
6,E87,6.948930663189203,93.15841734300338,0.3901978458290211,0.14949640879434986,,False
6,E88,51.38227812885784,663.5408900640156,0.030211376269710963,0.10266068757123514,,False
6,E89,21.33322554859956,323.0030212221205,0.2753367718485073,0.5334502638481436,,False
6,E90,13.789078964295566,150.26196398878588,0.3558097812530282,0.785866922378056,,False
6,E91,11.593485236359115,144.53177330194978,0.26975848478704506,0.8237391068404558,,False
6,E92,6.9402267200605605,83.18162315658219,0.2846067278563759,0.8433619058015551,,False
6,E93,6.347223022064292,107.49741676228112,0.2717043458308308,0.7685000530316357,,False
6,E94,16.22067989631236,276.7212806027448,0.335753944705395,0.5349753060209992,,False
6,E95,13.497442425260816,167.23487245020266,0.47570004525998166,0.6333980140103561,,False
6,E96,12.95497258863731,147.91692488108674,0.45082471113233313,0.6669585617211296,,False
6,E97,6.868792432692389,86.6154276733782,0.2741633227401394,0.7367324703865223,,False
6,E98,7.05664727173429,78.44919370133991,0.4381220622627448,0.8110095021034314,,False
6,E99,15.612402861495971,157.17364513222566,0.3350366418061575,0.501301204202675,,False
6,E100,15.92341321444887,204.56866577025846,0.3303406693891231,0.5933487660987428,,False
6,E101,12.022534253253353,167.73261537190285,0.45808241079457857,0.8108441987152731,,False
6,E102,7.845630107660617,90.0679579862228,0.44086248696430885,0.7393796953582876,,False
6,E103,6.822997808458973,121.46610563377892,0.2392744657120172,0.5055564455114308,,False
6,E104,5.099747083402582,63.500842022125454,-0.14953295230042865,0.3268866591494546,,False
6,E105,5.329425312710389,70.07273038654802,-0.18610750860325995,0.9572192279755356,,False
6,E106,4.360470981733508,65.11363984103374,-0.2648324527054882,0.8099636187296803,,False
6,E107,23.706666469344647,262.81967214420087,0.19726136559046342,0.41220135493310045,,False
6,E108,12.862717266218679,230.28008786926966,0.42407709629480855,0.7387885936327236,,False
6,E109,9.919680506990007,209.2590435983974,0.3662346054988145,0.6499824338847646,,False
6,E110,8.612353773400477,116.33911921114743,0.19049368036631584,0.463048153012636,,False
6,E111,5.310937056420836,65.82923218695782,-0.15997663209556168,0.5992375893000632,,False
6,E112,5.427891978026677,78.92137058857202,-0.2670289598744607,0.7695465998428008,,False
6,E113,16.979382246037,276.4445306324035,0.3279758805539432,0.6269383092464906,,False
6,E114,16.29141329347745,247.84646337888353,0.29412007611308516,0.6406630575464349,,False
6,E115,15.721853565767754,359.266358360529,0.3407139829576787,0.6016797316029378,,False
6,E116,12.423979914758723,230.9443165157258,0.31819716964738404,0.643149237865289,,False
6,E117,10.057730873730263,160.42492489548928,0.23944345702204506,0.7656465082167834,,False
6,E118,7.502898228369417,138.92890437426365,0.07257922007151013,0.7007243439088974,,False
6,E119,20.579342013461833,289.34586818580993,0.23507175646988,0.5782148395290996,,False
6,E120,16.553169718234628,255.0138180530622,0.3218433211712442,0.7208522025393159,,False
6,E121,67.23132847278846,992.1740484592895,0.11466811674139167,0.12512483816069916,variance,True
6,E122,25.09949650228842,366.9518947901125,0.13499376054493784,0.2706013546800633,,False
6,E123,10.105794292403992,169.31546960212165,0.21695420218460276,0.6798502900004668,,False
6,E124,7.8737353632974045,145.9747057969055,0.08304299847065026,0.8130471774000877,,False
6,E125,17.908190110839644,346.4051477210169,0.3073880645200655,0.3635279110524624,,False
6,E126,81.64827735716013,2533.1217411913694,0.09463282351009779,0.07303333227833902,variance;peak_to_peak,True
6,E127,109.89999127677714,2478.99494455392,0.08130740157167932,0.15453680827378236,variance;peak_to_peak,True
6,E128,18.37796923557066,287.4228262289339,0.382847358700071,0.46163948886407924,,False
7,E1,104.83298116048687,1279.9047919362156,-0.0767327941876677,0.0254625672984755,peak_to_peak,True
7,E2,33.622416356831664,536.9768309738793,-0.016553069628437368,0.7481875704747551,,False
7,E3,18.01275564390795,251.23446575530028,0.00700837218564117,0.8283280678592306,,False
7,E4,11.390573393271186,148.87652289945066,-0.22808128512337453,0.7031487465611765,,False
7,E5,8.314498833696742,100.60798039316359,-0.3288487268264,0.6678913830173347,,False
7,E6,8.290207642370898,100.41738679564267,-0.38167546329000945,0.7270094825938203,,False
7,E7,8.881698452647036,115.47877857333012,-0.35629636008982296,0.7728798552272793,,False
7,E8,69.10865334292762,884.3609621486303,-0.10748898401602365,0.8461145525294049,,False
7,E9,30.961776235335236,395.30460163593756,0.028319410792123932,0.9182615071784339,,False
7,E10,28.606710908999975,365.90985929725855,0.03604827964616554,0.47399182626429237,,False
7,E11,19.068955572480807,256.9143258809937,-0.4078188918596243,0.322511185607275,,False
7,E12,8.555105552834464,107.92365311840979,0.14501651835589335,0.19338744746901965,,False
7,E13,10.961875977333666,142.04656049646633,-0.3354772503358362,-0.16955912149846447,neighbor_correlation,True
7,E14,35.83730077150271,432.1945423606139,0.017758362691141928,0.9523757097260608,,False
7,E15,20.159511497214872,263.0273928283724,-0.3998039174254985,0.22736965528630032,,False
7,E16,20.30245726693521,271.4398042308787,-0.406360515589412,0.11692340992632247,,False
7,E17,31.663071049131243,356.66848873788837,0.09860477143793789,0.9126393445120446,,False
7,E18,21.65895090994676,247.4557526593834,0.1323096592717974,0.5156568464364908,,False
7,E19,17.35751007559572,207.40974589305998,0.14844862371123305,0.8143197095241737,,False
7,E20,13.661959445833535,197.56362467459783,0.3723415990854646,0.7691989161527936,,False
7,E21,36.50880618823666,435.791754578649,-0.010191910410763479,0.9208769667550555,,False
7,E22,27.66376586407298,317.50896016757184,0.07556397306585712,0.839314784217311,,False
7,E23,19.586556553343524,260.8973002644679,0.1805254569263376,0.8907494692345361,,False
7,E24,15.691909342217878,219.6295893633775,0.2695051538085691,0.8245431405661826,,False
7,E25,95.95636364276602,1348.9275854728148,-0.07532070086025122,0.6920257685453196,peak_to_peak,True
7,E26,28.36788719419039,357.59483970257634,0.21186031687778056,0.5165614645391593,,False
7,E27,23.063542282844832,313.94612065885997,0.2522010195569925,0.6873897762507741,,False
7,E28,16.601329358995812,207.2278625776158,0.2697162472825469,0.788565230379367,,False
7,E29,13.645931276201528,210.13102517511078,0.38489363076588406,0.8327197041403508,,False
7,E30,8.36411018838282,144.48188149111564,0.2964959562057646,0.5465965139447169,,False
7,E31,7.2192590469342335,94.73215250862211,-0.19035666016550876,0.40267041450284147,,False
7,E32,212.99080802085848,2939.930442871557,-0.01824527069072376,0.32329593890362096,variance;peak_to_peak,True
7,E33,22.496649858693207,281.53892460570137,0.3162721759107773,0.5610959739851262,,False
7,E34,17.077568528276945,271.4540656011509,0.43464522264032623,0.7068959698599945,,False
7,E35,15.466065544828934,230.22626356394534,0.45121485415898455,0.8664021947509548,,False
7,E36,16.43472335377585,241.376767718991,0.43922920549023886,0.9216421174968926,,False
7,E37,13.274577457769158,206.07718779901734,0.4732853287991927,0.9329935857494847,,False
7,E38,28.332991576297974,294.7770670784049,0.29999981353740846,0.5483795984748838,,False
7,E39,24.229082084493218,362.12818557309095,0.3717422848775571,0.6274793832320129,,False
7,E40,19.96589786810878,315.731722781121,0.42330370924794486,0.7578842846680935,,False
7,E41,17.85703164165658,272.7833350388059,0.43860977344263874,0.8987642199474483,,False
7,E42,16.150985349238372,248.37215039596524,0.4570857634927367,0.9301076086688057,,False
7,E43,27.223639754590312,317.16547135456835,0.2928252274835824,0.5975271397162748,,False
7,E44,22.66768475128402,240.5534473319692,0.37786389653789787,0.6118779865500714,,False
7,E45,23.152148802064836,330.97809053716037,0.3743489348259718,0.6512102950613243,,False
7,E46,17.87826454463098,277.57792792953734,0.483215569010363,0.7613456863890007,,False
7,E47,16.63261479369444,241.2248111583641,0.4097041796562904,0.8030537751718683,,False
7,E48,255.47761104271456,17210.380973050567,0.07791150852899438,0.12266107411460023,variance;peak_to_peak,True
7,E49,25.251998027364493,260.94554303175846,0.3533808804110371,0.5522048794807055,,False
7,E50,27.094736822986544,550.8277464952653,0.254820599537175,0.4054305887077719,,False
7,E51,17.88157622425793,255.02149740270983,0.3422104028430625,0.8075500472279366,,False
7,E52,17.223231218067067,235.40222146714845,0.32511352440313085,0.7593440162714782,,False
7,E53,14.483165797843181,219.23091143856732,0.48043080413828343,0.9406045599959373,,False
7,E54,15.33470396877947,234.49712041742828,0.47142648842845863,0.936525663675725,,False
7,E55,12.03993764501159,212.0213762731691,-0.41312491229381854,0.6332646752315217,,False
7,E56,74.40555728131436,1739.961770464438,0.06956671322037586,0.19799090349663234,peak_to_peak,True
7,E57,29.643530152707115,403.0019672243018,0.3270969669685326,0.4265215052301571,,False
7,E58,18.09818812715215,233.31863658129518,0.3722292137158901,0.7702361852398834,,False
7,E59,17.185886367683057,244.40006244792892,0.5113990685281582,0.8536501975917795,,False
7,E60,16.19852053278137,234.21398646365805,0.5070738898994116,0.9477716063155989,,False
7,E61,18.370932822532257,239.6223381340294,0.46025410376006043,0.8557854771895397,,False
7,E62,13.61189883528985,206.45950587686508,0.18676581734676734,0.4886502402878825,,False
7,E63,43.495237052853625,690.327267882473,0.19623567017272456,0.4018025950220659,,False
7,E64,27.934135406926217,377.6501224173538,0.14099380597811745,0.3567279920467645,,False
7,E65,18.436712360671354,245.8906315841776,0.5015751361653741,0.9411023101016949,,False
7,E66,16.456255183270724,224.02408621129103,0.498666532832383,0.9589462447763603,,False
7,E67,52.20910749456573,668.9062147162232,0.29715136168490724,0.5814060210058609,,False
7,E68,40.215919899596145,707.8533379868459,0.3479434398269147,0.6211170644837027,,False
7,E69,20.06607064683018,253.63679201241072,0.47221364876494093,0.7935699336284007,,False
7,E70,17.527975318099045,215.73525216842444,0.5088953380387985,0.9283998502531249,,False
7,E71,18.84159375792858,249.6675519658373,0.4878361932658764,0.8021087649849241,,False
7,E72,14.363666279677988,202.41928746021065,0.19185308527466768,0.46882177212527265,,False
7,E73,32.839124094873604,503.13290377599424,0.3027184554794999,0.6039223415355968,,False
7,E74,20.746960404052153,297.7806715259759,0.4952219899217555,0.9011337081725349,,False
7,E75,19.287475950448076,267.92369854615356,0.49945129516617465,0.9208243111608486,,False
7,E76,13.922405243036573,195.57183472355388,0.24244258360181997,0.563725743291589,,False
7,E77,21.99557280536635,319.91067625002466,0.3802877950939842,0.6327768247475949,,False
7,E78,12.168373440010336,157.58133162212255,0.406140121985933,0.692909179883489,,False
7,E79,14.806152665763577,232.98325954203793,0.4937932514566457,0.5077940190906547,,False
7,E80,8.01892011829749,134.85990635195134,-0.3757629137755541,0.7942320068678109,,False
7,E81,28.265190358249825,411.0749698950817,0.35850190093738016,0.6031125510990295,,False
7,E82,19.121271835574394,248.71570949873092,0.4808967999199668,0.6934765891348231,,False
7,E83,27.24417169831899,376.3486689343957,0.40689470068435074,0.752092638902633,,False
7,E84,47.78905102956671,685.743454284547,0.20190371914745198,0.8335549190422289,,False
7,E85,20.152361147908564,269.4726530313446,0.20275670772395715,0.8188331085829329,,False
7,E86,9.733863027330214,126.33414945911085,0.3038490777286382,0.7777250721302924,,False
7,E87,11.783015088305687,184.95231791096154,0.44366631836294673,0.1284882433170914,,False
7,E88,64.23739669475636,875.6973971927912,0.07114945787819052,0.1774945461427512,,False
7,E89,44.70305819747215,551.7418699522825,0.38984920549889435,0.6113884597113384,,False
7,E90,24.37569223133127,303.40660700551257,0.4358290549220016,0.8313229353265199,,False
7,E91,22.557624987155062,321.24320945554643,0.28871717562025573,0.821641992966452,,False
7,E92,11.165994863945336,162.5360508018087,0.28051649851986227,0.8255118488507469,,False
7,E93,8.955606048375284,148.68555509584175,0.2768336153217872,0.7455500590112499,,False
7,E94,37.14448439734672,555.5416597253816,0.336255071433555,0.458143959275349,,False
7,E95,20.799142736641006,267.20881370986405,0.45189385847538255,0.6366804662348278,,False
7,E96,21.193273078350916,277.9452889037344,0.44574486198952723,0.6922936216521075,,False
7,E97,10.712466398822723,168.04001201327912,0.27525651952385355,0.725783534804336,,False
7,E98,11.508613480293416,174.32184065043117,0.42428835366117323,0.7921479111701585,,False
7,E99,44.374886395092496,576.3292813135337,0.15998650672444334,0.3085752689341529,,False
7,E100,24.285531114360477,256.7685832901624,0.3162721759107773,0.592013002539847,,False
7,E101,19.44619994538279,271.17522281666714,0.4621659283544401,0.7928258331385737,,False
7,E102,12.967181613272205,194.62887624327513,0.40847722151459265,0.6623207531086306,,False
7,E103,9.799741929184677,164.98269953249758,0.2778983953583754,0.528481586644493,,False
7,E104,8.858296461985157,141.5072177041016,-0.28308947265728257,0.14807913846013404,,False
7,E105,9.25154637824161,145.51969814507294,-0.3451706288893552,0.9486322894145733,,False
7,E106,7.930250413922462,135.6240771054497,-0.40115781942614887,0.8588023836529297,,False
7,E107,91.46279049768278,1019.3138734456513,-0.042801975943519734,0.06693927486655367,,False
7,E108,21.388611009628086,287.53021662986123,0.3946467459622333,0.6997031254419699,,False
7,E109,16.012764240357974,303.7495879319837,0.3299839933184978,0.6644805141316725,,False
7,E110,11.18400085221586,150.91219013349254,0.2384958855149313,0.47758895072068375,,False
7,E111,8.83274691617056,134.3577379741299,-0.35193283736817715,0.5322373714348535,,False
7,E112,9.835590380216297,163.28258352719914,-0.41337154019158856,0.8398507606533638,,False
7,E113,23.95844915679716,310.2123236989559,0.3869484462596875,0.4545714162614706,,False
7,E114,21.421956580476326,313.6338962043699,0.3545380765502478,0.6855046871271189,,False
7,E115,22.96673188237814,398.8124485378993,0.3594632384003419,0.6870182049126514,,False
7,E116,18.022909890008627,254.05383980677436,0.3743489348259718,0.6821014085275514,,False
7,E117,14.345633223688814,206.12701495639237,0.3274624438070927,0.7478235407716854,,False
7,E118,8.981391469134955,141.41468817632227,0.031469030662751495,0.5776652026354483,,False
7,E119,26.850663772637205,314.36103582737917,0.33838073697069543,0.5962287094925454,,False
7,E120,34.97315703419221,617.8313073755573,0.2406142412437631,0.57096916467662,,False
7,E121,67.41871492251263,1092.5220454430905,0.19213360922962847,0.35475262069961355,peak_to_peak,True
7,E122,33.920942769030766,453.0334414500403,0.22284651727692617,0.3701646930731285,,False
7,E123,14.321448664434266,197.91660654039498,0.2937028337527696,0.6984484334245533,,False
7,E124,9.877214104030372,150.4901241028356,0.08993421410270411,0.8301411896197541,,False
7,E125,32.54881791327664,536.8243297114079,0.1979356567428522,0.3302392042642741,,False
7,E126,29.5021675819937,320.73714528314883,0.3279856111273099,0.2559826242686331,,False
7,E127,54.41607091863254,922.5662186525853,0.13003853014683212,0.18955972988544878,,False
7,E128,27.748914156347993,296.2340926990987,0.34961085901905026,0.6145719208285172,,False
8,E1,85.01325880375855,975.2144652152999,-0.0817045376152127,0.11809891063367968,peak_to_peak,True
8,E2,24.314329865550427,421.32717370173896,0.007035097746884386,0.6672538074293873,,False
8,E3,16.40073840065988,264.56379936086,-0.03392156289346098,0.739713179222071,,False
8,E4,10.150061670548713,157.2231812492562,-0.17121519981173475,0.6669704647748596,,False
8,E5,7.008413194572499,126.37404379884843,-0.23419327040688795,0.5917141672705164,,False
8,E6,6.771246657187856,121.78717760158668,-0.2609255514010593,0.6065087297109051,,False
8,E7,6.888722422260813,144.78859586797589,-0.23890378962580397,0.7201051429221835,,False
8,E8,58.94102745264797,878.8022558843768,-0.10665177904548379,0.8135346324517467,,False
8,E9,25.074283204817718,396.00868917426186,-0.037288900382951295,0.8474108629118264,,False
8,E10,23.1247462104349,366.1124930691111,-0.027802265966229006,0.4655337418745332,,False
8,E11,15.728800987679758,318.3394484652406,-0.29645631634240144,0.2699021590962099,,False
8,E12,10.723904176228565,133.34201445727268,0.07859786259334603,0.22729681227580756,,False
8,E13,8.090197130190072,171.49643489804387,-0.24836122654837356,-0.06647428092064939,,False
8,E14,29.61464709975649,459.5237136413448,-0.039315897912160266,0.9362190790231826,,False
8,E15,16.514702082739415,315.4763919965702,-0.2942533423531352,0.23595042569672017,,False
8,E16,16.563386068637815,334.50426745339166,-0.2992594775498063,0.12448837753049757,,False
8,E17,25.784548868175506,409.32639377745966,0.016920247961981216,0.9298566422990572,,False
8,E18,17.535609922205147,258.8663762879403,0.07102028273699403,0.5165647167986746,,False
8,E19,14.665511384617002,201.40820173477817,0.0988716893635808,0.7298443058033659,,False
8,E20,11.078805103118093,203.16623429107122,0.3147009853279036,0.637608945438718,,False
8,E21,29.901736772825693,447.8722839859396,-0.01053443885338534,0.9024845238785033,,False
8,E22,22.519197430147727,323.40447744073293,0.03139802172929623,0.8209686221933883,,False
8,E23,16.6052366025505,223.60664366976502,0.1252417377378064,0.829203197073735,,False
8,E24,12.786220556952339,200.80163839697042,0.2570237912642269,0.6783099102448549,,False
8,E25,82.88654061408612,1269.8612337438449,-0.0950839834855182,0.7375059255521018,peak_to_peak,True
8,E26,21.273753102837265,250.18911300034125,0.2218690169702327,0.548972527501743,,False
8,E27,19.0581881616856,226.69046708671294,0.2536726897566094,0.6767332864723821,,False
8,E28,13.906796931301052,187.2393809464872,0.26237879429032634,0.6784198222551494,,False
8,E29,12.121976297765961,196.26089718873197,0.23091229813872824,0.6347485265006574,,False
8,E30,8.271011660258987,102.52232101113881,0.18866246096723868,0.5423918941392368,,False
8,E31,6.609617122051646,81.18788319834982,-0.11395267174956075,0.4397909596708455,,False
8,E32,53.34783105395294,757.2901863132926,-0.0008648810164653132,0.06035861213985744,,False
8,E33,18.229164927784712,248.33504137948938,0.28504699409870543,0.6903986179592557,,False
8,E34,13.628378118085482,248.0591017630229,0.3920281090693425,0.775270304944257,,False
8,E35,12.455016592873458,232.75268090903592,0.3957424537648046,0.7713990785783478,,False
8,E36,12.51877630484029,246.31470135982465,0.39088571122698007,0.7828609224679908,,False
8,E37,10.529297021945446,213.4706245109615,0.4039927795761339,0.8853054965278622,,False
8,E38,18.993115993450303,286.5386888362651,0.3626055496541514,0.6606024330979892,,False
8,E39,16.90665561620422,289.12291712425053,0.4148102225193272,0.6902812551347712,,False
8,E40,17.392532210371925,272.3992818459922,0.277941591890372,0.6917952654165198,,False
8,E41,16.543970477033994,249.2048461935383,0.28933970068019527,0.6731626942800708,,False
8,E42,12.562147521957064,239.57868405883417,0.38015003443495043,0.8497440382228768,,False
8,E43,33.69337921921048,499.738557958206,0.08840784861298825,0.25607728566931365,,False
8,E44,19.023628112895786,276.77162038089693,0.31846807151622086,0.5331277802827301,,False
8,E45,25.535536396767633,287.0889574045656,0.2360115647437115,0.4577398067736628,,False
8,E46,13.554268514039626,224.99772026992792,0.42930871083060407,0.7075345462832352,,False
8,E47,13.062131526468374,211.18699100019276,0.3475051996378077,0.7830421382397368,,False
8,E48,275.8838819717328,7492.392029715009,0.03925542255909177,0.09816283726289395,variance;peak_to_peak,True
8,E49,21.43643328542099,263.8483574986307,0.2588640038519009,0.3966753470011898,,False
8,E50,20.159139109149486,547.5296499383338,0.26383265539050876,0.4200399976051721,,False
8,E51,14.035846474645354,189.98007234364115,0.2982368575072868,0.7606500065268348,,False
8,E52,14.601239302319852,204.03122044710267,0.23837014545237217,0.6045897194866972,,False
8,E53,11.493987830980787,233.13435572424245,0.356449416585498,0.883697517842656,,False
8,E54,11.99471287577314,253.8724364665229,0.38239551512840014,0.9155281348523583,,False
8,E55,9.103665074324445,201.8829256567115,-0.34106903870542665,0.5922209875221789,,False
8,E56,38.85858122101068,826.2194723106256,0.11408648521872043,0.30321307745489906,,False
8,E57,29.030051568513517,310.2798623079211,0.1645111923378064,0.35298648593841386,,False
8,E58,15.356863979800398,368.68526181595803,0.33387348011474244,0.6981633413877832,,False
8,E59,15.61693008359779,255.03616894184705,0.3394068828440285,0.7178138328078078,,False
8,E60,13.086410903458466,254.88479770410697,0.3947670054733759,0.851545912515677,,False
8,E61,15.71267800198649,306.922082227299,0.3416930264304743,0.8390587088780194,,False
8,E62,12.109534858092477,167.05909482017807,0.18637959341502866,0.4463397560547768,,False
8,E63,28.416803538356866,320.1004918300092,0.22450811143673322,0.3728863777081979,,False
8,E64,19.346912226237396,244.94859976198205,0.1947442927515851,0.45163215464835504,,False
8,E65,15.563256692433065,327.5466353536495,0.3955087334096776,0.7773286587612459,,False
8,E66,13.298601775591,252.1839255096055,0.4006809102000271,0.8740522819618105,,False
8,E67,46.1475505549755,697.1407020416614,0.19759038092190592,0.5248212359673845,,False
8,E68,29.48545235681224,410.76666870597603,0.21811540722382625,0.5449838800462157,,False
8,E69,16.261088575938953,255.73201003405666,0.3901895517401598,0.6732939964618067,,False
8,E70,16.163005106518973,249.14243555600126,0.31354657497001076,0.7334442995842098,,False
8,E71,16.038712116605062,312.4474256051309,0.35465314444149604,0.6994394451782284,,False
8,E72,13.418459535970472,194.79876857766243,0.15410942242359288,0.4285694222155697,,False
8,E73,23.532532521658865,358.5732950260326,0.24293715073908628,0.6567943483874746,,False
8,E74,17.10594636857924,318.14966861303253,0.3891764005182816,0.826018713505797,,False
8,E75,15.503009433601072,306.5961065606548,0.3971364810616337,0.8038035185877235,,False
8,E76,12.851061942358152,190.74051469564256,0.20511661797895941,0.536289685626935,,False
8,E77,14.615454879554571,269.2113093404615,0.31902380302124894,0.48865137520100277,,False
8,E78,9.29200577891086,168.78916391500243,0.31542507204630416,0.5466141324606651,,False
8,E79,11.328633512855085,243.4047827190879,0.37282174329997947,0.19145503459500307,,False
8,E80,6.302624126477126,130.79791356702756,-0.29829184500197925,0.8153398700350493,,False
8,E81,20.955469129645387,367.60079861588076,0.2721662876336768,0.6123868522659595,,False
8,E82,15.32206920433137,250.06401078142218,0.3742216947484869,0.6336136125091857,,False
8,E83,18.259257032527636,305.6737889251334,0.30816687534811565,0.708247072921055,,False
8,E84,31.720806065376294,497.83722311939084,0.10695187754380281,0.7630741276778608,,False
8,E85,14.23141011279165,187.51145110776127,0.023337801505490075,0.7753148259115825,,False
8,E86,6.797892276555949,90.43112544293048,0.19337243952440644,0.7544714714457513,,False
8,E87,9.070021739625746,188.23619423323288,0.3245763963012815,0.0266443736657046,,False
8,E88,67.05707695672746,903.0499239529343,0.06880035398023719,0.22477103343660257,,False
8,E89,29.90080232104308,487.37734735096876,0.24293715073908626,0.47647378101534243,,False
8,E90,17.35941507120765,255.02629740106858,0.3009382190942556,0.7148453555262109,,False
8,E91,15.660122756370846,279.1207276630971,0.1647385062766778,0.7535054715175362,,False
8,E92,7.825404276475989,92.99145658181591,0.14571096407822953,0.7990510358545504,,False
8,E93,6.5134978781572475,71.25674076450247,0.1920276327357045,0.7146943389676119,,False
8,E94,21.402764253199635,401.21483887553666,0.3158768543585447,0.5740942678550844,,False
8,E95,17.03452430349091,296.4715442189688,0.38483190265284667,0.5169463618292021,,False
8,E96,18.345159593272225,265.1961733539744,0.30274486438988346,0.4438237720742142,,False
8,E97,7.686660932484185,92.39286572821152,0.19337329952712506,0.689576793846693,,False
8,E98,8.350767628769209,129.11320550072136,0.36771583408742003,0.7425471366599208,,False
8,E99,46.74950702966749,624.0819886905118,0.12154574890006643,0.2941862667599846,,False
8,E100,38.914479428553506,318.41721101281325,0.155837603192785,0.24098548059063604,,False
8,E101,14.48991398701356,284.5857342432098,0.41190669570887495,0.6767513306855679,,False
8,E102,9.749908998873646,174.74502598337332,0.3856874793699999,0.7188211092417967,,False
8,E103,7.314452628381171,85.47127998828202,0.17800703434190004,0.46558616378698914,,False
8,E104,8.10572756969129,198.75663137051274,-0.25126422370074725,0.46307190071391946,,False
8,E105,8.147808828088966,192.122050539796,-0.26948005297222555,0.9268330534663063,,False
8,E106,6.177688912230683,130.97612505475018,-0.3160684115238117,0.8390860933377652,,False
8,E107,99.86568464849607,1153.2573539972886,0.1505715853407497,0.2920348689623019,variance;peak_to_peak,True
8,E108,15.225368338471958,251.46233722392495,0.3235938576745809,0.5380372242926892,,False
8,E109,11.129358570067101,230.0110037665732,0.3473907913152778,0.6018280704653471,,False
8,E110,23.956358081469812,962.9897935737919,-0.03824942964034535,0.2131712708243103,peak_to_peak,True
8,E111,7.022884276805097,123.42177887074065,-0.27664661039950317,0.6447246636427357,,False
8,E112,7.400254012268017,152.57458587864477,-0.32056857020104135,0.759412273860466,,False
8,E113,18.770847481244918,271.09074761443486,0.3088287302683286,0.4228232634482169,,False
8,E114,20.118321085636296,297.2012580732852,0.23601156474371146,0.46689389264679176,,False
8,E115,20.498532082882484,247.51708765278207,0.23795684165776018,0.4345023804048048,,False
8,E116,13.759317947880866,307.25839263361877,0.2653009162873779,0.38651688327692313,,False
8,E117,13.703753021834673,205.2826105157159,0.18233053527249027,0.6211828221599391,,False
8,E118,8.402131033296527,107.2150865644689,-0.023562805348759354,0.608033751908603,,False
8,E119,27.481643312905266,304.5095796680659,0.19474429275158509,0.5162594513258658,,False
8,E120,30.52357666350921,706.2066279048463,0.2118789301704631,0.5231910384002206,,False
8,E121,60.771096595256076,2270.243555561095,0.04165981946300864,0.13178180551966645,peak_to_peak,True
8,E122,22.527759848998702,231.8855614269094,0.14538511452142802,0.22489849591005434,,False
8,E123,13.00359077804551,198.61681842106995,0.1869583893533034,0.543495398095513,,False
8,E124,9.107279469297813,126.73860074731388,0.02073297574521586,0.765451772367086,,False
8,E125,29.387829907914544,804.1836479895062,0.20776591659066013,0.3763097732075194,,False
8,E126,21.81585578516621,275.4465295474132,0.30378416593496865,0.3591808184273117,,False
8,E127,24.393498205963663,335.8210243306562,0.31421550293808015,0.27272949604929286,,False
8,E128,24.16888539478479,314.6635590903427,0.2827407776327909,0.5105915744178005,,False
9,E1,102.54972306613466,1381.4788458196422,-0.16148703478250154,0.18566667548696675,peak_to_peak,True
9,E2,32.970121820714084,379.1601669141888,-0.054797995056641,0.7072609932529805,,False
9,E3,17.22153323875955,188.78102561670022,-0.09716450047547996,0.8152668913480123,,False
9,E4,11.187620935668427,123.10650202296245,-0.2025133674530876,0.7824042820159764,,False
9,E5,7.80096238401892,78.58013208369661,-0.26008730337656916,0.6406640885161308,,False
9,E6,6.7399755301549975,72.03687114511723,-0.29628007443381393,0.5341513617503291,,False
9,E7,5.512447927476765,75.26890804591991,-0.22213901513493278,0.6071910619234222,,False
9,E8,73.13277071976343,847.0911011653217,-0.154230103266613,0.8953110396231266,,False
9,E9,30.99771410283054,347.3207582067329,-0.10567641236188441,0.9169452993756799,,False
9,E10,28.238124036464463,318.53177655940016,-0.10203584463589464,0.6145094867782771,,False
9,E11,14.465757495848505,182.07018271210035,-0.3695401020923582,0.43198618904546277,,False
9,E12,7.386268107749256,64.42906472895088,0.028465120488004966,0.441180737235327,,False
9,E13,6.821201311814352,92.02415480153371,-0.23471465528127974,-0.11310542179845348,neighbor_correlation,True
9,E14,37.323465445599716,403.4019010240508,-0.10903241254417766,0.9772729297675449,,False
9,E15,16.874622378970155,226.46119094217784,-0.3706462391796452,0.43153996479310286,,False
9,E16,15.386938972734471,196.87236732875965,-0.37282964138201397,0.3294562748805805,,False
9,E17,30.947474972773694,383.0168929088576,-0.0663428164417336,0.962355602447039,,False
9,E18,20.6567873964507,224.7581104853639,-0.05413325595456938,0.6525688594168496,,False
9,E19,16.268031687615846,174.14207860177402,-0.0003956700093028844,0.815632025941526,,False
9,E20,10.217512286555158,104.91364737896048,0.29356386793520683,0.7505701321450806,,False
9,E21,36.94861029564009,388.54685452449064,-0.11161576574603567,0.9611685540763018,,False
9,E22,27.918225400741548,304.09402946100244,-0.08500733554601635,0.8722992644566281,,False
9,E23,17.785530705320696,192.68701065942545,0.032381102002045574,0.8870021951764515,,False
9,E24,12.681366361303182,112.87488517705964,0.19179923190075004,0.7708062086318841,,False
9,E25,111.71565204886248,1485.6655286530554,-0.1352037715511662,0.7664592994979698,peak_to_peak,True
9,E26,22.749500876369382,223.63447503643965,0.15244597524122808,0.6352398540250338,,False
9,E27,19.383515709637134,195.87170007922805,0.16654091580486693,0.7398389929268834,,False
9,E28,13.180241532256934,150.72652644393636,0.18081006326635043,0.7497496316717912,,False
9,E29,8.663741492993012,106.86583052538973,0.3370259331141398,0.8388593088541358,,False
9,E30,6.188946788803546,65.18144255461829,0.26252168050688846,0.6232537860528913,,False
9,E31,5.02055702340448,67.23767882653438,0.03498421561330319,0.23560160171285635,,False
9,E32,60.17841035105801,695.2393886941456,-0.03616405707455142,0.12423208691516446,,False
9,E33,21.78886729569715,216.1844421730848,0.18584213670747865,0.6587461637603036,,False
9,E34,12.54888484256696,154.68900281494703,0.3502476626350108,0.7991340735341573,,False
9,E35,10.792415699244458,130.74518614046207,0.35247031933870326,0.9120059424611381,,False
9,E36,10.600393504855287,132.79616817161155,0.3645841951103442,0.9201707953393812,,False
9,E37,9.184629517010567,120.52823476819015,0.37986047986267835,0.9126261799359205,,False
9,E38,21.967395831831638,241.57192180683415,0.2778392881268909,0.7338524146237333,,False
9,E39,15.585174388169317,172.38722867038317,0.338160775673088,0.739734633439002,,False
9,E40,15.69101772073608,170.33287743119104,0.31076581441678314,0.7332250584433603,,False
9,E41,12.298252486246493,154.1751588663776,0.3582060494065494,0.8927758430900379,,False
9,E42,10.726195195895414,136.13825856470922,0.4513090514800293,0.9099170184136394,,False
9,E43,21.731010843947434,223.10142574796777,0.34189517777525524,0.6556487518260301,,False
9,E44,19.15811641786685,201.38710970165474,0.33380270353508074,0.6855317519509636,,False
9,E45,14.593252507549463,175.07568553754749,0.3963646961638437,0.7161140423292228,,False
9,E46,13.216345310622167,164.34455425399565,0.40727444170088595,0.7909585827370469,,False
9,E47,11.34736961803364,143.82478193271308,0.42985107214874974,0.8533083574001524,,False
9,E48,309.74168291851373,10820.525260535918,0.0865629888459019,0.13519178857727357,variance;peak_to_peak,True
9,E49,21.333947872592486,185.77882838771356,0.3004896938004635,0.6194019584830392,,False
9,E50,19.734996037677682,342.93281041003513,0.3693856472190037,0.6031636830710343,,False
9,E51,12.284432980170074,144.41241705266617,0.3616271429081915,0.850343802015805,,False
9,E52,12.014435419333394,160.66249655262882,0.3131485102351882,0.7614935687668822,,False
9,E53,10.400531653614449,134.93241438800231,0.42384500549303594,0.9147703384403845,,False
9,E54,10.471243970392804,151.55369074256464,0.39979084062744225,0.9243949260684299,,False
9,E55,7.444678894097562,118.5295678847987,-0.2879891055158269,0.47544573089645514,,False
9,E56,35.68137101536314,683.3800861027212,0.20838054281688934,0.3743028682518895,,False
9,E57,19.07089396902634,223.3075416974103,0.36804333770240394,0.5323088892675523,,False
9,E58,13.590040282572245,153.80334577277023,0.36790290576700024,0.8172206865818968,,False
9,E59,12.728858233498983,150.6870174288761,0.4083546613173645,0.8770297718608024,,False
9,E60,11.646856171200795,143.93897595533343,0.4303026346326215,0.9150466159380827,,False
9,E61,14.263959141101312,255.51935958307686,0.3826040205919432,0.8839039270565547,,False
9,E62,11.354656027308694,132.31484383160148,0.33785679947926917,0.6227390661149843,,False
9,E63,29.0808541026356,481.02074618485744,0.20973482612807753,0.39198250247731914,,False
9,E64,18.034468058306096,227.07299424569115,0.273384115840941,0.562822889421889,,False
9,E65,14.007436983367093,159.13913668642965,0.43638668511552403,0.9270834493735669,,False
9,E66,12.453014213175168,145.51290860589174,0.4313668200695051,0.9456271977442867,,False
9,E67,45.967895813653804,945.4889735410914,0.2918080557142815,0.6247722076110749,,False
9,E68,26.492711326294057,299.2369838216174,0.2674284489660432,0.5968400762106745,,False
9,E69,15.313653214447918,165.05203983808713,0.4262710316371653,0.8153067910201861,,False
9,E70,13.580218541959027,145.92455774041827,0.41548170337362555,0.9107330331686494,,False
9,E71,14.447689226474157,198.93867521978433,0.4093104126497528,0.8088469687049771,,False
9,E72,12.307603184826611,151.9748622100951,0.31076581441678314,0.5639035402110391,,False
9,E73,19.78941560829997,205.41032051872966,0.31658255246433215,0.7390555671176922,,False
9,E74,14.774886653449533,160.31035887213213,0.42733586161237636,0.9045940937861401,,False
9,E75,13.86057840195917,153.03545010761385,0.4556114397267279,0.9132252776992715,,False
9,E76,11.914590446439858,129.89153762364404,0.3582060494065494,0.6525386547511141,,False
9,E77,14.937918897116653,175.59139374349274,0.2928419036099733,0.6880145174791424,,False
9,E78,8.367803883125516,94.76643993565276,0.35153559877171253,0.6522666170536541,,False
9,E79,9.666259041306466,137.16468684304482,0.40532220683584974,0.2102462501352819,,False
9,E80,5.230640771778945,73.65578705866716,-0.24903626025188058,0.7842450946356163,,False
9,E81,17.47294901363545,181.01747192793857,0.4292802780784168,0.6333480326613388,,False
9,E82,14.409537875410587,158.0234886690913,0.4368476869477438,0.6461453148045723,,False
9,E83,18.291123179271786,228.38777048766673,0.2650919724416513,0.7419923824964848,,False
9,E84,36.99207356284491,551.5037465982278,0.060455495553678594,0.8577554269411742,,False
9,E85,16.30319099605834,257.6185232865964,0.0032829542042573717,0.8613715198434102,,False
9,E86,7.394200980772214,93.55452116101699,0.1959014090225438,0.7728820420916194,,False
9,E87,7.710876972168823,101.18947400430562,0.39772576487801264,0.03303380821323204,,False
9,E88,56.488133369276525,825.1742316063927,0.13811665485226773,0.2450706996450394,,False
9,E89,23.400276648169623,450.5241789466514,0.25241665922707895,0.39561483958638666,,False
9,E90,17.22922067696483,202.31100466186436,0.29855930999060476,0.8027021904469529,,False
9,E91,16.284342498723962,247.98983775310245,0.09890658068649176,0.8578657373995253,,False
9,E92,8.716961448042428,119.41863944931873,0.14303433057820908,0.8792802970237095,,False
9,E93,6.003400833787166,59.60194190463113,0.2872766197891141,0.7598501861187361,,False
9,E94,24.894049340024544,259.0879906034966,0.2604166078965175,0.4227469266020856,,False
9,E95,16.969908775181516,167.8763478663706,0.4023802005168135,0.4623578811996511,,False
9,E96,14.329584134704126,148.49064416601774,0.40979515984406645,0.579607349923251,,False
9,E97,8.360541805538421,107.30387378702588,0.15410523884677815,0.6831359657242964,,False
9,E98,8.005982707214947,95.95804660139244,0.3997976574196505,0.7851859839069872,,False
9,E99,57.92923577125947,786.4727739721186,0.10994948367611318,0.2802128273916987,,False
9,E100,25.178133524601314,298.5656225257131,0.23437582271284738,0.46047589674672446,,False
9,E101,13.730427011168134,165.9852432962133,0.4212811528014526,0.8020821703558083,,False
9,E102,9.002921816744292,113.90130423246457,0.4291665550074744,0.7608678787282273,,False
9,E103,6.394053972277136,60.07015033322986,0.2299025213469407,0.6390862635410093,,False
9,E104,5.988526559200876,73.6590918076964,-0.18848977615189,0.26505475841555426,,False
9,E105,6.136886879503747,76.00136653038493,-0.23603853479334086,0.9601961879973533,,False
9,E106,5.058713946978132,72.2170000445577,-0.2887898638250379,0.845453500438553,,False
9,E107,109.87700569164502,1438.368919455631,0.06205956381450157,0.30200599614043505,peak_to_peak,True
9,E108,14.554325367346992,162.38255824393684,0.39056020676117775,0.7147810978630895,,False
9,E109,9.502089369739615,106.7646244095167,0.3163497106573974,0.7645445374280366,,False
9,E110,7.425807154616818,92.27440888533013,0.17980733224959752,0.5540712137484174,,False
9,E111,6.02016749424522,66.52139868998694,-0.24115610466769033,0.6359781381642793,,False
9,E112,6.35164217453973,86.69958454013215,-0.2906470443148273,0.7503396518220445,,False
9,E113,19.44948638131124,191.3854798753899,0.37373637138327576,0.4615047196134948,,False
9,E114,22.160439703433408,387.4226583822506,0.2142132553310307,0.4869115267305731,,False
9,E115,13.000431319007681,139.13445966041195,0.292366342287396,0.6978396004454236,,False
9,E116,11.315522054257004,126.43778346025422,0.2942582104624426,0.7737609110267316,,False
9,E117,10.505687161489586,127.62258937608425,0.18129615089768514,0.8016795627496082,,False
9,E118,8.015117654003001,91.54681677675754,-0.027067722481531373,0.6859682300188846,,False
9,E119,21.86895320898373,246.70648782022258,0.3226801852046376,0.6063761367858305,,False
9,E120,30.401936625121515,1002.3904460977964,0.21167362591808211,0.5529789222656745,,False
9,E121,114.21793512512316,3110.4261424323067,0.021444495377690657,0.1086463340479503,peak_to_peak,True
9,E122,25.373783548292355,234.52135254333479,0.03863131757524619,0.3700481635553407,,False
9,E123,10.75856771246285,132.05691059411578,0.1538729812932472,0.7324454923875786,,False
9,E124,8.540074352430235,96.99101391185553,0.003924462130486625,0.8226555095713581,,False
9,E125,25.858682426166986,420.3702832365451,0.175265846149124,0.4461045910791505,,False
9,E126,23.079117506348204,308.704791911626,0.35284076918528856,0.2556839915108312,,False
9,E127,22.618758960860323,268.114821480454,0.35853298967619035,0.43596303224088295,,False
9,E128,22.989591967354414,244.1805192469137,0.323876306740917,0.7053372105691283,,False
10,E1,70.88095552146558,1234.232845975308,-0.11647427883777592,0.1646476330536332,variance;peak_to_peak,True
10,E2,22.538439797132423,443.67404935249226,-0.0006536198733476236,0.6719583173866821,,False
10,E3,15.809404365259768,199.3317910188162,-0.03773439127321379,0.6213014095323953,,False
10,E4,9.585819643383921,124.31179924174944,-0.1272952068915594,0.6466900848151402,,False
10,E5,6.155684720805597,82.28702684603604,-0.2074830537477664,0.6369402431792833,,False
10,E6,5.37763241901074,70.75864076997692,-0.2935395729321784,0.6862878045678144,,False
10,E7,4.66220571965567,58.693440699026496,-0.30237064518655044,0.7187275010236925,,False
10,E8,43.75154199027535,814.5929153161908,-0.09081456823607162,0.8818713461272384,peak_to_peak,True
10,E9,20.219818766605542,343.82893853126893,-0.0011882093303902913,0.7937493365028305,,False
10,E10,18.583688100595836,314.43707973000755,0.006062448970222838,0.40582156352905635,,False
10,E11,11.477567740483932,130.99436251813316,-0.366559638001038,0.24909492914552067,,False
10,E12,5.84944478049892,58.519153799702735,0.17568238025977248,0.15434640684441978,,False
10,E13,5.477034783746625,70.46932760342554,-0.3164387113143432,-0.19787173352458914,neighbor_correlation,True
10,E14,22.775695167496163,360.85680047912234,-0.018707086838744086,0.96645465967831,,False
10,E15,13.339754118537668,154.0337342757955,-0.36596414931392834,0.19352736261147008,,False
10,E16,12.225547858904603,137.34160068754647,-0.3662975402359066,0.1254263339553138,,False
10,E17,19.338885315827895,310.6345826713556,0.04700052900162006,0.9441314906007403,,False
10,E18,13.567757412147746,181.99439090587282,0.1607742153539735,0.4567157386364674,,False
10,E19,11.398778231547821,140.80773709959084,0.21188170041445845,0.8033149269247641,,False
10,E20,8.376313253825506,85.56465930408467,0.3624562492693535,0.7653619779260747,,False
10,E21,22.973387807340075,358.2662181126608,-0.013054381905894566,0.9252500574618132,,False
10,E22,17.523157616573005,246.46447004605997,0.08077104167288846,0.7973803495809275,,False
10,E23,12.598510905167004,153.72664755630058,0.2299547904433256,0.8530771343466199,,False
10,E24,9.848873772903204,107.75764258456957,0.3417745157046252,0.7673061540977342,,False
10,E25,60.99091057626881,1150.3952596351985,-0.11368987149546651,0.6976705673984236,variance;peak_to_peak,True
10,E26,15.27631715062255,175.67366283666962,0.3346787759986998,0.5604351651555464,,False
10,E27,15.719744914472576,212.7232057550462,0.2175982002342239,0.6588611749956874,,False
10,E28,10.01914754244899,120.90717585829817,0.31438729995309334,0.7470929791414617,,False
10,E29,7.650528779283497,90.29544115944057,0.44149080312232825,0.8640738432167617,,False
10,E30,5.1146555181539135,63.27155661890752,0.37386393390731304,0.5960100379211432,,False
10,E31,3.6535335946395793,45.86667742899629,-0.04203811604397773,0.4211639336415034,,False
10,E32,31.60243505747873,612.9478768060023,0.016152721303862094,0.09673677343979202,,False
10,E33,15.21227629540938,159.22944966941617,0.2922836528701292,0.6053791254771029,,False
10,E34,9.907135388399352,150.7810726484161,0.4873151789603515,0.6534544788400525,,False
10,E35,8.805558360913173,101.89445232650488,0.4752828048627584,0.9082381015872377,,False
10,E36,8.93716061361222,131.1024408961228,0.47488860859594595,0.9134924478391067,,False
10,E37,7.940878596702607,95.14494322952483,0.4580574617072793,0.9011141818633324,,False
10,E38,14.724683978830905,216.36022257368973,0.40280032855830195,0.6317053321920749,,False
10,E39,13.755944428323739,145.17021971767645,0.3360888757860132,0.6279516237590668,,False
10,E40,11.807527583529938,175.88454317922077,0.4834771358702011,0.8113500828507981,,False
10,E41,10.133061460822512,116.64819369531378,0.4822322465768899,0.8967561432107585,,False
10,E42,9.188150256625738,132.41072582886045,0.5234970135219297,0.9202460233108727,,False
10,E43,17.841580550717218,195.64875631003693,0.33196845068094044,0.5829675274228285,,False
10,E44,18.510421946778365,211.32211601460278,0.3525718007592066,0.5539065937739511,,False
10,E45,13.655311920731558,183.7902480452007,0.4439055668415885,0.7508004020833439,,False
10,E46,11.424037672448916,162.08238341090376,0.4912370911607192,0.8273663983967985,,False
10,E47,9.217466061502426,125.16946610250216,0.5295431298686817,0.9108608046549067,,False
10,E48,198.9155294870099,4781.300463649167,0.09001478366925225,0.13117600572245874,variance;peak_to_peak,True
10,E49,13.833461380395024,187.6040219459692,0.46512908609866377,0.5913273085361636,,False
10,E50,12.235350110412298,172.5428617143254,0.4489222251839852,0.7639677451617664,,False
10,E51,10.138412767854367,113.95979005622496,0.5192872258901418,0.8896328767250303,,False
10,E52,9.753595490224013,125.6632881502509,0.510354110362369,0.9144985152760701,,False
10,E53,8.950240525921823,111.98057964425371,0.4870069787367284,0.9256633406398476,,False
10,E54,9.151662882579238,111.45305145779611,0.46375867032206275,0.9145193216689369,,False
10,E55,6.384864758504576,70.46126281073974,-0.3708776213714474,0.6025677789179917,global_correlation,True
10,E56,20.33171908552495,321.7646847217623,0.23805274897529088,0.45726610520590405,,False
10,E57,17.129994806689417,189.88581411942715,0.3828931873201763,0.6635399867910186,,False
10,E58,11.709682802408265,147.68556021989798,0.5414504794320489,0.8956945321887005,,False
10,E59,11.040892669840611,135.3723227713716,0.5352475191186747,0.9236462083439516,,False
10,E60,10.175757065671757,125.09960770738356,0.5130885176370036,0.9275982223256664,,False
10,E61,13.108828677411799,157.82594922141766,0.44862046624356905,0.886069497541808,,False
10,E62,9.58293186137866,111.72586477716331,0.3308301622009035,0.6674190670412399,,False
10,E63,18.18789400841408,281.7094351639263,0.39198937628335667,0.695877431178321,,False
10,E64,12.803241519655522,172.11573434052613,0.5202102804467346,0.8384846476875041,,False
10,E65,12.061755232841481,153.56572125085404,0.5297532756914042,0.9215258307885603,,False
10,E66,10.814316744913153,137.37072906088093,0.5067100948485236,0.9311297873730614,,False
10,E67,46.45095215356504,579.2610481245896,0.36678413190311737,0.6344189763108923,,False
10,E68,15.22806722602256,186.99071342249695,0.47805849923408034,0.8364706920020384,,False
10,E69,12.654063251449877,163.85785050993763,0.5212116584215164,0.8612095877316785,,False
10,E70,12.377234882722576,160.74951453143774,0.4393035793431217,0.8405743967887034,,False
10,E71,12.36244540752646,138.1815735958741,0.5059384957374338,0.8024162418993296,,False
10,E72,9.129093576315261,116.25789936167362,0.3285033133294809,0.6728434720323133,,False
10,E73,15.977034608937242,195.85609825290422,0.3967564789260057,0.7169329691201232,,False
10,E74,12.025850083357518,132.5062804179018,0.5351806072917903,0.8880526852573418,,False
10,E75,11.476951581190598,144.64340051081413,0.5003580281090454,0.8771587139741548,,False
10,E76,9.127547210723392,113.49450980567535,0.38714429940689626,0.7237050320512481,,False
10,E77,10.423910363821884,110.39535795971824,0.4223786803929231,0.6916073955580254,,False
10,E78,7.098029102356275,82.68114234545632,0.3789037691293582,0.662089469854662,,False
10,E79,8.360538621583874,97.42298220020433,0.4405063274106309,0.029766503745769154,neighbor_correlation,True
10,E80,4.512492216852751,47.69652962680924,-0.30531463124224045,0.8580780445670297,,False
10,E81,13.630579938473273,150.88631475289966,0.490835547954385,0.8417997398466031,,False
10,E82,12.037798634339591,152.28001272941952,0.5179535046809827,0.7416210513592989,,False
10,E83,13.343580525553737,151.3745784919248,0.36732100039056237,0.6838489398512324,,False
10,E84,21.139929385978434,287.00355075795375,0.026941322790297203,0.7110015737461919,,False
10,E85,10.374071485551656,119.7713354832248,-0.039742301056137366,0.8391107206508406,,False
10,E86,5.361545125334316,52.26153940281097,0.19774524642767755,0.7345003214482303,,False
10,E87,6.650757697053644,75.25917135956036,0.44384574049487635,-0.10396007123657608,neighbor_correlation,True
10,E88,32.46419812138901,928.0060112516454,0.180447964513953,0.32562219950021454,peak_to_peak,True
10,E89,18.558951436278353,285.72825794744085,0.3005434857927032,0.4582190693096434,,False
10,E90,12.26711726435897,143.68178317644498,0.40380408987499683,0.6826265351695964,,False
10,E91,10.64273056269744,117.03620281403585,0.16631951936666473,0.8020061763872834,,False
10,E92,6.480359039387764,63.90141193098361,0.16604237591311083,0.8369263764257528,,False
10,E93,5.100275649951658,54.31974906717653,0.2774189969288573,0.7917145981194518,,False
10,E94,13.392821120178596,177.84363163555105,0.48465985670232864,0.6316173678196764,,False
10,E95,13.171889520138897,166.49916015617438,0.4593531261185833,0.5901328222207053,,False
10,E96,12.00066403730775,136.94838193602908,0.5176601519458139,0.5960361896518698,,False
10,E97,6.405626007731429,63.130219366091644,0.19856535385200785,0.6795645260717251,,False
10,E98,6.612023159199548,67.20326011382694,0.4656588652460754,0.7736296893091735,,False
10,E99,17.86883895596831,182.7220202645315,0.3558857861772582,0.3632825678124452,,False
10,E100,28.88617751303375,253.06527252782615,0.2080902826488575,0.3413389666427349,,False
10,E101,11.304789056379486,141.0835138396156,0.4995414668890971,0.8489291996469627,,False
10,E102,7.5999247823098495,80.52288118826243,0.465903048030222,0.7807755114362873,,False
10,E103,5.416167562871499,59.38385624081741,0.2628576488483692,0.6274736006194259,,False
10,E104,5.127962321664228,51.96533730580353,-0.22848747967679664,0.35327974175149457,,False
10,E105,5.3217697098336245,58.13220518949175,-0.2672181733502257,0.9692562789700839,,False
10,E106,4.461920070426943,50.89550356309003,-0.3218905685110073,0.8956855288914425,,False
10,E107,39.77344502925449,322.4526619948558,0.1925396836140349,0.2958618611028415,,False
10,E108,11.62943423441272,152.57567146273337,0.47857361005732907,0.7895391620610858,,False
10,E109,8.750896872438245,99.5099912092044,0.4262121647722496,0.6495822700076306,,False
10,E110,7.226653538106089,87.92008137220054,0.17143828251305376,0.475499191238022,,False
10,E111,5.115522753766659,61.171936089233895,-0.2488936274969206,0.7189131392044956,,False
10,E112,5.505896346007574,60.56174656117641,-0.3270967479421352,0.8384276042142439,,False
10,E113,14.025651376203344,190.003297997647,0.38999151330819626,0.6498752841629406,,False
10,E114,13.161948025789156,155.14949828561055,0.3886673993643017,0.7320019842997365,,False
10,E115,11.729178330326079,165.46453740713616,0.4249211639842856,0.6735671972392956,,False
10,E116,11.521212514397762,153.7118093294365,0.2945583069029812,0.6387664563087183,,False
10,E117,9.127680548176329,145.52044753439324,0.2572772121067086,0.7250328391108789,,False
10,E118,6.580574403259547,118.66269605470258,-0.005401938105524533,0.662354685492548,,False
10,E119,18.871479590190987,207.66731500382429,0.2904884010925442,0.5681355965887992,,False
10,E120,13.003234192803347,154.21928724302117,0.434988951450744,0.7686212753297388,,False
10,E121,16.85958746942582,225.1092615603265,0.2782654396782338,0.5799359984777632,,False
10,E122,19.608134807222246,251.51846956320378,0.24039588373105558,0.41547673790616024,,False
10,E123,9.18379423309431,153.80217703615898,0.2515212195721351,0.6773475520665402,,False
10,E124,6.93349572038598,126.67644971062585,0.038018446072521694,0.744161352922226,,False
10,E125,13.843122201709743,137.3515987755709,0.39834146416382804,0.7355721456623856,,False
10,E126,15.31383586209913,204.39511577253813,0.42472537024089585,0.5805363795018286,,False
10,E127,16.07871197395835,248.38412916091755,0.4503321684389714,0.37916501125428936,,False
10,E128,15.246342226630123,249.49818161346016,0.4373234222169506,0.6517069186331392,,False
11,E1,119.06736342442832,1551.2545259755207,-0.023224634763576096,0.18438199276410094,variance;peak_to_peak,True
11,E2,20.46077434270962,231.84841320906676,0.2339411903998281,0.6158460312138512,,False
11,E3,11.658958765131441,148.82497564813414,0.16236484510273988,0.7565227857051595,,False
11,E4,7.115330282066614,79.01314772613594,-0.10623453320008151,0.6550871010772409,,False
11,E5,5.44720764384801,66.5176071560956,-0.24568400242721122,0.6306274214675208,,False
11,E6,5.782030847178068,78.22760259421108,-0.3238105487067971,0.7697866980604497,global_correlation,True
11,E7,6.596647225178375,125.81626995587945,-0.3817908686971068,0.8175571456028661,global_correlation,True
11,E8,35.72123807999562,493.81588077271425,0.04839227699619608,0.8110726984465355,,False
11,E9,18.86091180099361,272.4422242993799,0.1820504843590918,0.885567111548729,,False
11,E10,17.45894536568556,251.82334337321427,0.1958463268864946,0.27195393692858133,,False
11,E11,14.204912961001973,238.20814311522696,-0.40342192725653603,0.14038732312162466,global_correlation,True
11,E12,6.282944334607966,73.12820233748029,0.2719478846530488,0.0785930609200197,neighbor_correlation,True
11,E13,7.726129099279668,132.70794117384122,-0.39395790518059437,-0.29267423068158105,global_correlation;neighbor_correlation,True
11,E14,22.348761354054858,307.25291776653836,0.16061877187840853,0.9485688573371693,,False
11,E15,16.460784757970394,284.38309965317546,-0.4067678699250004,-0.053377136317283455,global_correlation;neighbor_correlation,True
11,E16,15.226694303586125,259.7435297487448,-0.40586456733425136,-0.12466215840990208,global_correlation;neighbor_correlation,True
11,E17,21.014098445272605,277.55690487978444,0.2175791846651935,0.8794996655975615,,False
11,E18,14.846181329507985,204.1111376790841,0.2509064760091428,0.37202730800091766,,False
11,E19,12.580536789386016,167.13140064985305,0.29178562113185874,0.796129100026407,,False
11,E20,9.599767158526701,133.21431508151858,0.47614894454966994,0.8030380603670102,,False
11,E21,22.67364721534358,305.2942395290303,0.14020908204677618,0.9139052123551176,,False
11,E22,18.526525846631834,259.874651064059,0.20073964393682858,0.8607433613379656,,False
11,E23,13.817365835190628,185.18716543088635,0.3282510488656357,0.8866191086191235,,False
11,E24,11.358965361072787,149.68036705645397,0.4263995091828935,0.8092589851243353,,False
11,E25,63.24608611794199,1128.9543029797394,-0.010661615141527015,0.6965325807561455,variance;peak_to_peak,True
11,E26,16.827178684421366,217.20457291234513,0.36234824688273,0.7007253506667642,,False
11,E27,14.443901822652396,156.17984779175015,0.3874581177972053,0.7510465657534962,,False
11,E28,10.203567983327073,109.05284372815494,0.43848399203716726,0.8282641215098143,,False
11,E29,8.8378876491774,134.25518099092875,0.4934616242441471,0.8882262350030905,,False
11,E30,5.42671016747094,62.540111031269134,0.3909153805867366,0.464433850263457,,False
11,E31,4.61094394846281,51.46128680789281,-0.1672838530746788,0.3303330248915398,,False
11,E32,93.92136288350758,1280.7217894729738,0.044568114350390944,0.2563462921336306,variance;peak_to_peak,True
11,E33,15.385084531012655,141.6269313953553,0.34825067199850535,0.6155285766612681,,False
11,E34,11.041321836368505,147.45400463295675,0.5150088655523645,0.8243869732737774,,False
11,E35,10.154254098563877,152.7461298838332,0.5400981674492273,0.9409878798997358,,False
11,E36,10.413332885002472,167.25180859857966,0.5349325951635244,0.9397542523789006,,False
11,E37,9.404810510443673,154.99967286120238,0.48953021609671027,0.9237473980626003,,False
11,E38,14.86625245525434,196.24168990165145,0.44976748760177454,0.687940506654086,,False
11,E39,13.835375268206928,149.63401056626864,0.476093208879864,0.7506753942083397,,False
11,E40,12.658892268846134,160.17364760972208,0.48242311969196006,0.8489806738874901,,False
11,E41,11.384631126248992,164.8371942039651,0.5162962021532473,0.9277672130677767,,False
11,E42,10.575669002989464,166.74038973180686,0.5407848848034142,0.9239156556871012,,False
11,E43,15.996274076515034,173.5350466860591,0.42509104950513377,0.6694924795286323,,False
11,E44,16.933651544766953,172.71034763900613,0.37032866665547426,0.5968325219414454,,False
11,E45,13.764378688637452,163.6710464120406,0.5172372373349311,0.7527476277832799,,False
11,E46,11.974058608977646,160.98589868276375,0.5303217720881139,0.8322211211019127,,False
11,E47,10.307872791984144,119.99657722340851,0.5175243457620996,0.8673218037265342,,False
11,E48,21.45036022082836,693.1724301712163,0.15749188793323318,0.3895965550912811,peak_to_peak,True
11,E49,15.06565263103673,188.4392744435666,0.49583313103987453,0.6815913113116558,,False
11,E50,13.321640076972995,141.7183492554459,0.454976395042013,0.6420638339059195,,False
11,E51,11.524365127522639,138.72998896837154,0.43514037818767115,0.8268339459946734,,False
11,E52,11.936200518670862,165.433948405144,0.4003557153683821,0.761810966443835,,False
11,E53,10.28317976972745,158.94197204130742,0.5275694170995756,0.9320429658327347,,False
11,E54,10.928050120072216,188.43011322593333,0.47622942700389026,0.9330931386152164,,False
11,E55,8.28195856828274,149.75574115503477,-0.45731693997264616,0.6316047687065998,global_correlation,True
11,E56,26.484201710402168,420.16755961169827,0.08703829718629635,0.2682897399703945,,False
11,E57,17.237732480563164,157.6033190313638,0.3310975748843971,0.509805465007418,,False
11,E58,12.6196047562215,143.21739345179498,0.4815638962147834,0.8159081961387228,,False
11,E59,12.269146649690706,173.18653009072017,0.5228007065655017,0.8798041835907818,,False
11,E60,11.465663764126903,176.10516200618667,0.5155576850065079,0.933753904228721,,False
11,E61,15.561499100922964,279.4318879350808,0.4833176202825435,0.9161999856414617,,False
11,E62,10.710493899449267,125.25228228026933,0.2765088519095581,0.5867710507301953,,False
11,E63,21.41896539250996,310.5060530929841,0.2823850448760616,0.40676808967471245,,False
11,E64,16.360109051832662,216.9705410282942,0.3451137999351023,0.5439884223881171,,False
11,E65,13.14525057184223,171.21302488795516,0.5180043227936914,0.9174625059730112,,False
11,E66,11.83805194148457,171.4420253706816,0.510921315625792,0.9427527819829644,,False
11,E67,56.00523202104507,950.5105813738,0.4102301929613074,0.724827146300483,variance;peak_to_peak,True
11,E68,26.088855775692718,408.02269065041673,0.31038836189045516,0.6162241192698084,,False
11,E69,13.928837208912329,176.10486896704685,0.5395696055068269,0.8224228876978461,,False
11,E70,12.884820140886797,157.79949584413308,0.4800850782378427,0.8828631613270003,,False
11,E71,14.267385540743799,228.04172556534883,0.4991831818864955,0.8578235790127531,,False
11,E72,10.165501527571317,128.60378776645592,0.2644251033836005,0.5955388876774128,,False
11,E73,17.175833979944287,206.10859547898625,0.44539519060022,0.7495338096038819,,False
11,E74,13.541778931174097,176.85258940554354,0.545041609273234,0.889553090830359,,False
11,E75,12.686372764454816,183.619215730716,0.5308041578070758,0.8874124663695624,,False
11,E76,9.852003087233483,123.1493198835406,0.33501430096905804,0.6953780221715994,,False
11,E77,11.796139854440142,160.86477200928078,0.41610910138747775,0.6302810581516087,,False
11,E78,7.418144016578958,80.87158585274165,0.35626830595323455,0.6133278617335924,,False
11,E79,10.206134981425938,174.7618827483048,0.4631544087383901,0.08664766756825774,,False
11,E80,5.658739648713957,91.37193361554196,-0.40935171851324265,0.8561430185381809,global_correlation,True
11,E81,15.246173602899603,199.29493482992132,0.5121451609398889,0.7910037318551019,,False
11,E82,13.624703218907063,173.25566368364474,0.5250028785589091,0.7917626932103663,,False
11,E83,12.953517340749107,159.41134682187416,0.4552952201156508,0.7637364764867403,,False
11,E84,20.148621141167173,328.6033497379627,0.09534482868558788,0.704551072695034,,False
11,E85,9.928436439322933,147.44100116077993,-0.021699847166675734,0.768622174971475,,False
11,E86,5.318487236058953,61.76381136863209,0.22749051037607737,0.7110681255298166,,False
11,E87,8.235138446532753,132.97394745140798,0.46684337968102385,-0.07674992629139418,neighbor_correlation,True
11,E88,25.25798022470408,691.7438773430488,0.18084325775362883,0.34892498877225936,peak_to_peak,True
11,E89,16.472975844837187,197.28480916632446,0.38323273218268455,0.6231601516567614,,False
11,E90,12.55351084217867,135.8147708581634,0.4497063978140318,0.7172213178097364,,False
11,E91,10.400090716441,135.27754938993598,0.2190811521744869,0.7898641453831114,,False
11,E92,6.155151251048106,67.8455027052893,0.21087688076443997,0.809118705280442,,False
11,E93,5.414703625573884,53.87657621986794,0.3354478632278315,0.7915215741566347,,False
11,E94,16.722812516896624,210.0813008881123,0.47677062938901876,0.6324891279542078,,False
11,E95,14.29702541624266,166.1073645324041,0.4956609701794821,0.6700280594670555,,False
11,E96,13.288663368929964,167.42355280549694,0.5272413681480581,0.7173824654400451,,False
11,E97,6.204604951486676,64.6005032137785,0.21816672144401963,0.6543288020875384,,False
11,E98,6.9590897621638845,79.1212045657415,0.49836487944549934,0.8338570128902308,,False
11,E99,15.58305333214212,173.93080219396666,0.3806763052933812,0.4950855131555708,,False
11,E100,14.658573470873723,159.93792948494286,0.42199547708306523,0.7229917389832398,,False
11,E101,13.333635175656779,177.3901469023649,0.5423811595508278,0.8642294410972138,,False
11,E102,8.132677348187949,103.70167320627203,0.5323659628159255,0.8503543109045264,,False
11,E103,5.603984463007078,58.44575140330343,0.3304299787979444,0.7320052048159413,,False
11,E104,5.910610414604985,85.56117526827143,-0.32164931107550804,0.16311661682093348,global_correlation,True
11,E105,6.1337033632769575,92.20661270320736,-0.360474930360058,0.9712028951245721,global_correlation,True
11,E106,5.4982882832998135,90.73612674211266,-0.40085007956256075,0.8967102028645515,global_correlation,True
11,E107,34.78268907338468,345.02300745064343,0.13816663754665323,0.2891386740231402,,False
11,E108,13.085164647225234,171.6473844205696,0.5279777863640908,0.842910761948888,,False
11,E109,9.786009620342382,126.87341215000882,0.5027628011692205,0.801576998981742,,False
11,E110,7.616026060578435,137.8253866423462,0.2884254766178679,0.5149415856099189,,False
11,E111,5.645881820498832,81.53264073526688,-0.33131760129205967,0.5940326661917354,global_correlation,True
11,E112,6.7085409910012705,108.22686513529791,-0.4051690807099978,0.8481967399511084,global_correlation,True
11,E113,16.182258731429236,174.77225955366112,0.44703797669547485,0.5687871501436084,,False
11,E114,16.443755255941184,149.39302871593213,0.3682271731921145,0.6086528367425796,,False
11,E115,13.24501673073535,173.96370175863228,0.4756943373039297,0.7610218317420491,,False
11,E116,11.687184823717358,145.45299435542458,0.4505022594671361,0.7389296541469319,,False
11,E117,9.506526699530706,143.12800353728744,0.4759496425013955,0.7265343581954713,,False
11,E118,5.492609827705397,62.138509022143445,0.11210067581422968,0.6011309619911498,,False
11,E119,24.35529768159741,212.19139535827804,0.24563558789217677,0.4875994903660683,,False
11,E120,15.515533708287837,187.55825344983603,0.41833865780529694,0.7125722096962628,,False
11,E121,29.318960705858682,603.9016432979464,0.11014661748419334,0.3417841317251872,peak_to_peak,True
11,E122,23.594788196499834,167.6338754168768,0.19696792728926743,0.24175676677076255,,False
11,E123,9.469477438831927,136.3799829150476,0.4552251594828217,0.690010760831477,,False
11,E124,6.010511096444507,72.5780923725008,0.21300115190581362,0.7529467272775057,,False
11,E125,17.138324458114493,219.85587107867633,0.39623913832519786,0.48754134270841176,,False
11,E126,18.926887063988126,257.84855578028316,0.4086228349135396,0.47450195610900137,,False
11,E127,23.40175739473976,417.0896121757253,0.35098455025143105,0.43778187496070164,,False
11,E128,16.161004418411203,190.41645546867522,0.46684337968102385,0.6519974623883985,,False
