subject,event_trial_index,behavior_trial_index,stimulus,stimulus_key,event_label,onset_samples,end_samples,onset_seconds,end_seconds,duration_seconds,sampling_frequency_hz,recording_duration_seconds,match_status,validation_issues,eeg_set_path,eeg_fdt_path,events_path,behavior_path,valence,arousal,dominance,liking,familiarity,relevance,emotionCateg,Quadrant,FivePointScale,MouseClick
sub-mit003,1.0,1.0,neutral_1.mp4,neutral_1,neutral_1_1,123630.993068,138755.493611,494.523972272,555.0219744440001,60.4980021720001,250.0,2696.356,matched,,sub-mit003/eeg/sub-mit003_task-Emotion_eeg.set,sub-mit003/eeg/sub-mit003_task-Emotion_eeg.fdt,sub-mit003/eeg/sub-mit003_task-emotion_events.tsv,sub-mit003/beh/sub-mit003_task-Emotion_beh.tsv,8.97,7.95,7.04,5.0,4.0,3.98,{},,,
sub-mit003,2.0,2.0,12.m4v,12,12_2,148401.24445,163525.993936,593.6049778,654.1039757440001,60.49899794400005,250.0,2696.356,matched,,sub-mit003/eeg/sub-mit003_task-Emotion_eeg.set,sub-mit003/eeg/sub-mit003_task-Emotion_eeg.fdt,sub-mit003/eeg/sub-mit003_task-emotion_events.tsv,sub-mit003/beh/sub-mit003_task-Emotion_beh.tsv,9.0,9.0,8.07,5.0,5.0,4.98,"{'0': [u'Joyous: Full of happiness and joy', u'', u'', u'', '']}",HVHA,['very much'],[29.909742832183838]
sub-mit003,3.0,3.0,8.m4v,8,8_3,178767.492436,193891.992979,715.069969744,775.567971916,60.49800217200004,250.0,2696.356,matched,,sub-mit003/eeg/sub-mit003_task-Emotion_eeg.set,sub-mit003/eeg/sub-mit003_task-Emotion_eeg.fdt,sub-mit003/eeg/sub-mit003_task-emotion_events.tsv,sub-mit003/beh/sub-mit003_task-Emotion_beh.tsv,7.01,6.0,6.5,4.0,4.0,3.25,{},,,
sub-mit003,4.0,4.0,4.mp4,4,4_4,203362.244368,218486.993853,813.448977472,873.947975412,60.49899793999998,250.0,2696.356,matched,,sub-mit003/eeg/sub-mit003_task-Emotion_eeg.set,sub-mit003/eeg/sub-mit003_task-Emotion_eeg.fdt,sub-mit003/eeg/sub-mit003_task-emotion_events.tsv,sub-mit003/beh/sub-mit003_task-Emotion_beh.tsv,1.05,7.1,5.04,1.0,2.0,1.0,{},,,
sub-mit003,5.0,5.0,15.mp4,15,15_5,228833.722363,243962.47253,915.3348894520001,975.8498901199999,60.51500066799986,250.0,2696.356,matched,,sub-mit003/eeg/sub-mit003_task-Emotion_eeg.set,sub-mit003/eeg/sub-mit003_task-Emotion_eeg.fdt,sub-mit003/eeg/sub-mit003_task-emotion_events.tsv,sub-mit003/beh/sub-mit003_task-Emotion_beh.tsv,1.0,7.95,6.02,2.0,3.0,2.5,{},,,
sub-mit003,6.0,6.0,17.mp4,17,17_6,260060.723072,275185.472558,1040.242892288,1100.741890232,60.498997944000166,250.0,2696.356,matched,,sub-mit003/eeg/sub-mit003_task-Emotion_eeg.set,sub-mit003/eeg/sub-mit003_task-Emotion_eeg.fdt,sub-mit003/eeg/sub-mit003_task-emotion_events.tsv,sub-mit003/beh/sub-mit003_task-Emotion_beh.tsv,4.42,7.53,6.2,4.0,4.0,3.48,"{'0': [u'', u'Afraid: Worried that something undesirable will occur or be done', u'', u'', '']}",HVHA,['quit a bit'],[10.953299283981323]
sub-mit003,7.0,7.0,16.mp4,16,16_7,307649.722642,322774.472127,1230.5988905680001,1291.0978885079999,60.498997939999754,250.0,2696.356,matched,,sub-mit003/eeg/sub-mit003_task-Emotion_eeg.set,sub-mit003/eeg/sub-mit003_task-Emotion_eeg.fdt,sub-mit003/eeg/sub-mit003_task-emotion_events.tsv,sub-mit003/beh/sub-mit003_task-Emotion_beh.tsv,1.0,8.03,7.95,1.0,4.0,3.61,"{'1': [u'', u'Angry: Feeling or showing strong annoyance, displeasure, or hostility, full of anger', u'', u'', ''], '0': [u'', u'Hate: Have a strong aversion to (something)', u'', u'', '']}",HVHA,"['quit a bit', 'very much']","[24.978188037872314, 43.734498023986816]"
sub-mit003,8.0,8.0,neutral_2.mp4,neutral_2,neutral_2_8,361654.737354,376779.237897,1446.6189494159999,1507.116951588,60.49800217200004,250.0,2696.356,matched,,sub-mit003/eeg/sub-mit003_task-Emotion_eeg.set,sub-mit003/eeg/sub-mit003_task-Emotion_eeg.fdt,sub-mit003/eeg/sub-mit003_task-emotion_events.tsv,sub-mit003/beh/sub-mit003_task-Emotion_beh.tsv,6.06,7.01,5.81,4.0,4.0,2.32,{},,,
sub-mit003,9.0,9.0,7.mp4,7,7_9,383754.48924,398879.238725,1535.01795696,1595.5169549,60.49899793999998,250.0,2696.356,matched,,sub-mit003/eeg/sub-mit003_task-Emotion_eeg.set,sub-mit003/eeg/sub-mit003_task-Emotion_eeg.fdt,sub-mit003/eeg/sub-mit003_task-emotion_events.tsv,sub-mit003/beh/sub-mit003_task-Emotion_beh.tsv,3.07,6.87,5.81,4.0,4.0,2.98,"{'0': [u'', u'Alarmed: An anxious awareness of danger', u'', u'', '']}",HVHA,['quit a bit'],[52.51457381248474]
sub-mit003,10.0,10.0,2.m4v,2,2_10,423264.989578,438389.487606,1693.059958312,1753.557950424,60.49799211200002,250.0,2696.356,matched,,sub-mit003/eeg/sub-mit003_task-Emotion_eeg.set,sub-mit003/eeg/sub-mit003_task-Emotion_eeg.fdt,sub-mit003/eeg/sub-mit003_task-emotion_events.tsv,sub-mit003/beh/sub-mit003_task-Emotion_beh.tsv,1.0,9.0,6.83,1.0,5.0,3.68,"{'0': [u'', u'Hate: Have a strong aversion to (something)', u'', u'', '']}",HVHA,['very much'],[33.66934895515442]
sub-mit003,11.0,11.0,24.mp4,24,24_11,450530.238491,465654.739034,1802.1209539640001,1862.6189561360002,60.49800217200004,250.0,2696.356,matched,,sub-mit003/eeg/sub-mit003_task-Emotion_eeg.set,sub-mit003/eeg/sub-mit003_task-Emotion_eeg.fdt,sub-mit003/eeg/sub-mit003_task-emotion_events.tsv,sub-mit003/beh/sub-mit003_task-Emotion_beh.tsv,1.0,8.86,6.0,1.0,5.0,3.42,"{'0': [u'', u'', u'Sad: Feeling or showing sorrow, unhappy', u'', '']}",HVHA,['very much'],[52.96306586265564]
sub-mit004,1.0,1.0,neutral_1.mp4,neutral_1,neutral_1_1,62440.374959,77564.875502,249.761499836,310.25950200799997,60.49800217199996,250.0,1722.104,matched,,sub-mit004/eeg/sub-mit004_task-Emotion_eeg.set,sub-mit004/eeg/sub-mit004_task-Emotion_eeg.fdt,sub-mit004/eeg/sub-mit004_task-emotion_events.tsv,sub-mit004/beh/sub-mit004_task-Emotion_beh.tsv,4.9,6.06,5.1,5.0,1.0,1.05,{},,,
sub-mit004,2.0,2.0,1.mp4,1,1_2,88088.123593,103212.875593,352.35249437199997,412.851502372,60.49900800000006,250.0,1722.104,matched,,sub-mit004/eeg/sub-mit004_task-Emotion_eeg.set,sub-mit004/eeg/sub-mit004_task-Emotion_eeg.fdt,sub-mit004/eeg/sub-mit004_task-emotion_events.tsv,sub-mit004/beh/sub-mit004_task-Emotion_beh.tsv,3.03,6.08,5.1,2.0,5.0,1.14,{},,,
sub-mit004,3.0,3.0,13.m4v,13,13_3,110751.689134,125876.43862,443.006756536,503.50575448,60.498997943999996,250.0,1722.104,matched,,sub-mit004/eeg/sub-mit004_task-Emotion_eeg.set,sub-mit004/eeg/sub-mit004_task-Emotion_eeg.fdt,sub-mit004/eeg/sub-mit004_task-emotion_events.tsv,sub-mit004/beh/sub-mit004_task-Emotion_beh.tsv,7.95,5.96,5.02,5.0,5.0,1.94,"{'0': [u'Amused: Finding something funny or entertaining.', u'', u'', u'', '']}",HVHA,['quit a bit'],[44.86700415611267]
sub-mit004,4.0,4.0,9.m4v,9,9_4,142660.188863,157784.938348,570.640755452,631.139753392,60.49899793999998,250.0,1722.104,matched,,sub-mit004/eeg/sub-mit004_task-Emotion_eeg.set,sub-mit004/eeg/sub-mit004_task-Emotion_eeg.fdt,sub-mit004/eeg/sub-mit004_task-emotion_events.tsv,sub-mit004/beh/sub-mit004_task-Emotion_beh.tsv,8.9,8.76,7.99,5.0,5.0,3.97,"{'1': [u'Adventorous: Willing to take risks or to try out new methods, ideas, or experiences', u'', u'', u'', ''], '0': [u'Excited: Very enthusiastic and eager', u'', u'', u'', '']}",HVHA,"['very much', 'moderately']","[30.34561586380005, 42.38183403015137]"
sub-mit004,5.0,5.0,5.mp4,5,5_5,184314.687831,199439.188374,737.258751324,797.756753496,60.49800217200004,250.0,1722.104,matched,,sub-mit004/eeg/sub-mit004_task-Emotion_eeg.set,sub-mit004/eeg/sub-mit004_task-Emotion_eeg.fdt,sub-mit004/eeg/sub-mit004_task-emotion_events.tsv,sub-mit004/beh/sub-mit004_task-Emotion_beh.tsv,2.07,7.33,6.99,1.0,2.0,3.91,"{'1': [u'', u'Disgust: A feeling of revulsion or strong disapproval aroused by something unpleasant\n or offensiv', u'', u'', ''], '0': [u'', u'Disgust: A feeling of revulsion or strong disapproval aroused by something unpleasant\n or offensiv', u'', u'', '']}",HVHA,"['not at all', 'very much']","[15.260479927062988, 46.70497989654541]"
sub-mit004,6.0,6.0,neutral_2.mp4,neutral_2,neutral_2_6,220803.974365,235928.723851,883.21589746,943.714895404,60.49899794400005,250.0,1722.104,matched,,sub-mit004/eeg/sub-mit004_task-Emotion_eeg.set,sub-mit004/eeg/sub-mit004_task-Emotion_eeg.fdt,sub-mit004/eeg/sub-mit004_task-emotion_events.tsv,sub-mit004/beh/sub-mit004_task-Emotion_beh.tsv,4.04,6.04,6.18,3.0,1.0,1.19,"{'0': [u'', u'Tense: Become tense, typically through anxiety or nervousness', u'', u'', '']}",HVHA,['a little'],[26.4975848197937]
sub-mit004,7.0,7.0,15.mp4,15,15_7,261346.972623,276471.473166,1045.387890492,1105.885892664,60.49800217200004,250.0,1722.104,matched,,sub-mit004/eeg/sub-mit004_task-Emotion_eeg.set,sub-mit004/eeg/sub-mit004_task-Emotion_eeg.fdt,sub-mit004/eeg/sub-mit004_task-emotion_events.tsv,sub-mit004/beh/sub-mit004_task-Emotion_beh.tsv,3.61,5.93,6.95,2.0,4.0,1.16,{},,,
sub-mit004,8.0,8.0,23.mp4,23,23_8,291428.973508,306553.722994,1165.715894032,1226.214891976,60.49899794399994,250.0,1722.104,matched,,sub-mit004/eeg/sub-mit004_task-Emotion_eeg.set,sub-mit004/eeg/sub-mit004_task-Emotion_eeg.fdt,sub-mit004/eeg/sub-mit004_task-emotion_events.tsv,sub-mit004/beh/sub-mit004_task-Emotion_beh.tsv,8.97,6.77,5.02,5.0,4.0,3.03,"{'1': [u'Happy: Feeling or showing pleasure or contentment', u'', u'', u'', ''], '0': [u'Happy: Feeling or showing pleasure or contentment', u'', u'', u'', '']}",HVHA,"['quit a bit', 'very much']","[19.110961198806763, 40.37492299079895]"
sub-mit004,9.0,9.0,8.m4v,8,8_9,324005.974439,339130.723925,1296.023897756,1356.5228957,60.49899794399994,250.0,1722.104,matched,,sub-mit004/eeg/sub-mit004_task-Emotion_eeg.set,sub-mit004/eeg/sub-mit004_task-Emotion_eeg.fdt,sub-mit004/eeg/sub-mit004_task-emotion_events.tsv,sub-mit004/beh/sub-mit004_task-Emotion_beh.tsv,6.81,6.83,5.0,4.0,4.0,4.03,{},,,
sub-mit004,10.0,10.0,4.mp4,4,4_10,349637.224974,364761.974459,1398.548899896,1459.047897836,60.49899793999998,250.0,1722.104,matched,,sub-mit004/eeg/sub-mit004_task-Emotion_eeg.set,sub-mit004/eeg/sub-mit004_task-Emotion_eeg.fdt,sub-mit004/eeg/sub-mit004_task-emotion_events.tsv,sub-mit004/beh/sub-mit004_task-Emotion_beh.tsv,2.24,5.23,5.06,2.0,1.0,1.11,"{'0': [u'', u'', u'', u'', u'weird']}",HVHA,['moderately'],[44.80400085449219]
sub-mit004,11.0,11.0,7.mp4,7,7_11,394793.724158,409918.473644,1579.1748966320001,1639.673894576,60.49899794399994,250.0,1722.104,matched,,sub-mit004/eeg/sub-mit004_task-Emotion_eeg.set,sub-mit004/eeg/sub-mit004_task-Emotion_eeg.fdt,sub-mit004/eeg/sub-mit004_task-emotion_events.tsv,sub-mit004/beh/sub-mit004_task-Emotion_beh.tsv,2.09,4.9,6.06,2.0,1.0,1.0,"{'0': [u'', u'', u'Taken Aback: Shock or surprise someone.', u'', '']}",HVHA,['moderately'],[40.03883504867554]
sub-mit007,1.0,1.0,neutral_1.mp4,neutral_1,neutral_1_1,40901.93063,56026.179716,163.60772252,224.104718864,60.496996343999996,250.0,1735.212,matched,,sub-mit007/eeg/sub-mit007_task-Emotion_eeg.set,sub-mit007/eeg/sub-mit007_task-Emotion_eeg.fdt,sub-mit007/eeg/sub-mit007_task-emotion_events.tsv,sub-mit007/beh/sub-mit007_task-Emotion_beh.tsv,4.92,1.95,1.35,1.0,1.0,1.0,{},,,
sub-mit007,2.0,2.0,27.mp4,27,27_2,66910.429671,82038.930897,267.641718684,328.155723588,60.51400490399999,250.0,1735.212,matched,,sub-mit007/eeg/sub-mit007_task-Emotion_eeg.set,sub-mit007/eeg/sub-mit007_task-Emotion_eeg.fdt,sub-mit007/eeg/sub-mit007_task-emotion_events.tsv,sub-mit007/beh/sub-mit007_task-Emotion_beh.tsv,1.06,1.0,2.92,1.0,2.0,1.99,"{'0': [u'', u'', u'Miserable: wretchedly unhappy or uncomfortable', u'', '']}",HVHA,['quit a bit'],[41.86781716346741]
sub-mit007,3.0,3.0,15.mp4,15,15_3,106537.177911,121661.429511,426.148711644,486.645718044,60.497006399999975,250.0,1735.212,matched,,sub-mit007/eeg/sub-mit007_task-Emotion_eeg.set,sub-mit007/eeg/sub-mit007_task-Emotion_eeg.fdt,sub-mit007/eeg/sub-mit007_task-emotion_events.tsv,sub-mit007/beh/sub-mit007_task-Emotion_beh.tsv,1.1,6.87,2.05,1.0,1.0,2.32,"{'0': [u'', u'Distress: Suffering from extreme anxiety, sorrow, or pain', u'', u'', '']}",HVHA,['moderately'],[51.39900207519531]
sub-mit007,4.0,4.0,24.mp4,24,24_4,148462.928677,163587.42922,593.8517147079999,654.34971688,60.49800217200004,250.0,1735.212,matched,,sub-mit007/eeg/sub-mit007_task-Emotion_eeg.set,sub-mit007/eeg/sub-mit007_task-Emotion_eeg.fdt,sub-mit007/eeg/sub-mit007_task-emotion_events.tsv,sub-mit007/beh/sub-mit007_task-Emotion_beh.tsv,1.0,1.03,1.0,1.0,1.0,1.0,"{'1': [u'', u'', u'Despondent: In low spirits from loss of hope or courage.', u'', ''], '0': [u'', u'', u'Miserable: wretchedly unhappy or uncomfortable', u'', '']}",HVHA,"['moderately', 'moderately']","[17.771009922027588, 46.73448991775513]"
sub-mit007,5.0,5.0,5.mp4,5,5_5,189783.678701,204908.179244,759.1347148039999,819.632716976,60.49800217200004,250.0,1735.212,matched,,sub-mit007/eeg/sub-mit007_task-Emotion_eeg.set,sub-mit007/eeg/sub-mit007_task-Emotion_eeg.fdt,sub-mit007/eeg/sub-mit007_task-emotion_events.tsv,sub-mit007/beh/sub-mit007_task-Emotion_beh.tsv,1.03,7.01,2.99,1.0,1.0,3.21,"{'0': [u'', u'Hate: Have a strong aversion to (something)', u'', u'', '']}",HVHA,['very much'],[9.19687294960022]
sub-mit007,6.0,6.0,9.m4v,9,9_6,228805.17797,243929.42957,915.22071188,975.71771828,60.49700640000003,250.0,1735.212,matched,,sub-mit007/eeg/sub-mit007_task-Emotion_eeg.set,sub-mit007/eeg/sub-mit007_task-Emotion_eeg.fdt,sub-mit007/eeg/sub-mit007_task-emotion_events.tsv,sub-mit007/beh/sub-mit007_task-Emotion_beh.tsv,6.93,6.93,6.02,4.0,5.0,1.0,{},,,
sub-mit007,7.0,7.0,12.m4v,12,12_7,256282.679303,271406.928388,1025.130717212,1085.627713552,60.496996339999896,250.0,1735.212,matched,,sub-mit007/eeg/sub-mit007_task-Emotion_eeg.set,sub-mit007/eeg/sub-mit007_task-Emotion_eeg.fdt,sub-mit007/eeg/sub-mit007_task-emotion_events.tsv,sub-mit007/beh/sub-mit007_task-Emotion_beh.tsv,8.45,7.12,7.06,4.0,3.0,4.56,"{'1': [u'Joyous: Full of happiness and joy', u'', u'', u'', ''], '0': [u'Happy: Feeling or showing pleasure or contentment', u'', u'', u'', '']}",HVHA,"['quit a bit', 'moderately']","[8.463083267211914, 52.3169481754303]"
sub-mit007,8.0,9.0,neutral_2.mp4,neutral_2,neutral_2_9,333193.456916,348317.708517,1332.773827664,1393.270834068,60.4970064040001,250.0,1735.212,matched,,sub-mit007/eeg/sub-mit007_task-Emotion_eeg.set,sub-mit007/eeg/sub-mit007_task-Emotion_eeg.fdt,sub-mit007/eeg/sub-mit007_task-emotion_events.tsv,sub-mit007/beh/sub-mit007_task-Emotion_beh.tsv,5.0,1.05,5.02,1.0,1.0,1.0,{},,,
sub-mit007,9.0,10.0,16.mp4,16,16_10,359318.956429,374443.20803,1437.275825716,1497.77283212,60.497006403999876,250.0,1735.212,matched,,sub-mit007/eeg/sub-mit007_task-Emotion_eeg.set,sub-mit007/eeg/sub-mit007_task-Emotion_eeg.fdt,sub-mit007/eeg/sub-mit007_task-emotion_events.tsv,sub-mit007/beh/sub-mit007_task-Emotion_beh.tsv,1.0,3.46,1.1,1.0,2.0,1.08,"{'1': [u'', u'', u'Sad: Feeling or showing sorrow, unhappy', u'', ''], '0': [u'', u'Angry: Feeling or showing strong annoyance, displeasure, or hostility, full of anger', u'', u'', '']}",HVHA,"['quit a bit', 'moderately']","[14.138597249984741, 57.074254274368286]"
sub-mit007,10.0,11.0,1.mp4,1,1_11,402392.45796,417516.707046,1609.56983184,1670.066828184,60.49699634400008,250.0,1735.212,matched,,sub-mit007/eeg/sub-mit007_task-Emotion_eeg.set,sub-mit007/eeg/sub-mit007_task-Emotion_eeg.fdt,sub-mit007/eeg/sub-mit007_task-emotion_events.tsv,sub-mit007/beh/sub-mit007_task-Emotion_beh.tsv,1.2,4.96,1.59,3.0,5.0,1.0,{},,,
sub-mit007,,8.0,7.mp4,7,,,,,,,250.0,1735.212,behavior_only,missing_stimulus_event,sub-mit007/eeg/sub-mit007_task-Emotion_eeg.set,sub-mit007/eeg/sub-mit007_task-Emotion_eeg.fdt,sub-mit007/eeg/sub-mit007_task-emotion_events.tsv,sub-mit007/beh/sub-mit007_task-Emotion_beh.tsv,1.0,6.37,3.86,2.0,1.0,1.0,"{'1': [u'', u'Startled: Feeling or showing sudden shock or alarm.', u'', u'', ''], '0': [u'', u'', u'', u'', '']}",HVHA,"['not at all', 'moderately']","[1.2621161937713623, 50.725056171417236]"
sub-mit014,1.0,1.0,neutral_1.mp4,neutral_1,neutral_1_1,38326.698169,53450.947255,153.30679267600001,213.80378902,60.496996343999996,250.0,1659.0,matched,,sub-mit014/eeg/sub-mit014_task-Emotion_eeg.set,sub-mit014/eeg/sub-mit014_task-Emotion_eeg.fdt,sub-mit014/eeg/sub-mit014_task-emotion_events.tsv,sub-mit014/beh/sub-mit014_task-Emotion_beh.tsv,5.04,1.0,5.0,3.0,1.0,1.01,"{'1': [u'', u'', u'', u'Pensive: Engaged in, involving, or reflecting deep or serious thought.', ''], '0': [u'', u'', u'', u'Calm: Not showing or feeling nervousness, anger, or other strong emotions', ''], '2': [u'', u'', u'', u'Pensive: Engaged in, involving, or reflecting deep or serious thought.', '']}",HVHA,"['quit a bit', 'a little', 'moderately']","[19.767921209335327, 31.219616174697876, 54.02315902709961]"
sub-mit014,2.0,2.0,15.mp4,15,15_2,84385.179216,99509.430816,337.540716864,398.03772326399996,60.497006399999975,250.0,1659.0,matched,,sub-mit014/eeg/sub-mit014_task-Emotion_eeg.set,sub-mit014/eeg/sub-mit014_task-Emotion_eeg.fdt,sub-mit014/eeg/sub-mit014_task-emotion_events.tsv,sub-mit014/beh/sub-mit014_task-Emotion_beh.tsv,7.03,9.0,7.95,5.0,5.0,1.0,"{'1': [u'Amused: Finding something funny or entertaining.', u'', u'', u'', ''], '0': [u'Amused: Finding something funny or entertaining.', u'', u'', u'', ''], '3': [u'', u'Distress: Suffering from extreme anxiety, sorrow, or pain', u'', u'', ''], '2': [u'Excited: Very enthusiastic and eager', u'', u'', u'', '']}",HVHA,"['quit a bit', 'very much', 'quit a bit', 'a little']","[18.042349815368652, 21.83195185661316, 36.03804683685303, 49.409679889678955]"
sub-mit014,3.0,3.0,3.mp4,3,3_3,143275.9305,158400.179585,573.103722,633.6007183400001,60.49699634000012,250.0,1659.0,matched,,sub-mit014/eeg/sub-mit014_task-Emotion_eeg.set,sub-mit014/eeg/sub-mit014_task-Emotion_eeg.fdt,sub-mit014/eeg/sub-mit014_task-emotion_events.tsv,sub-mit014/beh/sub-mit014_task-Emotion_beh.tsv,9.0,4.94,4.85,5.0,5.0,2.96,"{'1': [u'Amused: Finding something funny or entertaining.', u'', u'', u'', ''], '0': [u'Amused: Finding something funny or entertaining.', u'', u'', u'', ''], '2': [u'Amused: Finding something funny or entertaining.', u'', u'', u'', '']}",HVHA,"['very much', 'very much', 'very much']","[12.741850137710571, 24.811300039291382, 54.042031049728394]"
sub-mit014,4.0,4.0,7.mp4,7,7_4,177697.929973,192826.428683,710.791719892,771.3057147320001,60.51399484000012,250.0,1659.0,matched,,sub-mit014/eeg/sub-mit014_task-Emotion_eeg.set,sub-mit014/eeg/sub-mit014_task-Emotion_eeg.fdt,sub-mit014/eeg/sub-mit014_task-emotion_events.tsv,sub-mit014/beh/sub-mit014_task-Emotion_beh.tsv,3.94,6.35,2.69,4.0,1.0,1.0,"{'1': [u'', u'Disgust: A feeling of revulsion or strong disapproval aroused by something unpleasant\n or offensiv', u'', u'', ''], '0': [u'', u'Tense: Become tense, typically through anxiety or nervousness', u'', u'', ''], '2': [u'', u'Startled: Feeling or showing sudden shock or alarm.', u'', u'', '']}",HVHA,"['quit a bit', 'quit a bit', 'moderately']","[17.88127827644348, 36.9453341960907, 50.33358430862427]"
sub-mit014,5.0,5.0,neutral_2.mp4,neutral_2,neutral_2_5,226722.930605,241847.17969,906.89172242,967.38871876,60.49699634000001,250.0,1659.0,matched,,sub-mit014/eeg/sub-mit014_task-Emotion_eeg.set,sub-mit014/eeg/sub-mit014_task-Emotion_eeg.fdt,sub-mit014/eeg/sub-mit014_task-emotion_events.tsv,sub-mit014/beh/sub-mit014_task-Emotion_beh.tsv,5.0,1.0,4.98,3.0,1.0,1.0,"{'0': [u'', u'', u'', u'Calm: Not showing or feeling nervousness, anger, or other strong emotions', '']}",HVHA,['quit a bit'],[21.02174425125122]
sub-mit014,6.0,6.0,16.mp4,16,16_6,264433.67959,279557.928676,1057.73471836,1118.2317147039998,60.496996343999854,250.0,1659.0,matched,,sub-mit014/eeg/sub-mit014_task-Emotion_eeg.set,sub-mit014/eeg/sub-mit014_task-Emotion_eeg.fdt,sub-mit014/eeg/sub-mit014_task-emotion_events.tsv,sub-mit014/beh/sub-mit014_task-Emotion_beh.tsv,3.98,6.99,3.44,3.0,5.0,1.0,"{'1': [u'', u'Hate: Have a strong aversion to (something)', u'', u'', ''], '0': [u'', u'Hate: Have a strong aversion to (something)', u'', u'', ''], '3': [u'', u'Angry: Feeling or showing strong annoyance, displeasure, or hostility, full of anger', u'', u'', ''], '2': [u'', u'Hate: Have a strong aversion to (something)', u'', u'', '']}",HVHA,"['moderately', 'very much', 'very much', 'quit a bit']","[10.573665142059326, 20.3893940448761, 30.822926998138428, 58.000126123428345]"
sub-mit014,7.0,7.0,27.mp4,27,27_7,302791.652311,317916.15034,1211.166609244,1271.66460136,60.49799211599998,250.0,1659.0,matched,,sub-mit014/eeg/sub-mit014_task-Emotion_eeg.set,sub-mit014/eeg/sub-mit014_task-Emotion_eeg.fdt,sub-mit014/eeg/sub-mit014_task-emotion_events.tsv,sub-mit014/beh/sub-mit014_task-Emotion_beh.tsv,3.65,1.0,1.0,4.0,1.0,2.02,"{'1': [u'', u'', u'Melancholic: Feeling or expressing pensive sadness', u'', ''], '0': [u'', u'', u'Sad: Feeling or showing sorrow, unhappy', u'', '']}",HVHA,"['moderately', 'moderately']","[30.241304874420166, 54.58066201210022]"
sub-mit014,8.0,8.0,4.mp4,4,4_8,341516.650976,356640.900061,1366.066603904,1426.563600244,60.49699634000012,250.0,1659.0,matched,,sub-mit014/eeg/sub-mit014_task-Emotion_eeg.set,sub-mit014/eeg/sub-mit014_task-Emotion_eeg.fdt,sub-mit014/eeg/sub-mit014_task-emotion_events.tsv,sub-mit014/beh/sub-mit014_task-Emotion_beh.tsv,1.0,6.72,2.26,2.0,5.0,1.0,"{'1': [u'', u'Disgust: A feeling of revulsion or strong disapproval aroused by something unpleasant\n or offensiv', u'', u'', ''], '0': [u'', u'Alarmed: An anxious awareness of danger', u'', u'', ''], '2': [u'', u'Disgust: A feeling of revulsion or strong disapproval aroused by something unpleasant\n or offensiv', u'', u'', '']}",HVHA,"['quit a bit', 'quit a bit', 'very much']","[4.669389963150024, 40.84430909156799, 46.737112045288086]"
sub-mit014,9.0,9.0,24.mp4,24,24_9,383075.400111,398199.651711,1532.301600444,1592.798606844,60.49700639999992,250.0,1659.0,matched,,sub-mit014/eeg/sub-mit014_task-Emotion_eeg.set,sub-mit014/eeg/sub-mit014_task-Emotion_eeg.fdt,sub-mit014/eeg/sub-mit014_task-emotion_events.tsv,sub-mit014/beh/sub-mit014_task-Emotion_beh.tsv,3.23,6.85,2.01,3.0,5.0,1.0,"{'1': [u'', u'Distress: Suffering from extreme anxiety, sorrow, or pain', u'', u'', ''], '0': [u'', u'Distress: Suffering from extreme anxiety, sorrow, or pain', u'', u'', '']}",HVHA,"['quit a bit', 'very much']","[29.46399688720703, 41.333040952682495]"
sub-mit017,1.0,1.0,neutral_1.mp4,neutral_1,neutral_1_1,55653.160455,70781.659165,222.61264182,283.12663666000003,60.51399484000004,250.0,1622.348,matched,,sub-mit017/eeg/sub-mit017_task-Emotion_eeg.set,sub-mit017/eeg/sub-mit017_task-Emotion_eeg.fdt,sub-mit017/eeg/sub-mit017_task-emotion_events.tsv,sub-mit017/beh/sub-mit017_task-Emotion_beh.tsv,5.04,2.49,7.74,2.0,2.0,2.04,"{'0': [u'', u'', u'', u'Calm: Not showing or feeling nervousness, anger, or other strong emotions', '']}",HVHA,['not at all'],[40.000083208084106]
sub-mit017,2.0,2.0,5.mp4,5,5_2,96339.660248,111463.909334,385.358640992,445.855637336,60.49699634399997,250.0,1622.348,matched,,sub-mit017/eeg/sub-mit017_task-Emotion_eeg.set,sub-mit017/eeg/sub-mit017_task-Emotion_eeg.fdt,sub-mit017/eeg/sub-mit017_task-emotion_events.tsv,sub-mit017/beh/sub-mit017_task-Emotion_beh.tsv,2.67,6.1,2.49,2.0,2.0,1.0,"{'0': [u'', u'Startled: Feeling or showing sudden shock or alarm.', u'', u'', '']}",HVHA,['not at all'],[8.452497959136963]
sub-mit017,3.0,3.0,15.mp4,15,15_3,128587.410802,143711.659888,514.349643208,574.8466395519999,60.49699634399997,250.0,1622.348,matched,,sub-mit017/eeg/sub-mit017_task-Emotion_eeg.set,sub-mit017/eeg/sub-mit017_task-Emotion_eeg.fdt,sub-mit017/eeg/sub-mit017_task-emotion_events.tsv,sub-mit017/beh/sub-mit017_task-Emotion_beh.tsv,2.74,6.31,3.26,2.0,2.0,1.28,"{'1': [u'', u'', u'Miserable: wretchedly unhappy or uncomfortable', u'', ''], '0': [u'', u'', u'', u'Calm: Not showing or feeling nervousness, anger, or other strong emotions', ''], '2': [u'', u'Disgust: A feeling of revulsion or strong disapproval aroused by something unpleasant\n or offensiv', u'', u'', '']}",HVHA,"['not at all', 'not at all', 'not at all']","[5.186888933181763, 21.997254133224487, 35.88629603385925]"
sub-mit017,4.0,4.0,4.mp4,4,4_4,170196.159666,185320.408752,680.784638664,741.281635008,60.49699634399997,250.0,1622.348,matched,,sub-mit017/eeg/sub-mit017_task-Emotion_eeg.set,sub-mit017/eeg/sub-mit017_task-Emotion_eeg.fdt,sub-mit017/eeg/sub-mit017_task-emotion_events.tsv,sub-mit017/beh/sub-mit017_task-Emotion_beh.tsv,1.24,2.69,2.82,2.0,2.0,1.75,"{'1': [u'', u'Frustrated: Feeling or expressing distress and annoyance resulting from an inability \nto change or achieve somethin', u'', u'', ''], '0': [u'', u'', u'Taken Aback: Shock or surprise someone.', u'', '']}",HVHA,"['not at all', 'not at all']","[7.290414810180664, 44.03292489051819]"
sub-mit017,5.0,5.0,6.mp4,6,6_5,205755.878614,220880.379157,823.0235144559999,883.521516628,60.49800217200004,250.0,1622.348,matched,,sub-mit017/eeg/sub-mit017_task-Emotion_eeg.set,sub-mit017/eeg/sub-mit017_task-Emotion_eeg.fdt,sub-mit017/eeg/sub-mit017_task-emotion_events.tsv,sub-mit017/beh/sub-mit017_task-Emotion_beh.tsv,5.04,3.05,7.74,2.0,2.0,2.05,{},,,
sub-mit017,6.0,6.0,neutral_2.mp4,neutral_2,neutral_2_6,231881.380642,247005.87867,927.525522568,988.0235146800001,60.49799211200002,250.0,1622.348,matched,,sub-mit017/eeg/sub-mit017_task-Emotion_eeg.set,sub-mit017/eeg/sub-mit017_task-Emotion_eeg.fdt,sub-mit017/eeg/sub-mit017_task-emotion_events.tsv,sub-mit017/beh/sub-mit017_task-Emotion_beh.tsv,4.94,3.44,7.66,2.0,1.0,1.22,{},,,
sub-mit017,7.0,7.0,17.mp4,17,17_7,256345.880313,271470.129398,1025.383521252,1085.8805175920002,60.49699634000012,250.0,1622.348,matched,,sub-mit017/eeg/sub-mit017_task-Emotion_eeg.set,sub-mit017/eeg/sub-mit017_task-Emotion_eeg.fdt,sub-mit017/eeg/sub-mit017_task-emotion_events.tsv,sub-mit017/beh/sub-mit017_task-Emotion_beh.tsv,4.04,3.9,4.02,3.0,4.0,1.99,"{'0': [u'', u'Alarmed: An anxious awareness of danger', u'', u'', '']}",HVHA,['not at all'],[9.214453935623169]
sub-mit017,8.0,8.0,23.mp4,23,23_8,292124.380173,307248.629259,1168.4975206919999,1228.994517036,60.49699634400008,250.0,1622.348,matched,,sub-mit017/eeg/sub-mit017_task-Emotion_eeg.set,sub-mit017/eeg/sub-mit017_task-Emotion_eeg.fdt,sub-mit017/eeg/sub-mit017_task-emotion_events.tsv,sub-mit017/beh/sub-mit017_task-Emotion_beh.tsv,6.54,2.94,7.51,4.0,4.0,1.74,{},,,
sub-mit017,9.0,9.0,12.m4v,12,12_9,317586.128508,332710.629051,1270.344514032,1330.842516204,60.49800217200004,250.0,1622.348,matched,,sub-mit017/eeg/sub-mit017_task-Emotion_eeg.set,sub-mit017/eeg/sub-mit017_task-Emotion_eeg.fdt,sub-mit017/eeg/sub-mit017_task-emotion_events.tsv,sub-mit017/beh/sub-mit017_task-Emotion_beh.tsv,5.93,3.21,7.55,4.0,4.0,3.48,{},,,
sub-mit017,10.0,10.0,7.mp4,7,7_10,343870.128972,358994.629515,1375.480515888,1435.97851806,60.49800217200004,250.0,1622.348,matched,,sub-mit017/eeg/sub-mit017_task-Emotion_eeg.set,sub-mit017/eeg/sub-mit017_task-Emotion_eeg.fdt,sub-mit017/eeg/sub-mit017_task-emotion_events.tsv,sub-mit017/beh/sub-mit017_task-Emotion_beh.tsv,2.15,6.27,6.45,2.0,2.0,2.04,"{'1': [u'', u'Alarmed: An anxious awareness of danger', u'', u'', ''], '0': [u'', u'', u'Dissatisfied: Not content or happy with something.', u'', '']}",HVHA,"['not at all', 'not at all']","[23.720518827438354, 50.94770574569702]"
sub-mit017,11.0,11.0,8.m4v,8,8_11,379790.629169,394919.130394,1519.162516676,1579.676521576,60.51400489999992,250.0,1622.348,matched,,sub-mit017/eeg/sub-mit017_task-Emotion_eeg.set,sub-mit017/eeg/sub-mit017_task-Emotion_eeg.fdt,sub-mit017/eeg/sub-mit017_task-emotion_events.tsv,sub-mit017/beh/sub-mit017_task-Emotion_beh.tsv,5.91,4.17,5.79,3.0,4.0,3.03,{},,,
sub-mit022,1.0,1.0,neutral_1.mp4,neutral_1,neutral_1_1,55990.052875,71112.053934,223.9602115,284.448215736,60.488004235999995,250.0,1651.08,matched,,sub-mit022/eeg/sub-mit022_task-Emotion_eeg.set,sub-mit022/eeg/sub-mit022_task-Emotion_eeg.fdt,sub-mit022/eeg/sub-mit022_task-emotion_events.tsv,sub-mit022/beh/sub-mit022_task-Emotion_beh.tsv,5.0,5.17,5.35,4.0,2.0,1.94,"{'1': [u'Excited: Very enthusiastic and eager', u'', u'', u'', u'amazed'], '0': [u'Excited: Very enthusiastic and eager', u'', u'', u'', u'surprised'], '2': [u'Excited: Very enthusiastic and eager', u'', u'', u'', u'surprised']}",HVHA,"['very much', 'not at all', 'very much']","[25.525619983673096, 30.707831859588623, 53.4261908531189]"
sub-mit022,2.0,2.0,2.m4v,2,2_2,99813.552853,114938.053396,399.254211412,459.752213584,60.498002171999985,250.0,1651.08,matched,,sub-mit022/eeg/sub-mit022_task-Emotion_eeg.set,sub-mit022/eeg/sub-mit022_task-Emotion_eeg.fdt,sub-mit022/eeg/sub-mit022_task-emotion_events.tsv,sub-mit022/beh/sub-mit022_task-Emotion_beh.tsv,1.24,1.0,1.99,1.0,2.0,1.94,"{'1': [u'', u'', u'Depressed: in a state of unhappiness or despondency', u'', ''], '0': [u'', u'', u'Sad: Feeling or showing sorrow, unhappy', u'', ''], '3': [u'', u'Frustrated: Feeling or expressing distress and annoyance resulting from an inability \nto change or achieve somethin', u'', u'', ''], '2': [u'', u'Tense: Become tense, typically through anxiety or nervousness', u'', u'', '']}",HVHA,"['very much', 'very much', 'not at all', 'very much']","[13.17212200164795, 17.33465003967285, 29.688605070114136, 52.055782079696655]"
sub-mit022,3.0,3.0,3.mp4,3,3_3,139662.303217,154787.052702,558.6492128680001,619.1482108079999,60.49899793999987,250.0,1651.08,matched,,sub-mit022/eeg/sub-mit022_task-Emotion_eeg.set,sub-mit022/eeg/sub-mit022_task-Emotion_eeg.fdt,sub-mit022/eeg/sub-mit022_task-emotion_events.tsv,sub-mit022/beh/sub-mit022_task-Emotion_beh.tsv,7.16,6.93,5.04,4.0,4.0,4.08,"{'1': [u'Happy: Feeling or showing pleasure or contentment', u'', u'', u'', ''], '0': [u'Joyous: Full of happiness and joy', u'', u'', u'', ''], '3': [u'Happy: Feeling or showing pleasure or contentment', u'', u'', u'', ''], '2': [u'Happy: Feeling or showing pleasure or contentment', u'', u'', u'', '']}",HVHA,"['quit a bit', 'quit a bit', 'quit a bit', 'very much']","[14.253203868865967, 25.11927890777588, 43.22353386878967, 54.82524299621582]"
sub-mit022,4.0,4.0,24.mp4,24,24_4,171424.552985,186549.30247,685.69821194,746.19720988,60.49899793999998,250.0,1651.08,matched,,sub-mit022/eeg/sub-mit022_task-Emotion_eeg.set,sub-mit022/eeg/sub-mit022_task-Emotion_eeg.fdt,sub-mit022/eeg/sub-mit022_task-emotion_events.tsv,sub-mit022/beh/sub-mit022_task-Emotion_beh.tsv,1.14,1.0,1.0,1.0,2.0,3.95,"{'1': [u'', u'Hate: Have a strong aversion to (something)', u'', u'', ''], '0': [u'', u'Afraid: Worried that something undesirable will occur or be done', u'', u'', ''], '2': [u'', u'Hate: Have a strong aversion to (something)', u'', u'', '']}",HVHA,"['quit a bit', 'very much', 'very much']","[7.9965338706970215, 25.214955806732178, 39.307379961013794]"
sub-mit022,5.0,5.0,neutral_2.mp4,neutral_2,neutral_2_5,199024.302699,214148.803242,796.097210796,856.5952129679999,60.49800217199993,250.0,1651.08,matched,,sub-mit022/eeg/sub-mit022_task-Emotion_eeg.set,sub-mit022/eeg/sub-mit022_task-Emotion_eeg.fdt,sub-mit022/eeg/sub-mit022_task-emotion_events.tsv,sub-mit022/beh/sub-mit022_task-Emotion_beh.tsv,4.96,2.9,3.11,3.0,1.0,1.16,"{'1': [u'Amused: Finding something funny or entertaining.', u'', u'', u'', u'']}",HVHA,"['moderately', 'quit a bit']","[20.966722011566162, 48.165132999420166]"
sub-mit022,6.0,6.0,5.mp4,5,5_6,237043.34686,252168.09886,948.1733874399999,1008.67239544,60.499008,250.0,1651.08,matched,,sub-mit022/eeg/sub-mit022_task-Emotion_eeg.set,sub-mit022/eeg/sub-mit022_task-Emotion_eeg.fdt,sub-mit022/eeg/sub-mit022_task-emotion_events.tsv,sub-mit022/beh/sub-mit022_task-Emotion_beh.tsv,1.16,1.08,1.0,2.0,1.0,1.0,"{'1': [u'', u'Disgust: A feeling of revulsion or strong disapproval aroused by something unpleasant\n or offensiv', u'', u'', ''], '0': [u'', u'Afraid: Worried that something undesirable will occur or be done', u'', u'', ''], '3': [u'', u'Frustrated: Feeling or expressing distress and annoyance resulting from an inability \nto change or achieve somethin', u'', u'', ''], '2': [u'', u'Afraid: Worried that something undesirable will occur or be done', u'', u'', '']}",HVHA,"['very much', 'very much', 'very much', 'not at all']","[8.554357767105103, 11.696947813034058, 30.018889904022217, 40.349793672561646]"
sub-mit022,7.0,7.0,9.m4v,9,9_7,270619.349112,285744.098597,1082.477396448,1142.976394388,60.49899793999998,250.0,1651.08,matched,,sub-mit022/eeg/sub-mit022_task-Emotion_eeg.set,sub-mit022/eeg/sub-mit022_task-Emotion_eeg.fdt,sub-mit022/eeg/sub-mit022_task-emotion_events.tsv,sub-mit022/beh/sub-mit022_task-Emotion_beh.tsv,7.8,8.9,8.97,5.0,3.0,4.06,"{'1': [u'Adventorous: Willing to take risks or to try out new methods, ideas, or experiences', u'', u'', u'', ''], '0': [u'Adventorous: Willing to take risks or to try out new methods, ideas, or experiences', u'', u'', u'', ''], '2': [u'Adventorous: Willing to take risks or to try out new methods, ideas, or experiences', u'', u'', u'', '']}",HVHA,"['very much', 'very much', 'very much']","[23.29429817199707, 26.203087091445923, 35.74853014945984]"
sub-mit022,8.0,8.0,7.mp4,7,7_8,302093.097125,317217.849125,1208.3723885,1268.8713965,60.499008,250.0,1651.08,matched,,sub-mit022/eeg/sub-mit022_task-Emotion_eeg.set,sub-mit022/eeg/sub-mit022_task-Emotion_eeg.fdt,sub-mit022/eeg/sub-mit022_task-emotion_events.tsv,sub-mit022/beh/sub-mit022_task-Emotion_beh.tsv,1.03,8.86,4.98,2.0,2.0,2.04,"{'1': [u'', u'Disgust: A feeling of revulsion or strong disapproval aroused by something unpleasant\n or offensiv', u'', u'', ''], '0': [u'', u'Disgust: A feeling of revulsion or strong disapproval aroused by something unpleasant\n or offensiv', u'', u'', ''], '3': [u'', u'Tense: Become tense, typically through anxiety or nervousness', u'', u'', ''], '2': [u'', u'Hate: Have a strong aversion to (something)', u'', u'', '']}",HVHA,"['quit a bit', 'very much', 'very much', 'very much']","[18.68788433074951, 25.240792274475098, 38.31339621543884, 50.332818269729614]"
sub-mit022,9.0,9.0,15.mp4,15,15_9,330181.598966,345306.348451,1320.726395864,1381.225393804,60.49899793999998,250.0,1651.08,matched,,sub-mit022/eeg/sub-mit022_task-Emotion_eeg.set,sub-mit022/eeg/sub-mit022_task-Emotion_eeg.fdt,sub-mit022/eeg/sub-mit022_task-emotion_events.tsv,sub-mit022/beh/sub-mit022_task-Emotion_beh.tsv,1.03,1.01,1.0,1.0,1.0,1.0,"{'1': [u'', u'Angry: Feeling or showing strong annoyance, displeasure, or hostility, full of anger', u'', u'', ''], '0': [u'', u'Tense: Become tense, typically through anxiety or nervousness', u'', u'', ''], '3': [u'', u'Hate: Have a strong aversion to (something)', u'', u'', ''], '2': [u'', u'Disgust: A feeling of revulsion or strong disapproval aroused by something unpleasant\n or offensiv', u'', u'', '']}",HVHA,"['quit a bit', 'quit a bit', 'very much', 'very much']","[10.095793962478638, 23.318886041641235, 36.02359199523926, 52.67423105239868]"
sub-mit022,10.0,10.0,8.m4v,8,8_10,358266.09761,373390.847095,1433.06439044,1493.5633883799999,60.49899793999998,250.0,1651.08,matched,,sub-mit022/eeg/sub-mit022_task-Emotion_eeg.set,sub-mit022/eeg/sub-mit022_task-Emotion_eeg.fdt,sub-mit022/eeg/sub-mit022_task-emotion_events.tsv,sub-mit022/beh/sub-mit022_task-Emotion_beh.tsv,8.09,7.41,5.0,4.0,4.0,3.98,"{'1': [u'Passionate: Arising from intense feelings of sexual love.', u'', u'', u'', ''], '0': [u'Passionate: Arising from intense feelings of sexual love.', u'', u'', u'', ''], '2': [u'Happy: Feeling or showing pleasure or contentment', u'', u'', u'', '']}",HVHA,"['very much', 'very much', 'very much']","[14.684261798858643, 20.65216875076294, 25.031991720199585]"
sub-mit022,11.0,11.0,4.mp4,4,4_11,389334.597369,404459.346854,1557.3383894760002,1617.837387416,60.498997939999754,250.0,1651.08,matched,,sub-mit022/eeg/sub-mit022_task-Emotion_eeg.set,sub-mit022/eeg/sub-mit022_task-Emotion_eeg.fdt,sub-mit022/eeg/sub-mit022_task-emotion_events.tsv,sub-mit022/beh/sub-mit022_task-Emotion_beh.tsv,1.05,1.0,1.05,1.0,1.0,1.0,"{'1': [u'', u'Alarmed: An anxious awareness of danger', u'', u'', ''], '0': [u'', u'Alarmed: An anxious awareness of danger', u'', u'', ''], '2': [u'', u'Disgust: A feeling of revulsion or strong disapproval aroused by something unpleasant\n or offensiv', u'', u'', '']}",HVHA,"['quit a bit', 'quit a bit', 'very much']","[8.986040115356445, 20.604406118392944, 45.679868936538696]"
sub-mit023,1.0,1.0,neutral_1.mp4,neutral_1,neutral_1_1,59403.927438,74527.676124,237.615709752,298.11070449600004,60.49499474400005,250.0,1619.44,matched,,sub-mit023/eeg/sub-mit023_task-Emotion_eeg.set,sub-mit023/eeg/sub-mit023_task-Emotion_eeg.fdt,sub-mit023/eeg/sub-mit023_task-emotion_events.tsv,sub-mit023/beh/sub-mit023_task-Emotion_beh.tsv,6.08,1.05,3.11,4.0,4.0,3.41,{},,,
sub-mit023,2.0,2.0,13.m4v,13,13_2,87171.675637,102297.176979,348.68670254799997,409.188707916,60.50200536800003,250.0,1619.44,matched,,sub-mit023/eeg/sub-mit023_task-Emotion_eeg.set,sub-mit023/eeg/sub-mit023_task-Emotion_eeg.fdt,sub-mit023/eeg/sub-mit023_task-emotion_events.tsv,sub-mit023/beh/sub-mit023_task-Emotion_beh.tsv,8.94,1.2,2.99,5.0,4.0,2.06,"{'1': [u'Amused: Finding something funny or entertaining.', u'', u'', u'', ''], '0': [u'', u'', u'', u'Relaxed: Free from tension and anxiety', '']}",HVHA,"['quit a bit', 'very much']","[40.08193588256836, 58.89662408828735]"
sub-mit023,3.0,3.0,9.m4v,9,9_3,125856.696769,140981.197312,503.426787076,563.924789248,60.49800217200004,250.0,1619.44,matched,,sub-mit023/eeg/sub-mit023_task-Emotion_eeg.set,sub-mit023/eeg/sub-mit023_task-Emotion_eeg.fdt,sub-mit023/eeg/sub-mit023_task-emotion_events.tsv,sub-mit023/beh/sub-mit023_task-Emotion_beh.tsv,8.09,7.04,5.0,4.0,4.0,1.97,{},,,
sub-mit023,4.0,4.0,5.mp4,5,5_4,148618.447176,163742.947719,594.473788704,654.971790876,60.49800217200004,250.0,1619.44,matched,,sub-mit023/eeg/sub-mit023_task-Emotion_eeg.set,sub-mit023/eeg/sub-mit023_task-Emotion_eeg.fdt,sub-mit023/eeg/sub-mit023_task-emotion_events.tsv,sub-mit023/beh/sub-mit023_task-Emotion_beh.tsv,1.97,6.85,6.97,3.0,2.0,3.05,"{'1': [u'', u'Frustrated: Feeling or expressing distress and annoyance resulting from an inability \nto change or achieve somethin', u'', u'', ''], '0': [u'', u'Angry: Feeling or showing strong annoyance, displeasure, or hostility, full of anger', u'', u'', '']}",HVHA,"['quit a bit', 'very much']","[13.0543692111969, 17.34665822982788]"
sub-mit023,5.0,5.0,24.mp4,24,24_5,182945.946559,198068.448018,731.783786236,792.273792072,60.49000583600002,250.0,1619.44,matched,,sub-mit023/eeg/sub-mit023_task-Emotion_eeg.set,sub-mit023/eeg/sub-mit023_task-Emotion_eeg.fdt,sub-mit023/eeg/sub-mit023_task-emotion_events.tsv,sub-mit023/beh/sub-mit023_task-Emotion_beh.tsv,1.01,8.99,1.01,2.0,2.0,1.57,"{'1': [u'', u'Disgust: A feeling of revulsion or strong disapproval aroused by something unpleasant\n or offensiv', u'', u'', ''], '0': [u'', u'Disgust: A feeling of revulsion or strong disapproval aroused by something unpleasant\n or offensiv', u'', u'', '']}",HVHA,"['very much', 'very much']","[28.53727102279663, 36.72538495063782]"
sub-mit023,6.0,6.0,2.m4v,2,2_6,219053.696796,234177.696939,876.214787184,936.710787756,60.49600057199996,250.0,1619.44,matched,,sub-mit023/eeg/sub-mit023_task-Emotion_eeg.set,sub-mit023/eeg/sub-mit023_task-Emotion_eeg.fdt,sub-mit023/eeg/sub-mit023_task-emotion_events.tsv,sub-mit023/beh/sub-mit023_task-Emotion_beh.tsv,1.0,9.0,1.05,2.0,2.0,1.95,"{'1': [u'', u'Frustrated: Feeling or expressing distress and annoyance resulting from an inability \nto change or achieve somethin', u'', u'', ''], '0': [u'', u'Afraid: Worried that something undesirable will occur or be done', u'', u'', '']}",HVHA,"['very much', 'quit a bit']","[16.798396825790405, 41.78988790512085]"
sub-mit023,7.0,7.0,neutral_2.mp4,neutral_2,neutral_2_7,254960.447318,270086.446545,1019.8417892719999,1080.34578618,60.50399690800009,250.0,1619.44,matched,,sub-mit023/eeg/sub-mit023_task-Emotion_eeg.set,sub-mit023/eeg/sub-mit023_task-Emotion_eeg.fdt,sub-mit023/eeg/sub-mit023_task-emotion_events.tsv,sub-mit023/beh/sub-mit023_task-Emotion_beh.tsv,5.04,1.0,5.02,3.0,1.0,1.0,{},,,
sub-mit023,8.0,8.0,17.mp4,17,17_8,278256.946384,293383.697468,1113.027785536,1173.534789872,60.50700433599991,250.0,1619.44,matched,,sub-mit023/eeg/sub-mit023_task-Emotion_eeg.set,sub-mit023/eeg/sub-mit023_task-Emotion_eeg.fdt,sub-mit023/eeg/sub-mit023_task-emotion_events.tsv,sub-mit023/beh/sub-mit023_task-Emotion_beh.tsv,1.0,5.0,1.0,3.0,4.0,3.05,"{'0': [u'', u'Afraid: Worried that something undesirable will occur or be done', u'', u'', '']}",HVHA,['very much'],[51.49484181404114]
sub-mit023,9.0,9.0,12.m4v,12,12_9,305957.455605,321080.703892,1223.82982242,1284.3228155680001,60.492993148000096,250.0,1619.44,matched,,sub-mit023/eeg/sub-mit023_task-Emotion_eeg.set,sub-mit023/eeg/sub-mit023_task-Emotion_eeg.fdt,sub-mit023/eeg/sub-mit023_task-emotion_events.tsv,sub-mit023/beh/sub-mit023_task-Emotion_beh.tsv,7.99,5.06,4.07,5.0,4.0,3.97,{},,,
sub-mit023,10.0,10.0,15.mp4,15,15_10,330739.455063,345862.205464,1322.957820252,1383.448821856,60.491001604000076,250.0,1619.44,matched,,sub-mit023/eeg/sub-mit023_task-Emotion_eeg.set,sub-mit023/eeg/sub-mit023_task-Emotion_eeg.fdt,sub-mit023/eeg/sub-mit023_task-emotion_events.tsv,sub-mit023/beh/sub-mit023_task-Emotion_beh.tsv,7.41,9.0,9.0,4.0,4.0,4.0,"{'0': [u'Triumphant: Feeling or expressing jubilation after a victory or achievement', u'', u'', u'', '']}",HVHA,['quit a bit'],[18.7703959941864]
sub-mit023,11.0,11.0,16.mp4,16,16_11,356634.954314,371759.7038,1426.5398172559999,1487.0388152,60.498997944000166,250.0,1619.44,matched,,sub-mit023/eeg/sub-mit023_task-Emotion_eeg.set,sub-mit023/eeg/sub-mit023_task-Emotion_eeg.fdt,sub-mit023/eeg/sub-mit023_task-emotion_events.tsv,sub-mit023/beh/sub-mit023_task-Emotion_beh.tsv,1.0,8.99,1.0,3.0,3.0,2.96,"{'1': [u'', u'Tense: Become tense, typically through anxiety or nervousness', u'', u'', ''], '0': [u'', u'Afraid: Worried that something undesirable will occur or be done', u'', u'', '']}",HVHA,"['quit a bit', 'quit a bit']","[15.149983167648315, 20.52236008644104]"
sub-mit024,1.0,1.0,neutral_1.mp4,neutral_1,neutral_1_1,42868.166696,57992.918696,171.472666784,231.97167478400002,60.499008,250.0,1741.592,matched,,sub-mit024/eeg/sub-mit024_task-Emotion_eeg.set,sub-mit024/eeg/sub-mit024_task-Emotion_eeg.fdt,sub-mit024/eeg/sub-mit024_task-emotion_events.tsv,sub-mit024/beh/sub-mit024_task-Emotion_beh.tsv,4.98,4.5,5.02,3.0,2.0,2.03,{},,,
sub-mit024,2.0,2.0,8.m4v,8,8_2,70371.668693,85496.418178,281.486674772,341.98567271200005,60.49899794000004,250.0,1741.592,matched,,sub-mit024/eeg/sub-mit024_task-Emotion_eeg.set,sub-mit024/eeg/sub-mit024_task-Emotion_eeg.fdt,sub-mit024/eeg/sub-mit024_task-emotion_events.tsv,sub-mit024/beh/sub-mit024_task-Emotion_beh.tsv,5.64,5.77,6.33,4.0,5.0,3.77,{},,,
sub-mit024,3.0,3.0,7.mp4,7,7_3,94306.167215,109430.916701,377.22466885999995,437.723666804,60.49899794400005,250.0,1741.592,matched,,sub-mit024/eeg/sub-mit024_task-Emotion_eeg.set,sub-mit024/eeg/sub-mit024_task-Emotion_eeg.fdt,sub-mit024/eeg/sub-mit024_task-emotion_events.tsv,sub-mit024/beh/sub-mit024_task-Emotion_beh.tsv,3.01,4.9,4.32,3.0,4.0,1.64,{},,,
sub-mit024,4.0,4.0,neutral_2.mp4,neutral_2,neutral_2_4,122223.416716,137348.168716,488.893666864,549.3926748639999,60.49900799999989,250.0,1741.592,matched,,sub-mit024/eeg/sub-mit024_task-Emotion_eeg.set,sub-mit024/eeg/sub-mit024_task-Emotion_eeg.fdt,sub-mit024/eeg/sub-mit024_task-emotion_events.tsv,sub-mit024/beh/sub-mit024_task-Emotion_beh.tsv,5.06,2.86,3.24,3.0,2.0,1.2,{},,,
sub-mit024,5.0,5.0,13.m4v,13,13_5,146362.666693,161487.418693,585.450666772,645.9496747720001,60.49900800000012,250.0,1741.592,matched,,sub-mit024/eeg/sub-mit024_task-Emotion_eeg.set,sub-mit024/eeg/sub-mit024_task-Emotion_eeg.fdt,sub-mit024/eeg/sub-mit024_task-emotion_events.tsv,sub-mit024/beh/sub-mit024_task-Emotion_beh.tsv,7.24,4.92,5.06,4.0,3.0,2.58,{},,,
sub-mit024,6.0,6.0,3.mp4,3,3_6,173414.918873,188539.668359,693.6596754919999,754.158673436,60.49899794400005,250.0,1741.592,matched,,sub-mit024/eeg/sub-mit024_task-Emotion_eeg.set,sub-mit024/eeg/sub-mit024_task-Emotion_eeg.fdt,sub-mit024/eeg/sub-mit024_task-emotion_events.tsv,sub-mit024/beh/sub-mit024_task-Emotion_beh.tsv,5.98,4.02,4.17,4.0,4.0,2.78,{},,,
sub-mit024,7.0,7.0,27.mp4,27,27_7,292567.372447,307691.87299,1170.269489788,1230.76749196,60.498002171999815,250.0,1741.592,matched,,sub-mit024/eeg/sub-mit024_task-Emotion_eeg.set,sub-mit024/eeg/sub-mit024_task-Emotion_eeg.fdt,sub-mit024/eeg/sub-mit024_task-emotion_events.tsv,sub-mit024/beh/sub-mit024_task-Emotion_beh.tsv,3.55,4.44,3.55,2.0,3.0,2.98,"{'1': [u'', u'', u'Sad: Feeling or showing sorrow, unhappy', u'', ''], '0': [u'', u'', u'Sad: Feeling or showing sorrow, unhappy', u'', '']}",HVHA,"['a little', 'moderately']","[25.99382209777832, 41.03903293609619]"
sub-mit024,8.0,8.0,15.mp4,15,15_8,331087.373229,346211.873772,1324.3494929160001,1384.8474950880002,60.49800217200004,250.0,1741.592,matched,,sub-mit024/eeg/sub-mit024_task-Emotion_eeg.set,sub-mit024/eeg/sub-mit024_task-Emotion_eeg.fdt,sub-mit024/eeg/sub-mit024_task-emotion_events.tsv,sub-mit024/beh/sub-mit024_task-Emotion_beh.tsv,3.53,6.16,5.68,2.0,2.0,1.88,{},,,
sub-mit024,9.0,9.0,9.m4v,9,9_9,355510.623878,370635.373364,1422.042495512,1482.541493456,60.49899794399994,250.0,1741.592,matched,,sub-mit024/eeg/sub-mit024_task-Emotion_eeg.set,sub-mit024/eeg/sub-mit024_task-Emotion_eeg.fdt,sub-mit024/eeg/sub-mit024_task-emotion_events.tsv,sub-mit024/beh/sub-mit024_task-Emotion_beh.tsv,6.64,7.1,7.33,5.0,4.0,2.36,"{'1': [u'Adventorous: Willing to take risks or to try out new methods, ideas, or experiences', u'', u'', u'', ''], '0': [u'Happy: Feeling or showing pleasure or contentment', u'', u'', u'', ''], '2': [u'Adventorous: Willing to take risks or to try out new methods, ideas, or experiences', u'', u'', u'', '']}",HVHA,"['moderately', 'quit a bit', 'quit a bit']","[14.78060793876648, 23.99199891090393, 43.50040006637573]"
sub-mit024,10.0,10.0,24.mp4,24,24_10,389951.872392,405076.372935,1559.807489568,1620.30549174,60.49800217200004,250.0,1741.592,matched,,sub-mit024/eeg/sub-mit024_task-Emotion_eeg.set,sub-mit024/eeg/sub-mit024_task-Emotion_eeg.fdt,sub-mit024/eeg/sub-mit024_task-emotion_events.tsv,sub-mit024/beh/sub-mit024_task-Emotion_beh.tsv,1.32,2.67,2.74,1.0,3.0,1.24,"{'1': [u'', u'', u'Despondent: In low spirits from loss of hope or courage.', u'', ''], '0': [u'', u'', u'Despondent: In low spirits from loss of hope or courage.', u'', ''], '2': [u'', u'', u'Melancholic: Feeling or expressing pensive sadness', u'', '']}",HVHA,"['quit a bit', 'very much', 'very much']","[15.705164194107056, 36.11638426780701, 51.56282711029053]"
sub-mit032,1.0,1.0,neutral_1.mp4,neutral_1,neutral_1_1,46622.924041,61747.173127,186.491696164,246.988692508,60.496996344000024,250.0,1538.736,matched,,sub-mit032/eeg/sub-mit032_task-Emotion_eeg.set,sub-mit032/eeg/sub-mit032_task-Emotion_eeg.fdt,sub-mit032/eeg/sub-mit032_task-emotion_events.tsv,sub-mit032/beh/sub-mit032_task-Emotion_beh.tsv,4.98,6.37,4.54,4.0,4.0,3.93,{},,,
sub-mit032,2.0,2.0,9.m4v,9,9_2,72739.924304,87868.423015,290.959697216,351.47369205999996,60.51399484399997,250.0,1538.736,matched,,sub-mit032/eeg/sub-mit032_task-Emotion_eeg.set,sub-mit032/eeg/sub-mit032_task-Emotion_eeg.fdt,sub-mit032/eeg/sub-mit032_task-emotion_events.tsv,sub-mit032/beh/sub-mit032_task-Emotion_beh.tsv,5.04,1.05,1.01,1.0,1.0,1.16,{},,,
sub-mit032,3.0,3.0,15.mp4,15,15_3,92862.931456,107987.429484,371.45172582400005,431.94971793599996,60.497992111999906,250.0,1538.736,matched,,sub-mit032/eeg/sub-mit032_task-Emotion_eeg.set,sub-mit032/eeg/sub-mit032_task-Emotion_eeg.fdt,sub-mit032/eeg/sub-mit032_task-emotion_events.tsv,sub-mit032/beh/sub-mit032_task-Emotion_beh.tsv,1.08,7.82,7.41,3.0,3.0,3.14,"{'1': [u'', u'Angry: Feeling or showing strong annoyance, displeasure, or hostility, full of anger', u'', u'', ''], '0': [u'', u'Angry: Feeling or showing strong annoyance, displeasure, or hostility, full of anger', u'', u'', ''], '2': [u'', u'Angry: Feeling or showing strong annoyance, displeasure, or hostility, full of anger', u'', u'', '']}",HVHA,"['very much', 'very much', 'very much']","[15.917124032974243, 35.582255125045776, 59.37048316001892]"
sub-mit032,4.0,4.0,4.mp4,4,4_4,126521.431751,141645.680837,506.085727004,566.582723348,60.49699634399997,250.0,1538.736,matched,,sub-mit032/eeg/sub-mit032_task-Emotion_eeg.set,sub-mit032/eeg/sub-mit032_task-Emotion_eeg.fdt,sub-mit032/eeg/sub-mit032_task-emotion_events.tsv,sub-mit032/beh/sub-mit032_task-Emotion_beh.tsv,1.03,9.0,8.22,4.0,4.0,1.0,{},,,
sub-mit032,5.0,5.0,5.mp4,5,5_5,150080.180451,165204.680994,600.320721804,660.818723976,60.49800217200004,250.0,1538.736,matched,,sub-mit032/eeg/sub-mit032_task-Emotion_eeg.set,sub-mit032/eeg/sub-mit032_task-Emotion_eeg.fdt,sub-mit032/eeg/sub-mit032_task-emotion_events.tsv,sub-mit032/beh/sub-mit032_task-Emotion_beh.tsv,1.06,9.0,8.59,5.0,5.0,4.0,"{'1': [u'', u'Tense: Become tense, typically through anxiety or nervousness', u'', u'', ''], '0': [u'', u'Startled: Feeling or showing sudden shock or alarm.', u'', u'', ''], '3': [u'', u'Hate: Have a strong aversion to (something)', u'', u'', ''], '2': [u'', u'Hate: Have a strong aversion to (something)', u'', u'', '']}",HVHA,"['very much', 'very much', 'very much', 'very much']","[14.17163372039795, 19.59711265563965, 24.68866276741028, 40.73120975494385]"
sub-mit032,6.0,6.0,7.mp4,7,7_6,190641.731435,205765.983036,762.56692574,823.063932144,60.49700640399999,250.0,1538.736,matched,,sub-mit032/eeg/sub-mit032_task-Emotion_eeg.set,sub-mit032/eeg/sub-mit032_task-Emotion_eeg.fdt,sub-mit032/eeg/sub-mit032_task-emotion_events.tsv,sub-mit032/beh/sub-mit032_task-Emotion_beh.tsv,1.0,8.65,8.53,3.0,1.0,1.2,"{'1': [u'', u'Afraid: Worried that something undesirable will occur or be done', u'', u'', ''], '0': [u'', u'Afraid: Worried that something undesirable will occur or be done', u'', u'', ''], '3': [u'', u'Alarmed: An anxious awareness of danger', u'', u'', ''], '2': [u'', u'Afraid: Worried that something undesirable will occur or be done', u'', u'', ''], '4': [u'', u'Tense: Become tense, typically through anxiety or nervousness', u'', u'', '']}",HVHA,"['very much', 'very much', 'very much', 'very much', 'very much']","[23.07797908782959, 36.28265309333801, 47.11671209335327, 51.10645794868469, 59.586910009384155]"
sub-mit032,7.0,7.0,2.m4v,2,2_7,243167.982942,258292.48097,972.671931768,1033.16992388,60.497992111999906,250.0,1538.736,matched,,sub-mit032/eeg/sub-mit032_task-Emotion_eeg.set,sub-mit032/eeg/sub-mit032_task-Emotion_eeg.fdt,sub-mit032/eeg/sub-mit032_task-emotion_events.tsv,sub-mit032/beh/sub-mit032_task-Emotion_beh.tsv,1.0,8.65,7.33,5.0,2.0,1.9,"{'1': [u'', u'', u'Sad: Feeling or showing sorrow, unhappy', u'', ''], '0': [u'', u'', u'Sad: Feeling or showing sorrow, unhappy', u'', ''], '2': [u'', u'', u'Sad: Feeling or showing sorrow, unhappy', u'', '']}",HVHA,"['not at all', 'not at all', 'very much']","[23.110062837600708, 36.96587800979614, 48.53468084335327]"
sub-mit032,8.0,8.0,24.mp4,24,24_8,269748.481495,284872.733096,1078.99392598,1139.490932384,60.497006403999876,250.0,1538.736,matched,,sub-mit032/eeg/sub-mit032_task-Emotion_eeg.set,sub-mit032/eeg/sub-mit032_task-Emotion_eeg.fdt,sub-mit032/eeg/sub-mit032_task-emotion_events.tsv,sub-mit032/beh/sub-mit032_task-Emotion_beh.tsv,1.1,7.78,8.22,3.0,3.0,2.99,"{'1': [u'', u'', u'Sad: Feeling or showing sorrow, unhappy', u'', ''], '0': [u'', u'', u'Sad: Feeling or showing sorrow, unhappy', u'', ''], '2': [u'', u'', u'Sad: Feeling or showing sorrow, unhappy', u'', '']}",HVHA,"['very much', 'very much', 'very much']","[15.821315050125122, 26.521929025650024, 42.11388397216797]"
sub-mit032,9.0,9.0,neutral_2.mp4,neutral_2,neutral_2_9,297263.482625,312387.983168,1189.0539305,1249.551932672,60.49800217200004,250.0,1538.736,matched,,sub-mit032/eeg/sub-mit032_task-Emotion_eeg.set,sub-mit032/eeg/sub-mit032_task-Emotion_eeg.fdt,sub-mit032/eeg/sub-mit032_task-emotion_events.tsv,sub-mit032/beh/sub-mit032_task-Emotion_beh.tsv,4.88,5.12,4.9,3.0,3.0,3.04,{},,,
sub-mit032,10.0,10.0,8.m4v,8,8_10,316323.482843,331447.731929,1265.2939313719999,1325.790927716,60.49699634400008,250.0,1538.736,matched,,sub-mit032/eeg/sub-mit032_task-Emotion_eeg.set,sub-mit032/eeg/sub-mit032_task-Emotion_eeg.fdt,sub-mit032/eeg/sub-mit032_task-emotion_events.tsv,sub-mit032/beh/sub-mit032_task-Emotion_beh.tsv,1.06,5.89,6.12,4.0,4.0,4.29,"{'1': [u'Aroused: Sexually excited', u'', u'', u'', ''], '0': [u'Aroused: Sexually excited', u'', u'', u'', ''], '2': [u'Aroused: Sexually excited', u'', u'', u'', '']}",HVHA,"['moderately', 'moderately', 'quit a bit']","[2.352681875228882, 6.142071008682251, 16.859351873397827]"
sub-mit032,11.0,11.0,17.mp4,17,17_11,354472.481312,369600.982538,1417.889925248,1478.403930152,60.514004903999876,250.0,1538.736,matched,,sub-mit032/eeg/sub-mit032_task-Emotion_eeg.set,sub-mit032/eeg/sub-mit032_task-Emotion_eeg.fdt,sub-mit032/eeg/sub-mit032_task-emotion_events.tsv,sub-mit032/beh/sub-mit032_task-Emotion_beh.tsv,2.32,4.17,4.4,4.0,4.0,2.04,"{'1': [u'', u'Alarmed: An anxious awareness of danger', u'', u'', ''], '0': [u'', u'Afraid: Worried that something undesirable will occur or be done', u'', u'', '']}",HVHA,"['very much', 'moderately']","[11.586513996124268, 50.516154050827026]"
sub-mit035,1.0,1.0,neutral_1.mp4,neutral_1,neutral_1_1,40493.951552,55618.701037,161.975806208,222.474804148,60.49899794000001,250.0,1832.184,matched,,sub-mit035/eeg/sub-mit035_task-Emotion_eeg.set,sub-mit035/eeg/sub-mit035_task-Emotion_eeg.fdt,sub-mit035/eeg/sub-mit035_task-emotion_events.tsv,sub-mit035/beh/sub-mit035_task-Emotion_beh.tsv,5.02,1.0,1.97,2.0,1.0,1.0,"{'0': [u'', u'', u'', u'', u'surprised']}",HVHA,['not at all'],[32.310102701187134]
sub-mit035,2.0,2.0,2.m4v,2,2_2,82658.201829,97782.951314,330.63280731599997,391.131805256,60.49899794000004,250.0,1832.184,matched,,sub-mit035/eeg/sub-mit035_task-Emotion_eeg.set,sub-mit035/eeg/sub-mit035_task-Emotion_eeg.fdt,sub-mit035/eeg/sub-mit035_task-emotion_events.tsv,sub-mit035/beh/sub-mit035_task-Emotion_beh.tsv,2.99,7.03,2.94,2.0,3.0,1.53,"{'1': [u'', u'Disgust: A feeling of revulsion or strong disapproval aroused by something unpleasant\n or offensiv', u'', u'', ''], '0': [u'', u'Angry: Feeling or showing strong annoyance, displeasure, or hostility, full of anger', u'', u'', ''], '3': [u'', u'Disgust: A feeling of revulsion or strong disapproval aroused by something unpleasant\n or offensiv', u'', u'', ''], '2': [u'', u'Disgust: A feeling of revulsion or strong disapproval aroused by something unpleasant\n or offensiv', u'', u'', '']}",HVHA,"['moderately', 'moderately', 'quit a bit', 'quit a bit']","[24.09654211997986, 31.83671808242798, 39.4764449596405, 50.17491793632507]"
sub-mit035,3.0,3.0,4.mp4,4,4_3,137723.702285,152848.451771,550.89480914,611.393807084,60.49899794399994,250.0,1832.184,matched,,sub-mit035/eeg/sub-mit035_task-Emotion_eeg.set,sub-mit035/eeg/sub-mit035_task-Emotion_eeg.fdt,sub-mit035/eeg/sub-mit035_task-emotion_events.tsv,sub-mit035/beh/sub-mit035_task-Emotion_beh.tsv,2.65,3.42,3.28,2.0,4.0,1.0,"{'1': [u'', u'', u'Miserable: wretchedly unhappy or uncomfortable', u'', ''], '0': [u'', u'', u'Miserable: wretchedly unhappy or uncomfortable', u'', '']}",HVHA,"['quit a bit', 'quit a bit']","[37.89583206176758, 47.575056076049805]"
sub-mit035,4.0,4.0,27.mp4,27,27_4,173117.701616,188242.202159,692.470806464,752.9688086360001,60.49800217200004,250.0,1832.184,matched,,sub-mit035/eeg/sub-mit035_task-Emotion_eeg.set,sub-mit035/eeg/sub-mit035_task-Emotion_eeg.fdt,sub-mit035/eeg/sub-mit035_task-emotion_events.tsv,sub-mit035/beh/sub-mit035_task-Emotion_beh.tsv,3.98,2.96,2.42,3.0,1.0,2.0,"{'0': [u'', u'', u'Despondent: In low spirits from loss of hope or courage.', u'', '']}",HVHA,['quit a bit'],[35.378106117248535]
sub-mit035,5.0,5.0,neutral_2.mp4,neutral_2,neutral_2_5,202012.950741,217137.451284,808.051802964,868.549805136,60.49800217200004,250.0,1832.184,matched,,sub-mit035/eeg/sub-mit035_task-Emotion_eeg.set,sub-mit035/eeg/sub-mit035_task-Emotion_eeg.fdt,sub-mit035/eeg/sub-mit035_task-emotion_events.tsv,sub-mit035/beh/sub-mit035_task-Emotion_beh.tsv,4.96,1.0,1.0,1.0,1.0,1.0,{},,,
sub-mit035,6.0,6.0,16.mp4,16,16_6,227310.981824,242435.73131,909.2439272959999,969.74292524,60.49899794400005,250.0,1832.184,matched,,sub-mit035/eeg/sub-mit035_task-Emotion_eeg.set,sub-mit035/eeg/sub-mit035_task-Emotion_eeg.fdt,sub-mit035/eeg/sub-mit035_task-emotion_events.tsv,sub-mit035/beh/sub-mit035_task-Emotion_beh.tsv,1.01,8.07,4.96,1.0,4.0,1.0,"{'1': [u'', u'', u'Miserable: wretchedly unhappy or uncomfortable', u'', ''], '0': [u'', u'Angry: Feeling or showing strong annoyance, displeasure, or hostility, full of anger', u'', u'', ''], '3': [u'', u'Angry: Feeling or showing strong annoyance, displeasure, or hostility, full of anger', u'No Emotion From List', u'', ''], '2': [u'', u'', u'Sad: Feeling or showing sorrow, unhappy', u'', '']}",HVHA,"['very much', 'quit a bit', 'quit a bit', 'very much']","[8.144484996795654, 23.50736689567566, 38.034286975860596, 56.12219285964966]"
sub-mit035,7.0,7.0,7.mp4,7,7_7,274452.981203,289577.481746,1097.811924812,1158.309926984,60.49800217200004,250.0,1832.184,matched,,sub-mit035/eeg/sub-mit035_task-Emotion_eeg.set,sub-mit035/eeg/sub-mit035_task-Emotion_eeg.fdt,sub-mit035/eeg/sub-mit035_task-emotion_events.tsv,sub-mit035/beh/sub-mit035_task-Emotion_beh.tsv,1.91,4.88,4.83,3.0,4.0,1.0,"{'1': [u'', u'Afraid: Worried that something undesirable will occur or be done', u'', u'', ''], '0': [u'', u'Disgust: A feeling of revulsion or strong disapproval aroused by something unpleasant\n or offensiv', u'', u'', ''], '2': [u'', u'Afraid: Worried that something undesirable will occur or be done', u'', u'', '']}",HVHA,"['very much', 'very much', 'very much']","[36.32511305809021, 41.891599893569946, 49.66508102416992]"
sub-mit035,8.0,8.0,17.mp4,17,17_8,310189.480185,325313.980728,1240.75792074,1301.255922912,60.49800217200004,250.0,1832.184,matched,,sub-mit035/eeg/sub-mit035_task-Emotion_eeg.set,sub-mit035/eeg/sub-mit035_task-Emotion_eeg.fdt,sub-mit035/eeg/sub-mit035_task-emotion_events.tsv,sub-mit035/beh/sub-mit035_task-Emotion_beh.tsv,1.0,8.63,2.09,1.0,2.0,1.0,"{'1': [u'', u'Afraid: Worried that something undesirable will occur or be done', u'', u'', ''], '0': [u'', u'Afraid: Worried that something undesirable will occur or be done', u'', u'', '']}",HVHA,"['very much', 'not at all']","[15.312246084213257, 50.03310823440552]"
sub-mit035,9.0,9.0,24.mp4,24,24_9,339239.232092,354363.981578,1356.956928368,1417.455926312,60.49899794399994,250.0,1832.184,matched,,sub-mit035/eeg/sub-mit035_task-Emotion_eeg.set,sub-mit035/eeg/sub-mit035_task-Emotion_eeg.fdt,sub-mit035/eeg/sub-mit035_task-emotion_events.tsv,sub-mit035/beh/sub-mit035_task-Emotion_beh.tsv,2.01,2.01,5.19,2.0,1.0,1.01,"{'0': [u'', u'', u'Melancholic: Feeling or expressing pensive sadness', u'', '']}",HVHA,['quit a bit'],[40.20674705505371]
sub-mit035,10.0,10.0,1.mp4,1,1_10,366571.481749,381696.231234,1466.2859269960002,1526.784924936,60.498997939999754,250.0,1832.184,matched,,sub-mit035/eeg/sub-mit035_task-Emotion_eeg.set,sub-mit035/eeg/sub-mit035_task-Emotion_eeg.fdt,sub-mit035/eeg/sub-mit035_task-emotion_events.tsv,sub-mit035/beh/sub-mit035_task-Emotion_beh.tsv,5.95,7.93,6.04,4.0,5.0,1.0,"{'1': [u'', u'Alarmed: An anxious awareness of danger', u'', u'', ''], '0': [u'', u'Afraid: Worried that something undesirable will occur or be done', u'', u'', ''], '3': [u'', u'Startled: Feeling or showing sudden shock or alarm.', u'', u'', ''], '2': [u'', u'Alarmed: An anxious awareness of danger', u'', u'', ''], '4': [u'', u'Afraid: Worried that something undesirable will occur or be done', u'', u'', '']}",HVHA,"['quit a bit', 'very much', 'quit a bit', 'quit a bit', 'quit a bit']","[14.924835920333862, 19.588848114013672, 32.82870411872864, 40.902945041656494, 46.31937503814697]"
sub-mit035,11.0,11.0,9.m4v,9,9_11,418995.732199,434120.481684,1675.9829287960001,1736.481926736,60.49899793999998,250.0,1832.184,matched,,sub-mit035/eeg/sub-mit035_task-Emotion_eeg.set,sub-mit035/eeg/sub-mit035_task-Emotion_eeg.fdt,sub-mit035/eeg/sub-mit035_task-emotion_events.tsv,sub-mit035/beh/sub-mit035_task-Emotion_beh.tsv,8.01,8.22,8.07,5.0,5.0,1.03,"{'1': [u'Excited: Very enthusiastic and eager', u'', u'', u'', ''], '0': [u'Adventorous: Willing to take risks or to try out new methods, ideas, or experiences', u'', u'', u'', ''], '3': [u'Adventorous: Willing to take risks or to try out new methods, ideas, or experiences', u'', u'', u'', ''], '2': [u'Adventorous: Willing to take risks or to try out new methods, ideas, or experiences', u'', u'', u'', '']}",HVHA,"['moderately', 'quit a bit', 'very much', 'very much']","[3.088923215866089, 23.266351222991943, 27.17800521850586, 53.89169216156006]"
sub-mit039,1.0,1.0,neutral_1.mp4,neutral_1,neutral_1_1,56755.9761,71882.475726,227.0239044,287.52990290400004,60.50599850400005,250.0,1435.672,matched,,sub-mit039/eeg/sub-mit039_task-Emotion_eeg.set,sub-mit039/eeg/sub-mit039_task-Emotion_eeg.fdt,sub-mit039/eeg/sub-mit039_task-emotion_events.tsv,sub-mit039/beh/sub-mit039_task-Emotion_beh.tsv,4.9,4.0,5.06,2.0,2.0,1.14,{},,,
sub-mit039,2.0,2.0,16.mp4,16,16_2,83629.47749,98752.225377,334.51790996,395.008901508,60.49099154800001,250.0,1435.672,matched,,sub-mit039/eeg/sub-mit039_task-Emotion_eeg.set,sub-mit039/eeg/sub-mit039_task-Emotion_eeg.fdt,sub-mit039/eeg/sub-mit039_task-emotion_events.tsv,sub-mit039/beh/sub-mit039_task-Emotion_beh.tsv,2.03,7.06,5.23,2.0,3.0,1.07,"{'1': [u'', u'Disgust: A feeling of revulsion or strong disapproval aroused by something unpleasant\n or offensiv', u'', u'', ''], '0': [u'', u'Disgust: A feeling of revulsion or strong disapproval aroused by something unpleasant\n or offensiv', u'', u'', '']}",HVHA,"['moderately', 'quit a bit']","[9.340089082717896, 32.04383587837219]"
sub-mit039,3.0,3.0,24.mp4,24,24_3,125497.476105,140624.476131,501.98990441999996,562.497904524,60.50800010400002,250.0,1435.672,matched,,sub-mit039/eeg/sub-mit039_task-Emotion_eeg.set,sub-mit039/eeg/sub-mit039_task-Emotion_eeg.fdt,sub-mit039/eeg/sub-mit039_task-emotion_events.tsv,sub-mit039/beh/sub-mit039_task-Emotion_beh.tsv,2.11,5.98,5.0,2.0,4.0,1.01,"{'0': [u'', u'Angry: Feeling or showing strong annoyance, displeasure, or hostility, full of anger', u'', u'', '']}",HVHA,['a little'],[27.692378997802734]
sub-mit039,4.0,4.0,neutral_2.mp4,neutral_2,neutral_2_4,158667.727187,173791.475873,634.6709087480001,695.165903492,60.49499474399988,250.0,1435.672,matched,,sub-mit039/eeg/sub-mit039_task-Emotion_eeg.set,sub-mit039/eeg/sub-mit039_task-Emotion_eeg.fdt,sub-mit039/eeg/sub-mit039_task-emotion_events.tsv,sub-mit039/beh/sub-mit039_task-Emotion_beh.tsv,5.06,4.92,5.08,2.0,1.0,1.0,{},,,
sub-mit039,5.0,5.0,17.mp4,17,17_5,180817.227345,195939.975232,723.26890938,783.759900928,60.49099154800001,250.0,1435.672,matched,,sub-mit039/eeg/sub-mit039_task-Emotion_eeg.set,sub-mit039/eeg/sub-mit039_task-Emotion_eeg.fdt,sub-mit039/eeg/sub-mit039_task-emotion_events.tsv,sub-mit039/beh/sub-mit039_task-Emotion_beh.tsv,4.0,5.96,5.06,4.0,3.0,1.0,"{'0': [u'', u'Afraid: Worried that something undesirable will occur or be done', u'', u'', '']}",HVHA,['a little'],[10.792122840881348]
sub-mit039,6.0,6.0,27.mp4,27,27_6,208009.226806,223133.22695,832.036907224,892.5329078000001,60.49600057600014,250.0,1435.672,matched,,sub-mit039/eeg/sub-mit039_task-Emotion_eeg.set,sub-mit039/eeg/sub-mit039_task-Emotion_eeg.fdt,sub-mit039/eeg/sub-mit039_task-emotion_events.tsv,sub-mit039/beh/sub-mit039_task-Emotion_beh.tsv,4.0,5.04,4.9,2.0,1.0,1.01,{},,,
sub-mit039,7.0,7.0,2.m4v,2,2_7,231035.477389,246158.725675,924.141909556,984.6349027,60.492993144000025,250.0,1435.672,matched,,sub-mit039/eeg/sub-mit039_task-Emotion_eeg.set,sub-mit039/eeg/sub-mit039_task-Emotion_eeg.fdt,sub-mit039/eeg/sub-mit039_task-emotion_events.tsv,sub-mit039/beh/sub-mit039_task-Emotion_beh.tsv,2.15,7.03,5.06,2.0,4.0,1.05,"{'0': [u'', u'Disgust: A feeling of revulsion or strong disapproval aroused by something unpleasant\n or offensiv', u'', u'', '']}",HVHA,['quit a bit'],[29.28455877304077]
sub-mit039,8.0,8.0,4.mp4,4,4_8,257073.975261,272199.225146,1028.295901044,1088.796900584,60.500999540000066,250.0,1435.672,matched,,sub-mit039/eeg/sub-mit039_task-Emotion_eeg.set,sub-mit039/eeg/sub-mit039_task-Emotion_eeg.fdt,sub-mit039/eeg/sub-mit039_task-emotion_events.tsv,sub-mit039/beh/sub-mit039_task-Emotion_beh.tsv,1.99,6.81,5.96,2.0,2.0,1.0,"{'0': [u'', u'Disgust: A feeling of revulsion or strong disapproval aroused by something unpleasant\n or offensiv', u'', u'', '']}",HVHA,['quit a bit'],[42.566797971725464]
sub-mit039,9.0,9.0,9.m4v,9,9_9,289568.226691,304693.225119,1158.272906764,1218.7729004760001,60.499993712000105,250.0,1435.672,matched,,sub-mit039/eeg/sub-mit039_task-Emotion_eeg.set,sub-mit039/eeg/sub-mit039_task-Emotion_eeg.fdt,sub-mit039/eeg/sub-mit039_task-emotion_events.tsv,sub-mit039/beh/sub-mit039_task-Emotion_beh.tsv,6.93,6.08,4.94,4.0,5.0,1.03,{},,,
sub-mit039,10.0,10.0,12.m4v,12,12_10,312627.475988,327750.475332,1250.509903952,1311.001901328,60.49199737599997,250.0,1435.672,matched,,sub-mit039/eeg/sub-mit039_task-Emotion_eeg.set,sub-mit039/eeg/sub-mit039_task-Emotion_eeg.fdt,sub-mit039/eeg/sub-mit039_task-emotion_events.tsv,sub-mit039/beh/sub-mit039_task-Emotion_beh.tsv,8.74,7.14,5.95,5.0,5.0,3.68,"{'1': [u'Joyous: Full of happiness and joy', u'', u'', u'', ''], '0': [u'Happy: Feeling or showing pleasure or contentment', u'', u'', u'', '']}",HVHA,"['quit a bit', 'moderately']","[3.245654821395874, 31.60812997817993]"
sub-mit039,11.0,11.0,5.mp4,5,5_11,338430.22529,353556.976374,1353.7209011599998,1414.2279054960002,60.507004336000364,250.0,1435.672,matched,,sub-mit039/eeg/sub-mit039_task-Emotion_eeg.set,sub-mit039/eeg/sub-mit039_task-Emotion_eeg.fdt,sub-mit039/eeg/sub-mit039_task-emotion_events.tsv,sub-mit039/beh/sub-mit039_task-Emotion_beh.tsv,5.14,5.06,5.08,3.0,3.0,1.02,{},,,
sub-mit040,1.0,1.0,neutral_1.mp4,neutral_1,neutral_1_1,48572.284821,63696.536422,194.28913928400002,254.78614568799998,60.49700640399996,250.0,1602.064,matched,,sub-mit040/eeg/sub-mit040_task-Emotion_eeg.set,sub-mit040/eeg/sub-mit040_task-Emotion_eeg.fdt,sub-mit040/eeg/sub-mit040_task-emotion_events.tsv,sub-mit040/beh/sub-mit040_task-Emotion_beh.tsv,4.96,5.0,4.94,3.0,3.0,3.96,{},,,
sub-mit040,2.0,2.0,5.mp4,5,5_2,78420.284763,93544.785306,313.681139052,374.17914122400003,60.49800217200004,250.0,1602.064,matched,,sub-mit040/eeg/sub-mit040_task-Emotion_eeg.set,sub-mit040/eeg/sub-mit040_task-Emotion_eeg.fdt,sub-mit040/eeg/sub-mit040_task-emotion_events.tsv,sub-mit040/beh/sub-mit040_task-Emotion_beh.tsv,4.07,6.02,5.06,4.0,3.0,4.04,{},,,
sub-mit040,3.0,3.0,8.m4v,8,8_3,112183.036655,127311.535366,448.73214662000004,509.246141464,60.51399484399997,250.0,1602.064,matched,,sub-mit040/eeg/sub-mit040_task-Emotion_eeg.set,sub-mit040/eeg/sub-mit040_task-Emotion_eeg.fdt,sub-mit040/eeg/sub-mit040_task-emotion_events.tsv,sub-mit040/beh/sub-mit040_task-Emotion_beh.tsv,7.95,6.95,6.95,4.0,4.0,5.0,{},,,
sub-mit040,4.0,4.0,12.m4v,12,12_4,139571.446897,154699.948122,558.285787588,618.799792488,60.51400490000003,250.0,1602.064,matched,,sub-mit040/eeg/sub-mit040_task-Emotion_eeg.set,sub-mit040/eeg/sub-mit040_task-Emotion_eeg.fdt,sub-mit040/eeg/sub-mit040_task-emotion_events.tsv,sub-mit040/beh/sub-mit040_task-Emotion_beh.tsv,8.94,6.04,6.91,5.0,5.0,4.96,"{'1': [u'Excited: Very enthusiastic and eager', u'', u'', u'', ''], '0': [u'Joyous: Full of happiness and joy', u'', u'', u'', ''], '2': [u'Delighted: Feeling or showing great pleasure', u'', u'', u'', '']}",HVHA,"['not at all', 'not at all', 'quit a bit']","[13.355805158615112, 22.787419080734253, 52.31839418411255]"
sub-mit040,5.0,5.0,neutral_2.mp4,neutral_2,neutral_2_5,187582.19785,202706.698393,750.3287914,810.826793572,60.49800217200004,250.0,1602.064,matched,,sub-mit040/eeg/sub-mit040_task-Emotion_eeg.set,sub-mit040/eeg/sub-mit040_task-Emotion_eeg.fdt,sub-mit040/eeg/sub-mit040_task-emotion_events.tsv,sub-mit040/beh/sub-mit040_task-Emotion_beh.tsv,4.98,6.89,6.06,3.0,3.0,1.0,{},,,
sub-mit040,6.0,6.0,4.mp4,4,4_6,213765.947399,228894.697567,855.063789596,915.578790268,60.51500067200004,250.0,1602.064,matched,,sub-mit040/eeg/sub-mit040_task-Emotion_eeg.set,sub-mit040/eeg/sub-mit040_task-Emotion_eeg.fdt,sub-mit040/eeg/sub-mit040_task-emotion_events.tsv,sub-mit040/beh/sub-mit040_task-Emotion_beh.tsv,1.0,1.91,2.03,2.0,2.0,1.0,{},,,
sub-mit040,7.0,7.0,7.mp4,7,7_7,240688.696661,255817.197887,962.754786644,1023.268791548,60.51400490399999,250.0,1602.064,matched,,sub-mit040/eeg/sub-mit040_task-Emotion_eeg.set,sub-mit040/eeg/sub-mit040_task-Emotion_eeg.fdt,sub-mit040/eeg/sub-mit040_task-emotion_events.tsv,sub-mit040/beh/sub-mit040_task-Emotion_beh.tsv,3.96,6.6,3.9,3.0,3.0,1.01,{},,,
sub-mit040,8.0,8.0,2.m4v,2,2_8,267547.712545,282672.213088,1070.19085018,1130.6888523520001,60.49800217200004,250.0,1602.064,matched,,sub-mit040/eeg/sub-mit040_task-Emotion_eeg.set,sub-mit040/eeg/sub-mit040_task-Emotion_eeg.fdt,sub-mit040/eeg/sub-mit040_task-emotion_events.tsv,sub-mit040/beh/sub-mit040_task-Emotion_beh.tsv,5.0,3.05,3.03,2.0,2.0,1.0,{},,,
sub-mit040,9.0,9.0,16.mp4,16,16_9,293418.712332,308547.213557,1173.6748493280002,1234.1888542279999,60.51400489999969,250.0,1602.064,matched,,sub-mit040/eeg/sub-mit040_task-Emotion_eeg.set,sub-mit040/eeg/sub-mit040_task-Emotion_eeg.fdt,sub-mit040/eeg/sub-mit040_task-emotion_events.tsv,sub-mit040/beh/sub-mit040_task-Emotion_beh.tsv,2.01,1.97,2.05,2.0,2.0,1.0,"{'1': [u'', u'', u'Sad: Feeling or showing sorrow, unhappy', u'', ''], '0': [u'', u'', u'Miserable: wretchedly unhappy or uncomfortable', u'', '']}",HVHA,"['quit a bit', 'quit a bit']","[27.57824683189392, 56.59152603149414]"
sub-mit040,10.0,10.0,17.mp4,17,17_10,331851.462531,346975.963074,1327.4058501240002,1387.9038522960002,60.49800217200004,250.0,1602.064,matched,,sub-mit040/eeg/sub-mit040_task-Emotion_eeg.set,sub-mit040/eeg/sub-mit040_task-Emotion_eeg.fdt,sub-mit040/eeg/sub-mit040_task-emotion_events.tsv,sub-mit040/beh/sub-mit040_task-Emotion_beh.tsv,3.96,6.95,4.9,3.0,3.0,2.46,{},,,
sub-mit040,11.0,11.0,27.mp4,27,27_11,358940.963051,374065.463594,1435.7638522040002,1496.261854376,60.498002171999815,250.0,1602.064,matched,,sub-mit040/eeg/sub-mit040_task-Emotion_eeg.set,sub-mit040/eeg/sub-mit040_task-Emotion_eeg.fdt,sub-mit040/eeg/sub-mit040_task-emotion_events.tsv,sub-mit040/beh/sub-mit040_task-Emotion_beh.tsv,2.01,1.91,1.97,2.0,2.0,1.98,"{'1': [u'', u'', u'Despondent: In low spirits from loss of hope or courage.', u'', ''], '0': [u'', u'', u'Melancholic: Feeling or expressing pensive sadness', u'', '']}",HVHA,"['moderately', 'very much']","[22.034526109695435, 33.65323305130005]"
sub-mit051,1.0,1.0,neutral_1.mp4,neutral_1,neutral_1_1,63112.934679,78237.435222,252.451738716,312.949740888,60.498002172000014,250.0,2117.724,matched,,sub-mit051/eeg/sub-mit051_task-Emotion_eeg.set,sub-mit051/eeg/sub-mit051_task-Emotion_eeg.fdt,sub-mit051/eeg/sub-mit051_task-emotion_events.tsv,sub-mit051/beh/sub-mit051_task-Emotion_beh.tsv,4.98,1.01,1.0,2.0,1.0,1.0,{},,,
sub-mit051,2.0,2.0,13.m4v,13,13_2,90064.684488,105189.185031,360.258737952,420.756740124,60.498002171999985,250.0,2117.724,matched,,sub-mit051/eeg/sub-mit051_task-Emotion_eeg.set,sub-mit051/eeg/sub-mit051_task-Emotion_eeg.fdt,sub-mit051/eeg/sub-mit051_task-emotion_events.tsv,sub-mit051/beh/sub-mit051_task-Emotion_beh.tsv,7.01,4.96,3.96,4.0,2.0,2.02,"{'1': [u'Excited: Very enthusiastic and eager', u'', u'', u'', ''], '0': [u'Happy: Feeling or showing pleasure or contentment', u'', u'', u'', '']}",HVHA,"['moderately', 'moderately', 'not at all', 'not at all']","[10.28311824798584, 11.885708332061768, 21.050506114959717, 49.7634642124176]"
sub-mit051,3.0,3.0,24.mp4,24,24_3,138925.647188,154049.896273,555.702588752,616.199585092,60.49699634000001,250.0,2117.724,matched,,sub-mit051/eeg/sub-mit051_task-Emotion_eeg.set,sub-mit051/eeg/sub-mit051_task-Emotion_eeg.fdt,sub-mit051/eeg/sub-mit051_task-emotion_events.tsv,sub-mit051/beh/sub-mit051_task-Emotion_beh.tsv,1.03,1.03,1.01,1.0,1.0,1.0,"{'1': [u'', u'', u'Despondent: In low spirits from loss of hope or courage.', u'', ''], '0': [u'', u'', u'Taken Aback: Shock or surprise someone.', u'', ''], '2': [u'', u'', u'Miserable: wretchedly unhappy or uncomfortable', u'', '']}",HVHA,"['quit a bit', 'very much', 'quit a bit']","[16.201283931732178, 28.521113872528076, 45.531853914260864]"
sub-mit051,4.0,4.0,1.mp4,1,1_4,187445.397593,202569.895621,749.781590372,810.279582484,60.49799211200002,250.0,2117.724,matched,,sub-mit051/eeg/sub-mit051_task-Emotion_eeg.set,sub-mit051/eeg/sub-mit051_task-Emotion_eeg.fdt,sub-mit051/eeg/sub-mit051_task-emotion_events.tsv,sub-mit051/beh/sub-mit051_task-Emotion_beh.tsv,2.01,7.99,5.98,3.0,1.0,1.03,"{'1': [u'', u'Alarmed: An anxious awareness of danger', u'', u'', ''], '0': [u'', u'Startled: Feeling or showing sudden shock or alarm.', u'', u'', ''], '2': [u'', u'Afraid: Worried that something undesirable will occur or be done', u'', u'', '']}",HVHA,"['quit a bit', 'quit a bit', 'moderately', 'not at all']","[15.238078832626343, 33.15019679069519, 40.97946071624756, 58.10730981826782]"
sub-mit051,5.0,5.0,27.mp4,27,27_5,252074.646216,267198.895301,1008.298584864,1068.795581204,60.49699634000001,250.0,2117.724,matched,,sub-mit051/eeg/sub-mit051_task-Emotion_eeg.set,sub-mit051/eeg/sub-mit051_task-Emotion_eeg.fdt,sub-mit051/eeg/sub-mit051_task-emotion_events.tsv,sub-mit051/beh/sub-mit051_task-Emotion_beh.tsv,1.03,4.04,1.03,1.0,3.0,1.98,"{'1': [u'', u'', u'Sad: Feeling or showing sorrow, unhappy', u'', ''], '0': [u'', u'', u'Sad: Feeling or showing sorrow, unhappy', u'', '']}",HVHA,"['moderately', 'moderately']","[31.003426790237427, 58.26368594169617]"
sub-mit051,6.0,6.0,5.mp4,5,5_6,295548.897434,310673.146519,1182.1955897359999,1242.692586076,60.49699634000012,250.0,2117.724,matched,,sub-mit051/eeg/sub-mit051_task-Emotion_eeg.set,sub-mit051/eeg/sub-mit051_task-Emotion_eeg.fdt,sub-mit051/eeg/sub-mit051_task-emotion_events.tsv,sub-mit051/beh/sub-mit051_task-Emotion_beh.tsv,1.03,7.97,3.05,2.0,3.0,2.47,"{'1': [u'', u'Angry: Feeling or showing strong annoyance, displeasure, or hostility, full of anger', u'', u'', ''], '0': [u'', u'Angry: Feeling or showing strong annoyance, displeasure, or hostility, full of anger', u'', u'', '']}",HVHA,"['quit a bit', 'very much']","[40.764254093170166, 48.326388120651245]"
sub-mit051,7.0,7.0,neutral_2.mp4,neutral_2,neutral_2_7,341710.646648,356835.147191,1366.842586592,1427.340588764,60.498002171999815,250.0,2117.724,matched,,sub-mit051/eeg/sub-mit051_task-Emotion_eeg.set,sub-mit051/eeg/sub-mit051_task-Emotion_eeg.fdt,sub-mit051/eeg/sub-mit051_task-emotion_events.tsv,sub-mit051/beh/sub-mit051_task-Emotion_beh.tsv,4.96,1.01,4.98,3.0,1.0,1.0,{},,,
sub-mit051,8.0,8.0,2.m4v,2,2_8,372335.146099,387459.646642,1489.340584396,1549.838586568,60.49800217200004,250.0,2117.724,matched,,sub-mit051/eeg/sub-mit051_task-Emotion_eeg.set,sub-mit051/eeg/sub-mit051_task-Emotion_eeg.fdt,sub-mit051/eeg/sub-mit051_task-emotion_events.tsv,sub-mit051/beh/sub-mit051_task-Emotion_beh.tsv,4.02,1.03,7.04,3.0,1.0,1.01,"{'0': [u'', u'', u'', u'', '']}",HVHA,['not at all'],[22.48593282699585]
sub-mit051,9.0,9.0,9.m4v,9,9_9,414697.084294,429821.584837,1658.788337176,1719.286339348,60.49800217200004,250.0,2117.724,matched,,sub-mit051/eeg/sub-mit051_task-Emotion_eeg.set,sub-mit051/eeg/sub-mit051_task-Emotion_eeg.fdt,sub-mit051/eeg/sub-mit051_task-emotion_events.tsv,sub-mit051/beh/sub-mit051_task-Emotion_beh.tsv,7.03,8.03,6.0,4.0,1.0,1.01,"{'1': [u'Adventorous: Willing to take risks or to try out new methods, ideas, or experiences', u'', u'', u'', ''], '0': [u'Excited: Very enthusiastic and eager', u'', u'', u'', ''], '2': [u'Delighted: Feeling or showing great pleasure', u'', u'', u'', '']}",HVHA,"['quit a bit', 'quit a bit', 'quit a bit']","[27.058797121047974, 36.03984594345093, 57.541707038879395]"
sub-mit051,10.0,10.0,15.mp4,15,15_10,464544.083083,479672.833251,1858.176332332,1918.691333004,60.51500067200004,250.0,2117.724,matched,,sub-mit051/eeg/sub-mit051_task-Emotion_eeg.set,sub-mit051/eeg/sub-mit051_task-Emotion_eeg.fdt,sub-mit051/eeg/sub-mit051_task-emotion_events.tsv,sub-mit051/beh/sub-mit051_task-Emotion_beh.tsv,2.99,7.03,6.04,3.0,1.0,1.01,"{'0': [u'', u'Alarmed: An anxious awareness of danger', u'', u'', '']}",HVHA,['moderately'],[36.39382529258728]
sub-mit051,11.0,11.0,3.mp4,3,3_11,502046.333903,517170.834446,2008.185335612,2068.683337784,60.498002171999815,250.0,2117.724,matched,,sub-mit051/eeg/sub-mit051_task-Emotion_eeg.set,sub-mit051/eeg/sub-mit051_task-Emotion_eeg.fdt,sub-mit051/eeg/sub-mit051_task-emotion_events.tsv,sub-mit051/beh/sub-mit051_task-Emotion_beh.tsv,5.06,1.01,6.02,3.0,3.0,2.0,{},,,
sub-mit052,1.0,1.0,neutral_1.mp4,neutral_1,neutral_1_1,93642.001133,108766.750619,374.568004532,435.06700247599997,60.498997943999996,250.0,3048.248,matched,,sub-mit052/eeg/sub-mit052_task-Emotion_eeg.set,sub-mit052/eeg/sub-mit052_task-Emotion_eeg.fdt,sub-mit052/eeg/sub-mit052_task-emotion_events.tsv,sub-mit052/beh/sub-mit052_task-Emotion_beh.tsv,4.98,2.03,1.0,2.0,2.0,2.93,{},,,
sub-mit052,2.0,2.0,4.mp4,4,4_2,129341.000319,144465.749804,517.364001276,577.8629992159999,60.49899793999998,250.0,3048.248,matched,,sub-mit052/eeg/sub-mit052_task-Emotion_eeg.set,sub-mit052/eeg/sub-mit052_task-Emotion_eeg.fdt,sub-mit052/eeg/sub-mit052_task-emotion_events.tsv,sub-mit052/beh/sub-mit052_task-Emotion_beh.tsv,1.01,1.03,1.01,1.0,5.0,4.04,{},,,
sub-mit052,3.0,3.0,9.m4v,9,9_3,160154.499952,175279.251952,640.617999808,701.1170078079999,60.49900799999989,250.0,3048.248,matched,,sub-mit052/eeg/sub-mit052_task-Emotion_eeg.set,sub-mit052/eeg/sub-mit052_task-Emotion_eeg.fdt,sub-mit052/eeg/sub-mit052_task-emotion_events.tsv,sub-mit052/beh/sub-mit052_task-Emotion_beh.tsv,8.03,8.92,1.99,5.0,5.0,3.99,"{'1': [u'Excited: Very enthusiastic and eager', u'', u'', u'', ''], '0': [u'Excited: Very enthusiastic and eager', u'', u'', u'', ''], '3': [u'Excited: Very enthusiastic and eager', u'', u'', u'', ''], '2': [u'Excited: Very enthusiastic and eager', u'', u'', u'', ''], '4': [u'Excited: Very enthusiastic and eager', u'', u'', u'', '']}",HVHA,"['quit a bit', 'quit a bit', 'quit a bit', 'quit a bit', 'very much']","[4.083048105239868, 24.644947052001953, 29.860601902008057, 41.813206911087036, 51.60931706428528]"
sub-mit052,4.0,4.0,13.m4v,13,13_4,224946.649981,240071.399466,899.786599924,960.285597864,60.49899793999998,250.0,3048.248,matched,,sub-mit052/eeg/sub-mit052_task-Emotion_eeg.set,sub-mit052/eeg/sub-mit052_task-Emotion_eeg.fdt,sub-mit052/eeg/sub-mit052_task-emotion_events.tsv,sub-mit052/beh/sub-mit052_task-Emotion_beh.tsv,8.07,5.0,1.97,5.0,4.0,5.0,"{'1': [u'Happy: Feeling or showing pleasure or contentment', u'', u'', u'', ''], '0': [u'Joyous: Full of happiness and joy', u'', u'', u'', ''], '3': [u'Aroused: Sexually excited', u'', u'', u'', ''], '2': [u'Happy: Feeling or showing pleasure or contentment', u'', u'', u'', ''], '5': [u'Amused: Finding something funny or entertaining.', u'', u'', u'', ''], '4': [u'Amused: Finding something funny or entertaining.', u'', u'', u'', ''], '6': [u'Amused: Finding something funny or entertaining.', u'', u'', u'', '']}",HVHA,"['quit a bit', 'very much', 'very much', 'quit a bit', 'quit a bit', 'quit a bit', 'very much']","[6.180824041366577, 11.011864185333252, 15.960223197937012, 21.74431610107422, 35.48541522026062, 46.35151815414429, 53.874229192733765]"
sub-mit052,5.0,5.0,15.mp4,15,15_5,299428.900381,314553.649866,1197.715601524,1258.214599464,60.49899793999998,250.0,3048.248,matched,,sub-mit052/eeg/sub-mit052_task-Emotion_eeg.set,sub-mit052/eeg/sub-mit052_task-Emotion_eeg.fdt,sub-mit052/eeg/sub-mit052_task-emotion_events.tsv,sub-mit052/beh/sub-mit052_task-Emotion_beh.tsv,1.0,8.01,1.0,2.0,3.0,1.99,"{'1': [u'', u'Angry: Feeling or showing strong annoyance, displeasure, or hostility, full of anger', u'', u'', ''], '0': [u'', u'Startled: Feeling or showing sudden shock or alarm.', u'', u'', ''], '3': [u'', u'Startled: Feeling or showing sudden shock or alarm.', u'', u'', ''], '2': [u'', u'Angry: Feeling or showing strong annoyance, displeasure, or hostility, full of anger', u'', u'', ''], '4': [u'', u'Angry: Feeling or showing strong annoyance, displeasure, or hostility, full of anger', u'', u'', '']}",HVHA,"['moderately', 'quit a bit', 'moderately', 'quit a bit', 'quit a bit']","[14.632565021514893, 24.07759404182434, 36.11387610435486, 50.20618510246277, 58.23032808303833]"
sub-mit052,6.0,6.0,27.mp4,27,27_6,370283.648328,385408.148871,1481.1345933119999,1541.632595484,60.49800217200004,250.0,3048.248,matched,,sub-mit052/eeg/sub-mit052_task-Emotion_eeg.set,sub-mit052/eeg/sub-mit052_task-Emotion_eeg.fdt,sub-mit052/eeg/sub-mit052_task-emotion_events.tsv,sub-mit052/beh/sub-mit052_task-Emotion_beh.tsv,2.01,1.08,1.93,2.0,3.0,1.99,"{'1': [u'', u'', u'Sad: Feeling or showing sorrow, unhappy', u'', ''], '0': [u'', u'', u'Sad: Feeling or showing sorrow, unhappy', u'', ''], '3': [u'', u'', u'Depressed: in a state of unhappiness or despondency', u'', ''], '2': [u'', u'', u'Dissatisfied: Not content or happy with something.', u'', '']}",HVHA,"['moderately', 'quit a bit', 'quit a bit', 'quit a bit']","[7.73931884765625, 25.325353860855103, 42.44348883628845, 52.05574870109558]"
sub-mit052,7.0,7.0,2.m4v,2,2_7,418970.272682,434094.773225,1675.8810907280001,1736.3790929000002,60.49800217200004,250.0,3048.248,matched,,sub-mit052/eeg/sub-mit052_task-Emotion_eeg.set,sub-mit052/eeg/sub-mit052_task-Emotion_eeg.fdt,sub-mit052/eeg/sub-mit052_task-emotion_events.tsv,sub-mit052/beh/sub-mit052_task-Emotion_beh.tsv,1.03,8.05,1.06,2.0,4.0,1.0,"{'1': [u'', u'Angry: Feeling or showing strong annoyance, displeasure, or hostility, full of anger', u'', u'', ''], '0': [u'', u'Angry: Feeling or showing strong annoyance, displeasure, or hostility, full of anger', u'', u'', ''], '3': [u'', u'Distrustful: Feeling or showing distrust of someone or something.', u'', u'', ''], '2': [u'', u'Angry: Feeling or showing strong annoyance, displeasure, or hostility, full of anger', u'', u'', ''], '5': [u'', u'Angry: Feeling or showing strong annoyance, displeasure, or hostility, full of anger', u'', u'', ''], '4': [u'', u'Angry: Feeling or showing strong annoyance, displeasure, or hostility, full of anger', u'', u'', ''], '7': [u'', u'Distrustful: Feeling or showing distrust of someone or something.', u'', u'', ''], '6': [u'', u'Distrustful: Feeling or showing distrust of someone or something.', u'', u'', ''], '8': [u'', u'Tense: Become tense, typically through anxiety or nervousness', u'', u'', '']}",HVHA,"['quit a bit', 'quit a bit', 'quit a bit', 'quit a bit', 'quit a bit', 'moderately', 'moderately', 'quit a bit', 'quit a bit']","[11.249214887619019, 15.863056898117065, 21.24587106704712, 26.21078896522522, 30.67425799369812, 37.194194078445435, 42.543282985687256, 48.193711042404175, 58.290618896484375]"
sub-mit052,8.0,8.0,7.mp4,7,7_8,501526.523746,516697.523735,2006.106094984,2066.79009494,60.68399995599998,250.0,3048.248,matched,,sub-mit052/eeg/sub-mit052_task-Emotion_eeg.set,sub-mit052/eeg/sub-mit052_task-Emotion_eeg.fdt,sub-mit052/eeg/sub-mit052_task-emotion_events.tsv,sub-mit052/beh/sub-mit052_task-Emotion_beh.tsv,1.0,5.91,2.03,2.0,1.0,1.05,"{'1': [u'', u'', u'Dissatisfied: Not content or happy with something.', u'', ''], '0': [u'', u'', u'Dissatisfied: Not content or happy with something.', u'', ''], '3': [u'', u'Hate: Have a strong aversion to (something)', u'', u'', ''], '2': [u'', u'', u'Despondent: In low spirits from loss of hope or courage.', u'', ''], '5': [u'', u'Tense: Become tense, typically through anxiety or nervousness', u'', u'', ''], '4': [u'', u'Startled: Feeling or showing sudden shock or alarm.', u'', u'', ''], '6': [u'', u'', u'Miserable: wretchedly unhappy or uncomfortable', u'', '']}",HVHA,"['a little', 'a little', 'quit a bit', 'quit a bit', 'quit a bit', 'a little', 'a little']","[18.872679948806763, 34.486303091049194, 38.665624141693115, 42.66094398498535, 50.751856088638306, 57.48879313468933, 59.07691812515259]"
sub-mit052,9.0,9.0,neutral_2.mp4,neutral_2,neutral_2_9,581383.274767,596508.024252,2325.533099068,2386.032097008,60.49899794000021,250.0,3048.248,matched,,sub-mit052/eeg/sub-mit052_task-Emotion_eeg.set,sub-mit052/eeg/sub-mit052_task-Emotion_eeg.fdt,sub-mit052/eeg/sub-mit052_task-emotion_events.tsv,sub-mit052/beh/sub-mit052_task-Emotion_beh.tsv,5.08,1.08,1.0,1.0,2.0,2.02,"{'1': [u'', u'', u'Dissatisfied: Not content or happy with something.', u'', ''], '0': [u'', u'', u'Dissatisfied: Not content or happy with something.', u'', ''], '2': [u'', u'Alarmed: An anxious awareness of danger', u'', u'', '']}",HVHA,"['a little', 'a little', 'a little']","[25.623350858688354, 34.600358724594116, 51.61819076538086]"
sub-mit052,10.0,10.0,5.mp4,5,5_10,649316.772717,664441.27326,2597.2670908679997,2657.76509304,60.49800217200027,250.0,3048.248,matched,,sub-mit052/eeg/sub-mit052_task-Emotion_eeg.set,sub-mit052/eeg/sub-mit052_task-Emotion_eeg.fdt,sub-mit052/eeg/sub-mit052_task-emotion_events.tsv,sub-mit052/beh/sub-mit052_task-Emotion_beh.tsv,2.94,5.0,1.99,2.0,1.0,1.31,"{'1': [u'', u'Hate: Have a strong aversion to (something)', u'', u'', ''], '0': [u'', u'Alarmed: An anxious awareness of danger', u'', u'', ''], '3': [u'', u'', u'Sad: Feeling or showing sorrow, unhappy', u'', ''], '2': [u'', u'Disgust: A feeling of revulsion or strong disapproval aroused by something unpleasant\n or offensiv', u'', u'', ''], '4': [u'', u'Angry: Feeling or showing strong annoyance, displeasure, or hostility, full of anger', u'', u'', '']}",HVHA,"['moderately', 'quit a bit', 'a little', 'a little', 'a little']","[8.62509822845459, 15.194797992706299, 24.105037212371826, 35.77342104911804, 47.74270701408386]"
sub-mit052,11.0,11.0,8.m4v,8,8_11,716234.524819,731359.274305,2864.9380992760002,2925.43709722,60.49899794399971,250.0,3048.248,matched,,sub-mit052/eeg/sub-mit052_task-Emotion_eeg.set,sub-mit052/eeg/sub-mit052_task-Emotion_eeg.fdt,sub-mit052/eeg/sub-mit052_task-emotion_events.tsv,sub-mit052/beh/sub-mit052_task-Emotion_beh.tsv,8.05,7.99,4.96,4.0,4.0,3.1,"{'1': [u'Lust: Strong sexual desire.', u'', u'', u'', ''], '0': [u'Lust: Strong sexual desire.', u'', u'', u'', ''], '3': [u'Aroused: Sexually excited', u'', u'', u'', ''], '2': [u'Aroused: Sexually excited', u'', u'', u'', ''], '5': [u'Excited: Very enthusiastic and eager', u'', u'', u'', ''], '4': [u'Excited: Very enthusiastic and eager', u'', u'', u'', ''], '7': [u'Lust: Strong sexual desire.', u'', u'', u'', ''], '6': [u'Lust: Strong sexual desire.', u'', u'', u'', '']}",HVHA,"['quit a bit', 'moderately', 'quit a bit', 'quit a bit', 'quit a bit', 'moderately', 'moderately', 'quit a bit']","[3.4117541313171387, 6.571390151977539, 10.249200105667114, 18.47367024421692, 20.730610132217407, 29.89132809638977, 42.46253418922424, 58.39421606063843]"
sub-mit054,1.0,1.0,neutral_1.mp4,neutral_1,neutral_1_1,52681.211941,67805.712484,210.724847764,271.222849936,60.498002171999985,250.0,1807.22,matched,,sub-mit054/eeg/sub-mit054_task-Emotion_eeg.set,sub-mit054/eeg/sub-mit054_task-Emotion_eeg.fdt,sub-mit054/eeg/sub-mit054_task-emotion_events.tsv,sub-mit054/beh/sub-mit054_task-Emotion_beh.tsv,1.0,2.09,3.96,2.0,1.0,1.0,{},,,
sub-mit054,2.0,2.0,8.m4v,8,8_2,83088.46252,98212.963063,332.35385008000003,392.851852252,60.498002171999985,250.0,1807.22,matched,,sub-mit054/eeg/sub-mit054_task-Emotion_eeg.set,sub-mit054/eeg/sub-mit054_task-Emotion_eeg.fdt,sub-mit054/eeg/sub-mit054_task-emotion_events.tsv,sub-mit054/beh/sub-mit054_task-Emotion_beh.tsv,8.01,8.95,5.02,4.0,4.0,3.01,{},,,
sub-mit054,3.0,3.0,5.mp4,5,5_3,119438.712951,134563.213494,477.754851804,538.252853976,60.498002171999985,250.0,1807.22,matched,,sub-mit054/eeg/sub-mit054_task-Emotion_eeg.set,sub-mit054/eeg/sub-mit054_task-Emotion_eeg.fdt,sub-mit054/eeg/sub-mit054_task-emotion_events.tsv,sub-mit054/beh/sub-mit054_task-Emotion_beh.tsv,1.0,1.97,7.97,1.0,1.0,1.01,{},,,
sub-mit054,4.0,4.0,15.mp4,15,15_4,144649.140653,159773.389739,578.5965626120001,639.093558956,60.49699634399997,250.0,1807.22,matched,,sub-mit054/eeg/sub-mit054_task-Emotion_eeg.set,sub-mit054/eeg/sub-mit054_task-Emotion_eeg.fdt,sub-mit054/eeg/sub-mit054_task-emotion_events.tsv,sub-mit054/beh/sub-mit054_task-Emotion_beh.tsv,1.0,5.04,8.97,1.0,3.0,1.0,"{'0': [u'', u'Afraid: Worried that something undesirable will occur or be done', u'', u'', '']}",HVHA,['quit a bit'],[35.360235929489136]
sub-mit054,5.0,5.0,9.m4v,9,9_5,191916.888696,207045.389921,767.667554784,828.1815596839999,60.51400489999992,250.0,1807.22,matched,,sub-mit054/eeg/sub-mit054_task-Emotion_eeg.set,sub-mit054/eeg/sub-mit054_task-Emotion_eeg.fdt,sub-mit054/eeg/sub-mit054_task-emotion_events.tsv,sub-mit054/beh/sub-mit054_task-Emotion_beh.tsv,5.02,9.0,8.97,3.0,5.0,5.0,"{'0': [u'', u'Alarmed: An anxious awareness of danger', u'', u'', '']}",HVHA,['moderately'],[26.2939670085907]
sub-mit054,6.0,6.0,2.m4v,2,2_6,236605.639965,251730.140508,946.4225598600001,1006.920562032,60.49800217199993,250.0,1807.22,matched,,sub-mit054/eeg/sub-mit054_task-Emotion_eeg.set,sub-mit054/eeg/sub-mit054_task-Emotion_eeg.fdt,sub-mit054/eeg/sub-mit054_task-emotion_events.tsv,sub-mit054/beh/sub-mit054_task-Emotion_beh.tsv,1.03,7.97,7.03,1.0,2.0,3.04,"{'1': [u'', u'Afraid: Worried that something undesirable will occur or be done', u'', u'', ''], '0': [u'', u'Hate: Have a strong aversion to (something)', u'', u'', '']}",HVHA,"['moderately', 'quit a bit']","[31.23372983932495, 59.66271090507507]"
sub-mit054,7.0,7.0,1.mp4,1,1_7,272725.875096,287850.124182,1090.903500384,1151.400496728,60.49699634400008,250.0,1807.22,matched,,sub-mit054/eeg/sub-mit054_task-Emotion_eeg.set,sub-mit054/eeg/sub-mit054_task-Emotion_eeg.fdt,sub-mit054/eeg/sub-mit054_task-emotion_events.tsv,sub-mit054/beh/sub-mit054_task-Emotion_beh.tsv,1.0,9.0,5.0,3.0,3.0,2.04,"{'0': [u'', u'Afraid: Worried that something undesirable will occur or be done', u'', u'', '']}",HVHA,['quit a bit'],[24.436419248580933]
sub-mit054,8.0,8.0,neutral_2.mp4,neutral_2,neutral_2_8,304969.373511,320093.874054,1219.877494044,1280.375496216,60.49800217200004,250.0,1807.22,matched,,sub-mit054/eeg/sub-mit054_task-Emotion_eeg.set,sub-mit054/eeg/sub-mit054_task-Emotion_eeg.fdt,sub-mit054/eeg/sub-mit054_task-emotion_events.tsv,sub-mit054/beh/sub-mit054_task-Emotion_beh.tsv,5.0,5.04,5.95,3.0,3.0,2.0,{},,,
sub-mit054,9.0,9.0,17.mp4,17,17_9,328553.373532,343677.625132,1314.213494128,1374.710500528,60.49700639999992,250.0,1807.22,matched,,sub-mit054/eeg/sub-mit054_task-Emotion_eeg.set,sub-mit054/eeg/sub-mit054_task-Emotion_eeg.fdt,sub-mit054/eeg/sub-mit054_task-emotion_events.tsv,sub-mit054/beh/sub-mit054_task-Emotion_beh.tsv,1.01,8.95,2.99,3.0,3.0,1.0,"{'1': [u'', u'Afraid: Worried that something undesirable will occur or be done', u'', u'', ''], '0': [u'', u'Afraid: Worried that something undesirable will occur or be done', u'', u'', '']}",HVHA,"['moderately', 'moderately']","[9.714897871017456, 11.684617042541504]"
sub-mit054,10.0,10.0,16.mp4,16,16_10,358230.375105,373354.624191,1432.92150042,1493.418496764,60.49699634400008,250.0,1807.22,matched,,sub-mit054/eeg/sub-mit054_task-Emotion_eeg.set,sub-mit054/eeg/sub-mit054_task-Emotion_eeg.fdt,sub-mit054/eeg/sub-mit054_task-emotion_events.tsv,sub-mit054/beh/sub-mit054_task-Emotion_beh.tsv,1.01,5.0,4.98,3.0,3.0,1.97,"{'1': [u'', u'Hate: Have a strong aversion to (something)', u'', u'', ''], '0': [u'', u'Frustrated: Feeling or expressing distress and annoyance resulting from an inability \nto change or achieve somethin', u'', u'', '']}",HVHA,"['moderately', 'a little']","[20.664497137069702, 57.97465109825134]"
sub-mit054,11.0,11.0,3.mp4,3,3_11,396041.123548,411165.624091,1584.1644941920001,1644.662496364,60.498002171999815,250.0,1807.22,matched,,sub-mit054/eeg/sub-mit054_task-Emotion_eeg.set,sub-mit054/eeg/sub-mit054_task-Emotion_eeg.fdt,sub-mit054/eeg/sub-mit054_task-emotion_events.tsv,sub-mit054/beh/sub-mit054_task-Emotion_beh.tsv,5.04,4.96,5.0,3.0,2.0,1.98,{},,,
sub-mit061,1.0,1.0,neutral_1.mp4,neutral_1,neutral_1_1,42454.454396,57579.704281,169.817817584,230.318817124,60.50099953999998,250.0,1367.412,matched,,sub-mit061/eeg/sub-mit061_task-Emotion_eeg.set,sub-mit061/eeg/sub-mit061_task-Emotion_eeg.fdt,sub-mit061/eeg/sub-mit061_task-emotion_events.tsv,sub-mit061/beh/sub-mit061_task-Emotion_beh.tsv,5.08,2.97,2.99,3.0,4.0,2.03,"{'0': [u'', u'', u'', u'No Emotion From List', '']}",HVHA,['not at all'],[32.38010501861572]
sub-mit061,2.0,2.0,4.mp4,4,4_2,83431.706484,98556.204513,333.72682593599995,394.224818052,60.497992116000034,250.0,1367.412,matched,,sub-mit061/eeg/sub-mit061_task-Emotion_eeg.set,sub-mit061/eeg/sub-mit061_task-Emotion_eeg.fdt,sub-mit061/eeg/sub-mit061_task-emotion_events.tsv,sub-mit061/beh/sub-mit061_task-Emotion_beh.tsv,3.17,2.94,1.95,2.0,4.0,1.0,{},,,
sub-mit061,3.0,3.0,9.m4v,9,9_3,106744.955108,121869.204193,426.979820432,487.476816772,60.49699634000001,250.0,1367.412,matched,,sub-mit061/eeg/sub-mit061_task-Emotion_eeg.set,sub-mit061/eeg/sub-mit061_task-Emotion_eeg.fdt,sub-mit061/eeg/sub-mit061_task-emotion_events.tsv,sub-mit061/beh/sub-mit061_task-Emotion_beh.tsv,6.95,7.7,6.87,4.0,5.0,1.91,"{'1': [u'Adventorous: Willing to take risks or to try out new methods, ideas, or experiences', u'', u'', u'', ''], '0': [u'Happy: Feeling or showing pleasure or contentment', u'', u'', u'', '']}",HVHA,"['not at all', 'not at all']","[16.99414896965027, 26.750748872756958]"
sub-mit061,4.0,4.0,8.m4v,8,8_4,137395.955622,152519.455366,549.583822488,610.0778214640001,60.49399897600006,250.0,1367.412,matched,,sub-mit061/eeg/sub-mit061_task-Emotion_eeg.set,sub-mit061/eeg/sub-mit061_task-Emotion_eeg.fdt,sub-mit061/eeg/sub-mit061_task-emotion_events.tsv,sub-mit061/beh/sub-mit061_task-Emotion_beh.tsv,7.01,7.16,6.97,4.0,5.0,2.0,"{'1': [u'Happy: Feeling or showing pleasure or contentment', u'', u'', u'', ''], '0': [u'Aroused: Sexually excited', u'', u'', u'', ''], '2': [u'Aroused: Sexually excited', u'', u'', u'', '']}",HVHA,"['not at all', 'not at all', 'not at all']","[10.720300197601318, 33.6963791847229, 46.597008228302]"
sub-mit061,5.0,5.0,17.mp4,17,17_5,169705.456495,184829.954524,678.82182598,739.319818096,60.49799211599998,250.0,1367.412,matched,,sub-mit061/eeg/sub-mit061_task-Emotion_eeg.set,sub-mit061/eeg/sub-mit061_task-Emotion_eeg.fdt,sub-mit061/eeg/sub-mit061_task-emotion_events.tsv,sub-mit061/beh/sub-mit061_task-Emotion_beh.tsv,6.95,6.49,5.06,4.0,4.0,2.11,"{'0': [u'', u'Afraid: Worried that something undesirable will occur or be done', u'', u'', '']}",HVHA,['not at all'],[49.97786092758179]
sub-mit061,6.0,6.0,13.m4v,13,13_6,198511.455953,213636.954781,794.045823812,854.5478191240001,60.501995312000076,250.0,1367.412,matched,,sub-mit061/eeg/sub-mit061_task-Emotion_eeg.set,sub-mit061/eeg/sub-mit061_task-Emotion_eeg.fdt,sub-mit061/eeg/sub-mit061_task-emotion_events.tsv,sub-mit061/beh/sub-mit061_task-Emotion_beh.tsv,7.1,5.58,4.9,3.0,5.0,2.36,{},,,
sub-mit061,7.0,7.0,3.mp4,3,3_7,221369.454078,236496.454105,885.4778163120001,945.98581642,60.50800010799992,250.0,1367.412,matched,,sub-mit061/eeg/sub-mit061_task-Emotion_eeg.set,sub-mit061/eeg/sub-mit061_task-Emotion_eeg.fdt,sub-mit061/eeg/sub-mit061_task-emotion_events.tsv,sub-mit061/beh/sub-mit061_task-Emotion_beh.tsv,6.99,2.94,4.32,3.0,5.0,1.25,{},,,
sub-mit061,8.0,8.0,12.m4v,12,12_8,243381.206039,258506.204467,973.524824156,1034.024817868,60.49999371199988,250.0,1367.412,matched,,sub-mit061/eeg/sub-mit061_task-Emotion_eeg.set,sub-mit061/eeg/sub-mit061_task-Emotion_eeg.fdt,sub-mit061/eeg/sub-mit061_task-emotion_events.tsv,sub-mit061/beh/sub-mit061_task-Emotion_beh.tsv,9.0,7.06,6.02,5.0,5.0,4.35,"{'0': [u'Joyous: Full of happiness and joy', u'', u'', u'', '']}",HVHA,['not at all'],[4.802239894866943]
sub-mit061,9.0,9.0,neutral_2.mp4,neutral_2,neutral_2_9,266384.704784,281508.204527,1065.538819136,1126.0328181080001,60.4939989720001,250.0,1367.412,matched,,sub-mit061/eeg/sub-mit061_task-Emotion_eeg.set,sub-mit061/eeg/sub-mit061_task-Emotion_eeg.fdt,sub-mit061/eeg/sub-mit061_task-emotion_events.tsv,sub-mit061/beh/sub-mit061_task-Emotion_beh.tsv,5.04,2.94,4.0,3.0,2.0,1.72,{},,,
sub-mit061,10.0,10.0,5.mp4,5,5_10,287638.954818,302764.45616,1150.555819272,1211.05782464,60.50200536800003,250.0,1367.412,matched,,sub-mit061/eeg/sub-mit061_task-Emotion_eeg.set,sub-mit061/eeg/sub-mit061_task-Emotion_eeg.fdt,sub-mit061/eeg/sub-mit061_task-emotion_events.tsv,sub-mit061/beh/sub-mit061_task-Emotion_beh.tsv,1.93,3.19,3.01,2.0,3.0,1.87,"{'0': [u'', u'', u'Sad: Feeling or showing sorrow, unhappy', u'', '']}",HVHA,['not at all'],[48.191811084747314]
sub-mit061,11.0,11.0,1.mp4,1,1_11,311591.206212,326718.95558,1246.364824848,1306.87582232,60.5109974720001,250.0,1367.412,matched,,sub-mit061/eeg/sub-mit061_task-Emotion_eeg.set,sub-mit061/eeg/sub-mit061_task-Emotion_eeg.fdt,sub-mit061/eeg/sub-mit061_task-emotion_events.tsv,sub-mit061/beh/sub-mit061_task-Emotion_beh.tsv,5.0,6.77,4.07,3.0,5.0,1.61,"{'0': [u'Excited: Very enthusiastic and eager', u'', u'', u'', '']}",HVHA,['not at all'],[48.45364499092102]
sub-mit067,1.0,1.0,2.m4v,2,2_27,67212.520167,82337.269653,268.850080668,329.34907861199997,60.498997943999996,250.0,1866.712,matched,,sub-mit067/eeg/sub-mit067_task-Emotion_eeg.set,sub-mit067/eeg/sub-mit067_task-Emotion_eeg.fdt,sub-mit067/eeg/sub-mit067_task-emotion_events.tsv,sub-mit067/beh/sub-mit067_task-Emotion_beh.tsv,2.05,6.95,2.8,4.0,4.0,1.0,"{'0': [u'', u'Angry: Feeling or showing strong annoyance, displeasure, or hostility, full of anger', u'', u'', '']}",HVHA,['quit a bit'],[51.78641200065613]
sub-mit067,2.0,2.0,7.mp4,7,7_28,124564.271048,139688.771591,498.257084192,558.755086364,60.49800217200004,250.0,1866.712,matched,,sub-mit067/eeg/sub-mit067_task-Emotion_eeg.set,sub-mit067/eeg/sub-mit067_task-Emotion_eeg.fdt,sub-mit067/eeg/sub-mit067_task-emotion_events.tsv,sub-mit067/beh/sub-mit067_task-Emotion_beh.tsv,1.33,6.95,1.64,4.0,1.0,1.0,{},,,
sub-mit067,3.0,3.0,6.mp4,6,6_29,154437.270854,169562.020339,617.749083416,678.2480813560001,60.498997940000095,250.0,1866.712,matched,,sub-mit067/eeg/sub-mit067_task-Emotion_eeg.set,sub-mit067/eeg/sub-mit067_task-Emotion_eeg.fdt,sub-mit067/eeg/sub-mit067_task-emotion_events.tsv,sub-mit067/beh/sub-mit067_task-Emotion_beh.tsv,6.97,2.22,6.54,3.0,4.0,1.0,{},,,
sub-mit067,4.0,4.0,27.mp4,27,27_30,181122.427356,196247.176841,724.489709424,784.988707364,60.49899793999998,250.0,1866.712,matched,,sub-mit067/eeg/sub-mit067_task-Emotion_eeg.set,sub-mit067/eeg/sub-mit067_task-Emotion_eeg.fdt,sub-mit067/eeg/sub-mit067_task-emotion_events.tsv,sub-mit067/beh/sub-mit067_task-Emotion_beh.tsv,1.16,6.39,4.85,2.0,2.0,1.0,"{'1': [u'', u'Distress: Suffering from extreme anxiety, sorrow, or pain', u'', u'', ''], '0': [u'', u'Distress: Suffering from extreme anxiety, sorrow, or pain', u'', u'', '']}",HVHA,"['quit a bit', 'quit a bit']","[39.21260404586792, 58.83825612068176]"
sub-mit067,5.0,5.0,neutral_2.mp4,neutral_2,neutral_2_31,226191.427015,241320.177183,904.76570806,965.280708732,60.51500067200004,250.0,1866.712,matched,,sub-mit067/eeg/sub-mit067_task-Emotion_eeg.set,sub-mit067/eeg/sub-mit067_task-Emotion_eeg.fdt,sub-mit067/eeg/sub-mit067_task-emotion_events.tsv,sub-mit067/beh/sub-mit067_task-Emotion_beh.tsv,5.0,1.0,5.04,3.0,3.0,1.0,{},,,
sub-mit067,6.0,6.0,15.mp4,15,15_32,251132.925708,266257.677708,1004.531702832,1065.030710832,60.49900800000012,250.0,1866.712,matched,,sub-mit067/eeg/sub-mit067_task-Emotion_eeg.set,sub-mit067/eeg/sub-mit067_task-Emotion_eeg.fdt,sub-mit067/eeg/sub-mit067_task-emotion_events.tsv,sub-mit067/beh/sub-mit067_task-Emotion_beh.tsv,4.04,4.02,4.04,2.0,3.0,1.0,"{'0': [u'', u'Angry: Feeling or showing strong annoyance, displeasure, or hostility, full of anger', u'', u'', '']}",HVHA,['moderately'],[40.70954704284668]
sub-mit067,7.0,7.0,4.mp4,4,4_33,293163.425956,308288.177956,1172.6537038239999,1233.152711824,60.49900800000023,250.0,1866.712,matched,,sub-mit067/eeg/sub-mit067_task-Emotion_eeg.set,sub-mit067/eeg/sub-mit067_task-Emotion_eeg.fdt,sub-mit067/eeg/sub-mit067_task-emotion_events.tsv,sub-mit067/beh/sub-mit067_task-Emotion_beh.tsv,1.0,7.99,2.03,4.0,1.0,1.0,{},,,
sub-mit067,8.0,8.0,12.m4v,12,12_34,319655.675642,334780.427642,1278.622702568,1339.121710568,60.499008,250.0,1866.712,matched,,sub-mit067/eeg/sub-mit067_task-Emotion_eeg.set,sub-mit067/eeg/sub-mit067_task-Emotion_eeg.fdt,sub-mit067/eeg/sub-mit067_task-emotion_events.tsv,sub-mit067/beh/sub-mit067_task-Emotion_beh.tsv,8.57,7.78,7.99,5.0,4.0,3.99,"{'1': [u'Joyous: Full of happiness and joy', u'', u'', u'', ''], '0': [u'Joyous: Full of happiness and joy', u'', u'', u'', '']}",HVHA,"['quit a bit', 'quit a bit']","[32.935768127441406, 34.507112979888916]"
sub-mit067,9.0,9.0,5.mp4,5,5_35,366697.177679,381821.675707,1466.788710716,1527.286702828,60.49799211200002,250.0,1866.712,matched,,sub-mit067/eeg/sub-mit067_task-Emotion_eeg.set,sub-mit067/eeg/sub-mit067_task-Emotion_eeg.fdt,sub-mit067/eeg/sub-mit067_task-emotion_events.tsv,sub-mit067/beh/sub-mit067_task-Emotion_beh.tsv,1.41,6.02,4.98,2.0,2.0,1.0,"{'0': [u'', u'Angry: Feeling or showing strong annoyance, displeasure, or hostility, full of anger', u'', u'', '']}",HVHA,['very much'],[43.705668926239014]
sub-mit067,10.0,10.0,16.mp4,16,16_36,407452.926241,422577.675726,1629.811704964,1690.310702904,60.49899793999998,250.0,1866.712,matched,,sub-mit067/eeg/sub-mit067_task-Emotion_eeg.set,sub-mit067/eeg/sub-mit067_task-Emotion_eeg.fdt,sub-mit067/eeg/sub-mit067_task-emotion_events.tsv,sub-mit067/beh/sub-mit067_task-Emotion_beh.tsv,1.0,8.47,3.03,2.0,1.0,1.0,"{'0': [u'', u'Hate: Have a strong aversion to (something)', u'', u'', '']}",HVHA,['very much'],[51.93924117088318]
sub-mit072,1.0,1.0,neutral_1.mp4,neutral_1,neutral_1_1,55719.894916,70844.646916,222.87957966399998,283.378587664,60.49900800000003,250.0,3241.236,matched,,sub-mit072/eeg/sub-mit072_task-Emotion_eeg.set,sub-mit072/eeg/sub-mit072_task-Emotion_eeg.fdt,sub-mit072/eeg/sub-mit072_task-emotion_events.tsv,sub-mit072/beh/sub-mit072_task-Emotion_beh.tsv,3.05,6.99,6.06,2.0,2.0,1.0,"{'1': [u'', u'Alarmed: An anxious awareness of danger', u'', u'', ''], '0': [u'Adventorous: Willing to take risks or to try out new methods, ideas, or experiences', u'', u'', u'', ''], '2': [u'Adventorous: Willing to take risks or to try out new methods, ideas, or experiences', u'', u'', u'', '']}",HVHA,"['not at all', 'a little', 'moderately']","[10.141627788543701, 27.727800846099854, 53.371641874313354]"
sub-mit072,2.0,2.0,12.m4v,12,12_2,164016.395621,179140.896164,656.0655824840001,716.563584656,60.49800217199993,250.0,3241.236,matched,,sub-mit072/eeg/sub-mit072_task-Emotion_eeg.set,sub-mit072/eeg/sub-mit072_task-Emotion_eeg.fdt,sub-mit072/eeg/sub-mit072_task-emotion_events.tsv,sub-mit072/beh/sub-mit072_task-Emotion_beh.tsv,8.03,7.49,1.49,5.0,1.0,3.0,"{'1': [u'Joyous: Full of happiness and joy', u'', u'', u'', ''], '0': [u'Happy: Feeling or showing pleasure or contentment', u'', u'', u'', ''], '3': [u'Joyous: Full of happiness and joy', u'', u'', u'', ''], '2': [u'Amused: Finding something funny or entertaining.', u'', u'', u'', '']}",HVHA,"['quit a bit', 'quit a bit', 'moderately', 'moderately']","[4.074573040008545, 15.609161138534546, 31.20602321624756, 52.62050223350525]"
sub-mit072,3.0,3.0,16.mp4,16,16_3,238941.645529,254066.395015,955.766582116,1016.2655800599999,60.49899794399994,250.0,3241.236,matched,,sub-mit072/eeg/sub-mit072_task-Emotion_eeg.set,sub-mit072/eeg/sub-mit072_task-Emotion_eeg.fdt,sub-mit072/eeg/sub-mit072_task-emotion_events.tsv,sub-mit072/beh/sub-mit072_task-Emotion_beh.tsv,1.01,7.99,7.01,1.0,2.0,1.0,"{'1': [u'', u'Angry: Feeling or showing strong annoyance, displeasure, or hostility, full of anger', u'', u'', ''], '0': [u'', u'Disgust: A feeling of revulsion or strong disapproval aroused by something unpleasant\n or offensiv', u'', u'', ''], '3': [u'', u'Angry: Feeling or showing strong annoyance, displeasure, or hostility, full of anger', u'', u'', ''], '2': [u'', u'Startled: Feeling or showing sudden shock or alarm.', u'', u'', ''], '5': [u'', u'Alarmed: An anxious awareness of danger', u'', u'', ''], '4': [u'', u'Afraid: Worried that something undesirable will occur or be done', u'', u'', ''], '6': [u'', u'Afraid: Worried that something undesirable will occur or be done', u'', u'', '']}",HVHA,"['moderately', 'quit a bit', 'a little', 'quit a bit', 'moderately', 'quit a bit', 'quit a bit']","[10.563942193984985, 16.98304319381714, 24.5558021068573, 35.371583223342896, 46.37171125411987, 54.44560408592224, 56.35133218765259]"
sub-mit072,4.0,4.0,27.mp4,27,27_4,310275.719246,325400.219789,1241.102876984,1301.600879156,60.49800217200004,250.0,3241.236,matched,,sub-mit072/eeg/sub-mit072_task-Emotion_eeg.set,sub-mit072/eeg/sub-mit072_task-Emotion_eeg.fdt,sub-mit072/eeg/sub-mit072_task-emotion_events.tsv,sub-mit072/beh/sub-mit072_task-Emotion_beh.tsv,1.0,1.0,2.03,1.0,1.0,1.0,"{'1': [u'', u'', u'Despondent: In low spirits from loss of hope or courage.', u'', ''], '0': [u'', u'', u'Sad: Feeling or showing sorrow, unhappy', u'', ''], '3': [u'', u'', u'Sad: Feeling or showing sorrow, unhappy', u'', ''], '2': [u'', u'', u'Miserable: wretchedly unhappy or uncomfortable', u'', ''], '5': [u'', u'', u'Miserable: wretchedly unhappy or uncomfortable', u'', ''], '4': [u'', u'', u'Despondent: In low spirits from loss of hope or courage.', u'', '']}",HVHA,"['moderately', 'quit a bit', 'quit a bit', 'moderately', 'quit a bit', 'moderately']","[21.037898063659668, 30.63329315185547, 34.51197409629822, 42.73671197891235, 49.4569730758667, 57.04594016075134]"
sub-mit072,5.0,5.0,17.mp4,17,17_5,403447.467951,418572.219951,1613.789871804,1674.288879804,60.499008,250.0,3241.236,matched,,sub-mit072/eeg/sub-mit072_task-Emotion_eeg.set,sub-mit072/eeg/sub-mit072_task-Emotion_eeg.fdt,sub-mit072/eeg/sub-mit072_task-emotion_events.tsv,sub-mit072/beh/sub-mit072_task-Emotion_beh.tsv,2.96,6.06,4.04,2.0,1.0,1.0,"{'1': [u'', u'Afraid: Worried that something undesirable will occur or be done', u'', u'', ''], '0': [u'', u'Alarmed: An anxious awareness of danger', u'', u'', '']}",HVHA,"['quit a bit', 'very much']","[8.623614072799683, 49.99770903587341]"
sub-mit072,6.0,6.0,13.m4v,13,13_6,452106.21881,467230.968295,1808.42487524,1868.92387318,60.49899794000021,250.0,3241.236,matched,,sub-mit072/eeg/sub-mit072_task-Emotion_eeg.set,sub-mit072/eeg/sub-mit072_task-Emotion_eeg.fdt,sub-mit072/eeg/sub-mit072_task-emotion_events.tsv,sub-mit072/beh/sub-mit072_task-Emotion_beh.tsv,8.07,7.01,1.99,4.0,4.0,2.02,"{'1': [u'Delighted: Feeling or showing great pleasure', u'', u'', u'', ''], '0': [u'Happy: Feeling or showing pleasure or contentment', u'', u'', u'', ''], '2': [u'Joyous: Full of happiness and joy', u'', u'', u'', '']}",HVHA,"['moderately', 'quit a bit', 'a little']","[6.845206022262573, 12.779623985290527, 35.91612005233765]"
sub-mit072,7.0,7.0,15.mp4,15,15_7,504572.236527,519696.73707,2018.288946108,2078.7869482799997,60.498002171999815,250.0,3241.236,matched,,sub-mit072/eeg/sub-mit072_task-Emotion_eeg.set,sub-mit072/eeg/sub-mit072_task-Emotion_eeg.fdt,sub-mit072/eeg/sub-mit072_task-emotion_events.tsv,sub-mit072/beh/sub-mit072_task-Emotion_beh.tsv,1.0,6.02,7.99,1.0,1.0,1.0,"{'1': [u'', u'Angry: Feeling or showing strong annoyance, displeasure, or hostility, full of anger', u'', u'', ''], '0': [u'', u'Afraid: Worried that something undesirable will occur or be done', u'', u'', ''], '3': [u'', u'', u'Sad: Feeling or showing sorrow, unhappy', u'', ''], '2': [u'', u'Disgust: A feeling of revulsion or strong disapproval aroused by something unpleasant\n or offensiv', u'', u'', ''], '5': [u'', u'Hate: Have a strong aversion to (something)', u'', u'', ''], '4': [u'', u'Distress: Suffering from extreme anxiety, sorrow, or pain', u'', u'', '']}",HVHA,"['a little', 'quit a bit', 'quit a bit', 'a little', 'quit a bit', 'moderately']","[5.18622612953186, 22.053561210632324, 31.649147033691406, 35.945261001586914, 49.87037515640259, 57.81101417541504]"
sub-mit072,8.0,8.0,neutral_2.mp4,neutral_2,neutral_2_8,592361.236818,607485.737361,2369.444947272,2429.942949444,60.49800217200027,250.0,3241.236,matched,,sub-mit072/eeg/sub-mit072_task-Emotion_eeg.set,sub-mit072/eeg/sub-mit072_task-Emotion_eeg.fdt,sub-mit072/eeg/sub-mit072_task-emotion_events.tsv,sub-mit072/beh/sub-mit072_task-Emotion_beh.tsv,4.94,5.04,6.95,3.0,1.0,1.0,"{'1': [u'', u'Alarmed: An anxious awareness of danger', u'', u'', ''], '0': [u'', u'Startled: Feeling or showing sudden shock or alarm.', u'', u'', '']}",HVHA,"['quit a bit', 'moderately']","[22.623171091079712, 26.618548154830933]"
sub-mit072,9.0,9.0,8.m4v,8,8_9,652611.584641,667230.586015,2610.446338564,2668.92234406,58.47600549599974,250.0,3241.236,matched,,sub-mit072/eeg/sub-mit072_task-Emotion_eeg.set,sub-mit072/eeg/sub-mit072_task-Emotion_eeg.fdt,sub-mit072/eeg/sub-mit072_task-emotion_events.tsv,sub-mit072/beh/sub-mit072_task-Emotion_beh.tsv,9.0,8.01,1.97,5.0,3.0,1.0,"{'1': [u'Aroused: Sexually excited', u'', u'', u'', ''], '0': [u'Excited: Very enthusiastic and eager', u'', u'', u'', ''], '3': [u'Aroused: Sexually excited', u'', u'', u'', ''], '2': [u'Delighted: Feeling or showing great pleasure', u'', u'', u'', ''], '4': [u'Aroused: Sexually excited', u'', u'', u'', '']}",HVHA,"['moderately', 'moderately', 'moderately', 'quit a bit', 'quit a bit']","[16.69767689704895, 20.643123865127563, 43.4783079624176, 45.51771092414856, 47.85790801048279]"
sub-mit072,10.0,,9,9,9_10,711643.086519,726767.836005,2846.572346076,2907.07134402,60.498997944000166,250.0,3241.236,event_only,missing_behavior_row,sub-mit072/eeg/sub-mit072_task-Emotion_eeg.set,sub-mit072/eeg/sub-mit072_task-Emotion_eeg.fdt,sub-mit072/eeg/sub-mit072_task-emotion_events.tsv,sub-mit072/beh/sub-mit072_task-Emotion_beh.tsv,,,,,,,,,,
sub-mit072,11.0,,2,2,2_11,754807.084944,769475.336705,3019.228339776,3077.90134682,58.67300704399986,250.0,3241.236,event_only,missing_behavior_row,sub-mit072/eeg/sub-mit072_task-Emotion_eeg.set,sub-mit072/eeg/sub-mit072_task-Emotion_eeg.fdt,sub-mit072/eeg/sub-mit072_task-emotion_events.tsv,sub-mit072/beh/sub-mit072_task-Emotion_beh.tsv,,,,,,,,,,
sub-mit074,1.0,,neutral_1,neutral_1,neutral_1_1,57691.688184,72820.186894,230.766752736,291.280747576,60.51399484000001,250.0,1608.84,event_only,missing_behavior_row,sub-mit074/eeg/sub-mit074_task-Emotion_eeg.set,sub-mit074/eeg/sub-mit074_task-Emotion_eeg.fdt,sub-mit074/eeg/sub-mit074_task-emotion_events.tsv,,,,,,,,,,,
sub-mit074,2.0,,4,4,4_2,81555.187795,96683.686506,326.22075118000004,386.734746024,60.51399484399997,250.0,1608.84,event_only,missing_behavior_row,sub-mit074/eeg/sub-mit074_task-Emotion_eeg.set,sub-mit074/eeg/sub-mit074_task-Emotion_eeg.fdt,sub-mit074/eeg/sub-mit074_task-emotion_events.tsv,,,,,,,,,,,
sub-mit074,3.0,,8,8,8_3,104604.688101,119733.186811,418.41875240400003,478.93274724400004,60.51399484000001,250.0,1608.84,event_only,missing_behavior_row,sub-mit074/eeg/sub-mit074_task-Emotion_eeg.set,sub-mit074/eeg/sub-mit074_task-Emotion_eeg.fdt,sub-mit074/eeg/sub-mit074_task-emotion_events.tsv,,,,,,,,,,,
sub-mit074,4.0,,neutral_2,neutral_2,neutral_2_4,140128.688235,155252.937321,560.51475294,621.0117492840001,60.49699634400008,250.0,1608.84,event_only,missing_behavior_row,sub-mit074/eeg/sub-mit074_task-Emotion_eeg.set,sub-mit074/eeg/sub-mit074_task-Emotion_eeg.fdt,sub-mit074/eeg/sub-mit074_task-emotion_events.tsv,,,,,,,,,,,
sub-mit074,5.0,,17,17,17_5,171512.686182,186636.937782,686.050744728,746.547751128,60.49700639999992,250.0,1608.84,event_only,missing_behavior_row,sub-mit074/eeg/sub-mit074_task-Emotion_eeg.set,sub-mit074/eeg/sub-mit074_task-Emotion_eeg.fdt,sub-mit074/eeg/sub-mit074_task-emotion_events.tsv,,,,,,,,,,,
sub-mit074,6.0,,5,5,5_6,208401.188068,223525.688611,833.6047522719999,894.102754444,60.49800217200004,250.0,1608.84,event_only,missing_behavior_row,sub-mit074/eeg/sub-mit074_task-Emotion_eeg.set,sub-mit074/eeg/sub-mit074_task-Emotion_eeg.fdt,sub-mit074/eeg/sub-mit074_task-emotion_events.tsv,,,,,,,,,,,
sub-mit074,7.0,,24,24,24_7,238532.681905,253657.182448,954.13072762,1014.6287297920001,60.49800217200004,250.0,1608.84,event_only,missing_behavior_row,sub-mit074/eeg/sub-mit074_task-Emotion_eeg.set,sub-mit074/eeg/sub-mit074_task-Emotion_eeg.fdt,sub-mit074/eeg/sub-mit074_task-emotion_events.tsv,,,,,,,,,,,
sub-mit074,8.0,,16,16,16_8,270571.93178,285696.18338,1082.28772712,1142.78473352,60.49700639999992,250.0,1608.84,event_only,missing_behavior_row,sub-mit074/eeg/sub-mit074_task-Emotion_eeg.set,sub-mit074/eeg/sub-mit074_task-Emotion_eeg.fdt,sub-mit074/eeg/sub-mit074_task-emotion_events.tsv,,,,,,,,,,,
sub-mit074,9.0,,27,27,27_9,300929.18263,316053.431716,1203.71673052,1264.2137268640001,60.49699634400008,250.0,1608.84,event_only,missing_behavior_row,sub-mit074/eeg/sub-mit074_task-Emotion_eeg.set,sub-mit074/eeg/sub-mit074_task-Emotion_eeg.fdt,sub-mit074/eeg/sub-mit074_task-emotion_events.tsv,,,,,,,,,,,
sub-mit074,10.0,,2,2,2_10,339591.432691,354715.933234,1358.365730764,1418.863732936,60.498002171999815,250.0,1608.84,event_only,missing_behavior_row,sub-mit074/eeg/sub-mit074_task-Emotion_eeg.set,sub-mit074/eeg/sub-mit074_task-Emotion_eeg.fdt,sub-mit074/eeg/sub-mit074_task-emotion_events.tsv,,,,,,,,,,,
sub-mit074,11.0,,3,3,3_11,372273.432046,387397.681132,1489.093728184,1549.590724528,60.49699634400008,250.0,1608.84,event_only,missing_behavior_row,sub-mit074/eeg/sub-mit074_task-Emotion_eeg.set,sub-mit074/eeg/sub-mit074_task-Emotion_eeg.fdt,sub-mit074/eeg/sub-mit074_task-emotion_events.tsv,,,,,,,,,,,
sub-mit076,1.0,1.0,neutral_1.mp4,neutral_1,neutral_1_1,61221.952178,76346.450206,244.887808712,305.385800824,60.49799211199999,250.0,1942.028,matched,,sub-mit076/eeg/sub-mit076_task-Emotion_eeg.set,sub-mit076/eeg/sub-mit076_task-Emotion_eeg.fdt,sub-mit076/eeg/sub-mit076_task-emotion_events.tsv,sub-mit076/beh/sub-mit076_task-Emotion_beh.tsv,4.92,4.94,5.06,2.0,1.0,1.0,"{'0': [u'', u'', u'No Emotion From List', u'', '']}",HVHA,['a little'],[58.05061411857605]
sub-mit076,2.0,2.0,17.mp4,17,17_2,97200.70241,112325.200438,388.80280963999996,449.300801752,60.49799211200002,250.0,1942.028,matched,,sub-mit076/eeg/sub-mit076_task-Emotion_eeg.set,sub-mit076/eeg/sub-mit076_task-Emotion_eeg.fdt,sub-mit076/eeg/sub-mit076_task-emotion_events.tsv,sub-mit076/beh/sub-mit076_task-Emotion_beh.tsv,1.03,8.92,5.98,2.0,1.0,3.08,{},,,
sub-mit076,3.0,3.0,23.mp4,23,23_3,124415.451195,139543.95242,497.66180478,558.1758096799999,60.51400489999992,250.0,1942.028,matched,,sub-mit076/eeg/sub-mit076_task-Emotion_eeg.set,sub-mit076/eeg/sub-mit076_task-Emotion_eeg.fdt,sub-mit076/eeg/sub-mit076_task-emotion_events.tsv,sub-mit076/beh/sub-mit076_task-Emotion_beh.tsv,8.97,5.02,5.04,5.0,3.0,4.08,{},,,
sub-mit076,4.0,4.0,1.mp4,1,1_4,151029.202435,166153.700463,604.11680974,664.6148018519999,60.497992111999906,250.0,1942.028,matched,,sub-mit076/eeg/sub-mit076_task-Emotion_eeg.set,sub-mit076/eeg/sub-mit076_task-Emotion_eeg.fdt,sub-mit076/eeg/sub-mit076_task-emotion_events.tsv,sub-mit076/beh/sub-mit076_task-Emotion_beh.tsv,1.05,9.0,8.01,1.0,3.0,1.97,"{'1': [u'', u'Afraid: Worried that something undesirable will occur or be done', u'', u'', ''], '0': [u'', u'', u'Taken Aback: Shock or surprise someone.', u'', ''], '2': [u'', u'Afraid: Worried that something undesirable will occur or be done', u'', u'', '']}",HVHA,"['not at all', 'not at all', 'not at all']","[15.458051919937134, 33.77103877067566, 47.86044883728027]"
sub-mit076,5.0,5.0,8.m4v,8,8_5,188213.401724,203341.900435,752.853606896,813.3676017399999,60.51399484399997,250.0,1942.028,matched,,sub-mit076/eeg/sub-mit076_task-Emotion_eeg.set,sub-mit076/eeg/sub-mit076_task-Emotion_eeg.fdt,sub-mit076/eeg/sub-mit076_task-emotion_events.tsv,sub-mit076/beh/sub-mit076_task-Emotion_beh.tsv,7.93,7.06,4.96,4.0,3.0,1.0,{},,,
sub-mit076,6.0,6.0,neutral_2.mp4,neutral_2,neutral_2_6,213199.400779,228323.901322,852.797603116,913.2956052879999,60.49800217199993,250.0,1942.028,matched,,sub-mit076/eeg/sub-mit076_task-Emotion_eeg.set,sub-mit076/eeg/sub-mit076_task-Emotion_eeg.fdt,sub-mit076/eeg/sub-mit076_task-emotion_events.tsv,sub-mit076/beh/sub-mit076_task-Emotion_beh.tsv,1.0,7.18,6.91,2.0,1.0,1.06,{},,,
sub-mit076,7.0,7.0,3.mp4,3,3_7,239183.151413,254307.400499,956.7326056520001,1017.229601996,60.49699634399997,250.0,1942.028,matched,,sub-mit076/eeg/sub-mit076_task-Emotion_eeg.set,sub-mit076/eeg/sub-mit076_task-Emotion_eeg.fdt,sub-mit076/eeg/sub-mit076_task-emotion_events.tsv,sub-mit076/beh/sub-mit076_task-Emotion_beh.tsv,8.05,5.08,6.77,4.0,1.0,1.0,"{'1': [u'', u'', u'', u'Peaceful: Free from disturbance, tranquil.', ''], '0': [u'', u'', u'', u'Hopeful: Feeling or inspiring optimism about a future event.', ''], '2': [u'Amused: Finding something funny or entertaining.', u'', u'', u'', '']}",HVHA,"['not at all', 'not at all', 'not at all']","[15.824787139892578, 24.705796003341675, 56.67395901679993]"
sub-mit076,8.0,8.0,4.mp4,4,4_8,281338.402041,296462.900069,1125.353608164,1185.851600276,60.49799211200002,250.0,1942.028,matched,,sub-mit076/eeg/sub-mit076_task-Emotion_eeg.set,sub-mit076/eeg/sub-mit076_task-Emotion_eeg.fdt,sub-mit076/eeg/sub-mit076_task-emotion_events.tsv,sub-mit076/beh/sub-mit076_task-Emotion_beh.tsv,1.0,6.93,4.0,1.0,5.0,1.06,"{'1': [u'', u'', u'Melancholic: Feeling or expressing pensive sadness', u'', ''], '0': [u'', u'Distress: Suffering from extreme anxiety, sorrow, or pain', u'', u'', '']}",HVHA,"['not at all', 'not at all']","[4.363909006118774, 39.30355501174927]"
sub-mit076,9.0,9.0,28.mp4,28,28_9,327897.203145,343021.703688,1311.58881258,1372.086814752,60.49800217200004,250.0,1942.028,matched,,sub-mit076/eeg/sub-mit076_task-Emotion_eeg.set,sub-mit076/eeg/sub-mit076_task-Emotion_eeg.fdt,sub-mit076/eeg/sub-mit076_task-emotion_events.tsv,sub-mit076/beh/sub-mit076_task-Emotion_beh.tsv,5.0,1.0,1.0,1.0,1.0,1.05,{},,,
sub-mit076,10.0,10.0,6.mp4,6,6_10,354765.703053,369889.954654,1419.062812212,1479.559818616,60.4970064040001,250.0,1942.028,matched,,sub-mit076/eeg/sub-mit076_task-Emotion_eeg.set,sub-mit076/eeg/sub-mit076_task-Emotion_eeg.fdt,sub-mit076/eeg/sub-mit076_task-emotion_events.tsv,sub-mit076/beh/sub-mit076_task-Emotion_beh.tsv,8.05,9.0,9.0,4.0,1.0,1.03,{},,,
sub-mit079,1.0,,4,4,4_1,36900.441069,52024.941612,147.601764276,208.099766448,60.498002171999985,250.0,1934.872,event_only,missing_behavior_row,sub-mit079/eeg/sub-mit079_task-Emotion_eeg.set,sub-mit079/eeg/sub-mit079_task-Emotion_eeg.fdt,sub-mit079/eeg/sub-mit079_task-emotion_events.tsv,,,,,,,,,,,
sub-mit079,2.0,,5,5,5_2,81969.191786,97093.941271,327.876767144,388.375765084,60.49899794000004,250.0,1934.872,event_only,missing_behavior_row,sub-mit079/eeg/sub-mit079_task-Emotion_eeg.set,sub-mit079/eeg/sub-mit079_task-Emotion_eeg.fdt,sub-mit079/eeg/sub-mit079_task-emotion_events.tsv,,,,,,,,,,,
sub-mit079,3.0,,28,28,28_3,132855.442632,147980.192117,531.4217705279999,591.920768468,60.498997940000095,250.0,1934.872,event_only,missing_behavior_row,sub-mit079/eeg/sub-mit079_task-Emotion_eeg.set,sub-mit079/eeg/sub-mit079_task-Emotion_eeg.fdt,sub-mit079/eeg/sub-mit079_task-emotion_events.tsv,,,,,,,,,,,
sub-mit079,4.0,,neutral_2,neutral_2,neutral_2_4,161447.17908,176571.677108,645.78871632,706.2867084320001,60.49799211200002,250.0,1934.872,event_only,missing_behavior_row,sub-mit079/eeg/sub-mit079_task-Emotion_eeg.set,sub-mit079/eeg/sub-mit079_task-Emotion_eeg.fdt,sub-mit079/eeg/sub-mit079_task-emotion_events.tsv,,,,,,,,,,,
sub-mit079,5.0,,8,8,8_5,208747.679409,223872.428895,834.990717636,895.4897155799999,60.49899794399994,250.0,1934.872,event_only,missing_behavior_row,sub-mit079/eeg/sub-mit079_task-Emotion_eeg.set,sub-mit079/eeg/sub-mit079_task-Emotion_eeg.fdt,sub-mit079/eeg/sub-mit079_task-emotion_events.tsv,,,,,,,,,,,
sub-mit079,6.0,,1,1,1_6,246385.679342,261514.678453,985.5427173679999,1046.058713812,60.51599644400005,250.0,1934.872,event_only,missing_behavior_row,sub-mit079/eeg/sub-mit079_task-Emotion_eeg.set,sub-mit079/eeg/sub-mit079_task-Emotion_eeg.fdt,sub-mit079/eeg/sub-mit079_task-emotion_events.tsv,,,,,,,,,,,
sub-mit079,7.0,,7,7,7_7,298791.498513,313915.999055,1195.165994052,1255.6639962200002,60.498002168000085,250.0,1934.872,event_only,missing_behavior_row,sub-mit079/eeg/sub-mit079_task-Emotion_eeg.set,sub-mit079/eeg/sub-mit079_task-Emotion_eeg.fdt,sub-mit079/eeg/sub-mit079_task-emotion_events.tsv,,,,,,,,,,,
sub-mit079,8.0,,16,16,16_8,332200.249106,347324.749649,1328.800996424,1389.298998596,60.49800217200004,250.0,1934.872,event_only,missing_behavior_row,sub-mit079/eeg/sub-mit079_task-Emotion_eeg.set,sub-mit079/eeg/sub-mit079_task-Emotion_eeg.fdt,sub-mit079/eeg/sub-mit079_task-emotion_events.tsv,,,,,,,,,,,
sub-mit079,9.0,,3,3,3_9,383788.749211,398913.249754,1535.154996844,1595.652999016,60.49800217200004,250.0,1934.872,event_only,missing_behavior_row,sub-mit079/eeg/sub-mit079_task-Emotion_eeg.set,sub-mit079/eeg/sub-mit079_task-Emotion_eeg.fdt,sub-mit079/eeg/sub-mit079_task-emotion_events.tsv,,,,,,,,,,,
sub-mit079,10.0,,27,27,27_10,440555.24879,455679.749333,1762.22099516,1822.7189973319998,60.498002171999815,250.0,1934.872,event_only,missing_behavior_row,sub-mit079/eeg/sub-mit079_task-Emotion_eeg.set,sub-mit079/eeg/sub-mit079_task-Emotion_eeg.fdt,sub-mit079/eeg/sub-mit079_task-emotion_events.tsv,,,,,,,,,,,
sub-mit080,1.0,,neutral_1,neutral_1,neutral_1_1,42216.440197,57341.939025,168.86576078800002,229.3677561,60.50199531199999,250.0,1932.648,event_only,missing_behavior_row,sub-mit080/eeg/sub-mit080_task-Emotion_eeg.set,sub-mit080/eeg/sub-mit080_task-Emotion_eeg.fdt,sub-mit080/eeg/sub-mit080_task-emotion_events.tsv,,,,,,,,,,,
sub-mit080,2.0,,17,17,17_2,75311.689172,90436.189715,301.246756688,361.74475886,60.498002171999985,250.0,1932.648,event_only,missing_behavior_row,sub-mit080/eeg/sub-mit080_task-Emotion_eeg.set,sub-mit080/eeg/sub-mit080_task-Emotion_eeg.fdt,sub-mit080/eeg/sub-mit080_task-emotion_events.tsv,,,,,,,,,,,
sub-mit080,3.0,,8,8,8_3,140623.440128,155747.188814,562.493760512,622.988755256,60.494994743999996,250.0,1932.648,event_only,missing_behavior_row,sub-mit080/eeg/sub-mit080_task-Emotion_eeg.set,sub-mit080/eeg/sub-mit080_task-Emotion_eeg.fdt,sub-mit080/eeg/sub-mit080_task-emotion_events.tsv,,,,,,,,,,,
sub-mit080,4.0,,9,9,9_4,220412.706527,235539.206154,881.650826108,942.1568246160001,60.50599850800006,250.0,1932.648,event_only,missing_behavior_row,sub-mit080/eeg/sub-mit080_task-Emotion_eeg.set,sub-mit080/eeg/sub-mit080_task-Emotion_eeg.fdt,sub-mit080/eeg/sub-mit080_task-emotion_events.tsv,,,,,,,,,,,
sub-mit080,5.0,,16,16,16_5,244801.457263,259926.206748,979.205829052,1039.7048269919999,60.49899793999987,250.0,1932.648,event_only,missing_behavior_row,sub-mit080/eeg/sub-mit080_task-Emotion_eeg.set,sub-mit080/eeg/sub-mit080_task-Emotion_eeg.fdt,sub-mit080/eeg/sub-mit080_task-emotion_events.tsv,,,,,,,,,,,
sub-mit080,6.0,,24,24,24_6,275058.457199,290184.707883,1100.233828796,1160.7388315320002,60.50500273600028,250.0,1932.648,event_only,missing_behavior_row,sub-mit080/eeg/sub-mit080_task-Emotion_eeg.set,sub-mit080/eeg/sub-mit080_task-Emotion_eeg.fdt,sub-mit080/eeg/sub-mit080_task-emotion_events.tsv,,,,,,,,,,,
sub-mit080,7.0,,4,4,4_7,320079.70767,335204.205698,1280.3188306799998,1340.8168227919998,60.49799211200002,250.0,1932.648,event_only,missing_behavior_row,sub-mit080/eeg/sub-mit080_task-Emotion_eeg.set,sub-mit080/eeg/sub-mit080_task-Emotion_eeg.fdt,sub-mit080/eeg/sub-mit080_task-emotion_events.tsv,,,,,,,,,,,
sub-mit080,8.0,,13,13,13_8,379336.95767,394462.456497,1517.3478306799998,1577.849825988,60.50199530800023,250.0,1932.648,event_only,missing_behavior_row,sub-mit080/eeg/sub-mit080_task-Emotion_eeg.set,sub-mit080/eeg/sub-mit080_task-Emotion_eeg.fdt,sub-mit080/eeg/sub-mit080_task-emotion_events.tsv,,,,,,,,,,,
sub-mit080,9.0,,neutral_2,neutral_2,neutral_2_9,401986.45763,417112.957257,1607.94583052,1668.4518290279998,60.50599850799972,250.0,1932.648,event_only,missing_behavior_row,sub-mit080/eeg/sub-mit080_task-Emotion_eeg.set,sub-mit080/eeg/sub-mit080_task-Emotion_eeg.fdt,sub-mit080/eeg/sub-mit080_task-emotion_events.tsv,,,,,,,,,,,
sub-mit080,10.0,,15,15,15_10,424754.456746,439880.207031,1699.0178269839998,1759.520828124,60.50300114000015,250.0,1932.648,event_only,missing_behavior_row,sub-mit080/eeg/sub-mit080_task-Emotion_eeg.set,sub-mit080/eeg/sub-mit080_task-Emotion_eeg.fdt,sub-mit080/eeg/sub-mit080_task-emotion_events.tsv,,,,,,,,,,,
sub-mit080,11.0,,7,7,7_11,449158.707297,464283.205326,1796.634829188,1857.132821304,60.49799211599998,250.0,1932.648,event_only,missing_behavior_row,sub-mit080/eeg/sub-mit080_task-Emotion_eeg.set,sub-mit080/eeg/sub-mit080_task-Emotion_eeg.fdt,sub-mit080/eeg/sub-mit080_task-emotion_events.tsv,,,,,,,,,,,
sub-mit081,1.0,1.0,neutral_1.mp4,neutral_1,neutral_1_1,49567.282945,64691.780973,,,,,,matched,missing_sampling_frequency;missing_eeg_set;missing_eeg_fdt,,,sub-mit081/eeg/sub-mit081_task-emotion_events.tsv,sub-mit081/beh/sub-mit081_task-Emotion_beh.tsv,6.02,5.02,5.02,4.0,2.0,3.0,{},,,
sub-mit081,2.0,2.0,16.mp4,16,16_2,81464.532483,96593.031194,,,,,,matched,missing_sampling_frequency;missing_eeg_set;missing_eeg_fdt,,,sub-mit081/eeg/sub-mit081_task-emotion_events.tsv,sub-mit081/beh/sub-mit081_task-Emotion_beh.tsv,2.11,5.0,5.1,3.0,4.0,4.0,{},,,
sub-mit081,3.0,3.0,2.m4v,2,2_3,114288.283233,129416.781943,,,,,,matched,missing_sampling_frequency;missing_eeg_set;missing_eeg_fdt,,,sub-mit081/eeg/sub-mit081_task-emotion_events.tsv,sub-mit081/beh/sub-mit081_task-Emotion_beh.tsv,2.01,2.97,5.1,3.0,3.0,2.02,"{'1': [u'', u'Afraid: Worried that something undesirable will occur or be done', u'', u'', ''], '0': [u'', u'', u'Sad: Feeling or showing sorrow, unhappy', u'', '']}",HVHA,"['moderately', 'moderately']","[53.70380401611328, 58.41108417510986]"
sub-mit081,4.0,4.0,8.m4v,8,8_4,163751.281891,178875.782434,,,,,,matched,missing_sampling_frequency;missing_eeg_set;missing_eeg_fdt,,,sub-mit081/eeg/sub-mit081_task-emotion_events.tsv,sub-mit081/beh/sub-mit081_task-Emotion_beh.tsv,6.1,4.98,6.06,4.0,2.0,2.0,{},,,
sub-mit081,5.0,5.0,7.mp4,7,7_5,192376.782931,207505.281642,,,,,,matched,missing_sampling_frequency;missing_eeg_set;missing_eeg_fdt,,,sub-mit081/eeg/sub-mit081_task-emotion_events.tsv,sub-mit081/beh/sub-mit081_task-Emotion_beh.tsv,1.93,7.03,5.08,1.0,1.0,1.02,{},HVHA,"['not at all', 'not at all', 'not at all']","[50.13121676445007, 52.63514280319214, 56.32452464103699]"
sub-mit081,6.0,6.0,12.m4v,12,12_6,231819.53067,246943.78227,,,,,,matched,missing_sampling_frequency;missing_eeg_set;missing_eeg_fdt,,,sub-mit081/eeg/sub-mit081_task-emotion_events.tsv,sub-mit081/beh/sub-mit081_task-Emotion_beh.tsv,5.95,7.01,4.92,3.0,3.0,3.59,{},,,
sub-mit081,7.0,7.0,3.mp4,3,3_7,258742.030989,273866.28259,,,,,,matched,missing_sampling_frequency;missing_eeg_set;missing_eeg_fdt,,,sub-mit081/eeg/sub-mit081_task-emotion_events.tsv,sub-mit081/beh/sub-mit081_task-Emotion_beh.tsv,6.99,6.02,5.08,4.0,3.0,3.01,"{'0': [u'Happy: Feeling or showing pleasure or contentment', u'', u'', u'', '']}",HVHA,['not at all'],[55.67290997505188]
sub-mit081,8.0,8.0,neutral_2.mp4,neutral_2,neutral_2_8,296849.196446,311977.695157,,,,,,matched,missing_sampling_frequency;missing_eeg_set;missing_eeg_fdt,,,sub-mit081/eeg/sub-mit081_task-emotion_events.tsv,sub-mit081/beh/sub-mit081_task-Emotion_beh.tsv,5.0,2.03,4.83,3.0,2.0,2.1,{},,,
sub-mit081,9.0,9.0,17.mp4,17,17_9,320967.195784,336091.696327,,,,,,matched,missing_sampling_frequency;missing_eeg_set;missing_eeg_fdt,,,sub-mit081/eeg/sub-mit081_task-emotion_events.tsv,sub-mit081/beh/sub-mit081_task-Emotion_beh.tsv,2.01,8.05,6.91,2.0,2.0,2.0,"{'1': [u'', u'Afraid: Worried that something undesirable will occur or be done', u'', u'', ''], '0': [u'', u'Startled: Feeling or showing sudden shock or alarm.', u'', u'', ''], '3': [u'', u'Startled: Feeling or showing sudden shock or alarm.', u'', u'', ''], '2': [u'', u'Startled: Feeling or showing sudden shock or alarm.', u'', u'', ''], '4': [u'', u'Startled: Feeling or showing sudden shock or alarm.', u'', u'', '']}",HVHA,"['a little', 'quit a bit', 'quit a bit', 'quit a bit', 'moderately', 'not at all', 'not at all']","[8.24603009223938, 9.214457988739014, 10.199390172958374, 10.449723958969116, 45.60637307167053, 59.36180305480957, 59.6290340423584]"
sub-mit081,10.0,10.0,4.mp4,4,4_10,376348.196943,391472.446029,,,,,,matched,missing_sampling_frequency;missing_eeg_set;missing_eeg_fdt,,,sub-mit081/eeg/sub-mit081_task-emotion_events.tsv,sub-mit081/beh/sub-mit081_task-Emotion_beh.tsv,2.3,9.0,1.86,2.0,1.0,1.4,"{'5': [u'', u'Afraid: Worried that something undesirable will occur or be done', u'', u'', ''], '6': [u'', u'Afraid: Worried that something undesirable will occur or be done', u'', u'', ''], '9': [u'', u'Afraid: Worried that something undesirable will occur or be done', u'', u'', '']}",HVHA,"['quit a bit', 'quit a bit', 'a little', 'not at all', 'not at all', 'moderately', 'moderately', 'not at all', 'not at all', 'moderately']","[2.732903003692627, 3.3840830326080322, 4.836323022842407, 6.338676929473877, 8.842792987823486, 10.027863025665283, 11.19682002067566, 23.649926900863647, 25.035577058792114, 58.005309104919434]"
sub-mit081,11.0,11.0,9.m4v,9,9_11,464844.94586,479969.446403,,,,,,matched,missing_sampling_frequency;missing_eeg_set;missing_eeg_fdt,,,sub-mit081/eeg/sub-mit081_task-emotion_events.tsv,sub-mit081/beh/sub-mit081_task-Emotion_beh.tsv,4.94,8.18,8.09,3.0,3.0,2.03,{},,,
sub-mit082,1.0,1.0,neutral_1.mp4,neutral_1,neutral_1_1,73314.154241,88438.654784,293.256616964,353.754619136,60.498002171999985,250.0,1818.176,matched,,sub-mit082/eeg/sub-mit082_task-Emotion_eeg.set,sub-mit082/eeg/sub-mit082_task-Emotion_eeg.fdt,sub-mit082/eeg/sub-mit082_task-emotion_events.tsv,sub-mit082/beh/sub-mit082_task-Emotion_beh.tsv,5.02,4.96,3.94,3.0,4.0,2.01,"{'0': [u'', u'', u'Taken Aback: Shock or surprise someone.', u'', '']}",HVHA,['quit a bit'],[42.0263831615448]
sub-mit082,2.0,2.0,24.mp4,24,24_2,106016.906351,121141.155437,424.067625404,484.564621748,60.49699634399997,250.0,1818.176,matched,,sub-mit082/eeg/sub-mit082_task-Emotion_eeg.set,sub-mit082/eeg/sub-mit082_task-Emotion_eeg.fdt,sub-mit082/eeg/sub-mit082_task-emotion_events.tsv,sub-mit082/beh/sub-mit082_task-Emotion_beh.tsv,1.88,6.99,6.89,3.0,4.0,1.54,"{'1': [u'', u'Startled: Feeling or showing sudden shock or alarm.', u'', u'', ''], '0': [u'', u'Afraid: Worried that something undesirable will occur or be done', u'', u'', ''], '3': [u'', u'Tense: Become tense, typically through anxiety or nervousness', u'', u'', ''], '2': [u'', u'Disgust: A feeling of revulsion or strong disapproval aroused by something unpleasant\n or offensiv', u'', u'', '']}",HVHA,"['very much', 'quit a bit', 'quit a bit', 'very much']","[13.192982196807861, 23.259180068969727, 37.131540060043335, 45.66241812705994]"
sub-mit082,3.0,3.0,13.m4v,13,13_3,153501.654323,168626.154866,614.006617292,674.504619464,60.49800217200004,250.0,1818.176,matched,,sub-mit082/eeg/sub-mit082_task-Emotion_eeg.set,sub-mit082/eeg/sub-mit082_task-Emotion_eeg.fdt,sub-mit082/eeg/sub-mit082_task-emotion_events.tsv,sub-mit082/beh/sub-mit082_task-Emotion_beh.tsv,8.13,7.01,7.08,4.0,5.0,4.05,"{'1': [u'Joyous: Full of happiness and joy', u'', u'', u'', ''], '0': [u'Delighted: Feeling or showing great pleasure', u'', u'', u'', ''], '3': [u'Amused: Finding something funny or entertaining.', u'', u'', u'', ''], '2': [u'Amused: Finding something funny or entertaining.', u'', u'', u'', ''], '4': [u'Happy: Feeling or showing pleasure or contentment', u'', u'', u'', '']}",HVHA,"['quit a bit', 'quit a bit', 'quit a bit', 'quit a bit', 'moderately']","[21.831296920776367, 24.86952805519104, 27.674031019210815, 47.205501079559326, 56.75432586669922]"
sub-mit082,4.0,4.0,2.m4v,2,2_4,194120.388572,209244.637657,776.481554288,836.9785506280001,60.49699634000012,250.0,1818.176,matched,,sub-mit082/eeg/sub-mit082_task-Emotion_eeg.set,sub-mit082/eeg/sub-mit082_task-Emotion_eeg.fdt,sub-mit082/eeg/sub-mit082_task-emotion_events.tsv,sub-mit082/beh/sub-mit082_task-Emotion_beh.tsv,1.89,8.01,6.95,3.0,5.0,1.25,"{'1': [u'', u'Afraid: Worried that something undesirable will occur or be done', u'', u'', ''], '0': [u'', u'Disgust: A feeling of revulsion or strong disapproval aroused by something unpleasant\n or offensiv', u'', u'', ''], '3': [u'', u'Angry: Feeling or showing strong annoyance, displeasure, or hostility, full of anger', u'', u'', ''], '2': [u'', u'Angry: Feeling or showing strong annoyance, displeasure, or hostility, full of anger', u'', u'', ''], '5': [u'', u'Tense: Become tense, typically through anxiety or nervousness', u'', u'', ''], '4': [u'', u'Afraid: Worried that something undesirable will occur or be done', u'', u'', '']}",HVHA,"['very much', 'moderately', 'quit a bit', 'moderately', 'quit a bit', 'moderately']","[9.953779935836792, 17.716294050216675, 32.82403087615967, 42.77339196205139, 47.51492094993591, 53.59084105491638]"
sub-mit082,5.0,5.0,16.mp4,16,16_5,239213.887696,254338.388238,956.855550784,1017.3535529520001,60.498002168000085,250.0,1818.176,matched,,sub-mit082/eeg/sub-mit082_task-Emotion_eeg.set,sub-mit082/eeg/sub-mit082_task-Emotion_eeg.fdt,sub-mit082/eeg/sub-mit082_task-emotion_events.tsv,sub-mit082/beh/sub-mit082_task-Emotion_beh.tsv,2.99,6.93,6.06,2.0,5.0,1.29,"{'1': [u'', u'Frustrated: Feeling or expressing distress and annoyance resulting from an inability \nto change or achieve somethin', u'', u'', ''], '0': [u'', u'', u'Taken Aback: Shock or surprise someone.', u'', ''], '3': [u'', u'', u'Sad: Feeling or showing sorrow, unhappy', u'', ''], '2': [u'', u'', u'Sad: Feeling or showing sorrow, unhappy', u'', ''], '5': [u'', u'Disgust: A feeling of revulsion or strong disapproval aroused by something unpleasant\n or offensiv', u'', u'', ''], '4': [u'', u'Distrustful: Feeling or showing distrust of someone or something.', u'', u'', '']}",HVHA,"['moderately', 'moderately', 'quit a bit', 'moderately', 'moderately', 'quit a bit']","[7.494067192077637, 16.759014129638672, 24.204463243484497, 33.119142055511475, 49.595391035079956, 55.571572065353394]"
sub-mit082,6.0,6.0,neutral_2.mp4,neutral_2,neutral_2_6,279161.636718,294285.888318,1116.646546872,1177.143553272,60.49700639999992,250.0,1818.176,matched,,sub-mit082/eeg/sub-mit082_task-Emotion_eeg.set,sub-mit082/eeg/sub-mit082_task-Emotion_eeg.fdt,sub-mit082/eeg/sub-mit082_task-emotion_events.tsv,sub-mit082/beh/sub-mit082_task-Emotion_beh.tsv,5.06,5.14,4.88,3.0,4.0,1.01,"{'0': [u'', u'', u'Dissatisfied: Not content or happy with something.', u'', '']}",HVHA,['a little'],[48.625526905059814]
sub-mit082,7.0,7.0,27.mp4,27,27_7,308225.1383,323349.638842,1232.9005531999999,1293.398555368,60.498002168000085,250.0,1818.176,matched,,sub-mit082/eeg/sub-mit082_task-Emotion_eeg.set,sub-mit082/eeg/sub-mit082_task-Emotion_eeg.fdt,sub-mit082/eeg/sub-mit082_task-emotion_events.tsv,sub-mit082/beh/sub-mit082_task-Emotion_beh.tsv,1.01,7.24,3.42,2.0,5.0,3.94,"{'1': [u'', u'', u'Dissatisfied: Not content or happy with something.', u'', ''], '0': [u'', u'', u'Sad: Feeling or showing sorrow, unhappy', u'', ''], '3': [u'', u'', u'Melancholic: Feeling or expressing pensive sadness', u'', ''], '2': [u'', u'', u'Miserable: wretchedly unhappy or uncomfortable', u'', '']}",HVHA,"['very much', 'quit a bit', 'moderately', 'very much']","[3.4721999168395996, 17.244374752044678, 30.94979977607727, 52.03375291824341]"
sub-mit082,8.0,8.0,12.m4v,12,12_8,339834.386483,354958.887026,1359.337545932,1419.835548104,60.49800217200004,250.0,1818.176,matched,,sub-mit082/eeg/sub-mit082_task-Emotion_eeg.set,sub-mit082/eeg/sub-mit082_task-Emotion_eeg.fdt,sub-mit082/eeg/sub-mit082_task-emotion_events.tsv,sub-mit082/beh/sub-mit082_task-Emotion_beh.tsv,7.99,7.99,6.06,4.0,5.0,4.01,"{'1': [u'Joyous: Full of happiness and joy', u'', u'', u'', ''], '0': [u'Joyous: Full of happiness and joy', u'', u'', u'', '']}",HVHA,"['quit a bit', 'moderately']","[3.5351409912109375, 11.214051961898804]"
sub-mit082,9.0,9.0,8.m4v,8,8_9,364753.638767,379878.136795,1459.014555068,1519.51254718,60.49799211200002,250.0,1818.176,matched,,sub-mit082/eeg/sub-mit082_task-Emotion_eeg.set,sub-mit082/eeg/sub-mit082_task-Emotion_eeg.fdt,sub-mit082/eeg/sub-mit082_task-emotion_events.tsv,sub-mit082/beh/sub-mit082_task-Emotion_beh.tsv,7.99,8.14,7.08,3.0,4.0,4.03,"{'1': [u'Delighted: Feeling or showing great pleasure', u'', u'', u'', ''], '0': [u'Joyous: Full of happiness and joy', u'', u'', u'', ''], '2': [u'Aroused: Sexually excited', u'', u'', u'', '']}",HVHA,"['moderately', 'quit a bit', 'quit a bit']","[7.1546618938446045, 19.457833766937256, 42.77870988845825]"
sub-mit082,10.0,10.0,15.mp4,15,15_10,390265.638288,405390.138831,1561.062553152,1621.560555324,60.49800217200004,250.0,1818.176,matched,,sub-mit082/eeg/sub-mit082_task-Emotion_eeg.set,sub-mit082/eeg/sub-mit082_task-Emotion_eeg.fdt,sub-mit082/eeg/sub-mit082_task-emotion_events.tsv,sub-mit082/beh/sub-mit082_task-Emotion_beh.tsv,3.78,6.99,6.81,3.0,4.0,1.97,"{'1': [u'', u'Startled: Feeling or showing sudden shock or alarm.', u'', u'', ''], '0': [u'', u'Afraid: Worried that something undesirable will occur or be done', u'', u'', ''], '3': [u'', u'Distress: Suffering from extreme anxiety, sorrow, or pain', u'', u'', ''], '2': [u'', u'Startled: Feeling or showing sudden shock or alarm.', u'', u'', '']}",HVHA,"['moderately', 'moderately', 'moderately', 'moderately']","[20.385376930236816, 31.7537899017334, 37.98042297363281, 50.56740689277649]"
sub-mit082,11.0,11.0,4.mp4,4,4_11,418657.387328,433781.638928,1674.6295493119999,1735.126555712,60.497006400000146,250.0,1818.176,matched,,sub-mit082/eeg/sub-mit082_task-Emotion_eeg.set,sub-mit082/eeg/sub-mit082_task-Emotion_eeg.fdt,sub-mit082/eeg/sub-mit082_task-emotion_events.tsv,sub-mit082/beh/sub-mit082_task-Emotion_beh.tsv,2.97,7.99,3.92,3.0,4.0,1.08,"{'1': [u'', u'Alarmed: An anxious awareness of danger', u'', u'', ''], '0': [u'', u'Distress: Suffering from extreme anxiety, sorrow, or pain', u'', u'', ''], '3': [u'', u'Startled: Feeling or showing sudden shock or alarm.', u'', u'', ''], '2': [u'', u'Startled: Feeling or showing sudden shock or alarm.', u'', u'', ''], '4': [u'', u'Afraid: Worried that something undesirable will occur or be done', u'', u'', '']}",HVHA,"['moderately', 'quit a bit', 'moderately', 'moderately', 'moderately']","[3.5941689014434814, 21.55605387687683, 25.662685871124268, 40.202789068222046, 51.45424199104309]"
sub-mit096,1.0,1.0,neutral_1.mp4,neutral_1,neutral_1_1,45717.163011,60845.664237,182.868652044,243.38265694799998,60.51400490399999,250.0,1505.064,matched,,sub-mit096/eeg/sub-mit096_task-Emotion_eeg.set,sub-mit096/eeg/sub-mit096_task-Emotion_eeg.fdt,sub-mit096/eeg/sub-mit096_task-emotion_events.tsv,sub-mit096/beh/sub-mit096_task-Emotion_beh.tsv,5.02,3.01,4.0,2.0,1.0,2.01,{},,,
sub-mit096,2.0,2.0,8.m4v,8,8_2,71487.662941,86612.163484,285.950651764,346.448653936,60.49800217200004,250.0,1505.064,matched,,sub-mit096/eeg/sub-mit096_task-Emotion_eeg.set,sub-mit096/eeg/sub-mit096_task-Emotion_eeg.fdt,sub-mit096/eeg/sub-mit096_task-emotion_events.tsv,sub-mit096/beh/sub-mit096_task-Emotion_beh.tsv,8.01,8.01,6.97,5.0,5.0,2.02,"{'1': [u'Aroused: Sexually excited', u'', u'', u'', ''], '0': [u'', u'', u'', u'Love: An intense feeling of deep affection.', '']}",HVHA,"['not at all', 'not at all']","[21.40074396133423, 48.71142292022705]"
sub-mit096,3.0,3.0,12.m4v,12,12_3,107867.162861,122991.663404,431.46865144400005,491.96665361600003,60.498002171999985,250.0,1505.064,matched,,sub-mit096/eeg/sub-mit096_task-Emotion_eeg.set,sub-mit096/eeg/sub-mit096_task-Emotion_eeg.fdt,sub-mit096/eeg/sub-mit096_task-emotion_events.tsv,sub-mit096/beh/sub-mit096_task-Emotion_beh.tsv,9.0,8.03,7.99,5.0,5.0,5.0,"{'0': [u'Joyous: Full of happiness and joy', u'', u'', u'', '']}",HVHA,['not at all'],[5.468087911605835]
sub-mit096,4.0,4.0,13.m4v,13,13_4,133320.912346,148445.163947,533.283649384,593.780655788,60.49700640399999,250.0,1505.064,matched,,sub-mit096/eeg/sub-mit096_task-Emotion_eeg.set,sub-mit096/eeg/sub-mit096_task-Emotion_eeg.fdt,sub-mit096/eeg/sub-mit096_task-emotion_events.tsv,sub-mit096/beh/sub-mit096_task-Emotion_beh.tsv,4.98,5.0,4.0,3.0,3.0,1.02,{},,,
sub-mit096,5.0,5.0,15.mp4,15,15_5,156107.662618,171231.914219,624.430650472,684.927656876,60.49700640399999,250.0,1505.064,matched,,sub-mit096/eeg/sub-mit096_task-Emotion_eeg.set,sub-mit096/eeg/sub-mit096_task-Emotion_eeg.fdt,sub-mit096/eeg/sub-mit096_task-emotion_events.tsv,sub-mit096/beh/sub-mit096_task-Emotion_beh.tsv,3.03,7.01,7.06,2.0,1.0,1.02,"{'1': [u'', u'', u'', u'Compassionate: Feeling or showing sympathy and concern for others.', ''], '0': [u'', u'', u'', u'Compassionate: Feeling or showing sympathy and concern for others.', '']}",HVHA,"['not at all', 'not at all']","[12.729247808456421, 41.60918593406677]"
sub-mit096,6.0,6.0,5.mp4,5,5_6,200464.687978,215589.188521,801.858751912,862.356754084,60.49800217200004,250.0,1505.064,matched,,sub-mit096/eeg/sub-mit096_task-Emotion_eeg.set,sub-mit096/eeg/sub-mit096_task-Emotion_eeg.fdt,sub-mit096/eeg/sub-mit096_task-emotion_events.tsv,sub-mit096/beh/sub-mit096_task-Emotion_beh.tsv,3.03,7.03,6.99,4.0,4.0,2.01,"{'0': [u'', u'Tense: Become tense, typically through anxiety or nervousness', u'', u'', '']}",HVHA,['not at all'],[35.89672088623047]
sub-mit096,7.0,7.0,neutral_2.mp4,neutral_2,neutral_2_7,234828.437415,249952.937958,939.31374966,999.811751832,60.49800217200004,250.0,1505.064,matched,,sub-mit096/eeg/sub-mit096_task-Emotion_eeg.set,sub-mit096/eeg/sub-mit096_task-Emotion_eeg.fdt,sub-mit096/eeg/sub-mit096_task-emotion_events.tsv,sub-mit096/beh/sub-mit096_task-Emotion_beh.tsv,4.98,6.08,5.0,3.0,2.0,1.0,{},,,
sub-mit096,8.0,8.0,2.m4v,2,2_8,258153.439143,273277.937171,1032.613756572,1093.111748684,60.49799211200002,250.0,1505.064,matched,,sub-mit096/eeg/sub-mit096_task-Emotion_eeg.set,sub-mit096/eeg/sub-mit096_task-Emotion_eeg.fdt,sub-mit096/eeg/sub-mit096_task-emotion_events.tsv,sub-mit096/beh/sub-mit096_task-Emotion_beh.tsv,2.99,7.06,7.03,2.0,4.0,1.0,"{'0': [u'', u'Angry: Feeling or showing strong annoyance, displeasure, or hostility, full of anger', u'', u'', '']}",HVHA,['not at all'],[38.22790789604187]
sub-mit096,9.0,9.0,17.mp4,17,17_9,288915.689306,304039.938391,1155.662757224,1216.1597535639999,60.496996339999896,250.0,1505.064,matched,,sub-mit096/eeg/sub-mit096_task-Emotion_eeg.set,sub-mit096/eeg/sub-mit096_task-Emotion_eeg.fdt,sub-mit096/eeg/sub-mit096_task-emotion_events.tsv,sub-mit096/beh/sub-mit096_task-Emotion_beh.tsv,1.99,7.99,6.99,4.0,3.0,1.99,"{'0': [u'Excited: Very enthusiastic and eager', u'', u'', u'', '']}",HVHA,['not at all'],[51.722230195999146]
sub-mit096,10.0,10.0,24.mp4,24,24_10,321422.189211,336546.687239,1285.688756844,1346.186748956,60.49799211200002,250.0,1505.064,matched,,sub-mit096/eeg/sub-mit096_task-Emotion_eeg.set,sub-mit096/eeg/sub-mit096_task-Emotion_eeg.fdt,sub-mit096/eeg/sub-mit096_task-emotion_events.tsv,sub-mit096/beh/sub-mit096_task-Emotion_beh.tsv,2.03,2.97,7.01,2.0,3.0,1.0,"{'0': [u'', u'', u'Sad: Feeling or showing sorrow, unhappy', u'', '']}",HVHA,['not at all'],[44.566359996795654]
sub-mit096,11.0,11.0,7.mp4,7,7_11,345915.938371,361040.187457,1383.663753484,1444.160749828,60.49699634400008,250.0,1505.064,matched,,sub-mit096/eeg/sub-mit096_task-Emotion_eeg.set,sub-mit096/eeg/sub-mit096_task-Emotion_eeg.fdt,sub-mit096/eeg/sub-mit096_task-emotion_events.tsv,sub-mit096/beh/sub-mit096_task-Emotion_beh.tsv,8.05,8.01,7.99,4.0,3.0,2.02,"{'0': [u'Excited: Very enthusiastic and eager', u'', u'', u'', '']}",HVHA,['not at all'],[51.2323260307312]
sub-mit097,1.0,1.0,neutral_1.mp4,neutral_1,neutral_1_1,43961.700797,59087.451082,175.846803188,236.349804328,60.50300114000001,250.0,1845.896,matched,,sub-mit097/eeg/sub-mit097_task-Emotion_eeg.set,sub-mit097/eeg/sub-mit097_task-Emotion_eeg.fdt,sub-mit097/eeg/sub-mit097_task-emotion_events.tsv,sub-mit097/beh/sub-mit097_task-Emotion_beh.tsv,7.12,6.99,7.91,4.0,1.0,2.64,"{'0': [u'Adventorous: Willing to take risks or to try out new methods, ideas, or experiences', u'', u'', u'', '']}",HVHA,['moderately'],[55.91586470603943]
sub-mit097,2.0,2.0,17.mp4,17,17_2,83349.950239,98475.449067,333.399800956,393.901796268,60.50199531200002,250.0,1845.896,matched,,sub-mit097/eeg/sub-mit097_task-Emotion_eeg.set,sub-mit097/eeg/sub-mit097_task-Emotion_eeg.fdt,sub-mit097/eeg/sub-mit097_task-emotion_events.tsv,sub-mit097/beh/sub-mit097_task-Emotion_beh.tsv,2.01,6.95,6.06,3.0,1.0,1.64,"{'1': [u'', u'Alarmed: An anxious awareness of danger', u'', u'', ''], '0': [u'', u'Alarmed: An anxious awareness of danger', u'', u'', '']}",HVHA,"['quit a bit', 'quit a bit']","[8.347552061080933, 50.91898727416992]"
sub-mit097,3.0,3.0,27.mp4,27,27_3,137021.450512,152147.200797,548.085802048,608.588803188,60.50300114000004,250.0,1845.896,matched,,sub-mit097/eeg/sub-mit097_task-Emotion_eeg.set,sub-mit097/eeg/sub-mit097_task-Emotion_eeg.fdt,sub-mit097/eeg/sub-mit097_task-emotion_events.tsv,sub-mit097/beh/sub-mit097_task-Emotion_beh.tsv,2.7,1.91,1.64,1.0,1.0,1.55,"{'1': [u'', u'', u'Miserable: wretchedly unhappy or uncomfortable', u'', ''], '0': [u'', u'', u'Depressed: in a state of unhappiness or despondency', u'', '']}",HVHA,"['moderately', 'moderately']","[19.231331825256348, 44.12001585960388]"
sub-mit097,4.0,4.0,neutral_2.mp4,neutral_2,neutral_2_4,180842.699949,195967.949834,723.370799796,783.871799336,60.50099953999995,250.0,1845.896,matched,,sub-mit097/eeg/sub-mit097_task-Emotion_eeg.set,sub-mit097/eeg/sub-mit097_task-Emotion_eeg.fdt,sub-mit097/eeg/sub-mit097_task-emotion_events.tsv,sub-mit097/beh/sub-mit097_task-Emotion_beh.tsv,5.1,4.9,5.06,2.0,1.0,1.0,{},,,
sub-mit097,5.0,5.0,4.mp4,4,4_5,212239.200342,227364.201285,848.956801368,909.4568051399999,60.5000037719999,250.0,1845.896,matched,,sub-mit097/eeg/sub-mit097_task-Emotion_eeg.set,sub-mit097/eeg/sub-mit097_task-Emotion_eeg.fdt,sub-mit097/eeg/sub-mit097_task-emotion_events.tsv,sub-mit097/beh/sub-mit097_task-Emotion_beh.tsv,1.01,8.9,1.06,1.0,1.0,1.05,"{'0': [u'', u'Distress: Suffering from extreme anxiety, sorrow, or pain', u'', u'', '']}",HVHA,['moderately'],[40.42409300804138]
sub-mit097,6.0,6.0,3.mp4,3,3_6,252368.199639,267493.700981,1009.472798556,1069.9748039239998,60.5020053679998,250.0,1845.896,matched,,sub-mit097/eeg/sub-mit097_task-Emotion_eeg.set,sub-mit097/eeg/sub-mit097_task-Emotion_eeg.fdt,sub-mit097/eeg/sub-mit097_task-emotion_events.tsv,sub-mit097/beh/sub-mit097_task-Emotion_beh.tsv,6.85,2.69,2.97,4.0,4.0,2.03,{},,,
sub-mit097,7.0,7.0,7.mp4,7,7_7,283140.699193,298265.451193,1132.562796772,1193.061804772,60.499008,250.0,1845.896,matched,,sub-mit097/eeg/sub-mit097_task-Emotion_eeg.set,sub-mit097/eeg/sub-mit097_task-Emotion_eeg.fdt,sub-mit097/eeg/sub-mit097_task-emotion_events.tsv,sub-mit097/beh/sub-mit097_task-Emotion_beh.tsv,1.0,6.76,1.82,1.0,2.0,1.02,"{'0': [u'', u'Afraid: Worried that something undesirable will occur or be done', u'', u'', '']}",HVHA,['moderately'],[48.67379403114319]
sub-mit097,8.0,8.0,1.mp4,1,1_8,315605.15486,330729.655403,1262.42061944,1322.9186216120002,60.49800217200004,250.0,1845.896,matched,,sub-mit097/eeg/sub-mit097_task-Emotion_eeg.set,sub-mit097/eeg/sub-mit097_task-Emotion_eeg.fdt,sub-mit097/eeg/sub-mit097_task-emotion_events.tsv,sub-mit097/beh/sub-mit097_task-Emotion_beh.tsv,1.0,6.64,4.96,2.0,3.0,1.25,"{'1': [u'', u'Alarmed: An anxious awareness of danger', u'', u'', ''], '0': [u'', u'Tense: Become tense, typically through anxiety or nervousness', u'', u'', ''], '2': [u'', u'Distress: Suffering from extreme anxiety, sorrow, or pain', u'', u'', '']}",HVHA,"['moderately', 'moderately', 'moderately']","[14.893375873565674, 38.81610083580017, 49.24871492385864]"
sub-mit097,9.0,9.0,15.mp4,15,15_9,355040.155205,370163.654949,1420.16062082,1480.654619796,60.49399897599983,250.0,1845.896,matched,,sub-mit097/eeg/sub-mit097_task-Emotion_eeg.set,sub-mit097/eeg/sub-mit097_task-Emotion_eeg.fdt,sub-mit097/eeg/sub-mit097_task-emotion_events.tsv,sub-mit097/beh/sub-mit097_task-Emotion_beh.tsv,1.82,6.12,5.75,1.0,1.0,1.46,"{'0': [u'', u'Disgust: A feeling of revulsion or strong disapproval aroused by something unpleasant\n or offensiv', u'', u'', '']}",HVHA,['quit a bit'],[51.47798418998718]
sub-mit097,10.0,10.0,24.mp4,24,24_10,392572.6538,407697.654742,1570.2906151999998,1630.790618968,60.50000376800017,250.0,1845.896,matched,,sub-mit097/eeg/sub-mit097_task-Emotion_eeg.set,sub-mit097/eeg/sub-mit097_task-Emotion_eeg.fdt,sub-mit097/eeg/sub-mit097_task-emotion_events.tsv,sub-mit097/beh/sub-mit097_task-Emotion_beh.tsv,1.55,2.22,2.26,1.0,2.0,1.03,"{'1': [u'', u'', u'Sad: Feeling or showing sorrow, unhappy', u'', ''], '0': [u'', u'', u'Taken Aback: Shock or surprise someone.', u'', '']}",HVHA,"['a little', 'very much']","[9.656864881515503, 29.977664947509766]"
sub-mit097,11.0,11.0,13.m4v,13,13_11,428955.905459,444082.905486,1715.8236218359998,1776.331621944,60.50800010800026,250.0,1845.896,matched,,sub-mit097/eeg/sub-mit097_task-Emotion_eeg.set,sub-mit097/eeg/sub-mit097_task-Emotion_eeg.fdt,sub-mit097/eeg/sub-mit097_task-emotion_events.tsv,sub-mit097/beh/sub-mit097_task-Emotion_beh.tsv,7.99,3.11,4.79,4.0,4.0,2.01,"{'0': [u'', u'', u'', u'Pleased: Feeling or showing pleasure and satisfaction, especially at an event or a situation', '']}",HVHA,['quit a bit'],[13.358896732330322]
sub-mit099,1.0,1.0,neutral_1.mp4,neutral_1,neutral_1_1,55425.453745,70550.20323,221.70181498,282.20081292,60.49899793999998,250.0,2536.868,matched,,sub-mit099/eeg/sub-mit099_task-Emotion_eeg.set,sub-mit099/eeg/sub-mit099_task-Emotion_eeg.fdt,sub-mit099/eeg/sub-mit099_task-emotion_events.tsv,sub-mit099/beh/sub-mit099_task-Emotion_beh.tsv,6.02,2.92,5.79,4.0,2.0,2.98,"{'1': [u'', u'Disgust: A feeling of revulsion or strong disapproval aroused by something unpleasant\n or offensiv', u'', u'', ''], '0': [u'', u'Tense: Become tense, typically through anxiety or nervousness', u'', u'', '']}",HVHA,"['moderately', 'quit a bit']","[7.086113929748535, 44.36454105377197]"
sub-mit099,2.0,2.0,17.mp4,17,17_2,126112.955064,141237.704549,504.45182025599996,564.950818196,60.49899794000004,250.0,2536.868,matched,,sub-mit099/eeg/sub-mit099_task-Emotion_eeg.set,sub-mit099/eeg/sub-mit099_task-Emotion_eeg.fdt,sub-mit099/eeg/sub-mit099_task-emotion_events.tsv,sub-mit099/beh/sub-mit099_task-Emotion_beh.tsv,1.0,9.0,1.1,5.0,2.0,2.01,"{'1': [u'', u'Afraid: Worried that something undesirable will occur or be done', u'', u'', ''], '0': [u'', u'Afraid: Worried that something undesirable will occur or be done', u'', u'', ''], '3': [u'', u'Afraid: Worried that something undesirable will occur or be done', u'', u'', ''], '2': [u'', u'Afraid: Worried that something undesirable will occur or be done', u'', u'', ''], '5': [u'', u'Afraid: Worried that something undesirable will occur or be done', u'', u'', ''], '4': [u'', u'Afraid: Worried that something undesirable will occur or be done', u'', u'', '']}",HVHA,"['moderately', 'quit a bit', 'very much', 'very much', 'quit a bit', 'very much']","[8.59505009651184, 21.46710205078125, 46.29180407524109, 49.95273518562317, 54.13195204734802, 57.49219608306885]"
sub-mit099,3.0,3.0,4.mp4,4,4_3,210897.204001,226021.704543,843.588816004,904.086818172,60.49800216799997,250.0,2536.868,matched,,sub-mit099/eeg/sub-mit099_task-Emotion_eeg.set,sub-mit099/eeg/sub-mit099_task-Emotion_eeg.fdt,sub-mit099/eeg/sub-mit099_task-emotion_events.tsv,sub-mit099/beh/sub-mit099_task-Emotion_beh.tsv,1.0,4.94,4.96,4.0,1.0,1.0,"{'1': [u'', u'', u'Miserable: wretchedly unhappy or uncomfortable', u'', ''], '0': [u'', u'', u'Taken Aback: Shock or surprise someone.', u'', ''], '3': [u'', u'Alarmed: An anxious awareness of danger', u'', u'', ''], '2': [u'', u'Alarmed: An anxious awareness of danger', u'', u'', '']}",HVHA,"['a little', 'quit a bit', 'moderately', 'moderately']","[5.247645854949951, 25.658769845962524, 36.742236852645874, 56.535003900527954]"
sub-mit099,4.0,4.0,15.mp4,15,15_4,268390.955217,283515.453245,1073.563820868,1134.06181298,60.49799211200002,250.0,2536.868,matched,,sub-mit099/eeg/sub-mit099_task-Emotion_eeg.set,sub-mit099/eeg/sub-mit099_task-Emotion_eeg.fdt,sub-mit099/eeg/sub-mit099_task-emotion_events.tsv,sub-mit099/beh/sub-mit099_task-Emotion_beh.tsv,1.0,6.39,5.15,3.0,2.0,2.02,"{'1': [u'', u'Startled: Feeling or showing sudden shock or alarm.', u'', u'', ''], '0': [u'', u'', u'Taken Aback: Shock or surprise someone.', u'', ''], '3': [u'', u'Hate: Have a strong aversion to (something)', u'', u'', ''], '2': [u'', u'Distress: Suffering from extreme anxiety, sorrow, or pain', u'', u'', '']}",HVHA,"['a little', 'moderately', 'quit a bit', 'quit a bit']","[12.325459957122803, 31.9677951335907, 40.42661905288696, 52.7135169506073]"
sub-mit099,5.0,6.0,2.m4v,2,2_6,386655.919239,401780.671239,1546.623676956,1607.122684956,60.499008,250.0,2536.868,matched,,sub-mit099/eeg/sub-mit099_task-Emotion_eeg.set,sub-mit099/eeg/sub-mit099_task-Emotion_eeg.fdt,sub-mit099/eeg/sub-mit099_task-emotion_events.tsv,sub-mit099/beh/sub-mit099_task-Emotion_beh.tsv,1.01,7.55,4.96,3.0,3.0,1.0,"{'1': [u'', u'', u'Sad: Feeling or showing sorrow, unhappy', u'', ''], '0': [u'', u'', u'Miserable: wretchedly unhappy or uncomfortable', u'', ''], '3': [u'', u'Hate: Have a strong aversion to (something)', u'', u'', ''], '2': [u'', u'Hate: Have a strong aversion to (something)', u'', u'', ''], '4': [u'', u'Alarmed: An anxious awareness of danger', u'', u'', '']}",HVHA,"['a little', 'moderately', 'moderately', 'quit a bit', 'moderately']","[12.507518768310547, 14.998240947723389, 21.9861159324646, 31.681787967681885, 50.087172985076904]"
sub-mit099,6.0,7.0,8.m4v,8,8_7,428586.171087,443710.920572,1714.3446843479999,1774.8436822879999,60.49899793999998,250.0,2536.868,matched,,sub-mit099/eeg/sub-mit099_task-Emotion_eeg.set,sub-mit099/eeg/sub-mit099_task-Emotion_eeg.fdt,sub-mit099/eeg/sub-mit099_task-emotion_events.tsv,sub-mit099/beh/sub-mit099_task-Emotion_beh.tsv,9.0,9.0,9.0,5.0,1.0,1.0,"{'1': [u'Lust: Strong sexual desire.', u'', u'', u'', ''], '0': [u'Passionate: Arising from intense feelings of sexual love.', u'', u'', u'', ''], '2': [u'Aroused: Sexually excited', u'', u'', u'', '']}",HVHA,"['quit a bit', 'very much', 'not at all']","[7.061694145202637, 41.648996114730835, 48.16854906082153]"
sub-mit099,7.0,8.0,neutral_2.mp4,neutral_2,neutral_2_8,468570.514071,483695.263556,1874.282056284,1934.7810542240002,60.49899794000021,250.0,2536.868,matched,,sub-mit099/eeg/sub-mit099_task-Emotion_eeg.set,sub-mit099/eeg/sub-mit099_task-Emotion_eeg.fdt,sub-mit099/eeg/sub-mit099_task-emotion_events.tsv,sub-mit099/beh/sub-mit099_task-Emotion_beh.tsv,5.0,1.0,5.0,3.0,1.0,1.0,"{'0': [u'', u'', u'Sad: Feeling or showing sorrow, unhappy', u'', u'']}",HVHA,['moderately'],[33.261260986328125]
sub-mit099,8.0,9.0,24.mp4,24,24_9,499133.265718,514258.015203,1996.533062872,2057.032060812,60.49899793999998,250.0,2536.868,matched,,sub-mit099/eeg/sub-mit099_task-Emotion_eeg.set,sub-mit099/eeg/sub-mit099_task-Emotion_eeg.fdt,sub-mit099/eeg/sub-mit099_task-emotion_events.tsv,sub-mit099/beh/sub-mit099_task-Emotion_beh.tsv,1.03,5.75,5.02,3.0,2.0,1.0,"{'1': [u'', u'Afraid: Worried that something undesirable will occur or be done', u'', u'', ''], '0': [u'', u'Afraid: Worried that something undesirable will occur or be done', u'', u'', ''], '3': [u'', u'Afraid: Worried that something undesirable will occur or be done', u'', u'', ''], '2': [u'', u'Afraid: Worried that something undesirable will occur or be done', u'', u'', ''], '4': [u'', u'Afraid: Worried that something undesirable will occur or be done', u'', u'', '']}",HVHA,"['quit a bit', 'not at all', 'very much', 'moderately', 'a little', 'not at all']","[8.424823999404907, 15.612927913665771, 24.28983998298645, 25.877177953720093, 37.428669929504395, 51.086260080337524]"
sub-mit099,9.0,10.0,9.m4v,9,9_10,560375.764455,575500.51394,2241.5030578200003,2302.00205576,60.498997939999754,250.0,2536.868,matched,,sub-mit099/eeg/sub-mit099_task-Emotion_eeg.set,sub-mit099/eeg/sub-mit099_task-Emotion_eeg.fdt,sub-mit099/eeg/sub-mit099_task-emotion_events.tsv,sub-mit099/beh/sub-mit099_task-Emotion_beh.tsv,9.0,7.03,8.94,5.0,2.0,2.02,"{'1': [u'Amused: Finding something funny or entertaining.', u'', u'', u'', ''], '0': [u'Adventorous: Willing to take risks or to try out new methods, ideas, or experiences', u'', u'', u'', ''], '2': [u'Excited: Very enthusiastic and eager', u'', u'', u'', '']}",HVHA,"['moderately', 'quit a bit', 'very much', 'not at all']","[16.219073057174683, 25.028789043426514, 26.61685800552368, 56.841368198394775]"
sub-mit099,10.0,11.0,27.mp4,27,27_11,598582.263618,613707.015618,2394.329054472,2454.8280624719996,60.499007999999776,250.0,2536.868,matched,,sub-mit099/eeg/sub-mit099_task-Emotion_eeg.set,sub-mit099/eeg/sub-mit099_task-Emotion_eeg.fdt,sub-mit099/eeg/sub-mit099_task-emotion_events.tsv,sub-mit099/beh/sub-mit099_task-Emotion_beh.tsv,1.0,7.12,1.03,3.0,4.0,1.01,"{'1': [u'', u'', u'Sad: Feeling or showing sorrow, unhappy', u'', ''], '0': [u'', u'Afraid: Worried that something undesirable will occur or be done', u'', u'', ''], '2': [u'', u'', u'Sad: Feeling or showing sorrow, unhappy', u'', '']}",HVHA,"['moderately', 'very much', 'very much']","[8.195244073867798, 38.53625512123108, 56.373284101486206]"
sub-mit099,,5.0,7.mp4,7,,,,,,,250.0,2536.868,behavior_only,missing_stimulus_event,sub-mit099/eeg/sub-mit099_task-Emotion_eeg.set,sub-mit099/eeg/sub-mit099_task-Emotion_eeg.fdt,sub-mit099/eeg/sub-mit099_task-emotion_events.tsv,sub-mit099/beh/sub-mit099_task-Emotion_beh.tsv,1.0,7.08,5.04,3.0,2.0,1.0,"{'1': [u'', u'Afraid: Worried that something undesirable will occur or be done', u'', u'', ''], '0': [u'', u'Afraid: Worried that something undesirable will occur or be done', u'', u'', ''], '3': [u'', u'Tense: Become tense, typically through anxiety or nervousness', u'', u'', ''], '2': [u'', u'Afraid: Worried that something undesirable will occur or be done', u'', u'', ''], '5': [u'', u'Afraid: Worried that something undesirable will occur or be done', u'', u'', ''], '4': [u'', u'Afraid: Worried that something undesirable will occur or be done', u'', u'', '']}",HVHA,"['a little', 'moderately', 'quit a bit', 'quit a bit', 'very much', 'very much']","[2.9543981552124023, 22.998239040374756, 37.358158111572266, 49.661561012268066, 54.17508816719055, 59.741809129714966]"
sub-mit104,1.0,,neutral_1,neutral_1,neutral_1_1,34074.41536,49198.915903,136.29766143999998,196.795663612,60.498002172000014,250.0,1546.732,event_only,missing_behavior_row,sub-mit104/eeg/sub-mit104_task-Emotion_eeg.set,sub-mit104/eeg/sub-mit104_task-Emotion_eeg.fdt,sub-mit104/eeg/sub-mit104_task-emotion_events.tsv,,,,,,,,,,,
sub-mit104,2.0,,12,12,12_2,62708.166707,77832.415793,250.832666828,311.329663172,60.496996343999996,250.0,1546.732,event_only,missing_behavior_row,sub-mit104/eeg/sub-mit104_task-Emotion_eeg.set,sub-mit104/eeg/sub-mit104_task-Emotion_eeg.fdt,sub-mit104/eeg/sub-mit104_task-emotion_events.tsv,,,,,,,,,,,
sub-mit104,3.0,,4,4,4_3,114389.337393,129513.837936,457.55734957199996,518.055351744,60.498002171999985,250.0,1546.732,event_only,missing_behavior_row,sub-mit104/eeg/sub-mit104_task-Emotion_eeg.set,sub-mit104/eeg/sub-mit104_task-Emotion_eeg.fdt,sub-mit104/eeg/sub-mit104_task-emotion_events.tsv,,,,,,,,,,,
sub-mit104,4.0,,7,7,7_4,146261.589582,161386.08761,585.046358328,645.5443504399999,60.497992111999906,250.0,1546.732,event_only,missing_behavior_row,sub-mit104/eeg/sub-mit104_task-Emotion_eeg.set,sub-mit104/eeg/sub-mit104_task-Emotion_eeg.fdt,sub-mit104/eeg/sub-mit104_task-emotion_events.tsv,,,,,,,,,,,
sub-mit104,5.0,,5,5,5_5,173363.58752,188492.088745,693.45435008,753.96835498,60.51400489999992,250.0,1546.732,event_only,missing_behavior_row,sub-mit104/eeg/sub-mit104_task-Emotion_eeg.set,sub-mit104/eeg/sub-mit104_task-Emotion_eeg.fdt,sub-mit104/eeg/sub-mit104_task-emotion_events.tsv,,,,,,,,,,,
sub-mit104,6.0,,27,27,27_6,196371.587346,211495.838947,785.4863493839999,845.983355788,60.4970064040001,250.0,1546.732,event_only,missing_behavior_row,sub-mit104/eeg/sub-mit104_task-Emotion_eeg.set,sub-mit104/eeg/sub-mit104_task-Emotion_eeg.fdt,sub-mit104/eeg/sub-mit104_task-emotion_events.tsv,,,,,,,,,,,
sub-mit104,7.0,,1,1,1_7,221370.088848,236494.589391,885.4803553920001,945.9783575639999,60.498002171999815,250.0,1546.732,event_only,missing_behavior_row,sub-mit104/eeg/sub-mit104_task-Emotion_eeg.set,sub-mit104/eeg/sub-mit104_task-Emotion_eeg.fdt,sub-mit104/eeg/sub-mit104_task-emotion_events.tsv,,,,,,,,,,,
sub-mit104,8.0,,neutral_2,neutral_2,neutral_2_8,244403.088539,259527.589082,977.6123541559999,1038.1103563279999,60.49800217199993,250.0,1546.732,event_only,missing_behavior_row,sub-mit104/eeg/sub-mit104_task-Emotion_eeg.set,sub-mit104/eeg/sub-mit104_task-Emotion_eeg.fdt,sub-mit104/eeg/sub-mit104_task-emotion_events.tsv,,,,,,,,,,,
sub-mit104,9.0,,9,9,9_9,266588.838751,281713.339294,1066.355355004,1126.853357176,60.498002171999815,250.0,1546.732,event_only,missing_behavior_row,sub-mit104/eeg/sub-mit104_task-Emotion_eeg.set,sub-mit104/eeg/sub-mit104_task-Emotion_eeg.fdt,sub-mit104/eeg/sub-mit104_task-emotion_events.tsv,,,,,,,,,,,
sub-mit104,10.0,,24,24,24_10,313689.838051,328814.087137,1254.7593522040002,1315.256348548,60.496996343999854,250.0,1546.732,event_only,missing_behavior_row,sub-mit104/eeg/sub-mit104_task-Emotion_eeg.set,sub-mit104/eeg/sub-mit104_task-Emotion_eeg.fdt,sub-mit104/eeg/sub-mit104_task-emotion_events.tsv,,,,,,,,,,,
sub-mit104,11.0,,3,3,3_11,359926.838315,375051.338858,1439.70735326,1500.205355432,60.49800217200004,250.0,1546.732,event_only,missing_behavior_row,sub-mit104/eeg/sub-mit104_task-Emotion_eeg.set,sub-mit104/eeg/sub-mit104_task-Emotion_eeg.fdt,sub-mit104/eeg/sub-mit104_task-emotion_events.tsv,,,,,,,,,,,
sub-mit106,1.0,,neutral_1,neutral_1,neutral_1_1,39100.441709,54225.191195,156.401766836,216.90076478,60.498997943999996,250.0,1525.756,event_only,missing_behavior_row,sub-mit106/eeg/sub-mit106_task-Emotion_eeg.set,sub-mit106/eeg/sub-mit106_task-Emotion_eeg.fdt,sub-mit106/eeg/sub-mit106_task-emotion_events.tsv,,,,,,,,,,,
sub-mit106,2.0,,7,7,7_2,65458.941367,80583.441909,261.835765468,322.333767636,60.49800216800003,250.0,1525.756,event_only,missing_behavior_row,sub-mit106/eeg/sub-mit106_task-Emotion_eeg.set,sub-mit106/eeg/sub-mit106_task-Emotion_eeg.fdt,sub-mit106/eeg/sub-mit106_task-emotion_events.tsv,,,,,,,,,,,
sub-mit106,3.0,,8,8,8_3,88369.441219,103494.190704,353.477764876,413.97676281599996,60.49899793999998,250.0,1525.756,event_only,missing_behavior_row,sub-mit106/eeg/sub-mit106_task-Emotion_eeg.set,sub-mit106/eeg/sub-mit106_task-Emotion_eeg.fdt,sub-mit106/eeg/sub-mit106_task-emotion_events.tsv,,,,,,,,,,,
sub-mit106,4.0,,neutral_2,neutral_2,neutral_2_4,128342.212817,143466.71336,513.3688512680001,573.86685344,60.49800217199993,250.0,1525.756,event_only,missing_behavior_row,sub-mit106/eeg/sub-mit106_task-Emotion_eeg.set,sub-mit106/eeg/sub-mit106_task-Emotion_eeg.fdt,sub-mit106/eeg/sub-mit106_task-emotion_events.tsv,,,,,,,,,,,
sub-mit106,5.0,,4,4,4_5,155172.963986,170297.464529,620.6918559439999,681.189858116,60.49800217200004,250.0,1525.756,event_only,missing_behavior_row,sub-mit106/eeg/sub-mit106_task-Emotion_eeg.set,sub-mit106/eeg/sub-mit106_task-Emotion_eeg.fdt,sub-mit106/eeg/sub-mit106_task-emotion_events.tsv,,,,,,,,,,,
sub-mit106,6.0,,27,27,27_6,210409.714269,225534.463754,841.6388570759999,902.137855016,60.498997940000095,250.0,1525.756,event_only,missing_behavior_row,sub-mit106/eeg/sub-mit106_task-Emotion_eeg.set,sub-mit106/eeg/sub-mit106_task-Emotion_eeg.fdt,sub-mit106/eeg/sub-mit106_task-emotion_events.tsv,,,,,,,,,,,
sub-mit106,7.0,,15,15,15_7,257889.963673,273014.713159,1031.559854692,1092.058852636,60.49899794399994,250.0,1525.756,event_only,missing_behavior_row,sub-mit106/eeg/sub-mit106_task-Emotion_eeg.set,sub-mit106/eeg/sub-mit106_task-Emotion_eeg.fdt,sub-mit106/eeg/sub-mit106_task-emotion_events.tsv,,,,,,,,,,,
sub-mit106,8.0,,1,1,1_8,280516.213911,295640.963396,1122.064855644,1182.5638535839998,60.498997939999754,250.0,1525.756,event_only,missing_behavior_row,sub-mit106/eeg/sub-mit106_task-Emotion_eeg.set,sub-mit106/eeg/sub-mit106_task-Emotion_eeg.fdt,sub-mit106/eeg/sub-mit106_task-emotion_events.tsv,,,,,,,,,,,
sub-mit106,9.0,,3,3,3_9,302457.464846,317581.962874,1209.829859384,1270.327851496,60.49799211200002,250.0,1525.756,event_only,missing_behavior_row,sub-mit106/eeg/sub-mit106_task-Emotion_eeg.set,sub-mit106/eeg/sub-mit106_task-Emotion_eeg.fdt,sub-mit106/eeg/sub-mit106_task-emotion_events.tsv,,,,,,,,,,,
sub-mit106,10.0,,5,5,5_10,329638.963459,344763.712944,1318.5558538359999,1379.054851776,60.49899794000021,250.0,1525.756,event_only,missing_behavior_row,sub-mit106/eeg/sub-mit106_task-Emotion_eeg.set,sub-mit106/eeg/sub-mit106_task-Emotion_eeg.fdt,sub-mit106/eeg/sub-mit106_task-emotion_events.tsv,,,,,,,,,,,
sub-mit106,11.0,,9,9,9_11,358509.212719,373633.713262,1434.036850876,1494.534853048,60.49800217200004,250.0,1525.756,event_only,missing_behavior_row,sub-mit106/eeg/sub-mit106_task-Emotion_eeg.set,sub-mit106/eeg/sub-mit106_task-Emotion_eeg.fdt,sub-mit106/eeg/sub-mit106_task-emotion_events.tsv,,,,,,,,,,,
sub-mit107,1.0,,neutral_1,neutral_1,neutral_1_1,43682.656344,58805.904631,174.730625376,235.223618524,60.49299314799998,250.0,1358.044,event_only,missing_behavior_row,sub-mit107/eeg/sub-mit107_task-Emotion_eeg.set,sub-mit107/eeg/sub-mit107_task-Emotion_eeg.fdt,sub-mit107/eeg/sub-mit107_task-emotion_events.tsv,,,,,,,,,,,
sub-mit107,2.0,,3,3,3_2,69768.405519,84893.655404,279.07362207600005,339.574621616,60.50099953999995,250.0,1358.044,event_only,missing_behavior_row,sub-mit107/eeg/sub-mit107_task-Emotion_eeg.set,sub-mit107/eeg/sub-mit107_task-Emotion_eeg.fdt,sub-mit107/eeg/sub-mit107_task-emotion_events.tsv,,,,,,,,,,,
sub-mit107,3.0,,2,2,2_3,97191.154584,112317.156326,388.764618336,449.268625304,60.504006968,250.0,1358.044,event_only,missing_behavior_row,sub-mit107/eeg/sub-mit107_task-Emotion_eeg.set,sub-mit107/eeg/sub-mit107_task-Emotion_eeg.fdt,sub-mit107/eeg/sub-mit107_task-emotion_events.tsv,,,,,,,,,,,
sub-mit107,4.0,,7,7,7_4,123700.405285,138824.405428,494.80162114,555.297621712,60.496000572000014,250.0,1358.044,event_only,missing_behavior_row,sub-mit107/eeg/sub-mit107_task-Emotion_eeg.set,sub-mit107/eeg/sub-mit107_task-Emotion_eeg.fdt,sub-mit107/eeg/sub-mit107_task-emotion_events.tsv,,,,,,,,,,,
sub-mit107,5.0,,neutral_2,neutral_2,neutral_2_5,156101.655308,171227.15665,624.4066212319999,684.9086265999999,60.50200536800003,250.0,1358.044,event_only,missing_behavior_row,sub-mit107/eeg/sub-mit107_task-Emotion_eeg.set,sub-mit107/eeg/sub-mit107_task-Emotion_eeg.fdt,sub-mit107/eeg/sub-mit107_task-emotion_events.tsv,,,,,,,,,,,
sub-mit107,6.0,,13,13,13_6,179996.406008,195121.155493,719.9856240319999,780.484621972,60.498997940000095,250.0,1358.044,event_only,missing_behavior_row,sub-mit107/eeg/sub-mit107_task-Emotion_eeg.set,sub-mit107/eeg/sub-mit107_task-Emotion_eeg.fdt,sub-mit107/eeg/sub-mit107_task-emotion_events.tsv,,,,,,,,,,,
sub-mit107,7.0,,24,24,24_7,206299.155112,221424.905397,825.196620448,885.699621588,60.50300114000004,250.0,1358.044,event_only,missing_behavior_row,sub-mit107/eeg/sub-mit107_task-Emotion_eeg.set,sub-mit107/eeg/sub-mit107_task-Emotion_eeg.fdt,sub-mit107/eeg/sub-mit107_task-emotion_events.tsv,,,,,,,,,,,
sub-mit107,8.0,,9,9,9_8,234734.154772,249859.905057,938.936619088,999.439620228,60.503001139999924,250.0,1358.044,event_only,missing_behavior_row,sub-mit107/eeg/sub-mit107_task-Emotion_eeg.set,sub-mit107/eeg/sub-mit107_task-Emotion_eeg.fdt,sub-mit107/eeg/sub-mit107_task-emotion_events.tsv,,,,,,,,,,,
sub-mit107,9.0,,1,1,1_9,257110.406365,272236.654535,1028.44162546,1088.9466181399998,60.50499267999976,250.0,1358.044,event_only,missing_behavior_row,sub-mit107/eeg/sub-mit107_task-Emotion_eeg.set,sub-mit107/eeg/sub-mit107_task-Emotion_eeg.fdt,sub-mit107/eeg/sub-mit107_task-emotion_events.tsv,,,,,,,,,,,
sub-mit107,10.0,,15,15,15_10,280951.156653,296077.65628,1123.804626612,1184.31062512,60.50599850799995,250.0,1358.044,event_only,missing_behavior_row,sub-mit107/eeg/sub-mit107_task-Emotion_eeg.set,sub-mit107/eeg/sub-mit107_task-Emotion_eeg.fdt,sub-mit107/eeg/sub-mit107_task-emotion_events.tsv,,,,,,,,,,,
sub-mit107,11.0,,4,4,4_11,307142.404653,322266.404796,1228.569618612,1289.0656191839998,60.49600057199973,250.0,1358.044,event_only,missing_behavior_row,sub-mit107/eeg/sub-mit107_task-Emotion_eeg.set,sub-mit107/eeg/sub-mit107_task-Emotion_eeg.fdt,sub-mit107/eeg/sub-mit107_task-emotion_events.tsv,,,,,,,,,,,
sub-mit108,1.0,1.0,neutral_1.mp4,neutral_1,neutral_1_1,87842.500303,102966.998331,,,,,,matched,missing_sampling_frequency;missing_eeg_set;missing_eeg_fdt,,,sub-mit108/eeg/sub-mit108_task-emotion_events.tsv,sub-mit108/beh/sub-mit108_task-Emotion_beh.tsv,6.99,5.56,6.2,4.0,4.0,3.34,{},,,
sub-mit108,2.0,2.0,9.m4v,9,9_2,110769.749712,125894.499198,,,,,,matched,missing_sampling_frequency;missing_eeg_set;missing_eeg_fdt,,,sub-mit108/eeg/sub-mit108_task-emotion_events.tsv,sub-mit108/beh/sub-mit108_task-Emotion_beh.tsv,2.13,5.87,2.9,4.0,4.0,2.01,{},,,
sub-mit108,3.0,3.0,17.mp4,17,17_3,133308.500424,148432.998452,,,,,,matched,missing_sampling_frequency;missing_eeg_set;missing_eeg_fdt,,,sub-mit108/eeg/sub-mit108_task-emotion_events.tsv,sub-mit108/beh/sub-mit108_task-Emotion_beh.tsv,1.18,8.03,1.78,2.0,4.0,2.04,{},,,
sub-mit108,4.0,4.0,27.mp4,27,27_4,155407.998338,170532.750338,,,,,,matched,missing_sampling_frequency;missing_eeg_set;missing_eeg_fdt,,,sub-mit108/eeg/sub-mit108_task-emotion_events.tsv,sub-mit108/beh/sub-mit108_task-Emotion_beh.tsv,1.99,1.78,2.99,2.0,4.0,2.03,{},,,
sub-mit108,5.0,5.0,15.mp4,15,15_5,187830.750458,202955.248486,,,,,,matched,missing_sampling_frequency;missing_eeg_set;missing_eeg_fdt,,,sub-mit108/eeg/sub-mit108_task-emotion_events.tsv,sub-mit108/beh/sub-mit108_task-Emotion_beh.tsv,2.01,6.1,2.57,2.0,4.0,3.72,"{'1': [u'', u'Angry: Feeling or showing strong annoyance, displeasure, or hostility, full of anger', u'', u'', ''], '0': [u'', u'Tense: Become tense, typically through anxiety or nervousness', u'', u'', '']}",HVHA,"['not at all', 'not at all']","[22.43853998184204, 39.00497078895569]"
sub-mit108,6.0,6.0,neutral_2.mp4,neutral_2,neutral_2_6,227721.499186,242845.999729,,,,,,matched,missing_sampling_frequency;missing_eeg_set;missing_eeg_fdt,,,sub-mit108/eeg/sub-mit108_task-emotion_events.tsv,sub-mit108/beh/sub-mit108_task-Emotion_beh.tsv,3.92,3.92,4.13,2.0,2.0,1.97,{},,,
sub-mit108,7.0,7.0,12.m4v,12,12_7,247317.749262,262442.498747,,,,,,matched,missing_sampling_frequency;missing_eeg_set;missing_eeg_fdt,,,sub-mit108/eeg/sub-mit108_task-emotion_events.tsv,sub-mit108/beh/sub-mit108_task-Emotion_beh.tsv,7.03,6.97,6.89,4.0,4.0,3.65,"{'0': [u'Delighted: Feeling or showing great pleasure', u'', u'', u'', '']}",HVHA,['not at all'],[26.55000591278076]
sub-mit108,8.0,8.0,7.mp4,7,7_8,270453.99975,285578.749236,,,,,,matched,missing_sampling_frequency;missing_eeg_set;missing_eeg_fdt,,,sub-mit108/eeg/sub-mit108_task-emotion_events.tsv,sub-mit108/beh/sub-mit108_task-Emotion_beh.tsv,2.03,5.83,2.42,2.0,2.0,2.08,"{'1': [u'', u'Afraid: Worried that something undesirable will occur or be done', u'', u'', ''], '0': [u'', u'', u'Dissatisfied: Not content or happy with something.', u'', '']}",HVHA,"['not at all', 'not at all']","[46.31881308555603, 54.643380880355835]"
sub-mit108,9.0,9.0,1.mp4,1,1_9,304259.750806,319384.500291,,,,,,matched,missing_sampling_frequency;missing_eeg_set;missing_eeg_fdt,,,sub-mit108/eeg/sub-mit108_task-emotion_events.tsv,sub-mit108/beh/sub-mit108_task-Emotion_beh.tsv,2.22,5.81,2.32,2.0,2.0,2.28,"{'1': [u'', u'Afraid: Worried that something undesirable will occur or be done', u'', u'', ''], '0': [u'', u'Alarmed: An anxious awareness of danger', u'', u'', '']}",HVHA,"['quit a bit', 'very much']","[14.537717819213867, 47.720927000045776]"
sub-mit108,10.0,10.0,4.mp4,4,4_10,335792.000312,350916.749798,,,,,,matched,missing_sampling_frequency;missing_eeg_set;missing_eeg_fdt,,,sub-mit108/eeg/sub-mit108_task-emotion_events.tsv,sub-mit108/beh/sub-mit108_task-Emotion_beh.tsv,2.2,2.86,2.2,2.0,2.0,1.99,"{'0': [u'', u'', u'Miserable: wretchedly unhappy or uncomfortable', u'', '']}",HVHA,['very much'],[42.479833126068115]
sub-mit108,11.0,11.0,24.mp4,24,24_11,359851.998556,,,,,,,matched,missing_sampling_frequency;missing_eeg_set;missing_eeg_fdt;missing_valence_event,,,sub-mit108/eeg/sub-mit108_task-emotion_events.tsv,sub-mit108/beh/sub-mit108_task-Emotion_beh.tsv,2.11,3.21,2.74,2.0,2.0,1.94,"{'0': [u'', u'', u'Melancholic: Feeling or expressing pensive sadness', u'', '']}",HVHA,['very much'],[58.36109018325806]
sub-mit111,1.0,1.0,neutral_1.mp4,neutral_1,neutral_1_1,38061.685022,53186.185565,152.246740088,212.74474226,60.498002172000014,250.0,1459.652,matched,,sub-mit111/eeg/sub-mit111_task-Emotion_eeg.set,sub-mit111/eeg/sub-mit111_task-Emotion_eeg.fdt,sub-mit111/eeg/sub-mit111_task-emotion_events.tsv,sub-mit111/beh/sub-mit111_task-Emotion_beh.tsv,8.05,6.0,4.98,4.0,3.0,2.99,{},,,
sub-mit111,2.0,2.0,5.mp4,5,5_2,64170.434978,79299.185146,256.681739912,317.196740584,60.515000671999985,250.0,1459.652,matched,,sub-mit111/eeg/sub-mit111_task-Emotion_eeg.set,sub-mit111/eeg/sub-mit111_task-Emotion_eeg.fdt,sub-mit111/eeg/sub-mit111_task-emotion_events.tsv,sub-mit111/beh/sub-mit111_task-Emotion_beh.tsv,2.03,4.02,5.96,1.0,3.0,3.02,{},,,
sub-mit111,3.0,3.0,24.mp4,24,24_3,87700.185645,102828.684356,350.80074258,411.314737424,60.51399484399997,250.0,1459.652,matched,,sub-mit111/eeg/sub-mit111_task-Emotion_eeg.set,sub-mit111/eeg/sub-mit111_task-Emotion_eeg.fdt,sub-mit111/eeg/sub-mit111_task-emotion_events.tsv,sub-mit111/beh/sub-mit111_task-Emotion_beh.tsv,1.12,1.78,4.92,1.0,3.0,1.37,{},,,
sub-mit111,4.0,4.0,12.m4v,12,12_4,120878.684521,136007.185746,483.514738084,544.028742984,60.51400490000003,250.0,1459.652,matched,,sub-mit111/eeg/sub-mit111_task-Emotion_eeg.set,sub-mit111/eeg/sub-mit111_task-Emotion_eeg.fdt,sub-mit111/eeg/sub-mit111_task-emotion_events.tsv,sub-mit111/beh/sub-mit111_task-Emotion_beh.tsv,8.88,8.92,4.98,5.0,5.0,4.62,"{'1': [u'Delighted: Feeling or showing great pleasure', u'', u'', u'', ''], '0': [u'Joyous: Full of happiness and joy', u'', u'', u'', ''], '2': [u'Happy: Feeling or showing pleasure or contentment', u'', u'', u'', '']}",HVHA,"['very much', 'quit a bit', 'very much']","[11.836191892623901, 24.773504972457886, 56.05767607688904]"
sub-mit111,5.0,5.0,neutral_2.mp4,neutral_2,neutral_2_5,156097.936258,171222.185344,624.391745032,684.888741376,60.49699634399997,250.0,1459.652,matched,,sub-mit111/eeg/sub-mit111_task-Emotion_eeg.set,sub-mit111/eeg/sub-mit111_task-Emotion_eeg.fdt,sub-mit111/eeg/sub-mit111_task-emotion_events.tsv,sub-mit111/beh/sub-mit111_task-Emotion_beh.tsv,4.75,2.9,3.96,2.0,2.0,1.0,{},,,
sub-mit111,6.0,6.0,9.m4v,9,9_6,176943.93564,192072.434351,707.77574256,768.289737404,60.51399484399997,250.0,1459.652,matched,,sub-mit111/eeg/sub-mit111_task-Emotion_eeg.set,sub-mit111/eeg/sub-mit111_task-Emotion_eeg.fdt,sub-mit111/eeg/sub-mit111_task-emotion_events.tsv,sub-mit111/beh/sub-mit111_task-Emotion_beh.tsv,7.03,7.08,5.08,4.0,5.0,2.03,"{'1': [u'Excited: Very enthusiastic and eager', u'', u'', u'', ''], '0': [u'Adventorous: Willing to take risks or to try out new methods, ideas, or experiences', u'', u'', u'', '']}",HVHA,"['very much', 'very much']","[24.656985998153687, 50.63235402107239]"
sub-mit111,7.0,7.0,16.mp4,16,16_7,211866.935715,226991.184801,847.46774286,907.964739204,60.49699634399997,250.0,1459.652,matched,,sub-mit111/eeg/sub-mit111_task-Emotion_eeg.set,sub-mit111/eeg/sub-mit111_task-Emotion_eeg.fdt,sub-mit111/eeg/sub-mit111_task-emotion_events.tsv,sub-mit111/beh/sub-mit111_task-Emotion_beh.tsv,1.0,6.93,8.88,1.0,4.0,1.49,"{'1': [u'', u'', u'Sad: Feeling or showing sorrow, unhappy', u'', ''], '0': [u'', u'', u'Depressed: in a state of unhappiness or despondency', u'', '']}",HVHA,"['quit a bit', 'quit a bit']","[30.045675039291382, 49.00959086418152]"
sub-mit111,8.0,8.0,27.mp4,27,27_8,246305.936202,261430.185288,985.223744808,1045.720741152,60.49699634400008,250.0,1459.652,matched,,sub-mit111/eeg/sub-mit111_task-Emotion_eeg.set,sub-mit111/eeg/sub-mit111_task-Emotion_eeg.fdt,sub-mit111/eeg/sub-mit111_task-emotion_events.tsv,sub-mit111/beh/sub-mit111_task-Emotion_beh.tsv,1.8,1.91,4.88,1.0,1.0,1.01,{},,,
sub-mit111,9.0,9.0,1.mp4,1,1_9,267681.936733,282806.434762,1070.727746932,1131.225739048,60.49799211599998,250.0,1459.652,matched,,sub-mit111/eeg/sub-mit111_task-Emotion_eeg.set,sub-mit111/eeg/sub-mit111_task-Emotion_eeg.fdt,sub-mit111/eeg/sub-mit111_task-emotion_events.tsv,sub-mit111/beh/sub-mit111_task-Emotion_beh.tsv,2.07,6.22,6.02,3.0,5.0,1.86,"{'0': [u'', u'Afraid: Worried that something undesirable will occur or be done', u'', u'', '']}",HVHA,['moderately'],[34.38740015029907]
sub-mit111,10.0,10.0,15.mp4,15,15_10,294328.935631,309453.436173,1177.315742524,1237.813744692,60.498002168000085,250.0,1459.652,matched,,sub-mit111/eeg/sub-mit111_task-Emotion_eeg.set,sub-mit111/eeg/sub-mit111_task-Emotion_eeg.fdt,sub-mit111/eeg/sub-mit111_task-emotion_events.tsv,sub-mit111/beh/sub-mit111_task-Emotion_beh.tsv,1.2,6.45,5.37,1.0,1.0,1.12,"{'1': [u'', u'Angry: Feeling or showing strong annoyance, displeasure, or hostility, full of anger', u'', u'', ''], '0': [u'', u'', u'Sad: Feeling or showing sorrow, unhappy', u'', ''], '2': [u'', u'Hate: Have a strong aversion to (something)', u'', u'', '']}",HVHA,"['quit a bit', 'moderately', 'moderately']","[39.51304793357849, 48.29393196105957, 56.80773878097534]"
sub-mit111,11.0,11.0,7.mp4,7,7_11,327073.434647,342202.184815,1308.293738588,1368.80873926,60.51500067200004,250.0,1459.652,matched,,sub-mit111/eeg/sub-mit111_task-Emotion_eeg.set,sub-mit111/eeg/sub-mit111_task-Emotion_eeg.fdt,sub-mit111/eeg/sub-mit111_task-emotion_events.tsv,sub-mit111/beh/sub-mit111_task-Emotion_beh.tsv,1.0,3.26,5.95,1.0,1.0,1.19,"{'1': [u'', u'Afraid: Worried that something undesirable will occur or be done', u'', u'', ''], '0': [u'', u'Disgust: A feeling of revulsion or strong disapproval aroused by something unpleasant\n or offensiv', u'', u'', '']}",HVHA,"['quit a bit', 'a little']","[38.61370587348938, 41.85221791267395]"
sub-mit113,1.0,1.0,neutral_1.mp4,neutral_1,neutral_1_1,85631.649289,100755.898375,342.526597156,403.0235935,60.496996344000024,250.0,2148.408,matched,,sub-mit113/eeg/sub-mit113_task-Emotion_eeg.set,sub-mit113/eeg/sub-mit113_task-Emotion_eeg.fdt,sub-mit113/eeg/sub-mit113_task-emotion_events.tsv,sub-mit113/beh/sub-mit113_task-Emotion_beh.tsv,5.0,1.03,1.0,3.0,1.0,1.0,{},,,
sub-mit113,2.0,2.0,3.mp4,3,3_2,108530.898951,123655.399494,434.123595804,494.621597976,60.498002171999985,250.0,2148.408,matched,,sub-mit113/eeg/sub-mit113_task-Emotion_eeg.set,sub-mit113/eeg/sub-mit113_task-Emotion_eeg.fdt,sub-mit113/eeg/sub-mit113_task-emotion_events.tsv,sub-mit113/beh/sub-mit113_task-Emotion_beh.tsv,7.04,1.0,1.0,4.0,1.0,3.01,"{'0': [u'Amused: Finding something funny or entertaining.', u'No Emotion From List', u'No Emotion From List', u'No Emotion From List', u'']}",HVHA,['not at all'],[46.0075159072876]
sub-mit113,3.0,3.0,28.mp4,28,28_3,180814.146996,195938.647538,723.256587984,783.754590152,60.49800216799997,250.0,2148.408,matched,,sub-mit113/eeg/sub-mit113_task-Emotion_eeg.set,sub-mit113/eeg/sub-mit113_task-Emotion_eeg.fdt,sub-mit113/eeg/sub-mit113_task-emotion_events.tsv,sub-mit113/beh/sub-mit113_task-Emotion_beh.tsv,4.96,3.03,1.01,2.0,1.0,1.02,{},,,
sub-mit113,4.0,4.0,8.m4v,8,8_4,207719.897758,222848.647926,830.879591032,891.394591704,60.51500067200004,250.0,2148.408,matched,,sub-mit113/eeg/sub-mit113_task-Emotion_eeg.set,sub-mit113/eeg/sub-mit113_task-Emotion_eeg.fdt,sub-mit113/eeg/sub-mit113_task-emotion_events.tsv,sub-mit113/beh/sub-mit113_task-Emotion_beh.tsv,7.06,4.0,2.94,3.0,2.0,4.02,{},,,
sub-mit113,5.0,5.0,2.m4v,2,2_5,235051.647015,250180.14824,940.20658806,1000.7205929600001,60.514004900000145,250.0,2148.408,matched,,sub-mit113/eeg/sub-mit113_task-Emotion_eeg.set,sub-mit113/eeg/sub-mit113_task-Emotion_eeg.fdt,sub-mit113/eeg/sub-mit113_task-emotion_events.tsv,sub-mit113/beh/sub-mit113_task-Emotion_beh.tsv,1.97,7.03,4.96,3.0,3.0,1.03,"{'0': [u'No Emotion From List', u'Disgust: A feeling of revulsion or strong disapproval aroused by something unpleasant\n or offensiv', u'No Emotion From List', u'No Emotion From List', '']}",HVHA,['not at all'],[22.036402940750122]
sub-mit113,6.0,6.0,7.mp4,7,7_6,293394.410825,308518.911368,1173.5776433,1234.075645472,60.498002171999815,250.0,2148.408,matched,,sub-mit113/eeg/sub-mit113_task-Emotion_eeg.set,sub-mit113/eeg/sub-mit113_task-Emotion_eeg.fdt,sub-mit113/eeg/sub-mit113_task-emotion_events.tsv,sub-mit113/beh/sub-mit113_task-Emotion_beh.tsv,3.01,7.03,2.96,5.0,2.0,1.0,"{'0': [u'No Emotion From List', u'Startled: Feeling or showing sudden shock or alarm.', u'No Emotion From List', u'No Emotion From List', '']}",HVHA,['not at all'],[54.05201601982117]
sub-mit113,7.0,7.0,neutral_2.mp4,neutral_2,neutral_2_7,353645.660664,368770.161207,1414.5826426560002,1475.080644828,60.498002171999815,250.0,2148.408,matched,,sub-mit113/eeg/sub-mit113_task-Emotion_eeg.set,sub-mit113/eeg/sub-mit113_task-Emotion_eeg.fdt,sub-mit113/eeg/sub-mit113_task-emotion_events.tsv,sub-mit113/beh/sub-mit113_task-Emotion_beh.tsv,5.02,1.0,1.0,2.0,1.0,1.0,{},,,
sub-mit113,8.0,8.0,15.mp4,15,15_8,374884.16194,390008.659969,1499.53664776,1560.0346398759998,60.49799211599975,250.0,2148.408,matched,,sub-mit113/eeg/sub-mit113_task-Emotion_eeg.set,sub-mit113/eeg/sub-mit113_task-Emotion_eeg.fdt,sub-mit113/eeg/sub-mit113_task-emotion_events.tsv,sub-mit113/beh/sub-mit113_task-Emotion_beh.tsv,9.0,7.04,5.04,5.0,4.0,1.0,"{'0': [u'Triumphant: Feeling or expressing jubilation after a victory or achievement', u'No Emotion From List', u'No Emotion From List', u'No Emotion From List', '']}",HVHA,['moderately'],[38.92889904975891]
sub-mit113,9.0,9.0,16.mp4,16,16_9,432681.660755,447805.909841,1730.72664302,1791.2236393639998,60.496996343999854,250.0,2148.408,matched,,sub-mit113/eeg/sub-mit113_task-Emotion_eeg.set,sub-mit113/eeg/sub-mit113_task-Emotion_eeg.fdt,sub-mit113/eeg/sub-mit113_task-emotion_events.tsv,sub-mit113/beh/sub-mit113_task-Emotion_beh.tsv,1.06,8.99,7.04,3.0,2.0,1.02,"{'0': [u'No Emotion From List', u'Disgust: A feeling of revulsion or strong disapproval aroused by something unpleasant\n or offensiv', u'No Emotion From List', u'No Emotion From List', '']}",HVHA,['very much'],[7.077406883239746]
sub-mit113,10.0,10.0,13.m4v,13,13_10,471389.66092,486514.161463,1885.55864368,1946.056645852,60.49800217200004,250.0,2148.408,matched,,sub-mit113/eeg/sub-mit113_task-Emotion_eeg.set,sub-mit113/eeg/sub-mit113_task-Emotion_eeg.fdt,sub-mit113/eeg/sub-mit113_task-emotion_events.tsv,sub-mit113/beh/sub-mit113_task-Emotion_beh.tsv,6.99,2.99,1.0,5.0,3.0,1.0,"{'0': [u'Happy: Feeling or showing pleasure or contentment', u'No Emotion From List', u'No Emotion From List', u'No Emotion From List', '']}",HVHA,['moderately'],[20.227111101150513]
sub-mit113,11.0,11.0,27.mp4,27,27_11,505206.659651,520335.409819,2020.826638604,2081.341639276,60.51500067200004,250.0,2148.408,matched,,sub-mit113/eeg/sub-mit113_task-Emotion_eeg.set,sub-mit113/eeg/sub-mit113_task-Emotion_eeg.fdt,sub-mit113/eeg/sub-mit113_task-emotion_events.tsv,sub-mit113/beh/sub-mit113_task-Emotion_beh.tsv,1.05,1.05,1.01,4.0,2.0,1.04,"{'0': [u'No Emotion From List', u'No Emotion From List', u'Depressed: in a state of unhappiness or despondency', u'No Emotion From List', '']}",HVHA,['quit a bit'],[45.97548985481262]
sub-mit114,1.0,1.0,neutral_1.mp4,neutral_1,neutral_1_1,35459.725186,50584.225729,141.838900744,202.33690291599999,60.498002171999985,250.0,2441.496,matched,,sub-mit114/eeg/sub-mit114_task-Emotion_eeg.set,sub-mit114/eeg/sub-mit114_task-Emotion_eeg.fdt,sub-mit114/eeg/sub-mit114_task-emotion_events.tsv,sub-mit114/beh/sub-mit114_task-Emotion_beh.tsv,8.01,4.98,8.07,4.0,1.0,1.7,"{'1': [u'', u'', u'Taken Aback: Shock or surprise someone.', u'', ''], '0': [u'', u'', u'', u'Hopeful: Feeling or inspiring optimism about a future event.', ''], '3': [u'', u'Startled: Feeling or showing sudden shock or alarm.', u'', u'', ''], '2': [u'', u'', u'No Emotion From List', u'', '']}",HVHA,"['not at all', 'not at all', 'not at all', 'not at all']","[4.865160226821899, 10.10700011253357, 23.528295278549194, 28.185853242874146]"
sub-mit114,2.0,2.0,7.mp4,7,7_2,105702.225398,120826.725941,422.808901592,483.30690376399997,60.498002171999985,250.0,2441.496,matched,,sub-mit114/eeg/sub-mit114_task-Emotion_eeg.set,sub-mit114/eeg/sub-mit114_task-Emotion_eeg.fdt,sub-mit114/eeg/sub-mit114_task-emotion_events.tsv,sub-mit114/beh/sub-mit114_task-Emotion_beh.tsv,8.03,8.63,7.99,4.0,4.0,5.0,"{'1': [u'', u'Startled: Feeling or showing sudden shock or alarm.', u'', u'', ''],  '3': [u'Excited: Very enthusiastic and eager', u'', u'', u'', ''], '2': [u'', u'Startled: Feeling or showing sudden shock or alarm.', u'', u'', '']}",HVHA,"['not at all', 'not at all', 'not at all', 'not at all', 'not at all']","[7.85991096496582, 10.464047908782959, 19.29499101638794, 51.98112201690674, 55.403204917907715]"
sub-mit114,3.0,3.0,12.m4v,12,12_3,163374.475949,178498.725034,653.4979037960001,713.994900136,60.496996339999896,250.0,2441.496,matched,,sub-mit114/eeg/sub-mit114_task-Emotion_eeg.set,sub-mit114/eeg/sub-mit114_task-Emotion_eeg.fdt,sub-mit114/eeg/sub-mit114_task-emotion_events.tsv,sub-mit114/beh/sub-mit114_task-Emotion_beh.tsv,9.0,9.0,9.0,4.0,5.0,4.03,"{'1': [u'Joyous: Full of happiness and joy', u'', u'', u'', ''], '0': [u'Joyous: Full of happiness and joy', u'', u'', u'', ''], '2': [u'Joyous: Full of happiness and joy', u'', u'', u'', '']}",HVHA,"['not at all', 'not at all', 'not at all']","[1.4400849342346191, 6.2308549880981445, 21.32205295562744]"
sub-mit114,4.0,4.0,15.mp4,15,15_4,196097.975783,211222.473811,784.391903132,844.8898952440001,60.49799211200002,250.0,2441.496,matched,,sub-mit114/eeg/sub-mit114_task-Emotion_eeg.set,sub-mit114/eeg/sub-mit114_task-Emotion_eeg.fdt,sub-mit114/eeg/sub-mit114_task-emotion_events.tsv,sub-mit114/beh/sub-mit114_task-Emotion_beh.tsv,1.0,9.0,8.09,1.0,5.0,5.0,"{'1': [u'', u'Angry: Feeling or showing strong annoyance, displeasure, or hostility, full of anger', u'', u'', ''], '0': [u'', u'Distress: Suffering from extreme anxiety, sorrow, or pain', u'', u'', ''], '3': [u'', u'Afraid: Worried that something undesirable will occur or be done', u'', u'', ''], '5': [u'', u'Alarmed: An anxious awareness of danger', u'', u'', ''], '4': [u'', u'', u'', u'Compassionate: Feeling or showing sympathy and concern for others.', ''], '6': [u'', u'Angry: Feeling or showing strong annoyance, displeasure, or hostility, full of anger', u'', u'', '']}",HVHA,"['not at all', 'not at all', 'not at all', 'not at all', 'not at all', 'not at all', 'not at all']","[5.892118215560913, 12.819676160812378, 21.70080018043518, 23.52027916908264, 42.133788108825684, 49.64582920074463, 50.981311082839966]"
sub-mit114,5.0,5.0,24.mp4,24,24_5,256728.973612,271857.474837,1026.915894448,1087.4298993480002,60.514004900000145,250.0,2441.496,matched,,sub-mit114/eeg/sub-mit114_task-Emotion_eeg.set,sub-mit114/eeg/sub-mit114_task-Emotion_eeg.fdt,sub-mit114/eeg/sub-mit114_task-emotion_events.tsv,sub-mit114/beh/sub-mit114_task-Emotion_beh.tsv,1.0,9.0,8.47,1.0,5.0,5.0,"{'1': [u'', u'Startled: Feeling or showing sudden shock or alarm.', u'', u'', ''], '0': [u'', u'', u'', u'Love: An intense feeling of deep affection.', ''], '3': [u'', u'Hate: Have a strong aversion to (something)', u'', u'', ''], '2': [u'', u'Distress: Suffering from extreme anxiety, sorrow, or pain', u'', u'', '']}",HVHA,"['not at all', 'not at all', 'not at all', 'not at all']","[4.776043891906738, 25.843254804611206, 31.001587867736816, 39.78232288360596]"
sub-mit114,6.0,6.0,17.mp4,17,17_6,309212.414641,324336.915184,1236.849658564,1297.3476607359999,60.498002171999815,250.0,2441.496,matched,,sub-mit114/eeg/sub-mit114_task-Emotion_eeg.set,sub-mit114/eeg/sub-mit114_task-Emotion_eeg.fdt,sub-mit114/eeg/sub-mit114_task-emotion_events.tsv,sub-mit114/beh/sub-mit114_task-Emotion_beh.tsv,5.0,6.54,8.72,3.0,4.0,3.99,"{'1': [u'', u'Afraid: Worried that something undesirable will occur or be done', u'', u'', ''], '0': [u'', u'Tense: Become tense, typically through anxiety or nervousness', u'', u'', '']}",HVHA,"['not at all', 'not at all', 'quit a bit', 'very much']","[8.785959005355835, 23.25925087928772, 33.45905303955078, 51.053972005844116]"
sub-mit114,7.0,7.0,16.mp4,16,16_7,364196.915738,379321.413767,1456.7876629520001,1517.285655068,60.49799211599998,250.0,2441.496,matched,,sub-mit114/eeg/sub-mit114_task-Emotion_eeg.set,sub-mit114/eeg/sub-mit114_task-Emotion_eeg.fdt,sub-mit114/eeg/sub-mit114_task-emotion_events.tsv,sub-mit114/beh/sub-mit114_task-Emotion_beh.tsv,1.0,8.01,8.9,1.0,5.0,5.0,"{'1': [u'', u'Angry: Feeling or showing strong annoyance, displeasure, or hostility, full of anger', u'', u'', ''], '0': [u'', u'', u'Dissatisfied: Not content or happy with something.', u'', ''], '3': [u'', u'Frustrated: Feeling or expressing distress and annoyance resulting from an inability \nto change or achieve somethin', u'', u'', ''], '2': [u'', u'Hate: Have a strong aversion to (something)', u'', u'', ''], '5': [u'', u'', u'Sad: Feeling or showing sorrow, unhappy', u'', ''], '4': [u'', u'', u'Sad: Feeling or showing sorrow, unhappy', u'', ''], '6': [u'', u'Frustrated: Feeling or expressing distress and annoyance resulting from an inability \nto change or achieve somethin', u'', u'', '']}",HVHA,"['not at all', 'not at all', 'not at all', 'not at all', 'not at all', 'not at all', 'not at all']","[8.558677911758423, 23.165536880493164, 29.943142890930176, 31.762739896774292, 45.134729862213135, 54.01527404785156, 55.98515200614929]"
sub-mit114,8.0,8.0,4.mp4,4,4_8,420170.415193,435294.915736,1680.681660772,1741.179662944,60.49800217200004,250.0,2441.496,matched,,sub-mit114/eeg/sub-mit114_task-Emotion_eeg.set,sub-mit114/eeg/sub-mit114_task-Emotion_eeg.fdt,sub-mit114/eeg/sub-mit114_task-emotion_events.tsv,sub-mit114/beh/sub-mit114_task-Emotion_beh.tsv,1.0,9.0,1.0,1.0,4.0,5.0,"{'1': [u'', u'Afraid: Worried that something undesirable will occur or be done', u'', u'', ''], '0': [u'', u'Afraid: Worried that something undesirable will occur or be done', u'', u'', ''], '3': [u'', u'Alarmed: An anxious awareness of danger', u'', u'', ''], '2': [u'', u'', u'Sad: Feeling or showing sorrow, unhappy', u'', ''], '4': [u'', u'', u'No Emotion From List', u'', '']}",HVHA,"['not at all', 'not at all', 'not at all', 'not at all', 'not at all', 'not at all']","[8.001121044158936, 19.48638105392456, 26.9149010181427, 35.89610290527344, 52.706552028656006, 58.032140016555786]"
sub-mit114,9.0,9.0,neutral_2.mp4,neutral_2,neutral_2_9,466065.413691,481193.914916,1864.261654764,1924.775659664,60.51400489999992,250.0,2441.496,matched,,sub-mit114/eeg/sub-mit114_task-Emotion_eeg.set,sub-mit114/eeg/sub-mit114_task-Emotion_eeg.fdt,sub-mit114/eeg/sub-mit114_task-emotion_events.tsv,sub-mit114/beh/sub-mit114_task-Emotion_beh.tsv,5.0,1.0,4.98,3.0,3.0,2.98,{},HVHA,['not at all'],[9.701374769210815]
sub-mit114,10.0,10.0,1.mp4,1,1_10,501401.414443,516525.914986,2005.6056577719999,2066.103659944,60.49800217200004,250.0,2441.496,matched,,sub-mit114/eeg/sub-mit114_task-Emotion_eeg.set,sub-mit114/eeg/sub-mit114_task-Emotion_eeg.fdt,sub-mit114/eeg/sub-mit114_task-emotion_events.tsv,sub-mit114/beh/sub-mit114_task-Emotion_beh.tsv,5.98,9.0,9.0,4.0,4.0,5.0,"{'1': [u'', u'', u'Dissatisfied: Not content or happy with something.', u'', ''], '3': [u'', u'Afraid: Worried that something undesirable will occur or be done', u'', u'', ''], '2': [u'Amused: Finding something funny or entertaining.', u'', u'', u'', ''], '5': [u'Adventorous: Willing to take risks or to try out new methods, ideas, or experiences', u'', u'', u'', ''], '4': [u'Adventorous: Willing to take risks or to try out new methods, ideas, or experiences', u'', u'', u'', '']}",HVHA,"['not at all', 'not at all', 'not at all', 'not at all', 'not at all', 'not at all']","[11.434546947479248, 16.70994997024536, 26.659056901931763, 34.05436587333679, 47.20889496803284, 49.46249294281006]"
sub-mit114,11.0,11.0,8.m4v,8,8_11,562095.16339,577219.663933,2248.38065356,2308.878655732,60.498002171999815,250.0,2441.496,matched,,sub-mit114/eeg/sub-mit114_task-Emotion_eeg.set,sub-mit114/eeg/sub-mit114_task-Emotion_eeg.fdt,sub-mit114/eeg/sub-mit114_task-emotion_events.tsv,sub-mit114/beh/sub-mit114_task-Emotion_beh.tsv,9.0,9.0,8.07,5.0,5.0,5.0,"{'1': [u'Passionate: Arising from intense feelings of sexual love.', u'', u'', u'', ''], '0': [u'Passionate: Arising from intense feelings of sexual love.', u'', u'', u'', ''], '3': [u'', u'', u'', u'Pleased: Feeling or showing pleasure and satisfaction, especially at an event or a situation', ''], '2': [u'Passionate: Arising from intense feelings of sexual love.', u'', u'', u'', ''], '5': [u'Lust: Strong sexual desire.', u'', u'', u'', ''], '4': [u'Lust: Strong sexual desire.', u'', u'', u'', ''], '6': [u'Passionate: Arising from intense feelings of sexual love.', u'', u'', u'', '']}",HVHA,"['not at all', 'not at all', 'not at all', 'not at all', 'not at all', 'not at all', 'not at all']","[7.206524848937988, 15.570005893707275, 21.07888889312744, 27.455830812454224, 41.762239933013916, 50.44290781021118, 54.44940376281738]"
sub-mit116,1.0,1.0,neutral_1.mp4,neutral_1,neutral_1_1,218185.426388,233309.926931,872.741705552,933.239707724,60.49800217200004,250.0,2545.892,matched,,sub-mit116/eeg/sub-mit116_task-Emotion_eeg.set,sub-mit116/eeg/sub-mit116_task-Emotion_eeg.fdt,sub-mit116/eeg/sub-mit116_task-emotion_events.tsv,sub-mit116/beh/sub-mit116_task-Emotion_beh.tsv,3.53,4.79,4.21,2.0,3.0,2.76,{},,,
sub-mit116,2.0,2.0,8.m4v,8,8_2,242182.427086,257311.177254,968.7297083440001,1029.2447090160001,60.51500067200004,250.0,2545.892,matched,,sub-mit116/eeg/sub-mit116_task-Emotion_eeg.set,sub-mit116/eeg/sub-mit116_task-Emotion_eeg.fdt,sub-mit116/eeg/sub-mit116_task-emotion_events.tsv,sub-mit116/beh/sub-mit116_task-Emotion_beh.tsv,5.1,4.88,4.05,3.0,3.0,2.56,"{'1': [u'', u'', u'', u'Pensive: Engaged in, involving, or reflecting deep or serious thought.', ''], '0': [u'', u'', u'', u'Pensive: Engaged in, involving, or reflecting deep or serious thought.', '']}",HVHA,"['a little', 'moderately']","[18.27990984916687, 27.427999019622803]"
sub-mit116,3.0,3.0,3.mp4,3,3_3,295284.676272,310408.927873,1181.138705088,1241.635711492,60.497006403999876,250.0,2545.892,matched,,sub-mit116/eeg/sub-mit116_task-Emotion_eeg.set,sub-mit116/eeg/sub-mit116_task-Emotion_eeg.fdt,sub-mit116/eeg/sub-mit116_task-emotion_events.tsv,sub-mit116/beh/sub-mit116_task-Emotion_beh.tsv,5.46,5.19,3.75,3.0,4.0,3.79,"{'0': [u'Joyous: Full of happiness and joy', u'', u'', u'', '']}",HVHA,['moderately'],[50.970155000686646]
sub-mit116,4.0,4.0,24.mp4,24,24_4,326772.925816,341897.177417,1307.091703264,1367.588709668,60.4970064040001,250.0,2545.892,matched,,sub-mit116/eeg/sub-mit116_task-Emotion_eeg.set,sub-mit116/eeg/sub-mit116_task-Emotion_eeg.fdt,sub-mit116/eeg/sub-mit116_task-emotion_events.tsv,sub-mit116/beh/sub-mit116_task-Emotion_beh.tsv,3.63,3.86,5.41,3.0,2.0,2.38,"{'0': [u'', u'', u'Sad: Feeling or showing sorrow, unhappy', u'', '']}",HVHA,['moderately'],[44.55221080780029]
sub-mit116,5.0,5.0,neutral_2.mp4,neutral_2,neutral_2_5,363022.927847,378147.176933,1452.091711388,1512.5887077319999,60.496996343999854,250.0,2545.892,matched,,sub-mit116/eeg/sub-mit116_task-Emotion_eeg.set,sub-mit116/eeg/sub-mit116_task-Emotion_eeg.fdt,sub-mit116/eeg/sub-mit116_task-emotion_events.tsv,sub-mit116/beh/sub-mit116_task-Emotion_beh.tsv,2.88,2.92,3.4,2.0,2.0,1.99,{},,,
sub-mit116,6.0,6.0,2.m4v,2,2_6,388538.928051,403663.426079,1554.1557122039999,1614.653704316,60.49799211200002,250.0,2545.892,matched,,sub-mit116/eeg/sub-mit116_task-Emotion_eeg.set,sub-mit116/eeg/sub-mit116_task-Emotion_eeg.fdt,sub-mit116/eeg/sub-mit116_task-emotion_events.tsv,sub-mit116/beh/sub-mit116_task-Emotion_beh.tsv,1.99,2.92,7.08,4.0,1.0,1.0,"{'1': [u'', u'', u'Sad: Feeling or showing sorrow, unhappy', u'', ''], '0': [u'', u'', u'Depressed: in a state of unhappiness or despondency', u'', ''], '2': [u'', u'', u'Miserable: wretchedly unhappy or uncomfortable', u'', '']}",HVHA,"['moderately', 'a little', 'moderately']","[23.05309295654297, 37.39281916618347, 51.649250984191895]"
sub-mit116,7.0,7.0,27.mp4,27,27_7,434337.676316,449462.176859,1737.350705264,1797.848707436,60.49800217200004,250.0,2545.892,matched,,sub-mit116/eeg/sub-mit116_task-Emotion_eeg.set,sub-mit116/eeg/sub-mit116_task-Emotion_eeg.fdt,sub-mit116/eeg/sub-mit116_task-emotion_events.tsv,sub-mit116/beh/sub-mit116_task-Emotion_beh.tsv,1.0,1.89,7.97,2.0,3.0,4.04,"{'0': [u'', u'', u'Sad: Feeling or showing sorrow, unhappy', u'', '']}",HVHA,['quit a bit'],[58.60658097267151]
sub-mit116,8.0,8.0,1.mp4,1,1_8,469298.176188,484422.676731,1877.192704752,1937.690706924,60.49800217200004,250.0,2545.892,matched,,sub-mit116/eeg/sub-mit116_task-Emotion_eeg.set,sub-mit116/eeg/sub-mit116_task-Emotion_eeg.fdt,sub-mit116/eeg/sub-mit116_task-emotion_events.tsv,sub-mit116/beh/sub-mit116_task-Emotion_beh.tsv,1.89,1.99,4.96,3.0,2.0,1.98,{},,,
sub-mit116,9.0,9.0,4.mp4,4,4_9,491254.426539,506378.927082,1965.017706156,2025.515708328,60.49800217200004,250.0,2545.892,matched,,sub-mit116/eeg/sub-mit116_task-Emotion_eeg.set,sub-mit116/eeg/sub-mit116_task-Emotion_eeg.fdt,sub-mit116/eeg/sub-mit116_task-emotion_events.tsv,sub-mit116/beh/sub-mit116_task-Emotion_beh.tsv,1.05,1.99,5.02,1.0,1.0,1.0,"{'1': [u'', u'', u'Dissatisfied: Not content or happy with something.', u'', ''], '0': [u'', u'', u'Miserable: wretchedly unhappy or uncomfortable', u'', '']}",HVHA,"['moderately', 'moderately']","[24.87145495414734, 39.67866897583008]"
sub-mit116,10.0,10.0,13.m4v,13,13_10,527683.606205,542808.106748,2110.7344248199997,2171.232426992,60.49800217200027,250.0,2545.892,matched,,sub-mit116/eeg/sub-mit116_task-Emotion_eeg.set,sub-mit116/eeg/sub-mit116_task-Emotion_eeg.fdt,sub-mit116/eeg/sub-mit116_task-emotion_events.tsv,sub-mit116/beh/sub-mit116_task-Emotion_beh.tsv,8.97,7.91,3.77,5.0,3.0,5.0,"{'1': [u'Excited: Very enthusiastic and eager', u'', u'', u'', ''], '0': [u'Joyous: Full of happiness and joy', u'', u'', u'', ''], '3': [u'Joyous: Full of happiness and joy', u'', u'', u'', ''], '2': [u'Amused: Finding something funny or entertaining.', u'', u'', u'', ''], '5': [u'Joyous: Full of happiness and joy', u'', u'', u'', ''], '4': [u'Joyous: Full of happiness and joy', u'', u'', u'', ''], '6': [u'Joyous: Full of happiness and joy', u'', u'', u'', '']}",HVHA,"['very much', 'quit a bit', 'very much', 'very much', 'quit a bit', 'quit a bit', 'moderately']","[15.968531131744385, 35.95090413093567, 40.37453603744507, 41.39279818534851, 46.66811513900757, 49.222193002700806, 58.303603172302246]"
sub-mit116,11.0,11.0,7.mp4,7,7_11,581670.607181,596795.105209,2326.682428724,2387.180420836,60.49799211199979,250.0,2545.892,matched,,sub-mit116/eeg/sub-mit116_task-Emotion_eeg.set,sub-mit116/eeg/sub-mit116_task-Emotion_eeg.fdt,sub-mit116/eeg/sub-mit116_task-emotion_events.tsv,sub-mit116/beh/sub-mit116_task-Emotion_beh.tsv,1.28,3.9,6.29,2.0,2.0,1.01,"{'1': [u'', u'', u'Miserable: wretchedly unhappy or uncomfortable', u'', ''], '0': [u'', u'', u'Taken Aback: Shock or surprise someone.', u'', ''], '2': [u'', u'Distress: Suffering from extreme anxiety, sorrow, or pain', u'', u'', '']}",HVHA,"['moderately', 'a little', 'a little']","[25.644954204559326, 44.27498722076416, 53.156089305877686]"
sub-mit117,1.0,1.0,neutral_1.mp4,neutral_1,neutral_1_1,54380.518757,69505.0193,217.522075028,278.0200772,60.498002172000014,250.0,2489.54,matched,,sub-mit117/eeg/sub-mit117_task-Emotion_eeg.set,sub-mit117/eeg/sub-mit117_task-Emotion_eeg.fdt,sub-mit117/eeg/sub-mit117_task-emotion_events.tsv,sub-mit117/beh/sub-mit117_task-Emotion_beh.tsv,8.97,1.01,5.0,5.0,3.0,3.05,{},,,
sub-mit117,2.0,2.0,13.m4v,13,13_2,107595.51879,122720.019333,430.38207516,490.88007733200004,60.49800217200004,250.0,2489.54,matched,,sub-mit117/eeg/sub-mit117_task-Emotion_eeg.set,sub-mit117/eeg/sub-mit117_task-Emotion_eeg.fdt,sub-mit117/eeg/sub-mit117_task-emotion_events.tsv,sub-mit117/beh/sub-mit117_task-Emotion_beh.tsv,8.92,4.73,8.99,5.0,5.0,4.91,"{'1': [u'Amused: Finding something funny or entertaining.', u'', u'', u'', ''], '0': [u'Joyous: Full of happiness and joy', u'', u'', u'', ''], '3': [u'Adventorous: Willing to take risks or to try out new methods, ideas, or experiences', u'', u'', u'', ''], '2': [u'', u'', u'', u'Contented: Feeling or expressing happiness or satisfaction', '']}",HVHA,"['very much', 'very much', 'very much', 'very much']","[19.56438112258911, 21.76805591583252, 33.494422912597656, 34.25470805168152]"
sub-mit117,3.0,3.0,16.mp4,16,16_3,201868.267357,216992.7679,807.473069428,867.9710716000001,60.49800217200004,250.0,2489.54,matched,,sub-mit117/eeg/sub-mit117_task-Emotion_eeg.set,sub-mit117/eeg/sub-mit117_task-Emotion_eeg.fdt,sub-mit117/eeg/sub-mit117_task-emotion_events.tsv,sub-mit117/beh/sub-mit117_task-Emotion_beh.tsv,1.06,2.97,9.0,1.0,5.0,5.0,"{'1': [u'', u'Angry: Feeling or showing strong annoyance, displeasure, or hostility, full of anger', u'', u'', ''], '0': [u'', u'Hate: Have a strong aversion to (something)', u'', u'', '']}",HVHA,"['very much', 'very much']","[6.774103879928589, 31.196866035461426]"
sub-mit117,4.0,4.0,27.mp4,27,27_4,264515.269641,279639.518727,1058.0610785640001,1118.558074908,60.496996343999854,250.0,2489.54,matched,,sub-mit117/eeg/sub-mit117_task-Emotion_eeg.set,sub-mit117/eeg/sub-mit117_task-Emotion_eeg.fdt,sub-mit117/eeg/sub-mit117_task-emotion_events.tsv,sub-mit117/beh/sub-mit117_task-Emotion_beh.tsv,1.01,1.03,6.87,1.0,5.0,4.94,"{'0': [u'', u'', u'Sad: Feeling or showing sorrow, unhappy', u'', '']}",HVHA,['very much'],[39.510313987731934]
sub-mit117,5.0,5.0,15.mp4,15,15_5,300402.268209,315526.517294,1201.609072836,1262.1060691760001,60.49699634000012,250.0,2489.54,matched,,sub-mit117/eeg/sub-mit117_task-Emotion_eeg.set,sub-mit117/eeg/sub-mit117_task-Emotion_eeg.fdt,sub-mit117/eeg/sub-mit117_task-emotion_events.tsv,sub-mit117/beh/sub-mit117_task-Emotion_beh.tsv,1.03,9.0,8.88,1.0,5.0,2.96,"{'0': [u'', u'Angry: Feeling or showing strong annoyance, displeasure, or hostility, full of anger', u'', u'', '']}",HVHA,['very much'],[56.884063959121704]
sub-mit117,6.0,6.0,5.mp4,5,5_6,337462.017406,352586.269006,1349.848069624,1410.345076024,60.497006400000146,250.0,2489.54,matched,,sub-mit117/eeg/sub-mit117_task-Emotion_eeg.set,sub-mit117/eeg/sub-mit117_task-Emotion_eeg.fdt,sub-mit117/eeg/sub-mit117_task-emotion_events.tsv,sub-mit117/beh/sub-mit117_task-Emotion_beh.tsv,1.03,1.06,3.03,1.0,4.0,1.1,{},,,
sub-mit117,7.0,7.0,neutral_2.mp4,neutral_2,neutral_2_7,362994.769681,378119.018767,1451.979078724,1512.476075068,60.49699634400008,250.0,2489.54,matched,,sub-mit117/eeg/sub-mit117_task-Emotion_eeg.set,sub-mit117/eeg/sub-mit117_task-Emotion_eeg.fdt,sub-mit117/eeg/sub-mit117_task-emotion_events.tsv,sub-mit117/beh/sub-mit117_task-Emotion_beh.tsv,7.03,3.07,7.03,5.0,4.0,1.11,"{'0': [u'Delighted: Feeling or showing great pleasure', u'', u'', u'', '']}",HVHA,['very much'],[37.22659087181091]
sub-mit117,8.0,8.0,1.mp4,1,1_8,410221.230547,425349.980714,1640.884922188,1701.399922856,60.515000668000084,250.0,2489.54,matched,,sub-mit117/eeg/sub-mit117_task-Emotion_eeg.set,sub-mit117/eeg/sub-mit117_task-Emotion_eeg.fdt,sub-mit117/eeg/sub-mit117_task-emotion_events.tsv,sub-mit117/beh/sub-mit117_task-Emotion_beh.tsv,1.05,6.04,6.95,1.0,4.0,4.95,"{'0': [u'', u'Afraid: Worried that something undesirable will occur or be done', u'', u'', '']}",HVHA,['very much'],[48.963560819625854]
sub-mit117,9.0,9.0,3.mp4,3,3_9,457685.230794,472809.731337,1830.7409231759998,1891.2389253479998,60.49800217200004,250.0,2489.54,matched,,sub-mit117/eeg/sub-mit117_task-Emotion_eeg.set,sub-mit117/eeg/sub-mit117_task-Emotion_eeg.fdt,sub-mit117/eeg/sub-mit117_task-emotion_events.tsv,sub-mit117/beh/sub-mit117_task-Emotion_beh.tsv,8.99,1.1,8.94,5.0,5.0,4.99,"{'0': [u'', u'', u'', u'Pleased: Feeling or showing pleasure and satisfaction, especially at an event or a situation', '']}",HVHA,['very much'],[54.47045397758484]
sub-mit117,10.0,10.0,12.m4v,12,12_10,488413.981843,503538.479871,1953.655927372,2014.153919484,60.49799211200002,250.0,2489.54,matched,,sub-mit117/eeg/sub-mit117_task-Emotion_eeg.set,sub-mit117/eeg/sub-mit117_task-Emotion_eeg.fdt,sub-mit117/eeg/sub-mit117_task-emotion_events.tsv,sub-mit117/beh/sub-mit117_task-Emotion_beh.tsv,8.97,8.9,8.97,5.0,5.0,4.96,"{'0': [u'Delighted: Feeling or showing great pleasure', u'', u'', u'', '']}",HVHA,['very much'],[25.286646842956543]
sub-mit117,11.0,11.0,24.mp4,24,24_11,519835.479586,534959.731187,2079.341918344,2139.8389247480004,60.49700640400033,250.0,2489.54,matched,,sub-mit117/eeg/sub-mit117_task-Emotion_eeg.set,sub-mit117/eeg/sub-mit117_task-Emotion_eeg.fdt,sub-mit117/eeg/sub-mit117_task-emotion_events.tsv,sub-mit117/beh/sub-mit117_task-Emotion_beh.tsv,1.0,7.72,7.03,1.0,4.0,1.0,"{'0': [u'', u'Distress: Suffering from extreme anxiety, sorrow, or pain', u'', u'', '']}",HVHA,['very much'],[40.88036894798279]
sub-mit121,1.0,1.0,neutral_1.mp4,neutral_1,neutral_1_1,42642.406002,57766.906545,170.569624008,231.06762618,60.498002171999985,250.0,1999.224,matched,,sub-mit121/eeg/sub-mit121_task-Emotion_eeg.set,sub-mit121/eeg/sub-mit121_task-Emotion_eeg.fdt,sub-mit121/eeg/sub-mit121_task-emotion_events.tsv,sub-mit121/beh/sub-mit121_task-Emotion_beh.tsv,7.01,7.04,6.04,4.0,3.0,3.84,"{'0': [u'Excited: Very enthusiastic and eager', u'', u'', u'', '']}",HVHA,['very much'],[56.31313395500183]
sub-mit121,2.0,2.0,12.m4v,12,12_2,82081.655972,97206.405457,328.326623888,388.825621828,60.49899794000004,250.0,1999.224,matched,,sub-mit121/eeg/sub-mit121_task-Emotion_eeg.set,sub-mit121/eeg/sub-mit121_task-Emotion_eeg.fdt,sub-mit121/eeg/sub-mit121_task-emotion_events.tsv,sub-mit121/beh/sub-mit121_task-Emotion_beh.tsv,8.74,8.2,8.53,5.0,5.0,4.95,"{'1': [u'Joyous: Full of happiness and joy', u'', u'', u'', ''], '0': [u'Delighted: Feeling or showing great pleasure', u'', u'', u'', '']}",HVHA,"['very much', 'very much']","[7.650582313537598, 15.290037393569946]"
sub-mit121,3.0,3.0,5.mp4,5,5_3,128341.657016,143466.155045,513.366628064,573.86462018,60.49799211599998,250.0,1999.224,matched,,sub-mit121/eeg/sub-mit121_task-Emotion_eeg.set,sub-mit121/eeg/sub-mit121_task-Emotion_eeg.fdt,sub-mit121/eeg/sub-mit121_task-emotion_events.tsv,sub-mit121/beh/sub-mit121_task-Emotion_beh.tsv,4.02,6.04,5.93,5.0,5.0,4.85,"{'1': [u'', u'', u'Sad: Feeling or showing sorrow, unhappy', u'', ''], '0': [u'', u'', u'Sad: Feeling or showing sorrow, unhappy', u'', '']}",HVHA,"['very much', 'quit a bit']","[27.029753923416138, 45.484837770462036]"
sub-mit121,4.0,4.0,15.mp4,15,15_4,178500.656225,193625.40571,714.0026249,774.50162284,60.49899793999998,250.0,1999.224,matched,,sub-mit121/eeg/sub-mit121_task-Emotion_eeg.set,sub-mit121/eeg/sub-mit121_task-Emotion_eeg.fdt,sub-mit121/eeg/sub-mit121_task-emotion_events.tsv,sub-mit121/beh/sub-mit121_task-Emotion_beh.tsv,4.98,5.91,6.93,4.0,4.0,4.82,"{'1': [u'', u'', u'Miserable: wretchedly unhappy or uncomfortable', u'', ''], '0': [u'', u'', u'Taken Aback: Shock or surprise someone.', u'', ''], '2': [u'', u'', u'Miserable: wretchedly unhappy or uncomfortable', u'', '']}",HVHA,"['quit a bit', 'quit a bit', 'quit a bit']","[6.866756916046143, 36.37171506881714, 58.020102977752686]"
sub-mit121,5.0,5.0,24.mp4,24,24_5,238280.406408,253405.155893,953.121625632,1013.620623572,60.49899793999998,250.0,1999.224,matched,,sub-mit121/eeg/sub-mit121_task-Emotion_eeg.set,sub-mit121/eeg/sub-mit121_task-Emotion_eeg.fdt,sub-mit121/eeg/sub-mit121_task-emotion_events.tsv,sub-mit121/beh/sub-mit121_task-Emotion_beh.tsv,1.95,7.03,8.22,3.0,4.0,3.71,"{'0': [u'', u'Startled: Feeling or showing sudden shock or alarm.', u'', u'', '']}",HVHA,['quit a bit'],[27.941329956054688]
sub-mit121,6.0,6.0,neutral_2.mp4,neutral_2,neutral_2_6,285618.655477,300743.15602,1142.474621908,1202.97262408,60.49800217200004,250.0,1999.224,matched,,sub-mit121/eeg/sub-mit121_task-Emotion_eeg.set,sub-mit121/eeg/sub-mit121_task-Emotion_eeg.fdt,sub-mit121/eeg/sub-mit121_task-emotion_events.tsv,sub-mit121/beh/sub-mit121_task-Emotion_beh.tsv,5.27,5.33,5.27,4.0,3.0,3.05,{},,,
sub-mit121,7.0,7.0,27.mp4,27,27_7,313080.405537,328204.90608,1252.321622148,1312.81962432,60.49800217200004,250.0,1999.224,matched,,sub-mit121/eeg/sub-mit121_task-Emotion_eeg.set,sub-mit121/eeg/sub-mit121_task-Emotion_eeg.fdt,sub-mit121/eeg/sub-mit121_task-emotion_events.tsv,sub-mit121/beh/sub-mit121_task-Emotion_beh.tsv,2.03,3.01,7.08,4.0,4.0,4.06,"{'0': [u'', u'', u'Sad: Feeling or showing sorrow, unhappy', u'', '']}",HVHA,['quit a bit'],[56.40670084953308]
sub-mit121,8.0,8.0,3.mp4,3,3_8,348942.406755,364066.904783,1395.76962702,1456.267619132,60.49799211200002,250.0,1999.224,matched,,sub-mit121/eeg/sub-mit121_task-Emotion_eeg.set,sub-mit121/eeg/sub-mit121_task-Emotion_eeg.fdt,sub-mit121/eeg/sub-mit121_task-emotion_events.tsv,sub-mit121/beh/sub-mit121_task-Emotion_beh.tsv,7.91,5.04,8.41,5.0,4.0,3.62,{},,,
sub-mit121,9.0,9.0,2.m4v,2,2_9,381033.396734,396157.894762,1524.133586936,1584.631579048,60.49799211200002,250.0,1999.224,matched,,sub-mit121/eeg/sub-mit121_task-Emotion_eeg.set,sub-mit121/eeg/sub-mit121_task-Emotion_eeg.fdt,sub-mit121/eeg/sub-mit121_task-emotion_events.tsv,sub-mit121/beh/sub-mit121_task-Emotion_beh.tsv,1.55,4.96,7.99,4.0,4.0,3.18,"{'1': [u'', u'', u'Sad: Feeling or showing sorrow, unhappy', u'', ''], '0': [u'', u'Startled: Feeling or showing sudden shock or alarm.', u'', u'', '']}",HVHA,"['quit a bit', 'very much']","[28.370824098587036, 53.5465350151062]"
sub-mit121,10.0,10.0,16.mp4,16,16_10,424681.145804,439805.895289,1698.7245832160002,1759.2235811560001,60.49899793999998,250.0,1999.224,matched,,sub-mit121/eeg/sub-mit121_task-Emotion_eeg.set,sub-mit121/eeg/sub-mit121_task-Emotion_eeg.fdt,sub-mit121/eeg/sub-mit121_task-emotion_events.tsv,sub-mit121/beh/sub-mit121_task-Emotion_beh.tsv,2.07,5.96,6.97,4.0,4.0,3.6,"{'1': [u'', u'Angry: Feeling or showing strong annoyance, displeasure, or hostility, full of anger', u'', u'', ''], '0': [u'', u'Angry: Feeling or showing strong annoyance, displeasure, or hostility, full of anger', u'', u'', '']}",HVHA,"['very much', 'very much']","[21.356905221939087, 44.0417902469635]"
sub-mit121,11.0,11.0,1.mp4,1,1_11,463230.396075,478359.146243,1852.9215843,1913.436584972,60.51500067200004,250.0,1999.224,matched,,sub-mit121/eeg/sub-mit121_task-Emotion_eeg.set,sub-mit121/eeg/sub-mit121_task-Emotion_eeg.fdt,sub-mit121/eeg/sub-mit121_task-emotion_events.tsv,sub-mit121/beh/sub-mit121_task-Emotion_beh.tsv,5.96,7.06,7.06,5.0,4.0,3.84,"{'1': [u'', u'Alarmed: An anxious awareness of danger', u'', u'', ''], '0': [u'', u'Afraid: Worried that something undesirable will occur or be done', u'', u'', '']}",HVHA,"['very much', 'quit a bit']","[34.30322313308716, 48.98080110549927]"
sub-mit122,1.0,1.0,neutral_1.mp4,neutral_1,neutral_1_1,91546.19677,106670.946255,366.18478708,426.68378502,60.49899794000004,250.0,1986.68,matched,,sub-mit122/eeg/sub-mit122_task-Emotion_eeg.set,sub-mit122/eeg/sub-mit122_task-Emotion_eeg.fdt,sub-mit122/eeg/sub-mit122_task-emotion_events.tsv,sub-mit122/beh/sub-mit122_task-Emotion_beh.tsv,8.03,5.0,5.02,4.0,2.0,1.55,"{'1': [u'Amused: Finding something funny or entertaining.', u'', u'', u'', ''], '0': [u'Excited: Very enthusiastic and eager', u'', u'', u'', '']}",HVHA,"['moderately', 'quit a bit']","[31.400628089904785, 42.333518266677856]"
sub-mit122,2.0,2.0,5.mp4,5,5_2,143301.697075,158426.446561,573.2067883,633.7057862439999,60.49899794399994,250.0,1986.68,matched,,sub-mit122/eeg/sub-mit122_task-Emotion_eeg.set,sub-mit122/eeg/sub-mit122_task-Emotion_eeg.fdt,sub-mit122/eeg/sub-mit122_task-emotion_events.tsv,sub-mit122/beh/sub-mit122_task-Emotion_beh.tsv,1.93,8.57,4.05,3.0,2.0,2.01,"{'1': [u'', u'', u'Miserable: wretchedly unhappy or uncomfortable', u'', ''], '0': [u'', u'Angry: Feeling or showing strong annoyance, displeasure, or hostility, full of anger', u'', u'', ''], '3': [u'', u'Hate: Have a strong aversion to (something)', u'', u'', ''], '2': [u'', u'Hate: Have a strong aversion to (something)', u'', u'', '']}",HVHA,"['very much', 'very much', 'very much', 'very much']","[8.163431882858276, 21.703902006149292, 33.62310791015625, 44.6895649433136]"
sub-mit122,3.0,3.0,4.mp4,4,4_3,200646.254066,215770.752095,802.5850162639999,863.08300838,60.49799211600009,250.0,1986.68,matched,,sub-mit122/eeg/sub-mit122_task-Emotion_eeg.set,sub-mit122/eeg/sub-mit122_task-Emotion_eeg.fdt,sub-mit122/eeg/sub-mit122_task-emotion_events.tsv,sub-mit122/beh/sub-mit122_task-Emotion_beh.tsv,1.0,8.67,2.99,1.0,1.0,1.07,"{'1': [u'', u'Afraid: Worried that something undesirable will occur or be done', u'', u'', ''], '0': [u'', u'Afraid: Worried that something undesirable will occur or be done', u'', u'', ''], '2': [u'', u'Disgust: A feeling of revulsion or strong disapproval aroused by something unpleasant\n or offensiv', u'', u'', '']}",HVHA,"['very much', 'very much', 'very much']","[4.917564153671265, 39.37074613571167, 51.74137902259827]"
sub-mit122,4.0,4.0,7.mp4,7,7_4,243855.253253,258984.003421,975.421013012,1035.936013684,60.51500067200004,250.0,1986.68,matched,,sub-mit122/eeg/sub-mit122_task-Emotion_eeg.set,sub-mit122/eeg/sub-mit122_task-Emotion_eeg.fdt,sub-mit122/eeg/sub-mit122_task-emotion_events.tsv,sub-mit122/beh/sub-mit122_task-Emotion_beh.tsv,1.57,8.51,5.02,3.0,1.0,1.1,"{'1': [u'', u'Tense: Become tense, typically through anxiety or nervousness', u'', u'', ''], '0': [u'', u'Disgust: A feeling of revulsion or strong disapproval aroused by something unpleasant\n or offensiv', u'', u'', '']}",HVHA,"['quit a bit', 'very much']","[35.490670919418335, 49.482728004455566]"
sub-mit122,5.0,5.0,neutral_2.mp4,neutral_2,neutral_2_5,276628.752816,291753.502302,1106.5150112640001,1167.014009208,60.49899794399994,250.0,1986.68,matched,,sub-mit122/eeg/sub-mit122_task-Emotion_eeg.set,sub-mit122/eeg/sub-mit122_task-Emotion_eeg.fdt,sub-mit122/eeg/sub-mit122_task-emotion_events.tsv,sub-mit122/beh/sub-mit122_task-Emotion_beh.tsv,5.0,4.96,4.44,3.0,1.0,1.08,{},,,
sub-mit122,6.0,6.0,15.mp4,15,15_6,299560.251851,314685.003851,1198.2410074040001,1258.740015404,60.499007999999776,250.0,1986.68,matched,,sub-mit122/eeg/sub-mit122_task-Emotion_eeg.set,sub-mit122/eeg/sub-mit122_task-Emotion_eeg.fdt,sub-mit122/eeg/sub-mit122_task-emotion_events.tsv,sub-mit122/beh/sub-mit122_task-Emotion_beh.tsv,3.32,8.47,7.04,4.0,1.0,1.08,"{'1': [u'', u'Angry: Feeling or showing strong annoyance, displeasure, or hostility, full of anger', u'', u'', ''], '0': [u'', u'Hate: Have a strong aversion to (something)', u'', u'', ''], '3': [u'', u'Hate: Have a strong aversion to (something)', u'', u'', ''], '2': [u'', u'Angry: Feeling or showing strong annoyance, displeasure, or hostility, full of anger', u'', u'', '']}",HVHA,"['very much', 'very much', 'very much', 'very much']","[14.712841033935547, 23.63961696624756, 36.19390892982483, 51.255817890167236]"
sub-mit122,7.0,7.0,2.m4v,2,2_7,350547.39286,365671.893403,1402.18957144,1462.687573612,60.49800217200004,250.0,1986.68,matched,,sub-mit122/eeg/sub-mit122_task-Emotion_eeg.set,sub-mit122/eeg/sub-mit122_task-Emotion_eeg.fdt,sub-mit122/eeg/sub-mit122_task-emotion_events.tsv,sub-mit122/beh/sub-mit122_task-Emotion_beh.tsv,1.43,8.01,2.99,2.0,1.0,1.03,"{'1': [u'', u'Distress: Suffering from extreme anxiety, sorrow, or pain', u'', u'', ''], '0': [u'', u'Afraid: Worried that something undesirable will occur or be done', u'', u'', '']}",HVHA,"['very much', 'very much']","[16.59904980659485, 31.1595938205719]"
sub-mit122,8.0,8.0,24.mp4,24,24_8,383429.642588,398554.143131,1533.718570352,1594.216572524,60.49800217200004,250.0,1986.68,matched,,sub-mit122/eeg/sub-mit122_task-Emotion_eeg.set,sub-mit122/eeg/sub-mit122_task-Emotion_eeg.fdt,sub-mit122/eeg/sub-mit122_task-emotion_events.tsv,sub-mit122/beh/sub-mit122_task-Emotion_beh.tsv,1.1,8.68,1.93,1.0,1.0,1.0,"{'1': [u'', u'Distress: Suffering from extreme anxiety, sorrow, or pain', u'', u'', ''], '0': [u'', u'Startled: Feeling or showing sudden shock or alarm.', u'', u'', '']}",HVHA,"['very much', 'very much']","[11.45104718208313, 40.00346612930298]"
sub-mit122,9.0,9.0,3.mp4,3,3_9,410535.892666,425660.644666,1642.143570664,1702.642578664,60.499008,250.0,1986.68,matched,,sub-mit122/eeg/sub-mit122_task-Emotion_eeg.set,sub-mit122/eeg/sub-mit122_task-Emotion_eeg.fdt,sub-mit122/eeg/sub-mit122_task-emotion_events.tsv,sub-mit122/beh/sub-mit122_task-Emotion_beh.tsv,8.05,6.02,6.14,4.0,4.0,1.98,{},,,
sub-mit122,10.0,10.0,6.mp4,6,6_10,431214.894362,446339.39239,1724.859577448,1785.35756956,60.49799211200002,250.0,1986.68,matched,,sub-mit122/eeg/sub-mit122_task-Emotion_eeg.set,sub-mit122/eeg/sub-mit122_task-Emotion_eeg.fdt,sub-mit122/eeg/sub-mit122_task-emotion_events.tsv,sub-mit122/beh/sub-mit122_task-Emotion_beh.tsv,8.65,9.0,7.14,5.0,4.0,3.94,"{'1': [u'Excited: Very enthusiastic and eager', u'', u'', u'', ''], '0': [u'Excited: Very enthusiastic and eager', u'', u'', u'', ''], '2': [u'Excited: Very enthusiastic and eager', u'', u'', u'', '']}",HVHA,"['very much', 'very much', 'very much']","[13.191273927688599, 38.16622710227966, 49.21620011329651]"
sub-mit122,11.0,11.0,23.mp4,23,23_11,467294.144452,482418.893937,1869.1765778079998,1929.675575748,60.49899794000021,250.0,1986.68,matched,,sub-mit122/eeg/sub-mit122_task-Emotion_eeg.set,sub-mit122/eeg/sub-mit122_task-Emotion_eeg.fdt,sub-mit122/eeg/sub-mit122_task-emotion_events.tsv,sub-mit122/beh/sub-mit122_task-Emotion_beh.tsv,8.09,7.89,5.02,4.0,3.0,3.0,"{'1': [u'Happy: Feeling or showing pleasure or contentment', u'', u'', u'', ''], '0': [u'Joyous: Full of happiness and joy', u'', u'', u'', '']}",HVHA,"['very much', 'very much']","[14.003665208816528, 44.846315145492554]"
sub-mit123,1.0,1.0,neutral_1.mp4,neutral_1,neutral_1_1,55324.169341,70448.918827,221.296677364,281.795675308,60.498997943999996,250.0,1325.116,matched,,sub-mit123/eeg/sub-mit123_task-Emotion_eeg.set,sub-mit123/eeg/sub-mit123_task-Emotion_eeg.fdt,sub-mit123/eeg/sub-mit123_task-emotion_events.tsv,sub-mit123/beh/sub-mit123_task-Emotion_beh.tsv,5.81,1.99,3.55,3.0,2.0,2.0,{},,,
sub-mit123,2.0,2.0,9.m4v,9,9_2,77557.668742,92682.418227,310.23067496799996,370.729672908,60.49899794000004,250.0,1325.116,matched,,sub-mit123/eeg/sub-mit123_task-Emotion_eeg.set,sub-mit123/eeg/sub-mit123_task-Emotion_eeg.fdt,sub-mit123/eeg/sub-mit123_task-emotion_events.tsv,sub-mit123/beh/sub-mit123_task-Emotion_beh.tsv,1.1,5.46,1.41,2.0,3.0,1.01,"{'1': [u'', u'Afraid: Worried that something undesirable will occur or be done', u'', u'', ''], '0': [u'', u'Afraid: Worried that something undesirable will occur or be done', u'', u'', '']}",HVHA,"['quit a bit', 'moderately']","[28.03793215751648, 53.49779200553894]"
sub-mit123,3.0,3.0,3.mp4,3,3_3,115241.919179,130366.668664,460.967676716,521.466674656,60.49899793999998,250.0,1325.116,matched,,sub-mit123/eeg/sub-mit123_task-Emotion_eeg.set,sub-mit123/eeg/sub-mit123_task-Emotion_eeg.fdt,sub-mit123/eeg/sub-mit123_task-emotion_events.tsv,sub-mit123/beh/sub-mit123_task-Emotion_beh.tsv,7.04,3.01,6.25,3.0,3.0,2.59,{},,,
sub-mit123,4.0,4.0,24.mp4,24,24_4,135970.918089,151095.418632,543.883672356,604.381674528,60.49800217199993,250.0,1325.116,matched,,sub-mit123/eeg/sub-mit123_task-Emotion_eeg.set,sub-mit123/eeg/sub-mit123_task-Emotion_eeg.fdt,sub-mit123/eeg/sub-mit123_task-emotion_events.tsv,sub-mit123/beh/sub-mit123_task-Emotion_beh.tsv,1.08,2.97,1.0,1.0,2.0,1.01,"{'1': [u'', u'', u'Taken Aback: Shock or surprise someone.', u'', ''], '0': [u'', u'', u'Taken Aback: Shock or surprise someone.', u'', '']}",HVHA,"['very much', 'very much']","[35.52715706825256, 53.91582894325256]"
sub-mit123,5.0,5.0,15.mp4,15,15_5,163766.920008,178891.669493,655.067680032,715.566677972,60.49899793999998,250.0,1325.116,matched,,sub-mit123/eeg/sub-mit123_task-Emotion_eeg.set,sub-mit123/eeg/sub-mit123_task-Emotion_eeg.fdt,sub-mit123/eeg/sub-mit123_task-emotion_events.tsv,sub-mit123/beh/sub-mit123_task-Emotion_beh.tsv,1.0,4.88,6.27,1.0,2.0,1.48,"{'1': [u'', u'Hate: Have a strong aversion to (something)', u'', u'', ''], '0': [u'', u'Angry: Feeling or showing strong annoyance, displeasure, or hostility, full of anger', u'', u'', ''], '2': [u'', u'Angry: Feeling or showing strong annoyance, displeasure, or hostility, full of anger', u'', u'', '']}",HVHA,"['quit a bit', 'very much', 'quit a bit']","[46.481383085250854, 48.721596240997314, 58.417179107666016]"
sub-mit123,6.0,6.0,neutral_2.mp4,neutral_2,neutral_2_6,196353.917062,211478.666547,785.415668248,845.914666188,60.49899793999998,250.0,1325.116,matched,,sub-mit123/eeg/sub-mit123_task-Emotion_eeg.set,sub-mit123/eeg/sub-mit123_task-Emotion_eeg.fdt,sub-mit123/eeg/sub-mit123_task-emotion_events.tsv,sub-mit123/beh/sub-mit123_task-Emotion_beh.tsv,5.0,1.45,4.94,3.0,3.0,1.18,{},,,
sub-mit123,7.0,7.0,4.mp4,4,4_7,218340.915586,233465.416129,873.363662344,933.8616645159999,60.49800217199993,250.0,1325.116,matched,,sub-mit123/eeg/sub-mit123_task-Emotion_eeg.set,sub-mit123/eeg/sub-mit123_task-Emotion_eeg.fdt,sub-mit123/eeg/sub-mit123_task-emotion_events.tsv,sub-mit123/beh/sub-mit123_task-Emotion_beh.tsv,1.0,5.46,1.0,1.0,1.0,2.16,{},,,
sub-mit123,8.0,8.0,17.mp4,17,17_8,238814.916886,253939.666371,955.259667544,1015.758665484,60.49899793999998,250.0,1325.116,matched,,sub-mit123/eeg/sub-mit123_task-Emotion_eeg.set,sub-mit123/eeg/sub-mit123_task-Emotion_eeg.fdt,sub-mit123/eeg/sub-mit123_task-emotion_events.tsv,sub-mit123/beh/sub-mit123_task-Emotion_beh.tsv,1.08,6.95,1.37,1.0,2.0,2.66,"{'1': [u'', u'Alarmed: An anxious awareness of danger', u'', u'', ''], '0': [u'', u'Tense: Become tense, typically through anxiety or nervousness', u'', u'', '']}",HVHA,"['very much', 'very much']","[10.166306018829346, 51.824984073638916]"
sub-mit123,9.0,9.0,1.mp4,1,1_9,264479.666534,279604.167077,1057.9186661360002,1118.416668308,60.498002171999815,250.0,1325.116,matched,,sub-mit123/eeg/sub-mit123_task-Emotion_eeg.set,sub-mit123/eeg/sub-mit123_task-Emotion_eeg.fdt,sub-mit123/eeg/sub-mit123_task-emotion_events.tsv,sub-mit123/beh/sub-mit123_task-Emotion_beh.tsv,1.26,6.29,1.6,1.0,2.0,2.02,"{'1': [u'', u'Alarmed: An anxious awareness of danger', u'', u'', ''], '0': [u'', u'Alarmed: An anxious awareness of danger', u'', u'', '']}",HVHA,"['very much', 'very much']","[36.40330505371094, 57.18243908882141]"
sub-mit123,10.0,10.0,5.mp4,5,5_10,289199.666731,304324.416216,1156.798666924,1217.297664864,60.49899793999998,250.0,1325.116,matched,,sub-mit123/eeg/sub-mit123_task-Emotion_eeg.set,sub-mit123/eeg/sub-mit123_task-Emotion_eeg.fdt,sub-mit123/eeg/sub-mit123_task-emotion_events.tsv,sub-mit123/beh/sub-mit123_task-Emotion_beh.tsv,2.55,2.88,2.8,2.0,2.0,1.0,{},,,
sub-mit123,11.0,11.0,2.m4v,2,2_11,309443.916712,324568.666197,1237.775666848,1298.274664788,60.49899794000021,250.0,1325.116,matched,,sub-mit123/eeg/sub-mit123_task-Emotion_eeg.set,sub-mit123/eeg/sub-mit123_task-Emotion_eeg.fdt,sub-mit123/eeg/sub-mit123_task-emotion_events.tsv,sub-mit123/beh/sub-mit123_task-Emotion_beh.tsv,2.92,1.72,1.99,1.0,2.0,1.94,{},,,
sub-mitb2017007,1.0,1.0,neutral_1.mp4,neutral_1,neutral_1_1,36210.9432,51335.443743,144.8437728,205.34177497200002,60.498002172000014,250.0,1564.328,matched,,sub-mitb2017007/eeg/sub-mitb2017007_task-Emotion_eeg.set,sub-mitb2017007/eeg/sub-mitb2017007_task-Emotion_eeg.fdt,sub-mitb2017007/eeg/sub-mitb2017007_task-emotion_events.tsv,sub-mitb2017007/beh/sub-mitb2017007_task-Emotion_beh.tsv,6.0,5.0,4.92,4.0,3.0,1.99,{},,,
sub-mitb2017007,2.0,2.0,2.m4v,2,2_2,66025.444027,81150.193512,264.101776108,324.600774048,60.49899793999998,250.0,1564.328,matched,,sub-mitb2017007/eeg/sub-mitb2017007_task-Emotion_eeg.set,sub-mitb2017007/eeg/sub-mitb2017007_task-Emotion_eeg.fdt,sub-mitb2017007/eeg/sub-mitb2017007_task-emotion_events.tsv,sub-mitb2017007/beh/sub-mitb2017007_task-Emotion_beh.tsv,2.97,4.56,4.71,3.0,3.0,2.71,"{'0': [u'', u'', u'Melancholic: Feeling or expressing pensive sadness', u'', '']}",HVHA,['a little'],[53.53207492828369]
sub-mitb2017007,3.0,3.0,3.mp4,3,3_3,107734.194864,122858.944349,430.936779456,491.435777396,60.49899793999998,250.0,1564.328,matched,,sub-mitb2017007/eeg/sub-mitb2017007_task-Emotion_eeg.set,sub-mitb2017007/eeg/sub-mitb2017007_task-Emotion_eeg.fdt,sub-mitb2017007/eeg/sub-mitb2017007_task-emotion_events.tsv,sub-mitb2017007/beh/sub-mitb2017007_task-Emotion_beh.tsv,4.98,4.98,5.91,3.0,3.0,3.73,{},,,
sub-mitb2017007,4.0,4.0,24.mp4,24,24_4,134201.193228,149325.945228,536.804772912,597.303780912,60.499008,250.0,1564.328,matched,,sub-mitb2017007/eeg/sub-mitb2017007_task-Emotion_eeg.set,sub-mitb2017007/eeg/sub-mitb2017007_task-Emotion_eeg.fdt,sub-mitb2017007/eeg/sub-mitb2017007_task-emotion_events.tsv,sub-mitb2017007/beh/sub-mitb2017007_task-Emotion_beh.tsv,2.03,4.59,4.07,2.0,2.0,2.03,"{'0': [u'', u'', u'Sad: Feeling or showing sorrow, unhappy', u'', '']}",HVHA,['quit a bit'],[16.652623891830444]
sub-mitb2017007,5.0,5.0,neutral_2.mp4,neutral_2,neutral_2_5,175500.443671,190625.195671,702.001774684,762.500782684,60.499008,250.0,1564.328,matched,,sub-mitb2017007/eeg/sub-mitb2017007_task-Emotion_eeg.set,sub-mitb2017007/eeg/sub-mitb2017007_task-Emotion_eeg.fdt,sub-mitb2017007/eeg/sub-mitb2017007_task-emotion_events.tsv,sub-mitb2017007/beh/sub-mitb2017007_task-Emotion_beh.tsv,4.98,4.04,4.07,2.0,2.0,1.0,{},,,
sub-mitb2017007,6.0,6.0,5.mp4,5,5_6,199075.444043,214200.193528,796.301776172,856.800774112,60.49899793999998,250.0,1564.328,matched,,sub-mitb2017007/eeg/sub-mitb2017007_task-Emotion_eeg.set,sub-mitb2017007/eeg/sub-mitb2017007_task-Emotion_eeg.fdt,sub-mitb2017007/eeg/sub-mitb2017007_task-emotion_events.tsv,sub-mitb2017007/beh/sub-mitb2017007_task-Emotion_beh.tsv,2.05,4.21,4.0,2.0,3.0,3.98,"{'0': [u'', u'', u'Sad: Feeling or showing sorrow, unhappy', u'', '']}",HVHA,['quit a bit'],[31.465886116027832]
sub-mitb2017007,7.0,7.0,9.m4v,9,9_7,246841.963641,261966.715641,987.367854564,1047.866862564,60.499008,250.0,1564.328,matched,,sub-mitb2017007/eeg/sub-mitb2017007_task-Emotion_eeg.set,sub-mitb2017007/eeg/sub-mitb2017007_task-Emotion_eeg.fdt,sub-mitb2017007/eeg/sub-mitb2017007_task-emotion_events.tsv,sub-mitb2017007/beh/sub-mitb2017007_task-Emotion_beh.tsv,5.04,7.14,6.02,4.0,4.0,3.01,"{'1': [u'Excited: Very enthusiastic and eager', u'', u'', u'', ''], '0': [u'Adventorous: Willing to take risks or to try out new methods, ideas, or experiences', u'', u'', u'', '']}",HVHA,"['quit a bit', 'quit a bit']","[42.075196743011475, 51.50357961654663]"
sub-mitb2017007,8.0,8.0,7.mp4,7,7_8,278411.964402,293536.464944,1113.647857608,1174.145859776,60.49800216799986,250.0,1564.328,matched,,sub-mitb2017007/eeg/sub-mitb2017007_task-Emotion_eeg.set,sub-mitb2017007/eeg/sub-mitb2017007_task-Emotion_eeg.fdt,sub-mitb2017007/eeg/sub-mitb2017007_task-emotion_events.tsv,sub-mitb2017007/beh/sub-mitb2017007_task-Emotion_beh.tsv,2.99,7.95,5.04,2.0,2.0,2.03,{},,,
sub-mitb2017007,9.0,9.0,15.mp4,15,15_9,300946.214031,316075.215656,1203.7848561239998,1264.300862624,60.51600650000023,250.0,1564.328,matched,,sub-mitb2017007/eeg/sub-mitb2017007_task-Emotion_eeg.set,sub-mitb2017007/eeg/sub-mitb2017007_task-Emotion_eeg.fdt,sub-mitb2017007/eeg/sub-mitb2017007_task-emotion_events.tsv,sub-mitb2017007/beh/sub-mitb2017007_task-Emotion_beh.tsv,4.05,5.71,4.88,2.0,2.0,2.02,"{'0': [u'', u'', u'Taken Aback: Shock or surprise someone.', u'', '']}",HVHA,['a little'],[36.62821388244629]
sub-mitb2017007,10.0,10.0,8.m4v,8,8_10,332674.964685,347799.71417,1330.69985874,1391.19885668,60.49899793999998,250.0,1564.328,matched,,sub-mitb2017007/eeg/sub-mitb2017007_task-Emotion_eeg.set,sub-mitb2017007/eeg/sub-mitb2017007_task-Emotion_eeg.fdt,sub-mitb2017007/eeg/sub-mitb2017007_task-emotion_events.tsv,sub-mitb2017007/beh/sub-mitb2017007_task-Emotion_beh.tsv,7.99,7.03,6.04,4.0,4.0,4.97,{},,,
sub-mitb2017007,11.0,11.0,4.mp4,4,4_11,356170.713324,371295.213867,1424.682853296,1485.1808554680001,60.49800217200004,250.0,1564.328,matched,,sub-mitb2017007/eeg/sub-mitb2017007_task-Emotion_eeg.set,sub-mitb2017007/eeg/sub-mitb2017007_task-Emotion_eeg.fdt,sub-mitb2017007/eeg/sub-mitb2017007_task-emotion_events.tsv,sub-mitb2017007/beh/sub-mitb2017007_task-Emotion_beh.tsv,1.0,6.97,3.42,1.0,1.0,2.07,"{'1': [u'', u'Distrustful: Feeling or showing distrust of someone or something.', u'', u'', ''], '0': [u'', u'Disgust: A feeling of revulsion or strong disapproval aroused by something unpleasant\n or offensiv', u'', u'', '']}",HVHA,"['quit a bit', 'very much']","[5.469779014587402, 54.50065994262695]"
