trial,channel,std_uv,peak_to_peak_uv,global_correlation,neighbor_correlation,flags,flagged
1,E1,16.25922137025583,147.1350891011491,0.09981317587068608,0.654206133525906,,False
1,E2,29.148082971660084,506.99793635984236,-0.01909752115264074,0.7287182579080703,,False
1,E3,19.663143397059578,222.8326964270403,-0.0023251658599341084,0.8754327392985324,,False
1,E4,14.122921585585548,150.85153699450095,0.028925634041476467,0.9548299740555573,,False
1,E5,9.739445506432507,100.28140245279431,0.020641911533231996,0.7904436801455756,,False
1,E6,4.83600883854362,47.84723707375478,-0.03643973163977205,0.6664072181353786,,False
1,E7,3.2338966598902426,33.96120027219649,-0.03081209353950631,0.32937471597883916,neighbor_correlation,True
1,E8,60.71879665097143,662.6106884677529,-0.09461302065946423,0.8815315745584237,variance,True
1,E9,31.998962284852112,358.27312797819275,-0.028726415163994035,0.9528973158844035,,False
1,E10,21.01657359621185,242.712851846874,-0.03563466952853324,0.9634757075503393,,False
1,E11,19.9267606883169,185.52755086045232,-0.03121838842845099,0.9538035318638888,,False
1,E12,7.71967072377716,82.1281988997804,0.013029340080791258,0.8006560140204815,,False
1,E13,5.446225664525754,55.05249855090844,0.061014476962364055,0.7636044500326473,,False
1,E14,41.381111081774755,428.47814934810873,-0.06718859260922441,0.9619673231466745,,False
1,E15,27.43664131299453,258.5481489806387,-0.05406147059453099,0.9740413661577552,,False
1,E16,23.907646622191987,226.86433189715126,-0.04132226040339969,0.9662805923556704,,False
1,E17,35.85751069412991,324.70458663390525,-0.057839570444361194,0.9673898577172657,,False
1,E18,18.827695694968803,188.6568451507224,-0.06296160910767236,0.9564285628888617,,False
1,E19,11.66894437928583,136.6644373988151,-0.04932009030443503,0.8937901251492854,,False
1,E20,7.882958269260751,83.8233696101785,0.0430496384170007,0.8482802836999472,,False
1,E21,39.6035096710612,382.10306796754617,-0.07172135581708837,0.9665982815299323,,False
1,E22,28.921281507205354,326.1178895315861,-0.03794626878434345,0.9525742198931092,,False
1,E23,15.706112717428946,183.25970141825053,-0.019983743490678205,0.8882558471462159,,False
1,E24,10.148861318370324,134.7822003203781,0.13780398243389888,0.8253111700521518,,False
1,E25,69.49453938151267,740.4583937258575,-0.08644457738516313,0.9161764890218376,variance,True
1,E26,27.40771706112158,460.9466836403411,-0.02256017042968711,0.7924870033780367,,False
1,E27,13.558737813777274,258.90126928373627,0.04733754360096263,0.6762878773760834,,False
1,E28,9.841956848260294,103.17184402476613,0.07280992660181837,0.7520103502182822,,False
1,E29,6.870964972347615,61.81315520175569,0.1262870285032111,0.7907509899296516,,False
1,E30,4.469111164334294,43.18900166662155,0.28486776939973013,0.7125140325491877,,False
1,E31,3.9184734113160147,51.80898830812515,0.2589702338053875,0.5201804224241322,,False
1,E32,19.92216264074617,212.31837248830226,0.14460412462903338,0.6233087416493706,,False
1,E33,11.78196039908681,201.8891350642375,0.22703341957933051,0.6618736755421215,,False
1,E34,10.795943192713858,96.41472594324271,0.21201911545448507,0.580848657621513,,False
1,E35,6.437793476754928,78.77614844661076,0.22164448289156038,0.704629391086634,,False
1,E36,5.744391000950837,54.72632976196224,0.24490486580774917,0.6688178598102346,,False
1,E37,3.5061053079455338,26.62763064461228,0.24024901113317304,0.6004257630327126,,False
1,E38,11.780432394836625,93.16270551141895,0.30284400658506344,0.7522310546246931,,False
1,E39,9.261847850846658,75.85159951575116,0.34386331737022774,0.7755010781588062,,False
1,E40,8.074210667004092,59.7589738657048,0.31720492575437864,0.7146541251405849,,False
1,E41,5.621796420744935,42.821020083602264,0.3024815791866068,0.760095482335682,,False
1,E42,5.28301588015944,43.16418250426182,0.28393074827601944,0.7763268563558358,,False
1,E43,15.752993077406954,183.62548068504998,0.1623034776906956,0.5849393020615631,,False
1,E44,11.512031261203255,141.0597570781068,0.3040418698532318,0.7163976174128784,,False
1,E45,9.396671849892776,82.37636341267596,0.39922377833620465,0.7223420879378163,,False
1,E46,7.3542927246186665,61.430707312603076,0.3631435084140486,0.7144777863919691,,False
1,E47,5.730220754933221,46.04611190652424,0.38602531892754277,0.7874948382390052,,False
1,E48,23.791345530254063,325.59047668062624,0.116908781790352,0.49354905075541305,,False
1,E49,11.022332277888848,96.47356906075663,0.34609945042370255,0.6853610267096291,,False
1,E50,8.838614191072402,77.87745966688577,0.3881323432181102,0.7291805355059955,,False
1,E51,6.819555365446558,56.01861280727647,0.3651538477271999,0.7291245675885483,,False
1,E52,7.0870891934766105,60.07189960393297,0.2669054801493841,0.6803014859636666,,False
1,E53,4.670177683701079,37.52264186095717,0.33609899991812264,0.742377430414492,,False
1,E54,5.108344915109791,136.85884463640173,0.21382864938203788,0.5883511372136783,,False
1,E55,3.1423708390362544,40.799876767064895,0.23890911746268795,0.4670047466445908,,False
1,E56,12.593509038943084,143.5891736520809,0.29489548124906356,0.7820839366064887,,False
1,E57,10.092060535160075,84.65316582478914,0.35379743554488263,0.7504167336556808,,False
1,E58,9.153443408334795,76.47626842496203,0.3141230896138122,0.6903556920524608,,False
1,E59,6.70485591453683,102.58707741677152,0.41069374945256737,0.8200997705523307,,False
1,E60,7.03517149137473,80.16490608416206,0.30855235592545727,0.7726873923646072,,False
1,E61,5.2613140943396255,68.47534882856698,0.33569065104361795,0.7649754172105261,,False
1,E62,7.848679743335087,244.50320497905716,0.2574707120394148,0.8030790213597684,,False
1,E63,12.004323579664153,122.91512915708952,0.2753301690328326,0.8408143853875407,,False
1,E64,10.235719203577833,104.28082031237454,0.30336280536155286,0.7930347795221753,,False
1,E65,7.266180835351606,116.23062801691142,0.4159243703514857,0.7620960255984712,,False
1,E66,7.001381042691202,127.40702871084721,0.3976966426045458,0.9069443937136057,,False
1,E67,6.223229630213515,59.61753771619368,0.3659395891056006,0.8651151828116975,,False
1,E68,11.0529082514972,105.16993635468478,0.3369269284290607,0.8195186761142423,,False
1,E69,9.596390388529422,84.43902344350212,0.3466392323572458,0.7815266613226057,,False
1,E70,7.902172645941558,64.88338465491825,0.3560055766180522,0.8495311000130956,,False
1,E71,6.853118073454166,56.574517589819735,0.3608156178088317,0.9178479146852843,,False
1,E72,7.298914454410867,162.3439787691101,0.36035283468727675,0.9281264214540823,,False
1,E73,11.41729952613301,104.12598263323966,0.31284275214481766,0.7945365332170126,,False
1,E74,9.16547142766611,75.56441400294942,0.35277310764684205,0.8142805044362724,,False
1,E75,7.702548470994543,63.007216298225096,0.39225488303001715,0.9011986628352284,,False
1,E76,7.172667113597574,111.39892763446653,0.3985210259103455,0.9025031630501102,,False
1,E77,8.913635133385466,296.15391789341436,0.2670115904801339,0.8715744480215155,,False
1,E78,24.42637911204856,1058.0273753273605,0.057875495219856174,0.8369764665599072,peak_to_peak,True
1,E79,11.82997603660295,475.9035838383927,0.07122208426277328,0.8435135666553227,,False
1,E80,3.4597006662359173,65.33590605408254,0.21534542906357707,0.6053830099710804,,False
1,E81,12.75173330439644,116.05295334419631,0.27001792081759546,0.6812767701178152,,False
1,E82,10.709328346434305,92.0363083544089,0.32107266840543347,0.7902555314269426,,False
1,E83,8.104187865658279,68.60696827084514,0.3580409433032205,0.839776904764442,,False
1,E84,7.789503169417749,193.85747275055468,0.36314350841404863,0.7722313552936793,,False
1,E85,28.619724448304957,1206.1220923790374,0.055478326631681445,0.8346689760483567,peak_to_peak,True
1,E86,7.066527956713699,241.5299916639851,0.24025049042415436,0.8159055166634965,,False
1,E87,5.255691630829269,161.47107055100457,0.2627035543398278,0.8661779271035057,,False
1,E88,11.053888821484719,103.0420062977646,0.32162361260904926,0.704058795002246,,False
1,E89,10.33560504110289,86.31233496682287,0.3550831202231477,0.8144219105160774,,False
1,E90,8.656343771523318,66.21326611374371,0.35565440304850154,0.7856675259841377,,False
1,E91,22.641881711906628,965.071771442287,0.07074015017986748,0.48668474969986975,peak_to_peak,True
1,E92,5.944822104805825,106.91619990253531,0.39380541087038634,0.7975298401548497,,False
1,E93,4.870266320862941,72.52806675072236,0.3817182661356336,0.8672966393264081,,False
1,E94,10.227590457996104,80.92677051932398,0.3726566626805611,0.7313154899434564,,False
1,E95,9.635213745888876,76.94443199776504,0.3408804308905063,0.7863173870460562,,False
1,E96,8.121395130123316,58.05775170743581,0.3492326157199392,0.7473847942679556,,False
1,E97,6.448469096642795,94.64674841639123,0.42008411041802485,0.7324641940321306,,False
1,E98,5.349177181316009,53.274674328407805,0.38877435504922436,0.8478434133371,,False
1,E99,11.3762489483708,98.71964065932809,0.33569065104361795,0.6739102451527581,,False
1,E100,10.532652313209864,145.69025910008043,0.34996741405177434,0.6466287710463752,,False
1,E101,8.520065709068344,78.25769279255617,0.34901105370002844,0.7099584034165132,,False
1,E102,6.052048296305052,44.824259070709466,0.3942798272565779,0.7420985710616403,,False
1,E103,5.695215098893349,78.34017764029852,0.32469724036397096,0.7817145109787786,,False
1,E104,5.295427860034628,149.3814668160002,0.25529338913842015,0.9655044259299558,,False
1,E105,5.5561860648375525,190.56875565322287,0.19443275285940076,0.8698548635708447,,False
1,E106,3.625812781109112,84.52946075164913,0.21947126789932697,0.49234297367370317,,False
1,E107,11.560997659131587,94.3752232311682,0.3124112165271512,0.6497122184854418,,False
1,E108,9.137944197032539,102.5141433920844,0.3512880198405135,0.6899269517166468,,False
1,E109,9.586855850719935,137.28420896908426,0.2604742896698202,0.6387704532514529,,False
1,E110,6.359333463950538,202.0555961450933,0.21577373636472572,0.8002108264763368,,False
1,E111,6.018660815080015,196.0796612010452,0.22403245301401886,0.9299386255081405,,False
1,E112,5.311400436376347,122.49466178297273,0.20883112884301197,0.8262712700049069,,False
1,E113,10.838306669833612,94.59751524807987,0.29044750965338784,0.8237541780171491,,False
1,E114,9.648148069630425,75.49040618470465,0.34225361958845335,0.8628739291302499,,False
1,E115,9.952353625904426,92.23703949871266,0.2712647300386637,0.6869916008072335,,False
1,E116,7.424108058519868,99.89892308556534,0.2384042351312437,0.7116954816912482,,False
1,E117,6.833386040448146,133.22012793446532,0.27376804363438373,0.8699059336732251,,False
1,E118,8.258949519662591,181.25157291097685,0.2271151648367004,0.8638500779821503,,False
1,E119,12.505359819993481,120.78989459975496,0.22432807870555171,0.8180875363185844,,False
1,E120,10.983942276488031,108.18336750393735,0.26054727363216057,0.8751980419797319,,False
1,E121,10.873031776189599,99.07095472727299,0.2601389258022926,0.8130164322983554,,False
1,E122,12.655941603274131,150.41939485512273,0.21504306288567657,0.6711612041404518,,False
1,E123,9.682761594901066,89.45243875074596,0.1305572011368775,0.7785736683911486,,False
1,E124,9.820247487032221,158.81634712452302,0.17588970273997434,0.8488590380841632,,False
1,E125,13.224277711502813,136.7565034945302,0.1577531267143375,0.8215794424819673,,False
1,E126,13.753660207214136,128.23610935266555,0.2806115256778161,0.8212399118441525,,False
1,E127,188.06064140544217,2173.2103843891737,-0.028898366358634475,0.1918187329275348,variance;peak_to_peak;neighbor_correlation,True
1,E128,13.374104903480202,125.75626166288396,0.24554751450020465,0.6596120545784603,,False
2,E1,26.01390086981024,263.01010870130085,0.20076490937973743,0.5499420026461967,,False
2,E2,37.046524752016666,423.0324157464612,0.27508410386774557,0.571928877959595,,False
2,E3,20.326025827326674,212.06146936590386,0.10661743449123771,0.8440502261873251,,False
2,E4,14.492308260434177,153.2890592562629,0.10208882410024962,0.9394404149313598,,False
2,E5,9.936426294234924,105.7119120001046,0.0657029448026666,0.7949983707867727,,False
2,E6,5.3889291715685514,61.55949963716398,0.06601331307102364,0.7618024084745691,,False
2,E7,4.026023598195089,45.95153846253356,0.09458832217275061,0.5721157718018002,,False
2,E8,56.710195778727346,589.3274446554587,-0.10541627522939619,0.864409793030815,,False
2,E9,32.902236074623715,348.7664091280875,0.008514193945078451,0.9276974789464307,,False
2,E10,20.810468376298868,222.81061910296626,-0.0065723022372423286,0.9417054005562357,,False
2,E11,19.584638026184262,212.47846260018153,0.01922277442944829,0.9368022404291259,,False
2,E12,7.6754654919495575,81.30149868212872,0.002091848862080446,0.788671614207902,,False
2,E13,5.850544980860965,69.32438028046009,0.10124381458852603,0.7934036523213445,,False
2,E14,40.82775725676465,432.5481216044319,-0.0978276976212407,0.9385714740920568,,False
2,E15,28.680690730760375,314.82941528658114,0.018040697747045628,0.9287601980817346,,False
2,E16,23.824198658788347,257.9729697403252,0.016984266973203144,0.9339271410376477,,False
2,E17,35.81530700598595,383.9479382275872,-0.11327773139223599,0.9322064193426591,,False
2,E18,18.7150525905828,207.02640473009686,-0.07549369026992529,0.9197510895565322,,False
2,E19,12.002266129844768,128.29759917275805,-0.046739534482008745,0.8526606395814497,,False
2,E20,8.030948476634066,90.00255755762865,0.05150133379090527,0.838644176487364,,False
2,E21,38.82839630523367,420.84915540863017,-0.11383435046285904,0.9439792100730413,,False
2,E22,29.39010913556224,307.0480146464482,-0.03311251101346024,0.9099813605896668,,False
2,E23,16.85333523806997,184.32066719718313,0.0731049046960337,0.7831572698930049,,False
2,E24,10.691849918247827,133.1517898243847,-0.01412450074221554,0.7670986734117669,,False
2,E25,64.77726137094345,717.1963130731073,-0.13696309956585218,0.8753119114541752,,False
2,E26,22.739178937803167,270.22382612890044,-0.021358787746518382,0.6208198215934018,,False
2,E27,12.849040455712037,133.4235318160471,0.23436955802248305,0.6891613938954413,,False
2,E28,8.832616392299066,121.24584631315726,0.13382725800541645,0.805102805391249,,False
2,E29,6.800480452631376,92.08225359955254,0.16623648213032163,0.7962002654899534,,False
2,E30,5.582698940948585,61.75214625431363,0.24566599948854081,0.7087572500663067,,False
2,E31,4.618185001532904,48.971061089730526,0.29495193358860367,0.5912096684664543,,False
2,E32,63.31931727323698,793.0346348308556,0.11445644257485364,0.46462756261473626,,False
2,E33,13.329870491146744,132.4515107879525,0.2682651521006891,0.6039182496210787,,False
2,E34,16.222991636897746,217.703039292171,0.3226995233620025,0.605117430447,,False
2,E35,13.264218423057677,169.95260689089082,0.2756397821299668,0.5539322954838095,,False
2,E36,11.215497762405617,125.46515971003326,0.2698467079621805,0.4960090357621253,,False
2,E37,5.074247942162168,48.18357493659141,0.31961988142323416,0.7080697330764092,,False
2,E38,23.114160733916673,284.6929770625827,0.21184666034010965,0.8293706734529589,,False
2,E39,76.26901674231434,954.4271883799723,0.09826553311628636,0.7953380889406934,,False
2,E40,17.8406673877267,225.445441933649,0.23845928173056172,0.5983879931775995,,False
2,E41,9.926588076256278,108.05649368912236,0.27589357167547834,0.43862446073060635,,False
2,E42,7.631951068916928,70.39010588218093,0.28816925786059683,0.7843691387651012,,False
2,E43,21.49251879042892,222.5946885712183,0.22833411987591845,0.4330108795573886,,False
2,E44,55.04823774726751,655.4158718960464,0.1061813695086711,0.6709388250088228,,False
2,E45,42.36048939749464,543.1696091872782,0.17481183875951706,0.6170696171788193,,False
2,E46,19.21552126214129,221.43074245463237,0.26455247995739506,0.534506729560178,,False
2,E47,8.126102989407407,74.26105647340157,0.3569300568584414,0.7720002010123623,,False
2,E48,26.83406451423045,455.9635052938303,0.1768779606032292,0.36978808855603057,,False
2,E49,16.34563135041751,166.4506792344354,0.3548108745764062,0.6632642718369477,,False
2,E50,19.76539929379142,241.6350164306501,0.3372602444315296,0.7414248352513784,,False
2,E51,8.896134242588667,70.5728570374306,0.3356532116519493,0.7743278003957677,,False
2,E52,7.933485450284417,83.10795320884588,0.29522951357244936,0.7586179885487012,,False
2,E53,6.2464546191159345,80.60584772227187,0.3209558800153571,0.7631497935307113,,False
2,E54,5.121453544097579,48.77090118980264,0.24950164041548806,0.6520855708434272,,False
2,E55,4.322672379462549,46.4586741116759,0.15967242337323792,0.47677641331638243,,False
2,E56,23.998641447951428,247.5306661530023,0.27530943809179215,0.6561039416575613,,False
2,E57,15.739192361686298,152.34734973162256,0.394833334698442,0.6405695896566277,,False
2,E58,13.322899565894392,133.43129724317208,0.35777565657566995,0.733702496835279,,False
2,E59,8.013941024850832,68.31551380472723,0.34307520130144736,0.841707776623245,,False
2,E60,7.099858699276156,76.99333508988096,0.26476371220685035,0.7969496283170272,,False
2,E61,5.7630478291812635,55.80201246240277,0.29600545862170263,0.7914079374421075,,False
2,E62,7.748564471636132,76.3516434741606,0.30841202727370687,0.7914019201422684,,False
2,E63,18.83175304679009,187.9831451362753,0.32788539115499044,0.7216901341937972,,False
2,E64,18.46748288349467,183.18040701810412,0.3444897616739716,0.6442853177342811,,False
2,E65,9.492037214048846,123.94569409831152,0.283881686022623,0.6976183916286374,,False
2,E66,8.015822693748861,77.00824693023313,0.3341153842616523,0.9184186655265905,,False
2,E67,7.385142845717455,69.69569694555403,0.3005710367566232,0.8719740844515496,,False
2,E68,19.678495466923184,221.0031502466543,0.3541100382745983,0.7618541738512881,,False
2,E69,14.299184431559139,134.54044848977293,0.38139997746713794,0.7081854276707502,,False
2,E70,9.668892127148645,99.53520380498152,0.32875113560583274,0.8298410682977309,,False
2,E71,8.105733572361746,82.52044348632123,0.29396968518585187,0.9100896145436747,,False
2,E72,8.045888682816692,79.53390801727483,0.32253593362194916,0.9298766344978855,,False
2,E73,16.56521176476517,203.76148911114444,0.3330303899242068,0.7325539887329113,,False
2,E74,14.121456506380335,145.92961260134646,0.39089588620663795,0.7134842079347314,,False
2,E75,8.815439014553432,80.01640656764408,0.29995869198955033,0.8861822942553366,,False
2,E76,7.873759616018628,78.33870028354957,0.31137705554344897,0.9268586307582757,,False
2,E77,7.999148476917622,79.3924781434774,0.30496081143142767,0.8778145656970036,,False
2,E78,12.066684559734263,236.46701866808945,0.12583346430730974,0.6142627831615062,,False
2,E79,6.815872716455123,116.87833088000554,0.16099454176749145,0.632924998079416,,False
2,E80,3.904313105598802,46.973355295949894,0.2663142230906605,0.5155621249551907,,False
2,E81,15.319605739204583,216.66642104269235,0.24259547924247943,0.7011509033414545,,False
2,E82,13.140282911683205,124.72615098646602,0.32181922276087604,0.7592914759507903,,False
2,E83,9.00607033105925,85.7224390428168,0.29800482870201417,0.8844839218230423,,False
2,E84,7.711748567592043,72.79402648400517,0.3202677228611564,0.8540173457900007,,False
2,E85,14.549348977317106,291.1391953304485,0.13404600821899532,0.5962653613563794,,False
2,E86,5.973780598499893,61.62904932465512,0.26357825099361387,0.6831955153372633,,False
2,E87,5.663328424115471,73.93388941391217,0.3505961649758062,0.840947908666039,,False
2,E88,15.172851714482391,215.65307729116518,0.25759297454303154,0.7330320544482902,,False
2,E89,12.55537261619542,118.30935726676168,0.3038236536602926,0.741304940961504,,False
2,E90,9.817376052492438,94.95977196590586,0.2965315656608128,0.7536008431538979,,False
2,E91,11.920228683993301,227.47119376031867,0.16284410467445512,0.49061210673626543,,False
2,E92,6.381023584979786,58.34301060678854,0.3232367919262189,0.772550492742277,,False
2,E93,6.3704317532517525,83.9408514476819,0.3478372037673943,0.8908390143863145,,False
2,E94,24.788575203365813,394.84352349743443,0.2405686800947814,0.6668943093122225,,False
2,E95,17.985654703234864,194.4987313976776,0.29449672281233086,0.5707384140012901,,False
2,E96,11.405141886863488,109.39452787339484,0.41517197164819486,0.7024916765449075,,False
2,E97,7.5384002783118405,76.62541164554227,0.36522260482015856,0.7228054989873853,,False
2,E98,7.221242940383702,93.09433253051691,0.3359582963069534,0.8179420123247132,,False
2,E99,18.70342673557879,212.5394095941905,0.3661003550454204,0.6115469542613245,,False
2,E100,22.62126430009516,300.58285610169565,0.2835014700069978,0.33599909081579904,,False
2,E101,13.879076882578815,134.42504633870857,0.3890403487437302,0.5410680446021036,,False
2,E102,8.16883539427879,102.88910822647881,0.2916133395379094,0.7264638656142233,,False
2,E103,7.504243396172651,110.81068371470937,0.2689728622258349,0.8262584138834934,,False
2,E104,5.916938819778697,82.2475687298579,0.2999586919895504,0.9399501528178507,,False
2,E105,5.313021745284834,68.19929376250795,0.2704250442344818,0.8301965653656036,,False
2,E106,3.8218510273156387,41.45722105785978,0.23621750603958133,0.5678751050702913,,False
2,E107,36.2673872932084,339.4366047086006,0.21653756364555532,0.4064129080697973,,False
2,E108,38.93363796458288,516.1363649260738,0.18254509109421763,0.3517859588878842,,False
2,E109,16.858550530858388,282.7085630947974,0.14975856448867303,0.6561238419342832,,False
2,E110,6.642307418066213,87.8932627430677,0.2622169353625287,0.7811366474355974,,False
2,E111,5.9239450201307715,74.45035092272056,0.25619834797563457,0.9070842994974259,,False
2,E112,5.100267650956983,51.5026280059025,0.20767306259989665,0.7682223290070465,,False
2,E113,13.881153910245391,198.06402837101803,0.3090884218023851,0.6051605401137983,,False
2,E114,34.93838707283635,460.73808462859506,0.16545893704659528,0.6420320782847315,,False
2,E115,46.69827970245549,593.8331671075969,0.1548351297809849,0.47587070706940626,,False
2,E116,12.419041202543129,289.28222747971586,0.12780788320415576,0.5372443285735742,,False
2,E117,7.69343742465224,103.29282913896878,0.15538215221861065,0.7836180899549764,,False
2,E118,6.897853906281988,72.45538396133963,0.17665740724262932,0.8295616107475097,,False
2,E119,15.826245412946228,292.1906087208912,0.27597913974420357,0.5100406836780086,,False
2,E120,13.16629934954001,168.75780309075196,0.35269002060451254,0.7341492672198184,,False
2,E121,19.808547365692654,217.5243996545188,0.21147079863236198,0.7632723698054696,,False
2,E122,11.860201728714681,144.92410500911242,0.1893213779501062,0.4237868554683918,,False
2,E123,10.838711731214191,168.17687821299955,0.05212441350280752,0.6544306401599274,,False
2,E124,10.43908903289791,146.5837245300532,0.06056232214767798,0.7234276714876378,,False
2,E125,16.9391083005807,184.1771645064067,0.24448106030927041,0.7737913981679132,,False
2,E126,41.03656867927671,620.8524481923519,0.14028879305364003,0.6354371383410361,,False
2,E127,100.91153738610085,1899.028770592847,0.062361934584474345,0.3772093814420001,,False
2,E128,23.12519119104679,242.55414585731066,0.1750786285230371,0.6320943511271602,,False
3,E1,17.89994475708069,193.8692939201631,0.15399914316417973,0.4983140486770139,,False
3,E2,20.503834434657985,271.9017712456511,0.025315523521157506,0.7976538245208948,,False
3,E3,16.80235579593968,191.25638341781536,-0.045580813668167866,0.9118242337328054,,False
3,E4,12.410955314565694,141.2001909933535,-0.04534417104878113,0.9676777032067272,,False
3,E5,8.75787568975407,97.79767434009266,-0.028349179862238408,0.857196704977516,,False
3,E6,4.832016606971918,42.94788649347748,-0.035255866616600844,0.7656240763248505,,False
3,E7,3.4229472135728054,53.36930346799994,0.03156473458180327,0.4711881001839061,,False
3,E8,51.235456759057094,563.0619870213301,-0.07277793792337782,0.9574360246341442,,False
3,E9,28.756418694990973,303.22861382291035,-0.06731053600429619,0.9757424525566082,,False
3,E10,18.115805388235884,181.47808857810253,-0.044932687493762224,0.9729767856099156,,False
3,E11,17.36190059489714,166.51560420407873,-0.05721516710714639,0.9715997799363971,,False
3,E12,7.023963994921332,68.20969422599877,-0.02761532009743719,0.8537954849011915,,False
3,E13,5.139480338090364,50.10163720647634,0.03555708723008829,0.8120477431663737,,False
3,E14,37.89047378031663,361.45368605320493,-0.07249880118406082,0.9858243563231873,,False
3,E15,25.482048360464216,236.12797943625225,-0.07076559547406013,0.9818667462760163,,False
3,E16,21.2024041864922,198.8866863020068,-0.061741138328768194,0.9788830077738608,,False
3,E17,32.835791980581966,308.8433139670287,-0.055625350731464976,0.9838423765263574,,False
3,E18,17.666908120285388,165.1704600032078,-0.038622991874887595,0.9693115805219596,,False
3,E19,11.450513814027161,114.07748866706524,-0.009387328221422499,0.9021067743221816,,False
3,E20,7.290331093868807,71.75765418868994,0.002799459321675841,0.8753363233412061,,False
3,E21,35.19385279314902,317.35207807343244,-0.07715481157341256,0.9829583021578485,,False
3,E22,26.928206416551532,247.34182490278658,-0.05167783129339411,0.9699616721538242,,False
3,E23,14.613334261236815,145.4300619087099,-0.018774276204434136,0.9319329820299725,,False
3,E24,9.059119769148587,93.46520836685906,0.04417876019970725,0.8991644022139136,,False
3,E25,59.6327782964918,572.1057412744033,-0.0830920591531134,0.9467644781804563,,False
3,E26,20.34261736728789,205.8207584038815,0.024612897717906132,0.8885291997060765,,False
3,E27,9.110007696727077,97.54809481459893,0.10090283857944397,0.8669518884414267,,False
3,E28,7.508137662516402,83.01760060365814,0.08416008522788873,0.8791762397607069,,False
3,E29,5.673634381128481,56.34178319371559,0.06876387140100071,0.8164846282281568,,False
3,E30,4.252820380706493,42.25065043778932,0.15741490964267088,0.7144956867503469,,False
3,E31,3.3567871769690543,27.32519350352269,0.22584273088761872,0.43507126243496463,,False
3,E32,24.017637009013566,293.9861350699698,0.17877159413238558,0.6074902234366317,,False
3,E33,10.873955266607332,119.77198153287668,0.25982487190486103,0.67952105179519,,False
3,E34,8.609206539125662,83.55528075033028,0.20864112821055655,0.6976205012948496,,False
3,E35,7.521884729133704,76.10451961675176,0.17634129369566878,0.8268717958609149,,False
3,E36,6.212029921056543,59.32472918946154,0.15047685098256947,0.7224937873032615,,False
3,E37,3.9830744809709127,35.256062932647296,0.24787980314222674,0.6849222520820171,,False
3,E38,11.993524746035389,123.1672980255648,0.2686050599529351,0.6693621999486217,,False
3,E39,23.575602551840262,204.0177294275742,0.14363408007310088,0.4340288157077986,,False
3,E40,15.795174144352176,141.7062180882997,0.09511311909673364,0.6939868834732276,,False
3,E41,8.48208775786787,79.21496195156419,0.19038700888737345,0.8839518417261565,,False
3,E42,6.458460785208256,50.75160408389638,0.2683318088645827,0.8194367021957564,,False
3,E43,19.905127542975595,293.7655121682303,0.17615113985872766,0.6093436496626942,,False
3,E44,18.67747984534428,203.8228778759451,0.20407399504485066,0.6493460461216085,,False
3,E45,35.28422059465686,330.904630866312,0.09836399567599613,0.47114000375026405,,False
3,E46,11.287468256307159,99.06611452178745,0.19889193635551522,0.6201595881783017,,False
3,E47,7.447821965809159,56.447380896157355,0.28558877857943316,0.8198263878128431,,False
3,E48,23.509023307671875,288.0427951037255,0.12370009234667942,0.3432034699275165,,False
3,E49,12.222076665932487,115.40962373549175,0.3051881451543935,0.7015220615310871,,False
3,E50,13.58712202215089,116.10867601150758,0.2382987108870252,0.6771297362208064,,False
3,E51,7.511816031029411,55.649799590335434,0.3503963332974232,0.6738440948237412,,False
3,E52,7.456464164804381,58.858920792199214,0.2527948864185833,0.6656357035676518,,False
3,E53,5.419608874856382,43.6172161489912,0.31213176634988,0.7560034170493843,,False
3,E54,4.180775679024853,45.25232068680699,0.24530459008915717,0.6926012761055564,,False
3,E55,3.2179312920872816,32.834434936864746,0.2186670191904763,0.40810877122563,,False
3,E56,12.044577660838446,136.3085217331692,0.28228752045470756,0.7788950647083974,,False
3,E57,11.437136298216542,99.43072745671066,0.2856359551381839,0.7124768692708334,,False
3,E58,10.544991745252306,85.10911385853066,0.3348029690622086,0.744024794680006,,False
3,E59,7.000177468934578,55.807555033435854,0.33718653033824103,0.8784107564115371,,False
3,E60,6.530534503735942,52.42697895507338,0.314187290194335,0.8393129485933538,,False
3,E61,5.530086184213544,48.090925191830856,0.2847789834702757,0.8100805861354683,,False
3,E62,7.309638926433034,60.59583475783418,0.2901721649536016,0.7957605235065517,,False
3,E63,12.536680941775654,146.00825998404895,0.25886807664981415,0.7838539306008347,,False
3,E64,11.340803067696068,122.25673386090864,0.32594927657541517,0.7901636284729172,,False
3,E65,8.022325128200988,69.08881826036196,0.32230446842211663,0.8325071094093082,,False
3,E66,7.194364763138345,59.99070979842449,0.3284281931293132,0.936354429939166,,False
3,E67,6.661926798797196,59.25471101988428,0.30748887443646444,0.893329625750779,,False
3,E68,13.24437927833453,324.1318283645926,0.2646767268758682,0.7941456258913224,,False
3,E69,10.281716550968639,84.24098092450834,0.32693460706392763,0.8131745448088106,,False
3,E70,9.23869164054639,75.3195147312953,0.2927263610104493,0.8727306423263519,,False
3,E71,7.627294472066964,68.31468734017477,0.2769344216921852,0.9326831437679364,,False
3,E72,7.31585399847886,61.47640990441914,0.3367002867680727,0.957434511203812,,False
3,E73,11.442105724470617,98.90829821062084,0.3186526075510741,0.7604484394820734,,False
3,E74,10.223262153795343,80.68495815273278,0.305565573621754,0.8084477543380022,,False
3,E75,8.399163927969614,72.9771410697688,0.293930599993673,0.8983703645092431,,False
3,E76,7.47869734403829,64.49860970517095,0.28887454139867313,0.9510777813664781,,False
3,E77,7.1991565818454015,60.44542222188247,0.29599987483707146,0.8848231278769484,,False
3,E78,5.735164368475185,50.344247095222784,0.21308398582922686,0.697146485503679,,False
3,E79,4.403306416317018,36.38080551079434,0.25687503356791813,0.7204979091387653,,False
3,E80,3.3220019069476328,28.087164110184226,0.1931410104115399,0.5325452360209431,,False
3,E81,12.222883902559706,113.24806169979453,0.3106571932633051,0.7821228523351006,,False
3,E82,11.258854769521513,90.68252020432367,0.2953886858996497,0.8168290459041516,,False
3,E83,9.016476577433835,81.17292480360766,0.29251828482678954,0.8952583946243442,,False
3,E84,7.145059190011519,55.389166302246636,0.3045926019693115,0.8762937136522153,,False
3,E85,6.49380314922811,54.712093920902,0.2529419064181012,0.7984613114691703,,False
3,E86,5.21674650183797,42.11346511166363,0.29039962169303796,0.7580070963341654,,False
3,E87,4.787805216498306,39.11373890112128,0.2740042901232624,0.7881922773060236,,False
3,E88,13.000632759676161,149.3033270218432,0.2948311344904017,0.6824071521752271,,False
3,E89,11.419954665471076,102.2732103981044,0.3211031682131617,0.8186543729616516,,False
3,E90,9.604715763200538,97.12689274768832,0.3069529912094078,0.8304977500282694,,False
3,E91,6.154164002427463,49.42649489251018,0.2599108103568707,0.7897912707947389,,False
3,E92,5.9135514250928995,43.19289474999948,0.32690510493213165,0.791572337801691,,False
3,E93,5.574851612017801,47.52187927702079,0.28488543402826616,0.8912041251696103,,False
3,E94,16.20715929654719,207.63670992465535,0.26650237793593134,0.6719815116026286,,False
3,E95,11.20647753952078,146.35473816035233,0.3287899982689905,0.671096709207276,,False
3,E96,9.28339987918087,69.8338518429749,0.3393551526148895,0.7973152643066215,,False
3,E97,6.768099083121818,47.854869091606496,0.3690547216657329,0.7694935609702911,,False
3,E98,6.206901935289272,54.91970547094604,0.25886807664981415,0.8117591901299361,,False
3,E99,13.263238472352432,148.76973292859935,0.29441401846260684,0.568789621730486,,False
3,E100,20.35966116984809,459.61125337569786,0.16503658052437165,0.3910360229606032,,False
3,E101,9.478422484890629,80.69837425506356,0.3312602514430235,0.6101212048754228,,False
3,E102,7.893713625019979,76.00549552798704,0.2447992191033052,0.7275618507433801,,False
3,E103,6.91041393716565,55.14796376753881,0.20749018140965445,0.8453825516209824,,False
3,E104,5.083957023814421,43.780417841400705,0.21105835282983457,0.9373123865136221,,False
3,E105,4.350434234262383,38.64177819428882,0.23552390810990925,0.7567362681594753,,False
3,E106,3.2300392643023836,26.86205693594398,0.07226276897725115,0.455481297764219,,False
3,E107,57.273384025895574,941.6543498508199,0.018951997736120815,0.1335867284896958,neighbor_correlation,True
3,E108,24.35339281739126,254.91002299001826,0.10268795308100731,0.28197102523501516,,False
3,E109,13.226121293049646,118.92880129780809,0.05797949095990335,0.7059016733759401,,False
3,E110,5.692746678963657,47.650628575203044,0.2050935171362943,0.7956167626623891,,False
3,E111,4.840444434956466,42.920593026939436,0.2251086835787267,0.90915910130706,,False
3,E112,4.6203959437881545,48.68330303721397,0.07284982893750175,0.7214258668597828,,False
3,E113,11.31123334729534,115.3114076252769,0.30815568249470043,0.6850794136076079,,False
3,E114,12.11289612335762,99.39202963670138,0.24864789092309944,0.7276624755724916,,False
3,E115,18.06438765071103,175.59922884960096,0.15772678136728688,0.38349329335793114,,False
3,E116,8.258934037723657,86.08627444757607,0.184282402010609,0.6584416749733553,,False
3,E117,6.004772898175151,66.29752522540396,0.15930457664437425,0.8341501950172321,,False
3,E118,6.231460447444574,70.55145543795209,0.08594747849879482,0.8654033522769813,,False
3,E119,13.589825963945737,202.7563410391366,0.2665615640585181,0.617604068069988,,False
3,E120,10.966361614264805,101.38529580074038,0.3257342673681163,0.7263984759005313,,False
3,E121,15.664682307938053,160.68133976946447,0.24167700732050593,0.6648125527039299,,False
3,E122,11.161389621485009,127.8698198924852,0.2250023649011521,0.5280955296656014,,False
3,E123,9.914895676305594,109.11518789755527,0.06865294397832523,0.7752832864146066,,False
3,E124,9.490209363983137,111.80342174587364,0.020955486111915687,0.8407849000353239,,False
3,E125,19.85173060558139,269.45525706475513,0.15444687064951673,0.5032508269429818,,False
3,E126,68.25194121154938,1304.3442667811914,0.036787570511519756,0.44936365641767617,peak_to_peak,True
3,E127,52.12771205313462,741.1776007560516,0.07080599628468892,0.3282408051106649,,False
3,E128,16.564241803430946,193.3796575248954,0.23888388905402116,0.7081251025819877,,False
4,E1,15.339059188347033,140.4542960442663,0.17497728461718787,0.6634113388506404,,False
4,E2,18.700155713055306,219.73470446411818,0.10136897920049102,0.6020911593407139,,False
4,E3,11.416060185748746,144.43409175238935,0.07939966235728141,0.8451123879601077,,False
4,E4,8.70741920056489,111.15370466018237,0.09638470300283895,0.9137015315039941,,False
4,E5,6.56168527101219,81.85899819479056,0.10670613184618412,0.7935015284368059,,False
4,E6,4.359444127477629,50.196947834215614,0.1131996589933322,0.7004653606493747,,False
4,E7,3.3096387957030164,44.57359523368974,0.16255300540538678,0.5140033182930525,,False
4,E8,32.75039785834535,429.3651476557154,0.00439269854700732,0.8877244122604315,,False
4,E9,18.671447439654372,243.82449866838937,0.01922629455190674,0.9350238376407254,,False
4,E10,11.92563219557176,151.5917247843897,0.05083698634193287,0.9379923050106134,,False
4,E11,11.169380982921787,147.47143589915774,0.04604632188817179,0.9230850787604648,,False
4,E12,5.708776030201986,58.15872658145159,0.10312980233159683,0.763776966439944,,False
4,E13,4.62460312034376,58.098247907645984,0.13268640455090738,0.7358418331308015,,False
4,E14,23.28309748074354,301.7760440301382,0.0027824064756743062,0.9592896288449797,,False
4,E15,16.269733773953668,207.86733981719075,0.027455808547446944,0.9553820267926814,,False
4,E16,13.666119907140374,178.2800638943969,0.03508351298540264,0.9421332269444785,,False
4,E17,21.187964633025118,269.3164014512893,0.028489782836668604,0.9519187338054798,,False
4,E18,11.895589785408134,150.90967692871135,0.04724084548882956,0.9250209890979637,,False
4,E19,8.242382050614069,104.3580794823311,0.0770615945621308,0.8183917089854766,,False
4,E20,6.2983479987234015,86.45348199217399,0.11624664457567335,0.7979027997240637,,False
4,E21,22.977747142147987,291.2939692163088,0.00880120146079146,0.9549522383336679,,False
4,E22,17.64680082700956,217.98994664257023,0.03161544464692519,0.9227335725088419,,False
4,E23,10.484183825105605,127.92336525659813,0.0912753140711374,0.8025258472601502,,False
4,E24,8.337924252245399,140.54732212252907,0.10596700835329945,0.7717468923957681,,False
4,E25,35.1551465893352,475.3398335199835,-0.03465961931882525,0.846910774959865,,False
4,E26,15.225141099528985,211.62216733632062,0.07553852096777362,0.6823953353742982,,False
4,E27,9.148736728010178,149.7493649772182,0.1605332712572528,0.6737382781175191,,False
4,E28,8.433106469362574,208.72058111260628,0.10109187729531527,0.7347893127212688,,False
4,E29,6.2084507526524755,120.6033563801158,0.1366130223546131,0.7831078627182388,,False
4,E30,5.77103990480178,75.75731078765486,0.10052185736706466,0.5074112530219491,,False
4,E31,4.034984321720507,52.03549531922646,0.25701246310746323,0.558439054633502,,False
4,E32,15.507702718694656,138.86422505240506,0.14544572182479726,0.6741752648774293,,False
4,E33,9.62327812610895,120.41618064993727,0.23669832598705143,0.6706145299360284,,False
4,E34,11.767310023650658,251.15135994377943,0.1611210975224268,0.45633104846245875,,False
4,E35,8.576785279558887,165.9621425471627,0.12841033468736818,0.7280485670097094,,False
4,E36,6.326819054119541,110.2606898620844,0.17500232218629222,0.764550763729124,,False
4,E37,4.188843732676369,56.41811320302036,0.2763786291979025,0.7715096217594555,,False
4,E38,11.260057834301781,130.08778122139174,0.23977935707383166,0.7354715034513234,,False
4,E39,13.636752789955125,173.58435421518467,0.22890063244593048,0.5283125954234007,,False
4,E40,11.598421394439177,202.3262394579192,0.19212148307939955,0.5883112616807452,,False
4,E41,6.943189669523325,103.27458865255204,0.2374691535940168,0.7866105729708529,,False
4,E42,6.238397929666551,93.48130567032297,0.2702340844496411,0.8499350355148132,,False
4,E43,13.341448408332074,161.947563436852,0.1936065753626099,0.6657853140035761,,False
4,E44,11.545734945088217,134.97541995985645,0.2902598237539496,0.5519969356328356,,False
4,E45,17.244676465794907,220.10612185808242,0.22967448526288864,0.42367223130432086,,False
4,E46,10.421394428890455,122.17338225687998,0.2177995426318625,0.6465398955385971,,False
4,E47,6.77786204189141,76.45216563942066,0.29876354658248705,0.7882408491840447,,False
4,E48,24.45403621415205,521.7446705372805,0.17699393681790848,0.48375911700922686,,False
4,E49,11.133881054315067,139.00444528823508,0.306703316427743,0.6747500967931447,,False
4,E50,9.874267193758175,89.67165108571399,0.32887859655439355,0.6893756845562213,,False
4,E51,7.266057232810341,72.32518207823694,0.30702704675042664,0.7276232799296081,,False
4,E52,7.668323413157287,66.88070272776264,0.24350197506361634,0.6993873784226292,,False
4,E53,5.584622778962545,60.48540741423646,0.3016257378407929,0.7828664791569064,,False
4,E54,4.688152116398509,50.078478773676366,0.2456242933967569,0.7117795588084951,,False
4,E55,3.5605065764506025,55.06444403720933,0.31674093708701145,0.582119429126178,,False
4,E56,12.028967374080704,159.95535352653758,0.31419855338765446,0.7641867357981283,,False
4,E57,10.040007854081313,104.20813728857098,0.3928206851199973,0.7501137473614429,,False
4,E58,9.937266867437462,81.49341237061958,0.31844194631932926,0.7545122190012428,,False
4,E59,6.690721176787314,66.07159494161945,0.33509287558859463,0.8951024099961489,,False
4,E60,6.529368857871902,61.96478546667748,0.29765812160132,0.8372827640042129,,False
4,E61,5.485487681191015,55.419970641212586,0.3033392879750956,0.8224381017541804,,False
4,E62,6.995383389669191,70.73948162352329,0.30907083707279315,0.8226621320012484,,False
4,E63,11.785996887976344,144.81487559857288,0.3066895124510121,0.8002041064552098,,False
4,E64,9.804099240728528,107.86946778737286,0.3402842674503337,0.8067767171572597,,False
4,E65,7.548171926319482,77.48813354481243,0.3339157260651364,0.8494394586861258,,False
4,E66,6.9382968477008555,71.88760041211142,0.33065909948602956,0.916855123907039,,False
4,E67,6.645752654108459,62.57041854659491,0.2960310039031385,0.8879208522715869,,False
4,E68,11.86641038752941,146.10867557374547,0.31037679433825405,0.8215513838385884,,False
4,E69,10.05513590682469,112.28346824361367,0.3471039738725301,0.8030707349975585,,False
4,E70,8.365259494522629,72.27026649953785,0.30206643921090154,0.8965499590422972,,False
4,E71,7.244578480934385,70.72887081260664,0.30375903569047535,0.9155197254066232,,False
4,E72,6.874240132401764,69.63454048741238,0.34467920148719433,0.9427289292272294,,False
4,E73,11.317639559268901,129.4757423079431,0.31280786832223223,0.7995929653038318,,False
4,E74,10.004050294729131,111.5158600316238,0.3263948816474459,0.7980408502957134,,False
4,E75,7.808111702098884,71.73386369324079,0.3375602681848937,0.8976596134956158,,False
4,E76,7.2011996037465655,69.05700239583602,0.3207173515282289,0.9434309333711066,,False
4,E77,7.151239306532239,74.47566558318064,0.3293295809602759,0.8551024718726856,,False
4,E78,6.484864039591915,67.34654817030722,0.2207628929438436,0.6909887417763481,,False
4,E79,4.730115436351533,55.30505818318578,0.2881683270028619,0.762141652598735,,False
4,E80,3.675408801470149,49.16870200432835,0.27921592899082054,0.6043198127000973,,False
4,E81,11.573169392024262,131.33271483256732,0.30468851905673966,0.719537188023192,,False
4,E82,10.811274407531537,109.90421201993551,0.31733451204130475,0.7936178306534867,,False
4,E83,8.459166733184643,80.20170263656482,0.31434748931729983,0.8663305036983411,,False
4,E84,6.921824272392015,64.44704635579173,0.306703316427743,0.8510175002850028,,False
4,E85,7.636759675112161,75.7781819272256,0.2237140783891515,0.7254727063601434,,False
4,E86,5.285540055051346,57.52210727917043,0.3169153454590077,0.7337358484509947,,False
4,E87,4.671024301080818,65.07206506182685,0.3689891285557701,0.8228128612751564,,False
4,E88,10.146513010715715,132.0008008092579,0.3212596476629454,0.7546924677421356,,False
4,E89,10.768050768217295,91.79854720585463,0.3017718394580138,0.7200240717147812,,False
4,E90,9.47339124293081,75.62279935116561,0.30844384227106836,0.7741222934768734,,False
4,E91,6.836346890928365,66.04661801345998,0.2593610146529216,0.7360279778186911,,False
4,E92,5.942613398353559,69.66588120390557,0.3587925572574235,0.8149082113090964,,False
4,E93,5.345678083152143,72.10523832321132,0.35342921502760766,0.901139219192177,,False
4,E94,10.440055941379223,131.13308797535262,0.33347164887431535,0.6754447697485412,,False
4,E95,10.341942589855675,101.27069187249427,0.3522411737171994,0.6893749184769463,,False
4,E96,8.715037162667324,72.41786430632348,0.35734239663869394,0.7550795119706779,,False
4,E97,6.501073460275172,103.89522333793599,0.34784243518277275,0.7755226118899808,,False
4,E98,5.91758690965826,89.71827638215471,0.329079477316101,0.8535090615688572,,False
4,E99,11.684566792362759,126.93490851553157,0.3265206149669739,0.6221079274331963,,False
4,E100,20.915840161883256,315.85899023970796,0.21399051011768638,0.3616778588658701,,False
4,E101,8.938203733186757,87.06410336274811,0.3842659502591396,0.6011923502331753,,False
4,E102,7.155200371980345,76.50038019882653,0.33165672698878423,0.7189732970769729,,False
4,E103,6.375134578348702,83.3135812122619,0.27593776460220215,0.8532635301843357,,False
4,E104,4.79709759695539,63.92749007016178,0.29765812160132,0.9386150704680449,,False
4,E105,4.287068211306381,51.749666062946986,0.28226276755012436,0.800624003961453,,False
4,E106,3.6566787031314245,50.84525294615219,0.1800996188061119,0.5825451391540986,,False
4,E107,12.175639979817353,137.6328648761222,0.32933056255494003,0.6196086849344427,,False
4,E108,18.26182641339978,205.9017248222804,0.15479898828158786,0.2351833019868374,neighbor_correlation,True
4,E109,10.265549006423251,132.4439175556065,0.17653181910707455,0.656029623234277,,False
4,E110,5.251277373152497,62.24904640622941,0.2593993031808726,0.7742155618374047,,False
4,E111,4.75713816422162,54.49037191461359,0.25623829853550484,0.8850849517114934,,False
4,E112,4.644880987456123,55.77494040864737,0.18029783939390465,0.7180842504934173,,False
4,E113,12.01412422672432,148.67046623065156,0.29697498600618927,0.7386882691299874,,False
4,E114,10.657167765394101,125.56044777314264,0.2939076901500163,0.7183600463410718,,False
4,E115,15.944440768826784,238.3659637644255,0.157527459609468,0.4223145447248777,,False
4,E116,9.843997641701531,217.02874177240358,0.1979109191197711,0.5584511762245656,,False
4,E117,6.981700424638514,94.00158137561118,0.17291123331087918,0.7295951610435945,,False
4,E118,6.073999737224624,70.78996563596976,0.20448100790775306,0.7327895159987781,,False
4,E119,13.729999960435977,200.45144445849124,0.26405550363147406,0.7109838764986904,,False
4,E120,11.02840624197721,143.32740371259897,0.27818484462222987,0.7964169853075079,,False
4,E121,10.851620696865547,108.13837619061653,0.2717347135759138,0.8163431695253138,,False
4,E122,11.759092297424013,155.241768389237,0.199510002747091,0.5373169916203204,,False
4,E123,8.79064151502975,105.50364212984138,0.18037521755489333,0.6956163656918168,,False
4,E124,7.668650688044527,88.5665253751392,0.14499659151880848,0.7924676971203243,,False
4,E125,13.322102696363972,140.30033419670684,0.1943326641037144,0.7465847851819123,,False
4,E126,15.621856001515388,197.63378734700655,0.18400212284555312,0.618471998218417,,False
4,E127,18.051589331344793,194.66662733324694,0.1179410086655914,0.5836176080128166,,False
4,E128,14.54024669274409,160.61024793924898,0.14503608534336365,0.7146424017562674,,False
5,E1,63.12683755511081,1511.6821172999116,-0.05628652183788267,0.40086763441312084,,False
5,E2,25.808022979138862,380.60962151542344,0.25831779858107584,0.587359877574394,,False
5,E3,15.38544458200738,240.53692010450112,0.1284454997655697,0.8730123448113314,,False
5,E4,10.694145532983626,155.1659321002674,0.04499347239598651,0.7561371966381791,,False
5,E5,10.725748318624937,192.43558279487442,-0.09403027826675683,0.7202651722273392,,False
5,E6,4.196136872889555,45.27147301850336,-0.06867042533623217,0.29463974630156764,,False
5,E7,14.01902270230744,234.97799494804906,0.296809250064471,0.4242309223577941,,False
5,E8,93.28990356160237,1997.2174955261544,-0.038268794195958154,0.4305783201989569,,False
5,E9,23.45177273875467,379.94239424437785,0.057452589642055976,0.9306794251022203,,False
5,E10,16.257883017130446,259.27892634241755,0.19472936161149976,0.9119443661574915,,False
5,E11,13.73442314971235,212.58096073696993,-0.02397577971455885,0.7305272621005426,,False
5,E12,9.945456065228335,199.856296505128,0.1369585194934882,0.5450480996050959,,False
5,E13,11.9034871109737,215.46959948673512,0.2947517276607245,0.7201769242757037,,False
5,E14,29.834860031851413,471.6744452738451,0.052135371125839665,0.9568465823726432,,False
5,E15,20.42170679191803,341.4016973918377,0.1402030648100071,0.9187954330379688,,False
5,E16,25.1876110537832,480.06834361340105,0.009285680957811331,0.6448021954102545,,False
5,E17,27.793816266547996,512.5481305179031,0.16564111798445086,0.9345240541346935,,False
5,E18,17.741685813507747,320.87712903696786,0.2956493447501625,0.8958325054467917,,False
5,E19,19.958534590630432,286.95965855941233,0.3767249923904318,0.5941861810096376,,False
5,E20,7.932439980672013,140.59355232993624,0.1328882252930592,0.7161787071028927,,False
5,E21,27.117211991842098,401.40436307196796,-0.012229615764520222,0.8323344459360853,,False
5,E22,20.393444626025698,419.51433411368134,0.23102714376851138,0.7910251696637712,,False
5,E23,13.209434045652346,212.88410247626652,0.23125091905631162,0.7130179458356458,,False
5,E24,19.354357957290063,411.6402332508216,0.2705154277967637,0.7189664486241244,,False
5,E25,68.07889391448873,1216.7300159236315,0.010391363070649778,0.290135725784075,,False
5,E26,22.986619674446885,394.74808686672117,0.21983296368826954,0.28118384220881754,,False
5,E27,60.76517965039127,1492.796687875763,-0.020411162580127436,-0.22224761817245575,neighbor_correlation,True
5,E28,10.580788319104379,205.51510604791548,0.319541363079008,0.746002038530182,,False
5,E29,13.571624068970676,301.9211941563209,0.20989303610308876,0.6667929465895721,,False
5,E30,35.54012583517161,869.8072158217551,0.014984934803028456,-0.07673756317951859,,False
5,E31,5.284984038935005,91.58344433757136,0.0663337792475905,0.13148341652865722,,False
5,E32,22.745488140242227,330.40972399668954,0.190970252844254,0.6987110640419251,,False
5,E33,81.63188529280968,2024.6298239475695,-0.053832949216593345,-0.3963223990724466,neighbor_correlation,True
5,E34,19.319965449369008,286.6041817347879,0.28848507937266105,0.6929551075423757,,False
5,E35,7.924161590089132,129.99164647150872,0.23973143534128483,0.6606720509535099,,False
5,E36,5.678259958824353,88.8032036835973,0.1218266198222166,0.19928168555342757,,False
5,E37,34.74009640118994,864.3431826156881,-0.03406419204562577,0.3415465649005833,,False
5,E38,28.18179308142682,573.8981511744541,0.25633277324206677,0.7069263244717304,,False
5,E39,17.754194259440474,243.46588398134932,0.3013093408929012,0.7024949934991098,,False
5,E40,11.853167128794999,148.2212295260852,0.25966604339069976,0.5714841593044713,,False
5,E41,83.95016724275446,2091.447871108481,-0.08618364285177053,-0.14296828849992607,,False
5,E42,140.80465787066402,3512.8168592562474,-0.10307723364168364,0.15907750110229008,variance;peak_to_peak,True
5,E43,15.729991741336713,208.8980304136146,0.2641369274247908,0.6323851792289639,,False
5,E44,14.284085565025178,181.53091655419257,0.2955911730312781,0.8100602087206101,,False
5,E45,18.23538883790053,260.24712963034153,0.2630157626813405,0.8222087917284612,,False
5,E46,22.875939799812976,386.91547543867665,0.2696172263315727,0.6437322287872138,,False
5,E47,9.084900256078326,118.0670789135377,0.3701127950980506,0.7984300108814446,,False
5,E48,29.131508277762155,618.7166700364961,0.21583576314395284,0.6485110655870734,,False
5,E49,14.969571725935753,203.232514821429,0.3126593843915351,0.7466004844775478,,False
5,E50,9.512102199529767,90.94326139297372,0.24221880472898297,0.3892852392503763,,False
5,E51,8.98955624676485,94.24373904691024,0.3207569525971847,0.7009688126365596,,False
5,E52,11.712970166096085,184.65782136176506,0.3378517173886449,0.7929907308669186,,False
5,E53,5.225978516024185,57.466666021975854,0.10306488940997417,0.33580736907646497,,False
5,E54,4.20266319470294,37.48358673091211,-0.025457718868202705,0.394824747690931,,False
5,E55,3.462299138930257,46.19589336734648,0.20235052582163662,0.44018544769807466,,False
5,E56,15.394460757124495,293.0492769908783,0.2357393194746993,0.6566764063776964,,False
5,E57,26.825823237445142,363.5639539135978,0.31554628237341936,0.6801718092945028,,False
5,E58,16.493779254828613,250.6546156651923,0.33931776740807945,0.632733992792483,,False
5,E59,14.000847692301026,297.81603980870545,0.26096701598764516,0.7173083351277361,,False
5,E60,8.497270494059354,141.53795953573396,0.31008120810813194,0.3610054872195476,,False
5,E61,5.665089117389742,61.038326852331934,0.019512174359714897,0.2683888098551015,,False
5,E62,9.041805573895427,189.55943662382577,0.2962569730745325,0.18140683776885,,False
5,E63,12.8258770802656,158.48013498944437,0.24659473989012376,0.7248638748012628,,False
5,E64,92.77878144824241,2330.8223424802754,-0.06222812162770726,-0.28822241725873426,neighbor_correlation,True
5,E65,12.380847214148664,130.59664479940346,0.09865874428805485,0.1914222427288275,,False
5,E66,8.402227344543329,116.32633116157558,0.11275024717683071,0.4307122245341237,,False
5,E67,10.769302879223766,171.05603811267477,0.2819841592921313,0.36083175966814585,,False
5,E68,19.660744937273506,302.00729262555683,0.3318140046056448,0.9059295088610826,,False
5,E69,21.5355982257813,326.4988632508315,0.3288327961170253,0.8760671430489051,,False
5,E70,10.540468033999948,143.88077986071139,0.34131850629550553,0.7651056652256447,,False
5,E71,7.1855123688876175,64.96406372108214,0.17173748986502765,0.7446583395061713,,False
5,E72,90.43557343323792,2254.015402253777,-0.0848777810555351,0.40090217593276,,False
5,E73,21.437873988852324,346.0442642441199,0.32724964337129575,0.9146592491227807,,False
5,E74,17.220146696004115,236.91741826712493,0.36211938341354144,0.8504111666608603,,False
5,E75,7.963605823500645,81.49238689239083,0.25128058453135904,0.8282345450315994,,False
5,E76,7.9353254971482166,100.49814476020738,0.03274028243728017,0.6652989733919056,,False
5,E77,19.964117190443613,464.4033012726638,0.08253880075325126,0.40450816452085364,,False
5,E78,17.33810885427715,277.7525485231147,0.12635627240353908,0.43035218794998353,,False
5,E79,10.075874076457128,164.43582353059725,-0.04163384778387819,0.5278994498460094,,False
5,E80,6.643366498529055,122.86819270574975,0.24443944000340967,0.4713467721101224,,False
5,E81,13.294294386018283,192.4287391942716,0.27595463434861917,0.8300134754562101,,False
5,E82,12.37570531521562,161.7442026900032,0.3030724919327031,0.7918622908017353,,False
5,E83,8.765986941259612,81.33334690646993,0.21689231197053407,0.7427486717948402,,False
5,E84,7.419553516290765,78.29919062883036,0.0967116233829912,0.667226569642756,,False
5,E85,15.746186315111586,277.0669889688509,-0.12148143268947716,0.6735800392403615,,False
5,E86,6.723274594843625,87.38885695018097,-0.07952956282751417,0.5987700304285302,,False
5,E87,31.65124592021084,778.361827237389,-0.05943582892850726,0.3930321488594969,,False
5,E88,46.63107341457075,1131.0402179266791,0.01421111393636619,-0.13831259689484382,,False
5,E89,11.370404628538623,134.94424579929583,0.14742715935749315,0.5480733314390807,,False
5,E90,12.478593986439861,141.33304027928628,0.15388378366043737,0.4934825029017392,,False
5,E91,13.871094058852814,256.36456837700723,-0.09230381457483135,0.6579265551826581,,False
5,E92,6.330497283945521,87.16883240740995,0.16525229974558955,0.5941118282089881,,False
5,E93,76.07139033261195,1893.5783471014763,-0.10269169751859426,0.4166144271088952,,False
5,E94,12.100314995921142,145.2080779545093,0.2579758759571539,0.6282947985465439,,False
5,E95,15.682226806950455,234.139527276828,0.36965392676605946,0.5263151859534748,,False
5,E96,10.158069142700958,99.55385331387285,0.18995937975208924,0.41215732294980645,,False
5,E97,7.493102588608883,133.272420339963,0.013912599626799802,0.5923546208819863,,False
5,E98,6.025891400792889,112.22390668655247,0.1624295259618192,0.5685176350698575,,False
5,E99,18.184215847785836,329.12228284399214,0.3103214430512184,0.7361536806021272,,False
5,E100,33.894513948935675,639.8981084583004,0.23373558777134854,0.6589427016995468,,False
5,E101,9.680856342305928,106.8890774981821,0.288717654168456,0.6284699315313249,,False
5,E102,9.555530469567369,125.0290970725222,0.3496858265279469,0.4167614982994779,,False
5,E103,7.38179861432621,125.84506947199338,-0.02290862471315287,0.4566817928356631,,False
5,E104,6.037631209770772,116.12553123943462,0.09450332158974298,0.5935451896865498,,False
5,E105,4.893131892087542,61.92667944475223,0.3100018866217867,0.5338669618046148,,False
5,E106,13.756951781858064,328.67460801751326,0.16732304977814996,0.0663829870550124,,False
5,E107,27.00691345038804,533.0854675601944,0.2767553263205802,0.6622339160860704,,False
5,E108,20.7209695374646,235.20083051668266,0.2414979139470114,0.4889106253653743,,False
5,E109,11.889019501090226,185.65559467539495,0.10002986374808537,0.47712581992128056,,False
5,E110,9.777901571184831,210.18580845361373,-0.054498119240672396,0.562494064458579,,False
5,E111,5.378152366591498,99.216623717642,0.2058837870518577,0.743374762143902,,False
5,E112,5.01151422477067,98.07942497781733,0.050012786270906884,0.7121961107021704,,False
5,E113,52.4336926364479,1288.7559602785932,-0.06670237785511506,0.07177914773314349,,False
5,E114,21.050536648554655,225.69998811340997,0.30749050931491684,0.6119150532722537,,False
5,E115,16.837949080436182,227.67604771894594,0.27872597483937833,0.5957835695926864,,False
5,E116,12.3424730061693,283.6532959377865,0.3248442563094984,0.39620088055238667,,False
5,E117,8.518552676533885,187.91849733228912,-0.004765850946180359,0.7405074314151052,,False
5,E118,98.58566336651836,2432.263548005524,-0.11336295882446594,0.734439786632732,,False
5,E119,17.942680009175692,362.12135751589227,0.1437299691689335,0.3389281895487767,,False
5,E120,13.586775511325488,192.66769006347982,0.29563408191269636,0.2320962838446884,,False
5,E121,14.016108248754131,202.38998317232702,0.2913322081184333,0.48374728531550526,,False
5,E122,14.082580934417042,228.09102100800106,0.14575160858176167,0.3189005222185607,,False
5,E123,11.643645802013372,166.6504687016947,0.28457834638713375,0.5488153623416876,,False
5,E124,17.498848509653733,397.155562013564,-0.1188397549955713,0.5448351565062164,,False
5,E125,30.835599544047206,685.7179063984661,0.04077341129421069,0.3148534490621141,,False
5,E126,21.905912490595814,307.04934626637004,0.12568759401421847,0.22058095573157224,,False
5,E127,53.48566732210088,717.6918889441561,0.07632640266335591,0.22406914402520034,,False
5,E128,18.72009492912582,311.11347927388,0.2412165101201802,0.7245496880977,,False
6,E1,17.45877216241852,167.42991922316892,0.10397844028874689,0.7378736530498602,,False
6,E2,23.64348047453453,267.82337600935796,-0.1314507607252297,0.8799274539078191,,False
6,E3,21.234809933231606,217.9286857804027,-0.15777354257979392,0.9003592237212344,,False
6,E4,13.977546939945622,149.69828377630867,-0.16152888355536255,0.9395049020820283,,False
6,E5,8.434127027703221,88.59639333550126,-0.16255901926392233,0.888666958223031,,False
6,E6,4.907013550110485,45.54929848058867,-0.15356530973959492,0.7958703943113528,,False
6,E7,2.760517516296357,23.51602094570859,0.02781137361312471,0.47285861582399735,neighbor_correlation,True
6,E8,65.17044008935892,666.9642687213201,-0.24057123784240353,0.9252969932999926,variance,True
6,E9,33.30352082925615,322.53035841770486,-0.22127581471622443,0.9819404021111272,,False
6,E10,19.872742452621605,188.07608509940457,-0.21774961292910444,0.9817211617559957,,False
6,E11,15.773088718575375,148.84215493690576,-0.20038279473908813,0.9599422642568951,,False
6,E12,8.592221061974652,87.20588784897407,-0.16856240630096445,0.8939421142705066,,False
6,E13,5.731732036686674,53.47881718885995,-0.06914434833228768,0.7903808287471329,,False
6,E14,44.00161273097671,409.3329310987616,-0.21130848758782356,0.9859154729297438,,False
6,E15,27.534217253785123,253.96975514352013,-0.20732871647837056,0.9869460441056561,,False
6,E16,22.39788558181213,208.49556115917176,-0.20539086354164454,0.9828951442306273,,False
6,E17,37.99082495195637,355.08218699678497,-0.18661343517598852,0.9826353879851528,,False
6,E18,19.69573455474086,184.8010421880316,-0.16400588644071817,0.977102262629953,,False
6,E19,11.950076681599997,114.53032077493803,-0.14131445875129128,0.9453109078915417,,False
6,E20,8.73843814735403,88.79765452079438,-0.10399220484297964,0.9129178573449771,,False
6,E21,40.64174820922841,373.3483128583656,-0.21473047285824662,0.9782805671815975,,False
6,E22,24.881471154052125,242.60973890083153,-0.1640535353961244,0.9766845505178547,,False
6,E23,15.014929652533086,151.99117568257208,-0.14603089348722662,0.9685500713748305,,False
6,E24,11.012424327516259,113.56664671728562,-0.1176122095508931,0.9101106677964741,,False
6,E25,69.45581660017666,667.753205379594,-0.19892328338312634,0.9367465476380039,variance,True
6,E26,23.058287175929657,230.0856177776828,-0.05890050891917858,0.8569543768778731,,False
6,E27,10.516886897283664,106.9010809117517,0.07576557183465513,0.8325828260171846,,False
6,E28,7.324011798161427,75.90739841700326,0.10675602105558729,0.8401107374409427,,False
6,E29,5.452440465248961,51.23106782149422,0.08790624323820342,0.7492469561127575,,False
6,E30,5.073486761245649,73.2028279627743,0.10392513398187496,0.5358805518307252,,False
6,E31,4.758338984087556,58.178511574517444,0.14230772847818496,0.3391015900945801,neighbor_correlation,True
6,E32,22.27361513787457,188.2556088602933,0.14063090273801374,0.766094295222798,,False
6,E33,12.224856364125543,111.16740043375341,0.16605012394495683,0.7849556520390676,,False
6,E34,9.534826585951718,78.91011727986552,0.15973904485206156,0.6959277476514041,,False
6,E35,6.77476344715547,57.06111529631908,0.22977390261172226,0.740068338525443,,False
6,E36,6.8367304220280385,67.19028106456676,0.18936118557512688,0.5745501866501765,,False
6,E37,3.7199291013307807,35.011581123664925,0.3417746292909081,0.6225218784820716,,False
6,E38,14.208785901775121,133.32923498042652,0.31127216634131094,0.8314873355200831,,False
6,E39,11.366835236155708,88.78438005259798,0.3370269850135473,0.638427545787631,,False
6,E40,8.612285297999659,70.51084833071162,0.3365495260098256,0.6984774653251162,,False
6,E41,5.949093365577211,40.98627138696182,0.40369536633158004,0.824652659398261,,False
6,E42,5.413896457499209,45.368458467287425,0.40544128930512896,0.8264554213299451,,False
6,E43,13.517064498651385,152.49763166236076,0.3305995899066029,0.8500597499853899,,False
6,E44,14.889576540898608,219.36834699423392,0.3008785048195522,0.6869489006084132,,False
6,E45,9.840382167528137,77.4800165264212,0.44450814764719976,0.7698545804949561,,False
6,E46,7.8489704662023,56.6261633822169,0.40971634510495675,0.7491318184328009,,False
6,E47,5.927885627559997,44.2552476140128,0.46210434431701797,0.8659169018120747,,False
6,E48,12.801518186890375,143.92541580501148,0.38958723115745253,0.7880800295701326,,False
6,E49,13.421956496762846,168.7152801968524,0.357175054834192,0.7639344936494757,,False
6,E50,9.382460584609232,78.34915304097706,0.4775894741732602,0.8034439142661387,,False
6,E51,6.897687121104033,56.17431331060314,0.4677820672982119,0.8122667486794037,,False
6,E52,6.663649576600263,54.21418025930912,0.40690512595651535,0.7757030200899665,,False
6,E53,5.154686146670536,52.92843328644085,0.38130877728389856,0.7593687607171795,,False
6,E54,3.7802250138979803,31.04638075825354,0.33854354989982166,0.6910498333579029,,False
6,E55,2.8471491513413816,26.854083370217907,0.329580651627462,0.33412370390969715,neighbor_correlation,True
6,E56,14.65526351437118,165.18370438921565,0.3460317600905775,0.6086485711944933,,False
6,E57,10.69887973322003,94.01639480817815,0.4600541601297439,0.8026020763106505,,False
6,E58,10.03187157252378,98.90561928777078,0.45893719755230106,0.7949627277733385,,False
6,E59,6.412736225137289,49.61233972830483,0.4836590478540162,0.9195500371461787,,False
6,E60,6.117563505214736,46.03791694499415,0.4211569520019589,0.8197117756311685,,False
6,E61,5.213817318244386,43.2954022106763,0.3871041286668618,0.8158467886981783,,False
6,E62,5.692076771437032,46.54705296503557,0.39038960925626126,0.8549151807982533,,False
6,E63,11.283320874491112,111.0001749407311,0.4727867839374986,0.8772318630499649,,False
6,E64,10.97414113816251,118.13574068197109,0.4414117467207387,0.7999579307763423,,False
6,E65,8.101827399337,135.65547164434798,0.43044093384452686,0.7978700509347216,,False
6,E66,6.761420839859023,62.10054349113147,0.46347765700546206,0.9230213597864529,,False
6,E67,7.121120347999777,65.96504307242651,0.3539762283940198,0.818769524591758,,False
6,E68,10.946157754713017,108.15787070121524,0.4556403869677475,0.8043602105693579,,False
6,E69,11.460092788458708,156.34757024432378,0.43523810145691266,0.7497404815380992,,False
6,E70,8.867856364968478,80.11284245479901,0.40032883169734235,0.8588894986396465,,False
6,E71,7.152868358117239,57.5296702715778,0.416033100259334,0.9081662076525683,,False
6,E72,7.358448734567926,93.41838704632835,0.4155088800595013,0.8992789685352551,,False
6,E73,10.717329007436238,99.75472787872835,0.4691319457211968,0.7903232900116293,,False
6,E74,10.27125357278112,88.39059634240925,0.4723817868194851,0.7694003748848197,,False
6,E75,7.795344985811422,66.46413543068977,0.44655168454395855,0.8806350308151769,,False
6,E76,6.814329782851722,59.262014685720004,0.4339389371776651,0.9223010543696831,,False
6,E77,6.080644351334924,51.99989863148858,0.4342992168507901,0.9008149479446499,,False
6,E78,6.821389565562272,80.31104267300415,0.2848054345591348,0.6927943166511077,,False
6,E79,4.874160055065736,47.454984245091644,0.3374066776139925,0.7387673049628987,,False
6,E80,3.5992610667840874,31.61867003821915,0.19643604537789744,0.4418858508397868,neighbor_correlation,True
6,E81,12.04848499750953,107.69981095677637,0.43871137499109364,0.7094524049961028,,False
6,E82,10.975600302222238,108.93329163920008,0.4259804819990135,0.7923513856067532,,False
6,E83,8.682603982477712,72.9006098188892,0.42395306997418136,0.87558237341735,,False
6,E84,6.853506514132262,53.039125742468045,0.43146633883882984,0.8643198448811603,,False
6,E85,6.394391321780846,65.93896534636552,0.3674230872966731,0.8029944027968197,,False
6,E86,4.802042000504824,37.57195160405542,0.4190500912030457,0.8013081702662284,,False
6,E87,3.911786116711514,31.018585457786983,0.43048676822244575,0.7922989380124841,,False
6,E88,10.67213522327487,114.12077995802832,0.4483684261258974,0.7177771680840714,,False
6,E89,10.592356416760406,111.04858434011649,0.45599798958223803,0.7815074381176144,,False
6,E90,11.178494818754446,129.38508415095578,0.4056322489891067,0.7452113041155651,,False
6,E91,6.030986758856518,56.34310286392939,0.4008167067704764,0.7766636589541861,,False
6,E92,5.620749923156023,41.16676058457624,0.46856749542215903,0.8491539405246549,,False
6,E93,4.691597823334761,36.8649637327284,0.45509966343437713,0.8796515496157442,,False
6,E94,10.419481267837014,102.34693213994747,0.47602091610926495,0.7408897007353668,,False
6,E95,10.26762948173385,80.10870689513274,0.5090864454136229,0.7713914568233683,,False
6,E96,9.083201335120355,75.54982583016026,0.4941588162991125,0.785933524073102,,False
6,E97,6.34338304115439,46.978203170519855,0.48935455752670237,0.8506210811619723,,False
6,E98,5.515557259333387,40.15497524612829,0.4636214388884804,0.8605290107208154,,False
6,E99,11.139330603838323,97.82833169436856,0.4752465660753336,0.7275305356060214,,False
6,E100,17.489700973759426,276.087634994369,0.23188610356725942,0.4085837929594056,neighbor_correlation,True
6,E101,8.466699069553437,70.85595053521436,0.4864463106838719,0.8016075203194042,,False
6,E102,6.6100888014126475,51.40940221927096,0.45738984643625125,0.8227364044121477,,False
6,E103,5.398147809665271,41.74041980184912,0.37818443873825297,0.8451360480420071,,False
6,E104,3.933659419409606,32.22285858894969,0.30222471346012625,0.9007470587674021,,False
6,E105,3.2278648794611633,26.226250801559836,0.22898144128892897,0.7555256051070536,,False
6,E106,2.7449106240110948,26.57872589100512,-0.009567563858432078,0.5571595885849605,,False
6,E107,11.496463211426866,95.1995971098398,0.4212737597831005,0.7371132622519141,,False
6,E108,12.686083749948178,190.34755628384727,0.3216936323750047,0.49365010357136185,,False
6,E109,7.145487059226337,54.79548393847591,0.3211863829780396,0.7794444676192547,,False
6,E110,4.209574334731136,34.2166676964145,0.2592443343750168,0.8494859714224505,,False
6,E111,3.701569173105735,34.15534837501221,0.18343395922092628,0.9022608131321459,,False
6,E112,3.896104662146103,39.138346628314615,-0.053315466777314975,0.8254438134184066,,False
6,E113,10.566160796427685,92.59239007995802,0.45370776234879673,0.8346348689004415,,False
6,E114,10.113077288189706,88.31170003282853,0.4300290645680719,0.8491894959715356,,False
6,E115,9.872826244285694,78.95689581230312,0.37192678142388463,0.6716116445347609,,False
6,E116,7.252131866480551,71.09624513268258,0.18229563964060908,0.8086591720688834,,False
6,E117,5.685882055854429,58.748017784319316,0.06858215207912063,0.8922015702795472,,False
6,E118,5.576651103398316,58.17435988628816,-0.06195437433829578,0.8969555223818202,,False
6,E119,12.205473709475386,112.91123155879352,0.42115695200195896,0.8734385148718206,,False
6,E120,11.78329550308453,115.57880352538612,0.3610813485087226,0.8237146550795778,,False
6,E121,11.42246927613121,94.55290885689365,0.28185559635550006,0.815250801308345,,False
6,E122,10.517481460444658,97.90508390878139,0.17413782548411633,0.7986491299520735,,False
6,E123,10.384240557815945,112.05586195170854,-0.01813449063922536,0.828036903205027,,False
6,E124,6.728207756026352,76.72891940186074,-0.07408623040216637,0.8486610001408125,,False
6,E125,13.686479003166246,105.93802854588927,0.27331403822287365,0.8098512522898542,,False
6,E126,14.464751633757183,132.8679610452295,0.40958579336061535,0.7993831589506366,,False
6,E127,192.94718536093177,2547.1784878986537,-0.004996299478350893,0.2238127436176756,variance;peak_to_peak;neighbor_correlation,True
6,E128,18.43247849055204,176.67877191376732,0.2755427556965668,0.7713254598625623,,False
7,E1,87.68356807992343,1048.0138048249046,0.09269566124461491,0.6626747136268396,,False
7,E2,46.42832164984953,691.6356900577348,0.09962889533292009,0.5550128958591232,,False
7,E3,22.929170862429924,296.8019342131946,0.013514055161915903,0.7755445490396179,,False
7,E4,14.820509627353754,164.56613097293643,0.01875775161366848,0.8987519168211429,,False
7,E5,8.768065698652888,87.31056217185035,0.020635746206167708,0.8419078225016104,,False
7,E6,5.749544129056112,54.420664656218676,0.05979453309099315,0.7501037386130712,,False
7,E7,3.317999751860569,27.754599467673458,0.030139036408832004,0.46237727400499573,,False
7,E8,76.97974640972451,825.9197881850221,-0.03212746915526702,0.7610147503940659,,False
7,E9,34.17661929346435,472.3716078271174,-0.033025261539952326,0.9405727043233199,,False
7,E10,20.453639954417255,241.90528582396516,-0.056025739228465404,0.9410081391439888,,False
7,E11,16.372316725932702,172.58564554579777,-0.054506355705664276,0.9418869109084816,,False
7,E12,8.86232396162964,86.25733866792481,-0.02244529083295718,0.8422256428321938,,False
7,E13,6.124104279237439,59.677908841666124,0.00857061940149804,0.7381797373622568,,False
7,E14,44.9261019651367,557.4768764243095,-0.06735538774240031,0.9642014243059929,,False
7,E15,27.53313351151229,306.5287731999442,-0.06569508938649687,0.9754784868345238,,False
7,E16,22.308872348881057,246.8311496856328,-0.054603922204339864,0.9628374185879078,,False
7,E17,39.62255352799631,403.2578254917149,-0.039353572146117566,0.9539850220570567,,False
7,E18,19.97201777408746,225.09621990395738,-0.04307075687472036,0.9634858659298914,,False
7,E19,11.910528131348801,139.76529630222024,0.01381344653289543,0.9272493123257248,,False
7,E20,9.120949969493129,89.00559456513622,0.07441586384719029,0.8742979751283793,,False
7,E21,40.95065574066764,462.9793806355523,-0.05844282894649637,0.9686423518457735,,False
7,E22,27.238154525697183,380.8435849822439,0.007598825028306233,0.9109825447327569,,False
7,E23,15.50812108878258,197.84744300063375,0.018100207841325024,0.9465711913933494,,False
7,E24,11.549094727642427,140.19332553449317,0.07343487657316707,0.8582803705702114,,False
7,E25,68.35596678448087,767.109959370164,-0.019959750907631482,0.8966627551464317,,False
7,E26,45.732426750501105,614.4089138111467,0.09537644522456233,0.6935840963752316,,False
7,E27,19.151598013693643,314.3946802525073,0.16956221197136578,0.6528299391911687,,False
7,E28,9.475612996195881,101.21688742280607,0.16025888871013452,0.7897949559877122,,False
7,E29,6.7439206331022055,67.1819410997141,0.1034367923208873,0.7507820348324978,,False
7,E30,5.323932243960543,47.53421405341462,0.13147341572987895,0.5465758086501693,,False
7,E31,7.267641754145442,99.649960350328,0.0824744948599146,0.2193043325604788,,False
7,E32,105.08157411560556,1103.3517420747653,0.07147299858905211,0.7563530636871484,,False
7,E33,102.6064620583744,1089.370131730756,0.1275957191636243,0.6598347515998306,,False
7,E34,15.848151204254748,149.05971852424233,0.14493517616007823,0.4816372450475716,,False
7,E35,12.70388078178602,106.06585552808721,0.07452156884328667,0.621733640707304,,False
7,E36,11.267101963164441,140.02791829199094,0.09904274587733096,0.5282890727505114,,False
7,E37,4.7408392790137714,38.40910820214523,0.16736194285019299,0.5620121790659351,,False
7,E38,49.93007614624207,503.7008439740971,0.0798988762438149,0.7963379179684991,,False
7,E39,54.24358951920176,564.1537292901241,0.04659771946786952,0.564698265342483,,False
7,E40,23.44710164116308,215.72513089728017,0.01192213559544959,0.5946524836774479,,False
7,E41,11.317474741192708,102.52778631258946,0.0705689824563853,0.8331986766665934,,False
7,E42,8.53491798061471,89.30240922076746,0.10810203718975159,0.7762181603178889,,False
7,E43,24.921644530549525,308.1853755347279,0.10875454586507337,0.4121568413527664,,False
7,E44,32.63648388242666,359.7784361402552,0.0914758410730312,0.49536147423329857,,False
7,E45,66.10606256367745,687.0001843744442,0.03762799897498561,0.38136784868125306,,False
7,E46,16.622960856415567,182.7048211150614,0.0776037809342572,0.6361771205255335,,False
7,E47,9.933693593968858,92.51748986026043,0.1204075440305681,0.7802849561157009,,False
7,E48,25.25069346097421,331.9754076232093,0.17929560796791585,0.5173434259542002,,False
7,E49,19.842174436236018,214.15630691643537,0.23460234036360447,0.6012169350478295,,False
7,E50,15.685397091714263,164.3175841386464,0.09105529058415622,0.5349776063456848,,False
7,E51,8.025043601630584,75.83626176549372,0.24409471112821657,0.5616405640195588,,False
7,E52,7.319368272424957,74.00132232909563,0.16734428360586664,0.7436054870455513,,False
7,E53,6.060070377046205,50.797113730521644,0.16795629909506263,0.7412683264466178,,False
7,E54,3.913081150868957,38.10998987873187,0.14317689155356086,0.6243885255696113,,False
7,E55,2.930631702375989,24.057186694505827,0.08443226911531207,0.17226378552427365,,False
7,E56,15.971546082705025,194.8925147553184,0.1904373018967738,0.5473381192362845,,False
7,E57,14.101762727950154,154.9154049838026,0.07401767866128933,0.6100927691484653,,False
7,E58,13.119581121314429,155.34050692881334,0.12679585696107765,0.5595695688488992,,False
7,E59,6.863604349373928,55.51506358366383,0.25126487179552837,0.8265910657217121,,False
7,E60,6.363487253814208,49.25916666515917,0.22656084828988393,0.7526195568123132,,False
7,E61,6.090423009446048,73.82252556235133,0.17925450555792782,0.6799149702475291,,False
7,E62,6.808337013100294,59.28482630471051,0.1683050636931242,0.7386834928386168,,False
7,E63,14.969065037010047,127.44527894525805,0.14721583028211185,0.7155522253370223,,False
7,E64,22.34225834860804,280.1216515881092,0.139000670433636,0.45904215500052725,,False
7,E65,10.195227165839922,146.60784331983407,0.16228618178801552,0.6158844203402442,,False
7,E66,7.522192977207418,65.44681421291101,0.1817457136565867,0.8715342753405485,,False
7,E67,8.072025935175652,81.37522168583718,0.15450757097962384,0.7052969898777068,,False
7,E68,14.218364510893588,154.0118632885831,0.18426500095114193,0.7153554353913902,,False
7,E69,14.722471539244227,194.5356164666829,0.16420549897057576,0.7182948694212375,,False
7,E70,9.108123810937837,66.24208892919468,0.19110039150503383,0.8101772877820277,,False
7,E71,7.485731398471295,61.47196875521955,0.19812240759038705,0.835305545334639,,False
7,E72,10.050999165038675,163.3158105111687,0.14603412753140488,0.7258441103619189,,False
7,E73,12.948370318064983,108.09068498729926,0.1558927523059375,0.650172824009775,,False
7,E74,11.545536631142435,107.26322010636689,0.1656017347678468,0.7166844007784563,,False
7,E75,8.688929916750515,71.15989674730673,0.20972831675590636,0.7548403710968752,,False
7,E76,8.313281012750123,87.20297522710081,0.17569879623772666,0.8004384767996087,,False
7,E77,7.099012311763857,70.40697856703525,0.17513727024438622,0.7840362055425325,,False
7,E78,6.186691284419685,69.52423320619728,0.10986334335980354,0.685582165972836,,False
7,E79,6.568765682376779,86.20208206995044,0.1813050157477652,0.3468402884441498,,False
7,E80,3.646533584142265,28.600141074226414,0.14527026357831513,0.30523445413735223,,False
7,E81,19.065833130386,236.82310093920262,0.21865049570121567,0.42865316558384847,,False
7,E82,13.97354093231872,123.16935149170153,0.13435679347244506,0.6066715808634235,,False
7,E83,9.23830407903294,75.857457601056,0.17829342601985154,0.7937094439428203,,False
7,E84,6.989407759687686,56.18529428940734,0.24094330907891065,0.8363189209870476,,False
7,E85,6.1226015620428065,59.63804447789798,0.17380633179635485,0.824490983382037,,False
7,E86,5.1803312111227715,43.6248510350368,0.17240725902550488,0.7140108347171793,,False
7,E87,5.184375171184192,51.216386066952765,0.19840181524218545,0.7160819668805123,,False
7,E88,20.403952927077697,254.03575299156117,0.2088493324124552,0.5028056412325376,,False
7,E89,14.36658167075689,143.79249876834336,0.13487712689038048,0.6069640438431387,,False
7,E90,9.926992652341916,90.04516018932401,0.20398026809229647,0.7435731193570811,,False
7,E91,5.955002746436886,50.93956248830318,0.1966369027000987,0.7784356762210134,,False
7,E92,5.995977568258233,51.10330136906033,0.21111734238941046,0.8007716726268475,,False
7,E93,6.074016365855114,51.0833896763441,0.1868371488512938,0.8533513382445166,,False
7,E94,16.81547957157225,234.50198738856284,0.2535925134904806,0.573667655097717,,False
7,E95,19.106040537870296,264.1983229429792,0.12332083398771336,0.4348437652865765,,False
7,E96,11.468975385258195,120.21875355112735,0.2306173560641155,0.6580262116643891,,False
7,E97,7.324723987827902,75.66661277721487,0.2278749388052282,0.7825271005742189,,False
7,E98,7.264717320343815,72.98862420694277,0.15369483921331478,0.8098349697210296,,False
7,E99,17.356563510973956,159.77885318865694,0.14900185947290112,0.4357426123430755,,False
7,E100,19.27120713913693,301.36693353049134,0.11058717238800017,0.3665383895801464,,False
7,E101,13.999808611093131,144.32771113542537,0.16499335214416552,0.30094633482556565,,False
7,E102,9.714122728006346,95.36209959646096,0.14372414491944194,0.7674802119591344,,False
7,E103,7.968460378671611,71.60376297767718,0.14770525448307023,0.8161660183616097,,False
7,E104,5.569330049575154,54.87630279912861,0.14377338046725519,0.8720842753287024,,False
7,E105,4.503587591119367,49.45784781178716,0.22173396389454703,0.7372738030886752,,False
7,E106,3.5223557265824406,38.41027691932186,0.16215964125437568,0.5319304380001745,,False
7,E107,22.00352940804325,169.98820604036143,0.14864198470763254,0.42017063091530965,,False
7,E108,42.399896972916856,526.5094332531287,0.07656544151968546,0.23125691466377024,,False
7,E109,15.792075810566594,167.01594890968272,0.02687598855594144,0.6454307920928326,,False
7,E110,6.3864655011021805,67.80028909356975,0.17672691106219138,0.7504795174975318,,False
7,E111,5.444668111199655,65.90778916902018,0.213170585613799,0.8619273518075175,,False
7,E112,4.685692360977595,55.76576927913428,0.153852966666756,0.8017921498070619,,False
7,E113,14.461339450853355,121.11507301896813,0.24078925299764828,0.5739735166171835,,False
7,E114,27.66906655353713,291.72416690941077,0.11980871770638078,0.7246083291057298,,False
7,E115,49.0652855015251,569.5291375357621,0.11678055126495974,0.6977228155342206,,False
7,E116,9.548654619107095,82.97092526479211,0.10997861657698002,0.6985738083146424,,False
7,E117,6.1365635660725335,75.21171347258984,0.1037110312341042,0.828286137819422,,False
7,E118,6.330756166070884,65.72872917893211,0.07671444531464904,0.8487340592842195,,False
7,E119,18.047083177705687,202.06675633075054,0.15661413417241787,0.4532466631811377,,False
7,E120,17.119710671198128,201.44851791414004,0.19206950875659953,0.6487705596606692,,False
7,E121,82.27789825952249,926.6561755188259,0.08043240051702075,0.8149610519768915,,False
7,E122,45.48297161014227,459.5385849139344,0.1512655057944547,0.6696569764726231,,False
7,E123,11.693770658695625,181.457780725487,0.048272076092139064,0.7040751676092838,,False
7,E124,7.616868786573447,83.39909484308342,0.07072058123251102,0.7731130051968289,,False
7,E125,123.06151339738429,1587.611027698063,0.07161226104403422,0.7513926846421819,,False
7,E126,164.61488720699825,2184.0673072899153,0.07368332105371214,0.6270763766144358,,False
7,E127,108.72701979429998,1524.1292396878073,0.08318612141088454,0.6388761639919371,,False
7,E128,83.71945891869893,932.1846019155455,0.05486981188298657,0.7945617118428248,,False
8,E1,15.157302221060814,157.30294535203575,0.15012489343156923,0.6668278689030658,,False
8,E2,17.05329529285303,233.2021223177302,0.02477754301856852,0.82137028883118,,False
8,E3,13.200719604582462,170.34756669501184,-0.07314195551358649,0.8969436111226192,,False
8,E4,9.36527888204265,119.70479116914969,-0.07675002865776548,0.9307373553064751,,False
8,E5,6.164093485476652,72.57679234462722,-0.08605960690285683,0.8155879114526499,,False
8,E6,4.17103088070741,41.99999369446853,-0.09983475755254607,0.7049449854483669,,False
8,E7,2.806668959083062,25.89612639957508,-0.018960323716841202,0.433410360416371,,False
8,E8,42.82526308354034,575.3151514230187,-0.130384348278979,0.9194518684661216,,False
8,E9,22.675514415277018,293.31155469119983,-0.12453372551256267,0.9641841500765801,,False
8,E10,13.562991812549875,169.6335196979947,-0.11023654939132686,0.9585192021842452,,False
8,E11,11.56034880769442,144.28510526234112,-0.11972868641284728,0.9437856703484508,,False
8,E12,6.673912491762705,72.0561460739491,-0.09881557632949702,0.787867452748348,,False
8,E13,4.712829655569537,60.64484142242248,-0.033627454228143554,0.7285377459487776,,False
8,E14,29.66223845426436,382.0710578229355,-0.12927877155885756,0.9792150602885095,,False
8,E15,18.716461541242396,233.52914878442516,-0.115313586379515,0.9719578523929253,,False
8,E16,15.340535543619735,190.78772255358612,-0.11524368839013473,0.9694602170270797,,False
8,E17,25.423914831739992,326.1525047429365,-0.10055066704254001,0.9751676030803482,,False
8,E18,13.348308442459425,161.3244409044513,-0.10516848892146241,0.9582616099453096,,False
8,E19,8.711225082469618,107.6670009522741,-0.08023287665476445,0.9024036072153403,,False
8,E20,6.998686939560913,107.87768920491025,-0.02019598407388019,0.8642002239153579,,False
8,E21,26.57763207640114,328.09494369721557,-0.11691027110492529,0.9714039200931355,,False
8,E22,17.164617582901972,210.63035356399297,-0.10289698842456191,0.9613355307254612,,False
8,E23,11.034198721088224,150.10466873732287,-0.06809264848114642,0.9407640971816185,,False
8,E24,8.574883984472278,136.61650449701744,-0.02691897630712417,0.8607674899479265,,False
8,E25,41.93618569303595,529.5274704179726,-0.10056247829934783,0.9041585629018839,,False
8,E26,18.759653803400134,316.42234321032606,0.024574029569796138,0.709804111988434,,False
8,E27,10.320890336555632,154.1975794271412,0.05419681900965659,0.7033976656158298,,False
8,E28,7.8887594650340755,207.97524055616782,0.037552956809290015,0.7156968633613631,,False
8,E29,5.457371283827667,110.1799602230841,0.030624570905948025,0.769469819005552,,False
8,E30,4.464197341192991,63.152296531299925,0.07979591878782484,0.534190345624969,,False
8,E31,12.51231407028793,237.71732605807995,0.07641527011805209,0.17667937245094725,neighbor_correlation,True
8,E32,15.77881197750862,148.25329685496004,0.11069466031625823,0.6687029295855293,,False
8,E33,10.75951699287343,138.92824543347217,0.16345939785819175,0.5640772053438269,,False
8,E34,10.916740898390934,213.768314652449,0.11766907194388267,0.3950931886688347,neighbor_correlation,True
8,E35,7.568157388349491,110.103900200016,0.09379885595688886,0.580366682384267,,False
8,E36,5.274675249976801,72.98452306468704,0.12390692588721695,0.6186982975799271,,False
8,E37,3.6309905995589102,34.37077232992746,0.21903269752691867,0.6246158205443741,,False
8,E38,11.399874092350522,121.22841926440023,0.24488583747792242,0.8035187415052805,,False
8,E39,11.03853058398993,117.78349809365065,0.21615451194199414,0.6679400574762301,,False
8,E40,9.154931869344766,131.79298506891965,0.1988785494395747,0.5967658625356711,,False
8,E41,5.635660770454063,60.8702802360213,0.24039518474348961,0.7343564966013629,,False
8,E42,5.015867447510705,44.771502909558876,0.2996897129642448,0.8231448411337514,,False
8,E43,13.875580544987622,205.44898345695663,0.22073830849026235,0.7864063331853599,,False
8,E44,11.654728366071616,137.95955069264096,0.23840910986998376,0.8193949104933035,,False
8,E45,10.944666770208018,90.12600055351209,0.249467141603737,0.4479713180386121,,False
8,E46,7.617473118468314,73.0882596233618,0.28146862599437095,0.670007395209143,,False
8,E47,5.766124272212447,44.14811048168852,0.3498311939045623,0.8005876215416747,,False
8,E48,14.628615436287035,238.19451564623844,0.256410517432688,0.8007392335983474,,False
8,E49,10.444602519092253,116.14537905693733,0.3555233046980023,0.8026089925105061,,False
8,E50,8.691537575698408,69.58298393786541,0.3945904287569827,0.7165068367616372,,False
8,E51,6.585864440326188,50.401295806548845,0.36556742629993705,0.7876153419437162,,False
8,E52,6.0154130156095285,48.13698077567654,0.31718671077775507,0.7870808858017933,,False
8,E53,4.869364967256659,39.08778028785677,0.31595626711396474,0.7808120179510372,,False
8,E54,3.915182223885037,30.285043071210563,0.23318163314822232,0.589384947497472,,False
8,E55,2.7715453090872377,21.709436331601786,0.1785548844536784,0.2710058549785333,neighbor_correlation,True
8,E56,11.790184643547521,102.72161103430881,0.3398552576442538,0.7932330579052806,,False
8,E57,18.796725477076503,305.0547357815185,0.22960501747582296,0.4662738892838027,,False
8,E58,8.994266637925218,75.45911809837725,0.39258516184228215,0.8117979630837335,,False
8,E59,6.172893785637586,49.96346224482106,0.40769412597433224,0.9300855789895695,,False
8,E60,5.942717241976171,44.672926280382086,0.35542214686462037,0.8173988726954113,,False
8,E61,7.8576410507727275,143.76248660657333,0.190389841246954,0.5010181340930873,,False
8,E62,5.886099608416026,47.78714878475731,0.24107024161756677,0.6924244177464643,,False
8,E63,10.555178184870217,108.07836723927574,0.37161668038964796,0.8886773001471051,,False
8,E64,9.35379300238273,96.08828316789732,0.4047802688247057,0.8606443975205879,,False
8,E65,6.949815457571023,55.94076799446253,0.37404996241261484,0.8662216347126492,,False
8,E66,6.378795339547577,52.83908029533052,0.3558979362210868,0.9318002213916168,,False
8,E67,6.557731436072515,56.43042706528853,0.2830265200731441,0.7874926097108312,,False
8,E68,10.667371824879092,105.83110158797899,0.39748072823471253,0.9118592377081147,,False
8,E69,9.514949777045791,90.35564698508563,0.4181381988159182,0.8851515897279876,,False
8,E70,8.234707608048144,65.57997865497319,0.361535368788575,0.8868024950495388,,False
8,E71,7.162225748952902,58.69457642993278,0.3226346033672173,0.8977092324467484,,False
8,E72,8.547161565133175,89.09311583590443,0.256410517432688,0.7365551773397487,,False
8,E73,10.772632284018457,113.34592649695934,0.3701370998722533,0.8926955865245485,,False
8,E74,9.826440368724885,86.395434899064,0.38579422562494314,0.8346468496048316,,False
8,E75,7.684851089437702,65.4044608687253,0.35108563269932497,0.8985079702080956,,False
8,E76,6.658072442051396,55.6962849096127,0.35840118864419557,0.9115607033087346,,False
8,E77,6.014404438529374,49.48882861888265,0.3402807329842045,0.834291944709306,,False
8,E78,5.996562425583698,58.058512155019045,0.22570999760215074,0.733188480600881,,False
8,E79,4.319627185698754,36.1279490136439,0.25569864643305107,0.77761785798606,,False
8,E80,3.225891603331689,26.04595719734324,0.17879258252289398,0.43999148592784576,,False
8,E81,11.138980473403869,117.50366337432041,0.3598595711235704,0.864732294616793,,False
8,E82,10.630688883420516,95.10391862812556,0.34864690877635257,0.8177591917381658,,False
8,E83,8.75189478478358,80.58787887132087,0.34263739127797466,0.8904637731555072,,False
8,E84,6.65302964886504,52.334495693023726,0.3221159685517957,0.8787949135200421,,False
8,E85,5.832579197452931,53.79948411959008,0.3008611659486404,0.8509329378164772,,False
8,E86,4.608257374254176,36.21926718564285,0.31894835185975606,0.8161242590740938,,False
8,E87,3.6705098834292262,31.330190676173757,0.36644058506226834,0.7980241089240476,,False
8,E88,10.725724647129423,127.48576409714629,0.38501355629887934,0.8345053323097871,,False
8,E89,10.75589866527608,95.54564026156098,0.331668298427598,0.7985879936805551,,False
8,E90,8.828789913905169,81.85545947815189,0.3626349125665584,0.8060391607190937,,False
8,E91,5.63714461407059,48.47635221658365,0.3244971530624289,0.8083868878861793,,False
8,E92,5.3164539582920485,41.052761693819505,0.3613748901380742,0.8359825135180783,,False
8,E93,4.567255425182731,41.2707768581719,0.34099197368134393,0.8746254330657537,,False
8,E94,9.999300618234512,103.12825505690988,0.41968851807665386,0.8190105235779861,,False
8,E95,9.733525467042593,87.80136710343234,0.3771368936747416,0.7812386157744939,,False
8,E96,8.932797540593134,80.34000859691434,0.3625110180829764,0.7414329508491715,,False
8,E97,6.118538689449332,49.56722173696645,0.39014838093621784,0.8072888282499104,,False
8,E98,5.472778767764575,46.54744463174957,0.358377946067578,0.8450729310300937,,False
8,E99,10.292810609025244,101.07965034929262,0.4035791993571632,0.7796723715093089,,False
8,E100,13.50819062479612,130.04123143150082,0.29906824500457807,0.5648623043457288,,False
8,E101,7.925865158980615,65.5860017021346,0.4200183413815543,0.7046164068342611,,False
8,E102,6.645660386865919,55.10147584252186,0.35327250334904475,0.8069241632745516,,False
8,E103,5.444697481786543,49.0788909041666,0.29675952127328536,0.8394634420932392,,False
8,E104,3.72324234775235,33.92325971488049,0.2798293724716254,0.906778830501848,,False
8,E105,2.9753875067542466,24.527449024726756,0.24078701981160622,0.7431223651032277,,False
8,E106,2.4978067535262634,21.12228391767858,0.02385103304026554,0.48892884958168104,,False
8,E107,10.658763946649588,108.02300044775653,0.3691639075867477,0.7295682358749312,,False
8,E108,13.625455867404137,109.8944770785953,0.23194794000022398,0.42082415216684343,,False
8,E109,8.0383072254163,67.3572983914818,0.2269724202287999,0.7588420696644275,,False
8,E110,3.8946999520077363,34.693927212616835,0.24609793847062006,0.844086882453801,,False
8,E111,3.3458675731152137,29.400640448090268,0.2184848924781513,0.9100664365630685,,False
8,E112,3.4437875149610044,33.68289311761775,-0.0033038511604854765,0.7760740417026482,,False
8,E113,11.143262021190273,110.2295016262072,0.39312920195029244,0.7582441138094469,,False
8,E114,10.78936658436181,89.44170833453757,0.34619155192718987,0.7473154176533621,,False
8,E115,10.428417790084982,94.23642777512617,0.244082739552581,0.6336192577214819,,False
8,E116,7.368903220835937,82.60101360308528,0.21941889665088365,0.7475800025354402,,False
8,E117,4.920236764024473,52.95935212464761,0.11325633658918896,0.8479485546775554,,False
8,E118,5.229037826190932,59.943764445922966,0.030235350379999377,0.8136227221962653,,False
8,E119,16.214087763262857,275.64115574599504,0.2661138339261138,0.644338054670019,,False
8,E120,10.903504541807441,108.61107756491904,0.3398454471743314,0.8262411089669659,,False
8,E121,11.003219617148629,112.32311391768746,0.2503635210794343,0.7948076094396186,,False
8,E122,11.179939528829607,107.87108637564631,0.16170331631311188,0.6751836556644075,,False
8,E123,8.885316709147004,98.57139403553043,0.10499375020927888,0.8113983356697736,,False
8,E124,5.5471317264150075,62.75876941379403,0.02484301662694937,0.8324246466176225,,False
8,E125,12.395764809016839,125.28732015135495,0.22112049964537753,0.7797826883225969,,False
8,E126,14.618121845336459,164.9220394443471,0.26755623343933077,0.6439223690197179,,False
8,E127,16.25358559177288,319.1293366426221,0.21276739305750833,0.7890902345659954,,False
8,E128,12.557292149985603,138.78627716476592,0.20932860699123684,0.8084623676028652,,False
9,E1,14.019712048003408,139.18044461558196,0.13059423701711556,0.6689293133558248,,False
9,E2,20.9129501382776,212.8510669029133,-0.0922067651030078,0.7951520021286178,,False
9,E3,15.060431357020358,138.1373057464221,-0.15026208834374863,0.9524713282499306,,False
9,E4,12.553810813721041,117.2582674932432,-0.13319610960029446,0.9684738533315351,,False
9,E5,9.956963280548582,93.45495261335887,-0.14760378610899846,0.921812952280247,,False
9,E6,5.009938352426787,50.15152456993748,-0.13120171359139618,0.8141760023846937,,False
9,E7,2.778118833857177,28.813132234884677,0.03862575166076478,0.44093629211304225,neighbor_correlation,True
9,E8,62.05635997069158,594.5941310488809,-0.19535608361602855,0.9553820635412504,,False
9,E9,33.34117032413296,307.7414957001294,-0.17543376859242563,0.9771267910258896,,False
9,E10,19.62156119463226,184.82372870036284,-0.15636814998214957,0.9740031348016739,,False
9,E11,16.716968811832448,154.06277984321787,-0.15870082141602,0.9744787728229428,,False
9,E12,8.110210568464394,79.64903138366833,-0.12680001204000768,0.8339973374420064,,False
9,E13,5.165579697024764,55.261678625876364,-0.07406784957605535,0.796970804367556,,False
9,E14,46.46078827407061,425.52687128280087,-0.19391080881255449,0.9708232024727151,,False
9,E15,27.38202951476554,245.8512229204287,-0.1619887583193993,0.9800345959614976,,False
9,E16,22.1436105636763,200.60580502484711,-0.16389698198891237,0.9816869588453381,,False
9,E17,38.659789183578724,352.53606861129487,-0.16363526538745246,0.9731168785974352,,False
9,E18,19.075340946734016,178.1559254541815,-0.14023089256115637,0.9765197575157839,,False
9,E19,11.262940324392902,110.17033409594791,-0.10825608400494317,0.9470696281361085,,False
9,E20,8.235883835070007,86.63973359306553,-0.05359085244284658,0.882609693272614,,False
9,E21,39.94691225976265,366.3120393095439,-0.1702549226034497,0.9700186930785104,,False
9,E22,24.921808892312086,246.1319111251605,-0.16180012146794953,0.9645898509857815,,False
9,E23,14.821379587445024,145.31241244741665,-0.11050039782739436,0.9633776086654595,,False
9,E24,10.0642351400175,110.58959988479734,-0.056202352027417496,0.902469289004836,,False
9,E25,65.66237045187016,691.3207544100762,-0.1834605659685168,0.9469912143349524,,False
9,E26,22.26199750320629,271.0117519742189,-0.0347679975015352,0.8557279887805342,,False
9,E27,10.29244257932326,139.05665625006165,0.08517410574812527,0.8067024889644331,,False
9,E28,7.2331596987174684,136.64157698843565,0.10663611412343582,0.8329554190041285,,False
9,E29,4.951202240011364,60.42641490942583,0.12451704275615318,0.7824716938136395,,False
9,E30,4.228082661044184,35.50656739728453,0.1876230316269042,0.5817602611894906,,False
9,E31,5.78211878409374,95.59538712809663,0.14938349546777147,0.21695480956587584,neighbor_correlation,True
9,E32,16.763325962664286,142.93929757413989,0.17097787213460117,0.6641536921496012,,False
9,E33,10.462253889273567,97.06590943585275,0.23133772171343103,0.7225408825464361,,False
9,E34,8.010636569731659,101.81004637615945,0.23299056272497445,0.7303554993003465,,False
9,E35,6.209874884773242,52.37086820682592,0.239042100039259,0.715436150416845,,False
9,E36,4.647290799851173,37.675568526134455,0.30734652440434174,0.7331275088962507,,False
9,E37,3.8440289998670734,27.642861965727697,0.3187348644803436,0.6837374828345206,,False
9,E38,11.943519772359021,120.45702389159294,0.34617552973625054,0.7853472156322503,,False
9,E39,10.365770965556942,89.32727594448917,0.34957669733229024,0.7273208202973247,,False
9,E40,8.05367152098475,68.2536024321012,0.3224873324282851,0.6995194839036947,,False
9,E41,5.864305453731824,43.54335847788111,0.35487074391900514,0.7942674048541724,,False
9,E42,5.109937599743258,42.20426358950792,0.40696270963651554,0.8109352369015561,,False
9,E43,35.77293275966143,346.4733935632679,0.251739441691633,0.3564332808690483,neighbor_correlation,True
9,E44,11.80028139949535,105.18348587520761,0.42759175569995167,0.8039013776284611,,False
9,E45,9.852274575935732,79.22800381447448,0.40135228823864577,0.7427224879680555,,False
9,E46,7.454444797651608,61.10159036390397,0.4132091715670769,0.7771404172587761,,False
9,E47,6.004560366654828,46.438268150215286,0.44786298986016865,0.8525527783177419,,False
9,E48,17.48786261955069,219.81850275069235,0.18957167159219773,0.4674979403468351,,False
9,E49,11.105735518419554,110.91168152782609,0.4737020312317971,0.8021107275965137,,False
9,E50,8.728327529195507,69.7037352363669,0.48207892779157296,0.8304259736151498,,False
9,E51,7.148180927156843,59.59317469485981,0.4717838037376564,0.8291544360784677,,False
9,E52,6.680698195697452,50.97252010248377,0.3752680696838221,0.7870764257013241,,False
9,E53,5.262077264585352,39.84795319650611,0.42538188544966293,0.7991026645467404,,False
9,E54,4.1018017020507065,30.885257832035183,0.3362417203667721,0.7164981070989396,,False
9,E55,2.990713523690139,33.064852080676786,0.28814501348789556,0.2407787245306024,neighbor_correlation,True
9,E56,11.49476198427652,127.40344497186767,0.43113950405456225,0.8237898461033785,,False
9,E57,10.155784501623522,99.8187325878489,0.46676488418879447,0.807774492924423,,False
9,E58,9.917492956835055,75.43199624237269,0.46513111676817503,0.7933939793582162,,False
9,E59,7.181471337826586,64.70713379211105,0.436286193357365,0.8329263365043416,,False
9,E60,6.574517873962227,56.60360598195595,0.4403689150712885,0.8521754150659772,,False
9,E61,5.534276672168261,58.93974456653282,0.3892307008828262,0.8271276961584254,,False
9,E62,6.29210835311258,49.48768961609423,0.3095156796794025,0.7852372810188408,,False
9,E63,15.824597092903684,255.3103252107011,0.31072573148544613,0.6327705604896104,,False
9,E64,11.381060467708057,118.35930701465554,0.425707350744662,0.7451989219790316,,False
9,E65,9.596764695039557,97.35428896924054,0.4112799496522598,0.7563389260116947,,False
9,E66,7.7452809631981685,73.24561425903413,0.45011636590927606,0.882154707498737,,False
9,E67,7.033737938601213,64.13994064125032,0.36405799950881795,0.8679424171367823,,False
9,E68,11.778286667604242,125.29682130308265,0.4049519787064988,0.7432387065439476,,False
9,E69,10.108720008752034,79.9006202511467,0.44624685667037167,0.7926321815537443,,False
9,E70,8.755750995000309,79.08982518671701,0.4500508499865799,0.8509464223181948,,False
9,E71,7.6048750499317945,65.6471807746629,0.42968908598545774,0.91896133803455,,False
9,E72,7.435621649934921,72.77900596173079,0.43041002378031934,0.9127474652955119,,False
9,E73,11.999711405360669,127.66840473046523,0.426471562430617,0.8027777553692843,,False
9,E74,11.000315814340425,102.62073324670878,0.46915211434600257,0.8027245186100819,,False
9,E75,8.122401672394817,70.6151138894793,0.44626087087313493,0.8924075274669743,,False
9,E76,7.096673717253075,60.61333253123118,0.40533585244406833,0.930576798916867,,False
9,E77,6.9744678898581105,58.69107982733428,0.41206430830457014,0.859945809677774,,False
9,E78,5.76914952907907,46.11838730306774,0.2996147337719146,0.7496458442939221,,False
9,E79,4.81463103480005,41.171772929210945,0.316159774893658,0.6730577008042191,,False
9,E80,3.1450315878328152,32.186229617510016,0.19415153555089162,0.3438859963331356,neighbor_correlation,True
9,E81,20.00059117897506,287.7420690847175,0.29014329025928765,0.5714969156779197,,False
9,E82,10.52836962606136,94.5248016998361,0.4284427774701332,0.7960978194062553,,False
9,E83,8.0151632281905,68.04858358039621,0.3957053142421123,0.8697051838351838,,False
9,E84,6.924206124733851,60.54978820892126,0.41290603045343205,0.8920298753780846,,False
9,E85,5.837951629244924,52.195229792302,0.3794020876829837,0.8714585563609011,,False
9,E86,4.913845720837023,38.365052860962734,0.4023341916874289,0.7887793690354592,,False
9,E87,3.748320178434044,31.28259590484589,0.43123427393848063,0.7717130812169608,,False
9,E88,16.21198419305218,224.96958371086316,0.35387245216422153,0.6866801077587499,,False
9,E89,10.761644903517611,104.8725113950338,0.4390933423244503,0.77597220208093,,False
9,E90,9.05610660889697,77.09511581925608,0.43651028898741684,0.8283458241178373,,False
9,E91,5.733857900344167,52.11882520309757,0.391955627706715,0.8697758771361233,,False
9,E92,5.70274509844476,43.72674089097252,0.45751325448217006,0.8563375539109943,,False
9,E93,4.787960934934422,39.73916095460534,0.42121107315425044,0.8579583953879769,,False
9,E94,22.33543948276051,317.88432983035653,0.24852592813568183,0.4844013435782645,,False
9,E95,11.06092096311289,139.33464703213252,0.419422974736795,0.6812705471667693,,False
9,E96,9.233537253586707,96.38209724485641,0.4806313989970383,0.8335034805849355,,False
9,E97,5.921017971640323,46.80885738372115,0.4776778158124141,0.8526478311568665,,False
9,E98,5.648345608064092,45.449964553219246,0.4411705954138593,0.84819344673541,,False
9,E99,14.893998888824544,187.79880052525493,0.38363154734754334,0.6527052565746523,,False
9,E100,17.67076591866835,163.762698447327,0.24152558767335108,0.3376103291227719,neighbor_correlation,True
9,E101,8.312113168652465,69.95829636193443,0.49163620115473655,0.7688661513307488,,False
9,E102,6.501799678325786,49.04231377826443,0.4463808623653671,0.7938918055918665,,False
9,E103,5.71864146855184,50.54455341793093,0.34376928641871213,0.7948754114656473,,False
9,E104,3.7115228386169092,33.46624246660406,0.2861973326276304,0.8664568188198298,,False
9,E105,3.2760520983010304,28.24536339269359,0.22903263081926278,0.7077229466948218,,False
9,E106,3.702804057279608,43.36612761411779,-0.04140529237300198,0.43364590933492425,neighbor_correlation,True
9,E107,22.35311471008145,305.8034215542136,0.2654910418271905,0.5304610814204944,,False
9,E108,14.679387702173292,245.93936148038296,0.20425605992309137,0.3083613114670699,neighbor_correlation,True
9,E109,6.801219872483242,70.48075597510243,0.32635501076890505,0.7467676163951382,,False
9,E110,3.908280552049922,34.73354298217829,0.2617178650041851,0.805629698573373,,False
9,E111,3.873724227085045,34.55970255747309,0.1618792326989255,0.8621931903443109,,False
9,E112,5.083472584499788,51.39144580588015,-0.05722446163503353,0.7778670489705599,,False
9,E113,10.984803111238973,95.17313249380805,0.4219058685156823,0.8083559585409821,,False
9,E114,10.670597484876598,86.67660087831683,0.3968703696733283,0.8273182719006622,,False
9,E115,10.836246167409854,130.45793670353916,0.3343604620122542,0.46167408002742627,neighbor_correlation,True
9,E116,6.481604231802177,55.48330821652297,0.2181287285694717,0.7553202483633266,,False
9,E117,5.6496289442815195,55.504364176935454,0.04192983287756694,0.8346218627039951,,False
9,E118,7.32936051456913,73.22640712592468,-0.09595769598306506,0.9512171078936584,,False
9,E119,13.374559599515381,157.74511032512873,0.3628049827934102,0.7869340843272913,,False
9,E120,10.990478889769344,103.77613742831662,0.4123603090001074,0.8670314563241867,,False
9,E121,10.928667624045662,91.96442927332477,0.33174230889727696,0.768475012166216,,False
9,E122,9.44364460462691,92.21699611681882,0.2027336722493549,0.6268551530364068,,False
9,E123,10.952292224355787,98.4909907597098,0.014614928829899768,0.7101991295296319,,False
9,E124,8.620003881706117,86.29216893356264,-0.11528416992331962,0.9220165166687062,,False
9,E125,12.17124280607982,109.1678261810562,0.30960721817425213,0.8309859743528558,,False
9,E126,14.831449454156255,149.71917554613856,0.36110260968806057,0.7835163260334956,,False
9,E127,51.95138155370825,713.1538844700112,0.035695627349239534,0.07033722238874934,neighbor_correlation,True
9,E128,13.720438189350254,127.7644158912201,0.327481829255559,0.7381500329537081,,False
10,E1,11.178289010579627,106.40958382974372,0.2306884780669877,0.7360982919369291,,False
10,E2,37.28098170609956,413.12811761625187,0.0042908850541309345,0.3053222116309256,variance;neighbor_correlation,True
10,E3,9.265979665117246,125.52703637117136,0.09152617761419912,0.8777235516892151,,False
10,E4,7.868493591779334,106.07201815670183,0.10019941863340998,0.9271802408480644,,False
10,E5,6.280792214829625,84.07482538627119,0.08513696184456675,0.8487772656255663,,False
10,E6,3.916158291797716,44.07640214017765,0.027111361356668313,0.6931066262622891,,False
10,E7,3.010214879713434,29.36015753299237,0.044920539729530105,0.3818212830620202,neighbor_correlation,True
10,E8,33.621620504459074,486.2840516706736,-0.023742787401045982,0.8707530068221603,peak_to_peak,True
10,E9,18.29448427314444,249.69955167416367,0.01888700208136965,0.9308892977825596,,False
10,E10,11.485051704351916,159.93181578169776,0.05277665032868563,0.9443171814332862,,False
10,E11,9.669574651695742,127.86921971352882,0.050479082228026086,0.936773876099617,,False
10,E12,6.364402833588429,60.65342469431932,0.0700939197463361,0.7118662518548462,,False
10,E13,4.3533097394342475,43.586097589648176,0.1159133715756824,0.7227580161605615,,False
10,E14,24.275843007419923,328.6387292363635,0.020168164683570192,0.9413074660288383,,False
10,E15,15.298435152662504,205.0649535950603,0.04270901630917017,0.9551777458512611,,False
10,E16,12.4949243752971,167.67095147971628,0.048439218013158446,0.9570796431317221,,False
10,E17,20.731684937419676,281.3923195423285,0.06369266867552018,0.9458599228800713,,False
10,E18,11.281761909497112,142.7016138454511,0.06594321112844546,0.944043488427045,,False
10,E19,7.751987847647299,88.71841916748463,0.11025567574515724,0.8927530919659837,,False
10,E20,6.009372213883026,65.22223987976517,0.15371086312567167,0.8769509545307628,,False
10,E21,21.776537709815422,289.0619273776921,0.04316252268955698,0.9443306451378739,,False
10,E22,15.283105602219313,223.11536129807774,0.05444357900871896,0.9103013020797597,,False
10,E23,9.445759119819156,120.03540702337966,0.1265990787995462,0.9139828686316367,,False
10,E24,7.041510221152681,80.82690840623808,0.18496979295559998,0.8697203314528752,,False
10,E25,35.739671384412,484.37665657442193,0.009596474972507787,0.8880235285856771,peak_to_peak,True
10,E26,16.237444834813722,218.96663595951964,0.14858558185078377,0.7587227276892782,,False
10,E27,8.414574231317559,117.15398351731662,0.25306451211045544,0.7556767217004733,,False
10,E28,5.593790363378754,55.749015991691394,0.2863934197693622,0.8263127510554178,,False
10,E29,4.4791334423010705,40.937591616795764,0.2535953286185968,0.7573781743903822,,False
10,E30,4.0767502787628445,30.15997544368949,0.18515177576427014,0.527029832378703,,False
10,E31,4.080741902176954,76.57554221149886,0.19681063602764018,0.3624018314410171,neighbor_correlation,True
10,E32,12.24927179054498,120.92082534166784,0.2568403577517109,0.6641541236228985,,False
10,E33,8.857285473222955,73.97498552983332,0.34260851414989013,0.7384883593247191,,False
10,E34,7.151798354146729,57.51740539414116,0.3193049708362624,0.7255836476915527,,False
10,E35,5.528102355134037,55.88724785111193,0.29773073393824917,0.7856933135668491,,False
10,E36,4.628525847552048,34.95707583256221,0.2775878905342139,0.7376385552927732,,False
10,E37,3.5367414331416134,28.438788858860725,0.2945770752072893,0.6946591754634476,,False
10,E38,9.062301224815306,86.26432701744156,0.3751055168218572,0.82250078644624,,False
10,E39,10.82648154091237,95.03071589800466,0.32271884664045014,0.6522153141076104,,False
10,E40,8.337603302265816,68.5651097263765,0.28548031366256094,0.661258497430445,,False
10,E41,5.496926747958857,43.69826354220933,0.3429551873354509,0.7718913279301007,,False
10,E42,4.806180461692287,42.28012266589829,0.3598607435349701,0.8098425982503388,,False
10,E43,13.668349723385017,182.77868511910623,0.2584067402538338,0.559789679464017,,False
10,E44,9.252839900395095,85.23001668255188,0.40299260838540446,0.7749785513130323,,False
10,E45,10.6907391592135,87.67677525790084,0.31722355501469446,0.5881459491968978,,False
10,E46,6.896513401444525,50.277387045270785,0.3692846375384329,0.7127338674381227,,False
10,E47,5.55357027993951,40.961669414577244,0.3839052469133096,0.8338259870674467,,False
10,E48,9.830026770189455,102.66419538464964,0.39651887842480127,0.8177109876844766,,False
10,E49,9.358507705487355,91.27476564125362,0.4517154815759375,0.7863279471362172,,False
10,E50,8.24232516361776,65.202957237606,0.4449413960192157,0.79152165660364,,False
10,E51,6.536948514186837,53.91171414966364,0.4185002322678584,0.8034975436468135,,False
10,E52,6.003694624563258,44.2401460499546,0.3479898455298674,0.7654337540196304,,False
10,E53,4.87967215556992,36.57975305040475,0.3665605807258348,0.7564764691738968,,False
10,E54,3.6271505600291043,26.333188834682005,0.24979626227588794,0.6910750552260451,,False
10,E55,2.72336862896262,19.909450128608867,0.17506097815024926,0.3385823413611633,neighbor_correlation,True
10,E56,11.03614989355197,98.70926551328105,0.34951164856914296,0.7316356703691271,,False
10,E57,9.438854249491015,83.84363062527507,0.4092163212512113,0.8183664241239528,,False
10,E58,9.063951533194283,71.76593915854104,0.41912656305791796,0.790084208250067,,False
10,E59,6.623339630131483,50.17267341366768,0.41901381006635063,0.8447016633061187,,False
10,E60,5.80444427050823,44.33386865181433,0.38546701568971065,0.8537772980554726,,False
10,E61,4.803346763962081,40.557397499435766,0.3257272733242795,0.8399228939756742,,False
10,E62,5.788341549285598,50.16479458913828,0.2665940156818046,0.7518676643933383,,False
10,E63,10.188570973344646,98.8633613976654,0.3857245956959545,0.8608692109283376,,False
10,E64,9.83044930686912,91.21404850749786,0.4013176411045471,0.8293093882696656,,False
10,E65,7.971388548497413,67.45265814245184,0.3704869580402942,0.7645258629373017,,False
10,E66,6.788907939712206,58.82862744053499,0.4008691476950179,0.8898005534113965,,False
10,E67,6.35804094922933,50.80929918891807,0.35336853301101107,0.854281774407883,,False
10,E68,10.141025305461584,93.79399482159576,0.38964515177117803,0.8566053388267688,,False
10,E69,9.482579044772775,96.14024803870973,0.40838369662098345,0.8349845454744432,,False
10,E70,8.181762849698824,62.481044010142256,0.39993458371982604,0.8359957737114503,,False
10,E71,6.981947079158242,56.948219639668295,0.36813775902988904,0.900584992928471,,False
10,E72,6.971077439551526,56.944269292313535,0.3630281672945212,0.8883185165551739,,False
10,E73,10.534088643945275,103.3082398490987,0.39791870302011917,0.8236216651287929,,False
10,E74,9.509604890523761,84.00938401037828,0.41323859067761626,0.8193901544168265,,False
10,E75,7.5734568861057525,65.32176065141233,0.3906069752176018,0.9064368841993443,,False
10,E76,6.618552267443487,54.36625744787977,0.3583626924512013,0.937513744709082,,False
10,E77,5.983523351077574,51.12886194727868,0.3588859521067235,0.8880985579563292,,False
10,E78,6.141121227334513,155.97059936989217,0.21998964016137604,0.6852978754134682,,False
10,E79,4.327652821085754,64.68180472481444,0.246021452501124,0.6408621154622898,,False
10,E80,3.1949208394360413,28.116987554309887,0.23107272965306172,0.38854054915352554,neighbor_correlation,True
10,E81,9.937175395757892,88.9390688580065,0.4038391330809763,0.8472435332799545,,False
10,E82,10.208318615819529,95.63072120360746,0.3853108096724809,0.8107409668257257,,False
10,E83,7.655638685285913,62.88974931996365,0.38837116534333466,0.9309331115986204,,False
10,E84,6.742662301768299,55.2857070592746,0.3763492921220717,0.9065867493458714,,False
10,E85,5.981887673025726,126.21961522791746,0.2984205756380887,0.827897294657647,,False
10,E86,4.801844935573703,47.252550895768195,0.3560962643534878,0.7456860480257508,,False
10,E87,3.61086350294889,28.049915595958794,0.39029407518908105,0.7818629658544297,,False
10,E88,9.509506768344858,82.2968129288828,0.4502723718368686,0.8027447843364233,,False
10,E89,9.565202311166678,93.1778773735747,0.4236812974173365,0.8105949434296094,,False
10,E90,8.763053388746496,69.07508305981516,0.40418964643972416,0.8641468671927424,,False
10,E91,5.7471914528673915,101.56296947440924,0.3228807886166653,0.8299498305525066,,False
10,E92,5.325406063590583,46.419766413459655,0.40817366083821294,0.828585832833042,,False
10,E93,4.437930572071845,33.15787554108135,0.37346302747250315,0.8435716948011349,,False
10,E94,8.924618333299412,76.2889343620264,0.46898354079579657,0.755083679993171,,False
10,E95,8.939243851185738,75.71177374482083,0.44848537522795723,0.7710515382161655,,False
10,E96,7.67244604727319,63.87301823017451,0.4727576668374443,0.8123941536190249,,False
10,E97,5.471341849278495,43.94576709725605,0.4359948016200163,0.8314412510525733,,False
10,E98,5.3147558702145155,40.55071108626581,0.361956431023398,0.8215642809289764,,False
10,E99,10.323693171851666,79.0044534203171,0.40206463352243305,0.6646011770306797,,False
10,E100,14.178631007816858,103.9145271369758,0.2539078750325444,0.41087174748395255,neighbor_correlation,True
10,E101,8.174219562214331,73.00142499264501,0.4104698177128362,0.6609413807647709,,False
10,E102,5.8840307189706325,45.242518426243194,0.4092163212512113,0.7340714170647926,,False
10,E103,4.956459154158839,37.53274075196582,0.3542893994643092,0.8062182279104859,,False
10,E104,3.594291708982019,31.731747451539675,0.3204081015196833,0.8864745824286568,,False
10,E105,3.155209947652217,29.322477026158737,0.30480613682602753,0.7132957684748618,,False
10,E106,2.6427485158571065,22.74565455171869,0.0928652981709006,0.4980142391752861,,False
10,E107,12.523353621028608,122.57405402659613,0.2627522427398126,0.4816814129926079,,False
10,E108,17.4873625664714,236.91009197676624,0.16619938850592858,0.3302180034072659,neighbor_correlation,True
10,E109,28.21841417930782,312.913068446447,0.08313674441371822,0.2507766796462676,neighbor_correlation,True
10,E110,3.8880888177122768,40.396046360070386,0.3012671208844534,0.8051646748488819,,False
10,E111,3.4690250276407566,32.07625220321901,0.2841570378362302,0.9013922179008542,,False
10,E112,4.874747430981185,78.36486204806246,0.09324362728019767,0.6481166179578357,,False
10,E113,9.036819576289114,80.2299607133665,0.39014153656105693,0.80469027194532,,False
10,E114,8.702625105170508,76.54494857304769,0.33133559239327864,0.8225238050840485,,False
10,E115,20.649951125578585,190.63948908453628,0.1596619384681636,0.37707368952277176,neighbor_correlation,True
10,E116,6.173388109173166,50.923795234002746,0.2894357558263774,0.7363520780603043,,False
10,E117,4.808459561494861,47.197958324725505,0.20630061356308263,0.8003089458597608,,False
10,E118,5.244965400202061,63.31083031848516,0.11480240959368931,0.8714386002708602,,False
10,E119,9.966509710727015,93.54141470726364,0.3376698946668139,0.841825610562118,,False
10,E120,8.850757951617403,76.06511559706533,0.3555281176990076,0.8723454547722224,,False
10,E121,9.09401692517862,76.17243034662187,0.30410189490953743,0.8090384570977553,,False
10,E122,8.045724788063188,67.6830254328336,0.2742927632184967,0.7405769658106751,,False
10,E123,7.794118714474105,89.08543365962122,0.18202568701365793,0.7293069438590882,,False
10,E124,6.346712036697767,78.25135309720064,0.10168379533154544,0.8242457868845593,,False
10,E125,9.837221957855059,96.38011430933068,0.269876793003573,0.8225221788651573,,False
10,E126,10.983692453572896,102.25398015090396,0.2824877886853085,0.7740095974314265,,False
10,E127,16.335303771651034,200.54465299401903,0.17523961479305278,0.4655753948844911,,False
10,E128,10.312788596761775,90.7339940220516,0.3389618701561492,0.7565851598411736,,False
