trial,channel,std_uv,peak_to_peak_uv,global_correlation,neighbor_correlation,flags,flagged
1,E1,17.215240692197856,153.2416348626109,0.2419192876850946,0.7468574356022583,,False
1,E2,15.651627516402089,182.87248023010648,0.26111060680506987,0.7376088827058984,,False
1,E3,16.2332889694444,176.00156598791995,0.24557952090065913,0.6940735888678311,,False
1,E4,8.106106996015056,105.07300604484948,0.20645394126565222,0.6842894560517931,,False
1,E5,5.436004083813921,60.57599141563268,0.17825234415686056,0.810226171189893,,False
1,E6,4.835693785036178,48.57968272625311,0.15971411823084725,0.6905794320619569,,False
1,E7,2.9790957180155018,20.859402077725576,0.16922679271658528,0.4466586451920096,,False
1,E8,30.44972473316412,510.454953601016,0.05532786943513852,0.786658302443108,,False
1,E9,16.28593330567612,233.9679724345769,0.14223535986719113,0.7474872394506653,,False
1,E10,16.64560233130702,174.88522214251134,0.216065002042737,0.6304935241510512,,False
1,E11,8.453853240203552,107.91080340910565,0.20431751016732277,0.8619681296375974,,False
1,E12,6.374674946365473,80.05119314714041,0.17110025338036383,0.798916332278597,,False
1,E13,4.4001714527882045,42.24938825334951,0.20761435953282725,0.6705063836945291,,False
1,E14,20.050558068401536,320.3478985360145,0.09458079321555211,0.8064327772983771,,False
1,E15,21.669315356789145,257.3488826184095,0.1644763199370663,0.6904499972932404,,False
1,E16,10.09365070606138,141.396322557927,0.2037575979575395,0.8057423388881148,,False
1,E17,19.4689498948557,301.9784670160259,0.14958532375395073,0.7948247180940078,,False
1,E18,10.371980733803257,157.2939116308242,0.20866886340046822,0.839357071096269,,False
1,E19,8.902062386883324,120.51194863845598,0.19839389874597535,0.8194836469902314,,False
1,E20,7.553671916986021,71.56440501740086,0.23624002724384854,0.7648497945449351,,False
1,E21,24.528495901750066,393.1701743343875,0.03981303959463879,0.7663081010080222,,False
1,E22,19.63130335573293,317.8442205840038,0.041325902206905386,0.7896891325476976,,False
1,E23,12.481689953490488,174.48899104694817,0.1621267305093992,0.7830291166268736,,False
1,E24,11.208434295661712,118.20680173539773,0.23848609145029695,0.70027354799244,,False
1,E25,32.42272402990312,513.269203072503,0.018050494660787102,0.7801058908133414,,False
1,E26,18.024342082042725,216.67466292308129,0.125570950926856,0.7495925129728922,,False
1,E27,14.010164405838307,131.87940201223716,0.2875840598756979,0.5912473599609249,,False
1,E28,9.356502947242028,123.14351324730134,0.2517859782495096,0.7017017759178639,,False
1,E29,6.482336539507253,70.97665106762847,0.24898607490036762,0.7422716345564326,,False
1,E30,4.653822610168547,42.25000888659049,0.28725106167909104,0.565229914624428,,False
1,E31,3.1946776114534687,22.579613423120175,0.30734804078216876,0.523856303531596,,False
1,E32,26.009341663567156,349.71739763148895,0.05707512210233751,0.6331352825513361,,False
1,E33,12.556941099955397,112.24630955096748,0.2755504845385976,0.707080529339364,,False
1,E34,11.40983882342599,100.63431222580682,0.25329250808880477,0.5758848319357638,,False
1,E35,7.339029796458421,61.83513549979694,0.3611532727436686,0.7480554237085209,,False
1,E36,8.198026793142649,84.87557430386057,0.31542675460829517,0.5493670487537126,,False
1,E37,4.260011369937766,41.76119433569109,0.41119588011536107,0.663506898145191,,False
1,E38,12.954619251376327,110.92269834854204,0.22050691785152815,0.639042685587366,,False
1,E39,13.12996504970259,111.03497123963916,0.3427196078431862,0.5773331229729882,,False
1,E40,8.534901527978352,69.49415134195216,0.3126753337319549,0.7336892247378028,,False
1,E41,7.828824776336416,59.06513791799664,0.2932456190078429,0.7509158537436824,,False
1,E42,5.940504461894354,57.22695925868741,0.40857674756155704,0.8054236798949106,,False
1,E43,12.773030617476813,111.86005717751571,0.3299755617879806,0.6645361968859664,,False
1,E44,28.93917888758774,231.2205092841503,0.23695227580715886,0.3530543337779246,neighbor_correlation,True
1,E45,9.72481141135754,85.68487773538672,0.3749832531908267,0.685712106581686,,False
1,E46,7.671280504856783,58.729542099886416,0.3954689717405659,0.8045672737640797,,False
1,E47,7.656313171760908,58.63907656361124,0.3719560289867688,0.790523832923057,,False
1,E48,14.345176932845257,133.85405757958011,0.3449433363059832,0.6113503577279086,,False
1,E49,11.038107351252403,96.80236518955556,0.37097442615584425,0.6230557546451352,,False
1,E50,10.453595433402144,139.10126823996362,0.43926997103947807,0.7235300774309374,,False
1,E51,7.0030923395542475,53.42240247085594,0.4828688751358126,0.8082543348892199,,False
1,E52,6.175297458347071,60.94432236525038,0.47810420511722546,0.8419895907108522,,False
1,E53,5.467860600999795,50.40426751715363,0.402705490926464,0.7625007239442207,,False
1,E54,4.218719669926309,33.176834100052844,0.33549371126519584,0.675463491245338,,False
1,E55,3.306733362090883,30.164218260102018,0.2633659885417534,0.5787435460902626,,False
1,E56,27.19033652869472,211.1058492592418,0.2511833821817752,0.40275492972715154,,False
1,E57,8.783281987598004,77.24465347345809,0.4931987051617778,0.7575531454339046,,False
1,E58,8.953018747489262,72.0765522930154,0.47531178965555587,0.808333317470995,,False
1,E59,7.1779539445586025,57.12166460788997,0.4736978369457586,0.8577479954384979,,False
1,E60,6.22188999421392,51.43160024460928,0.4406392876107033,0.8708946762049655,,False
1,E61,5.633321773366301,48.057848239169346,0.38072378898909587,0.8541982642184702,,False
1,E62,6.38216201307075,53.24370375325381,0.31189329004151306,0.8483803108095818,,False
1,E63,10.239336012748154,92.35405663222349,0.4333608823918624,0.868613373973869,,False
1,E64,9.922900797055929,85.46735472375204,0.4541423943661295,0.8786196518722799,,False
1,E65,10.604073539924382,82.34387051398461,0.37821073515477804,0.8149733421405211,,False
1,E66,8.600551653505867,71.97922817568185,0.3898191303983861,0.8310509057290272,,False
1,E67,6.906289677601488,54.8201440971653,0.40622918706202155,0.8934082505658822,,False
1,E68,10.606109257665514,99.06633453165117,0.422967887650543,0.8672034809269751,,False
1,E69,10.35701532882492,86.77193131940267,0.4562266367334931,0.8547185260169724,,False
1,E70,10.096459203025308,78.29026090282923,0.3857101690168744,0.8129950513808873,,False
1,E71,8.411454172194748,67.20362437361206,0.368178635050748,0.8909885967591386,,False
1,E72,7.720390995846257,62.66232114002284,0.3498147602960262,0.9139257976519701,,False
1,E73,10.427585330086453,93.63139184670032,0.447101882941354,0.8472491820128365,,False
1,E74,9.731384257460352,81.32660604466054,0.4668041176235995,0.845827608885783,,False
1,E75,9.366912746630826,73.69998487454336,0.3670056443070394,0.7929487130932631,,False
1,E76,8.280754452398172,75.02499849199117,0.3189423787469021,0.8842251511727645,,False
1,E77,7.433204174862963,65.82000481888267,0.3217449727984316,0.8934751893498788,,False
1,E78,6.589638041110615,53.08890688864068,0.3411114975881766,0.7919818375723864,,False
1,E79,4.300049431952177,36.40570922536139,0.3211015522595913,0.6968458993362779,,False
1,E80,2.7747815294203697,23.972068144363604,0.31924600337810954,0.6251208942924471,,False
1,E81,17.57032812339557,202.32012363423155,0.28330604774774926,0.622550315458998,,False
1,E82,10.696456447727408,84.82837367944559,0.45937684383547134,0.7786693359199444,,False
1,E83,11.65732358087897,85.67630648203834,0.4086951979835702,0.7880541615907941,,False
1,E84,8.865472442587901,70.75601534961397,0.38607773660269834,0.8884256972329556,,False
1,E85,7.782819198045648,61.33637949930749,0.4114094529598827,0.8588023686496971,,False
1,E86,5.609366590154584,46.23256131253483,0.40404213247381154,0.7852238975201244,,False
1,E87,4.580318443959743,40.191722329518115,0.3862045793379437,0.6655026489853033,,False
1,E88,11.545906928423264,94.18520518033864,0.4239780562635402,0.8029679926503743,,False
1,E89,12.033465136767951,102.87359367826346,0.45275498505159045,0.7790235248030899,,False
1,E90,10.70041208737376,79.0012078735995,0.41774418796713236,0.801919449468196,,False
1,E91,8.91399074636603,62.479743046451674,0.4382325846154092,0.863464982191692,,False
1,E92,7.468373869044902,53.91914231750252,0.4562908795430139,0.8057035331613841,,False
1,E93,6.957808615924531,60.46077610045001,0.46626757824186954,0.7196634356521636,,False
1,E94,11.503450273688818,103.30259190519023,0.43767410627510595,0.7936845711459377,,False
1,E95,11.52140401882997,85.4296145372627,0.40566046676104045,0.7162630331570562,,False
1,E96,14.927767182511047,165.38409216671033,0.3160430844206686,0.5451437182414005,,False
1,E97,7.817753141276795,61.035349052176215,0.45782509270130345,0.8009424399199512,,False
1,E98,7.201819300323711,56.77076535622254,0.47503372191908777,0.7937964447239095,,False
1,E99,11.01067460172748,89.04510886334799,0.4198748617625061,0.7030855983704148,,False
1,E100,13.187522852435512,113.98818540585273,0.42486417506475554,0.5724601458694719,,False
1,E101,29.865081288970046,271.9558988682663,0.24242161595898304,0.32486691283484626,neighbor_correlation,True
1,E102,7.799120982495741,64.44061795769709,0.5001555731134523,0.7597531296779311,,False
1,E103,34.38836391084346,927.4466693206755,0.060032890067682414,0.10883190309979887,peak_to_peak;neighbor_correlation,True
1,E104,5.587672693737885,50.044136126521664,0.4167206677718935,0.6861157175309477,,False
1,E105,3.510640360588315,27.22201677029218,0.3215099999341085,0.6379798334461018,,False
1,E106,2.8719707435236033,22.10953026114504,0.17630947136231537,0.5079482826672159,,False
1,E107,23.301796922815548,204.40334155011362,0.24501817880621338,0.3899040804682239,neighbor_correlation,True
1,E108,11.364781317061993,93.29054577755392,0.43172426734320296,0.6232722357260126,,False
1,E109,8.197738355344487,67.6540099808179,0.4110998376804464,0.6831185643135531,,False
1,E110,8.792954214460563,79.52317193487701,0.34690585797155626,0.7027008598539747,,False
1,E111,5.494200884272135,59.43753834462535,0.25542874929624443,0.6781537830265056,,False
1,E112,4.094365725642658,37.36496653061639,0.18441248436108013,0.705786810717121,,False
1,E113,11.123426081419455,96.18727350387456,0.3627988573065762,0.8019917824326595,,False
1,E114,11.433453371292787,93.3718330727741,0.3564644129299553,0.7958648737600329,,False
1,E115,9.894699052203107,86.18121291089825,0.3966058274499093,0.7169007540782789,,False
1,E116,15.70758553114561,173.75133246489258,0.278908747636137,0.5832900917590413,,False
1,E117,7.467807106498201,56.81173016556297,0.30777036324769375,0.6907780167582329,,False
1,E118,6.069186632598066,58.53591332326486,0.20301916634647418,0.7653155829628346,,False
1,E119,13.290742500042244,110.14193592068551,0.3631764797746855,0.792853967318186,,False
1,E120,12.252128808070443,114.03203784628519,0.34111149758817666,0.8375931529500411,,False
1,E121,12.16965296046144,113.52764015557949,0.32408689533137536,0.8566755220413018,,False
1,E122,13.822417461386516,110.0133340302261,0.33749684042766037,0.6853275441739861,,False
1,E123,11.547713417405248,109.3568653503165,0.2802902718479828,0.7425791515681424,,False
1,E124,11.216675353052693,91.21525052298531,0.29208417621227895,0.48737473047111424,,False
1,E125,12.849794723019151,121.29127347329953,0.3345670759202523,0.8624409512604277,,False
1,E126,13.874492913885232,140.29803974770965,0.3422428729196243,0.8281584851570915,,False
1,E127,14.88916154114262,192.9648448794278,0.2467957446464885,0.628728834012761,,False
1,E128,14.360959035209035,164.74752547848846,0.23568369821133803,0.6007063076385759,,False
2,E1,14.520684635798673,133.37110638815852,0.2715657709823656,0.6543834401311757,,False
2,E2,16.230257593622866,189.02413619726525,0.232662987445987,0.6510999726415824,,False
2,E3,16.895672040082157,189.24471701200457,0.28142128289372836,0.6562828715713709,,False
2,E4,7.199746373571942,95.70157848181674,0.2171762380811107,0.647465292878716,,False
2,E5,5.310632578118152,67.10903526752162,0.18139875331982788,0.7858372913047549,,False
2,E6,4.53168503082685,49.52050214449912,0.20049834602760896,0.6402182790206503,,False
2,E7,3.4986956742812296,38.511848828714164,0.18031487876091776,0.4136616712927147,,False
2,E8,24.815984407116684,457.57676234238073,0.12434588872660737,0.7230014047528326,,False
2,E9,15.195320892212699,239.60863216939242,0.22760236328863925,0.6887176986570627,,False
2,E10,18.28578644041424,176.60843740447854,0.25488824971500523,0.5210184382288788,,False
2,E11,7.735226504950019,109.28347514299404,0.23103530839253023,0.829391224308315,,False
2,E12,5.932459073919507,79.3786448509021,0.23304165967290735,0.7787124705745213,,False
2,E13,4.819673972682523,40.749534064595764,0.17585990390470527,0.5872373536069202,,False
2,E14,18.342722958531752,290.4106814442646,0.1672680251112857,0.7788894205807373,,False
2,E15,22.009043717911542,273.72893154922025,0.14963076017424315,0.5356871176680102,,False
2,E16,9.583107255076335,140.13526821347176,0.2508820837656566,0.7840269635154425,,False
2,E17,17.55075797236135,289.7595547731214,0.17896481691614208,0.8260836899840265,,False
2,E18,10.669086514794515,136.8082534816474,0.27260720521910414,0.7768036064047578,,False
2,E19,8.677061786658573,114.86173470256128,0.28777499075660756,0.7484646640294982,,False
2,E20,7.41494257322213,83.21121504208611,0.29211927476315175,0.685124006002106,,False
2,E21,19.452293010413342,329.8074508556068,0.1555654094987199,0.8339544929718162,,False
2,E22,16.79694890613057,275.3255503653787,0.16553471196138497,0.7939410094419314,,False
2,E23,17.958184747211043,247.51983538484282,0.22501780230713034,0.5966044280132716,,False
2,E24,11.615174972424064,135.85126830034613,0.22184266810306938,0.5712385964763503,,False
2,E25,28.31153342620989,516.4361308849949,0.08235228155975095,0.796712128129808,,False
2,E26,15.864482595448836,202.70783303034955,0.2042433148125893,0.6637689691216433,,False
2,E27,15.76809998939633,155.97611571430218,0.30261352682281617,0.6158154244770078,,False
2,E28,7.568066759007929,78.68718348095878,0.22046630090022676,0.5538110256497771,,False
2,E29,6.458355464961897,75.54495550808974,0.2678676005097678,0.6868336103056829,,False
2,E30,4.431171224611996,35.834577038216935,0.25204821079464285,0.5871387203191725,,False
2,E31,3.343846666993792,28.0385538024683,0.2626407842270087,0.48688627843386434,,False
2,E32,24.22623398233167,470.9836397589006,0.11909860161276088,0.4746318615637537,,False
2,E33,13.998704696929027,169.49625543748255,0.33963743295913706,0.6550135514606823,,False
2,E34,14.27486234309866,142.90051373294477,0.2809606340432524,0.6343706022864544,,False
2,E35,6.6272650013540915,47.988511509985585,0.3726104329106816,0.6371685404600025,,False
2,E36,6.6491935035599665,63.780779342684085,0.3256635739028367,0.5681087658547836,,False
2,E37,4.375101618842864,45.03454802475733,0.319779171674428,0.6418839029822014,,False
2,E38,11.456771422386282,114.02049960859662,0.3182184345138736,0.5361591590654449,,False
2,E39,23.536712456681297,209.33756716526761,0.2560700669708651,0.48439778176686055,,False
2,E40,9.534279760011856,85.5594615617353,0.3044405079489124,0.5330338013273047,,False
2,E41,7.674660904577443,90.9011317542313,0.31818780216492554,0.6845538922611941,,False
2,E42,7.086320106026586,129.50004886666778,0.3470655653624763,0.6623905502708596,,False
2,E43,11.14258197307723,95.9560183490271,0.3976427847846257,0.7207358277407159,,False
2,E44,20.120343284622162,243.15168816023106,0.26647117142453935,0.48580615486262724,,False
2,E45,12.992465393041085,107.8450082895419,0.2849368358251283,0.459088960888679,,False
2,E46,8.16195223993269,81.42014156877048,0.4237947287736439,0.7079547202938712,,False
2,E47,7.527382816947564,66.93327377290498,0.3885964816186873,0.6591838369417594,,False
2,E48,17.140539022256974,218.95916055201633,0.32180235802859014,0.6372171238736883,,False
2,E49,12.788853703832274,140.2812631170941,0.37388411126830856,0.5571077758924075,,False
2,E50,27.05545735551517,294.2686012158756,0.15199129087340524,0.24329958621760453,,False
2,E51,8.042911364018835,83.00143273232186,0.47833352839395865,0.7527411919331348,,False
2,E52,7.678435254517293,83.9250968518823,0.33550271182190283,0.6790475339839164,,False
2,E53,6.370431334011013,72.61085859810845,0.32391209057773324,0.706186570067691,,False
2,E54,4.125696012594072,35.521919629195,0.24157084559945013,0.6472314408511797,,False
2,E55,2.9534833144562596,27.7619327779081,0.20396631170334173,0.44793572419880234,,False
2,E56,41.65292984953754,394.66188970599586,0.20308553285006464,0.3716714960394606,,False
2,E57,9.299891412048602,74.25913605827074,0.4465079926281615,0.6034786978426816,,False
2,E58,11.769442463718995,105.48111648458554,0.4374555597686261,0.811995049201885,,False
2,E59,7.780859112015625,66.40433535976638,0.45240452621350147,0.831756842789538,,False
2,E60,6.229952700341708,67.98690302962154,0.3787017388964042,0.7850786078086969,,False
2,E61,6.287819376907411,72.1027452062848,0.30588296430686507,0.7873638273139912,,False
2,E62,5.880757796224984,46.35097819321768,0.2982294878472282,0.8031553449606641,,False
2,E63,11.631917436102157,95.55291757358042,0.41904799249496205,0.8796722292597143,,False
2,E64,12.005785081991796,96.2410097691361,0.43358944332135446,0.8775371292655373,,False
2,E65,13.63557742619409,126.39396630024066,0.36845900572996354,0.8335078110451073,,False
2,E66,10.339860207831444,85.63040145066725,0.4316194046988153,0.7808409961753677,,False
2,E67,6.708724771091337,57.56725184840423,0.38011778936602897,0.8628301793181332,,False
2,E68,11.599331637824678,99.01311786647793,0.4176870387116112,0.8885742619385368,,False
2,E69,11.841675102740933,101.23162641259864,0.41788943154805985,0.8531423368908371,,False
2,E70,10.16377758956629,80.37573445392809,0.38159256057472146,0.8126021649140762,,False
2,E71,8.382063054331732,70.18425563867982,0.33595786697691177,0.8948098555997317,,False
2,E72,7.878404848130281,69.29476050213594,0.31036911013511226,0.8627991894571663,,False
2,E73,11.020815641186548,95.17640063237735,0.40717094783008756,0.8058266846051504,,False
2,E74,9.771698850393463,77.16110104125505,0.43509270226607577,0.828350702830005,,False
2,E75,10.290474492642456,90.93349174829427,0.3065084291538233,0.711608777010822,,False
2,E76,8.087306844239174,58.95231080608205,0.34123956064398964,0.8813976887785719,,False
2,E77,6.8484371439755245,51.398630208668244,0.3040977832018119,0.8516332666796999,,False
2,E78,6.651713143648422,64.83942226612044,0.32156782255947053,0.6035025543684986,,False
2,E79,4.394633427414241,33.76071675005369,0.2764482444460464,0.528083806681539,,False
2,E80,2.5742706635446044,25.785376488035126,0.21303250389172798,0.493847915407583,,False
2,E81,12.749238706365242,114.08477849072257,0.35232085351479414,0.7474087291878777,,False
2,E82,10.40428544330712,87.89357633284556,0.39538674070657653,0.7123561436133867,,False
2,E83,11.251122775765097,100.73126067107978,0.3981592170028496,0.7562598512405225,,False
2,E84,8.417403566115128,68.7892540385663,0.3825697734763974,0.8720284366232582,,False
2,E85,7.5226644858205605,83.08667984928513,0.38052113811797644,0.8123410245571069,,False
2,E86,6.281011634576589,51.888353643067106,0.292878844172879,0.5797177303840318,,False
2,E87,4.617813953427891,40.27932459497586,0.337608016500895,0.599591063358025,,False
2,E88,12.110129132005204,111.22050637019379,0.3659767068372968,0.7529419194145216,,False
2,E89,11.479636698696648,93.6902347368956,0.4460954056960368,0.765134817762924,,False
2,E90,9.935847323357677,81.70558970632183,0.4026537108840612,0.7974884517007974,,False
2,E91,8.63486590647055,80.34524346457926,0.3957012582178638,0.8136072636242342,,False
2,E92,6.4811631971774375,66.0130928758598,0.44775353881092594,0.7469750242852798,,False
2,E93,8.374703828299513,81.55625440202917,0.4078171840839792,0.6238892042631534,,False
2,E94,11.463544572244487,104.62012349069869,0.39803657638626816,0.752350156867625,,False
2,E95,12.781678062299166,103.06850858792468,0.37894594304428414,0.635235635237898,,False
2,E96,13.05239235406144,154.92154096411195,0.3712353174340498,0.6119214711735994,,False
2,E97,8.1337403468875,75.61569430766858,0.38408012288616633,0.6402778742251382,,False
2,E98,14.05016766601962,159.2886202296737,0.23505766784049345,0.3310076141830688,,False
2,E99,10.52652160946342,118.07175515396511,0.4149603745399097,0.645709849848781,,False
2,E100,12.535236858004907,174.35702701637445,0.36888576707348364,0.5978586539345598,,False
2,E101,26.76544633785464,289.7408985568145,0.21948593143076664,0.31643733698991466,,False
2,E102,7.605987305001811,73.04868511989282,0.453783218943571,0.5860410611189782,,False
2,E103,15.617561953720347,412.1998880401491,0.22872216012736296,0.3640922848075427,,False
2,E104,5.457790452417156,43.90782957057398,0.35565919226635895,0.6920451177908056,,False
2,E105,3.3314347803973585,25.10227253759477,0.31400626257146314,0.6578420863705512,,False
2,E106,2.6490057865734546,21.931652041494488,0.0987183332143743,0.4498960067870008,,False
2,E107,17.517182275423263,213.3141033038217,0.260821648124497,0.4427696724708491,,False
2,E108,10.368271696188247,110.93680085149936,0.4079963691278028,0.6174397455285123,,False
2,E109,8.93346192538346,94.72875039029017,0.32970275625379075,0.5661012171740019,,False
2,E110,9.349274035126742,177.73294081966472,0.304684526650813,0.5355652566626972,,False
2,E111,5.307488794414602,40.49020646996486,0.2865513673476513,0.6445204139672374,,False
2,E112,3.9183280522309567,37.3433646096672,0.17614999280070745,0.7083012590847666,,False
2,E113,9.946339793746784,91.00789252896425,0.3805182415976445,0.7794462909434734,,False
2,E114,13.441968671492463,182.68300536543563,0.35937249334367405,0.7075722387371969,,False
2,E115,9.802165933407549,84.02350815928838,0.38633206554768973,0.6913600710699018,,False
2,E116,10.717635123899333,99.15473529113115,0.29571591589286356,0.6107130133458447,,False
2,E117,14.054798979288114,153.44988431572975,0.1377753200760602,0.36708834661540224,,False
2,E118,5.853114524193881,60.073655746858435,0.21268665858535735,0.7168689981213219,,False
2,E119,11.415163841756346,110.37802536624667,0.34403829255530766,0.7746337749194387,,False
2,E120,11.110008344054004,107.677580315998,0.3174531142461721,0.80872122541312,,False
2,E121,10.681763721337882,104.11974117588056,0.3435265469062213,0.7874313295078286,,False
2,E122,15.156401104970705,158.13128329679319,0.34130350871455084,0.6437257209922795,,False
2,E123,11.676424880119486,140.87616789147876,0.35673047754768933,0.6884541262231116,,False
2,E124,16.56040952536679,171.6458364595789,0.21173574144226756,0.27921656336631917,,False
2,E125,11.624829137092783,99.07251585665074,0.3090552077670037,0.7710681573815925,,False
2,E126,13.031761712383497,145.94604602562913,0.282642259615506,0.7374384314525466,,False
2,E127,15.606837042518212,198.87875636092593,0.2617246586832841,0.5799087992186847,,False
2,E128,12.289368588544779,143.2914046514136,0.352222799291064,0.6541696685682372,,False
3,E1,13.546971354331873,107.3420806014185,0.29714262621354504,0.7576546388485246,,False
3,E2,12.756428788554532,148.58313354275526,0.28680289050889834,0.7136254922135332,,False
3,E3,14.932755077508968,185.38209465511443,0.2247265321261351,0.6349218212737961,,False
3,E4,6.77628241797853,91.27744144849159,0.2816370980666247,0.6398388440138867,,False
3,E5,6.004393335726541,63.883219468467026,0.2137477065575915,0.7374718364934914,,False
3,E6,4.368726157234923,37.00681178427611,0.1188981317904001,0.6144644824549705,,False
3,E7,2.821364365406741,23.536089403607264,0.07687253193986174,0.42678681735478213,,False
3,E8,22.520078030152956,473.37764930906906,0.13832311415387694,0.676861567865833,,False
3,E9,13.489074485025743,235.24594444291236,0.1986323434531573,0.6683153014404586,,False
3,E10,16.354464591884042,231.3978476566606,0.16831536022346463,0.504545742660317,,False
3,E11,7.635943243457495,117.37044369993552,0.25865463852484927,0.8384236653777101,,False
3,E12,5.789317722498325,70.49675534666638,0.22067201643869583,0.7207173043696908,,False
3,E13,4.347019157000652,33.66601762725713,0.1975786918307336,0.6381726377298065,,False
3,E14,15.93576938224677,323.27191472140595,0.22732415587122956,0.6319831677309752,,False
3,E15,17.347384411662297,296.35103549742576,0.1539766897420947,0.4802080692789008,,False
3,E16,8.773812710309858,150.32191035580894,0.25587039770387493,0.7185792112555461,,False
3,E17,23.815551419251467,449.72190985611843,0.14322681810409993,0.6673248737973674,,False
3,E18,9.992778564496186,155.91539146228808,0.2589036622151954,0.6769864757344917,,False
3,E19,8.096563915204523,116.69040253153634,0.29905362455748735,0.7708990095585432,,False
3,E20,6.592023904982389,76.80020141591548,0.3315353689727707,0.6500473955177029,,False
3,E21,28.264100993154905,535.180893799386,0.10407753134300712,0.652503451975763,,False
3,E22,22.030043080144726,383.5941485470807,0.11873196665726166,0.6902782533663454,,False
3,E23,19.241303088847708,321.46230265744657,0.12902225636042194,0.645145200884955,,False
3,E24,11.608484338631763,178.8309370700608,0.22397831846534338,0.5655159570598141,,False
3,E25,24.215287163032176,547.1285049171299,0.12598246399510338,0.7134956824871171,,False
3,E26,14.598795658681896,226.26157496054074,0.2530522485927994,0.7246471514037758,,False
3,E27,21.6120855686458,221.2673139805916,0.16030441726414918,0.6400090623782628,,False
3,E28,7.908498154970489,122.97472800313602,0.27923929989008106,0.43768431283882636,,False
3,E29,5.748471591229172,48.51305758221277,0.3489960399865888,0.7139423405769922,,False
3,E30,4.038137106485929,31.110417970127546,0.3284290523028474,0.5454570743427394,,False
3,E31,3.3549566380800084,31.360144044733048,0.23345143567370275,0.4095547353814307,,False
3,E32,20.684851919999314,472.7195499014241,0.18771555812141397,0.6260462450317215,,False
3,E33,14.91320700403918,171.48995746978568,0.27854551709498265,0.7134764227900867,,False
3,E34,18.545709941513373,217.31032526347877,0.18526602157068164,0.5461448125486826,,False
3,E35,7.867706110726579,85.25467482777731,0.2989597757689154,0.6254917958590014,,False
3,E36,7.092916029592472,71.85802063501765,0.3261910931244398,0.5751876523229098,,False
3,E37,4.016870777520187,31.54442725589601,0.3348547842894278,0.615611498253652,,False
3,E38,11.606703530698388,102.45257680194277,0.3748979934291376,0.5633068617145536,,False
3,E39,14.991334996457812,143.0830129782204,0.3080979599634435,0.2865047609930642,neighbor_correlation,True
3,E40,16.91766277314036,200.5038595159848,0.17916938430423637,0.33648521299025824,,False
3,E41,7.434428203960597,63.34459400849189,0.36385864045725597,0.7032910575473037,,False
3,E42,5.876411039082908,49.13254885817169,0.4099949986969539,0.7588692073422818,,False
3,E43,11.041849498592468,104.24395655586687,0.43198872158279517,0.728676978840755,,False
3,E44,24.038289485686512,265.71873003543305,0.23128063313403768,0.43897130484103253,,False
3,E45,12.454346540419264,109.9597921409565,0.33744825463168615,0.6101541466381923,,False
3,E46,8.313280031500858,77.31532193663588,0.4202023861306633,0.6980946983498619,,False
3,E47,7.0298934912123725,51.470015770397765,0.4068726767269396,0.7777178255592063,,False
3,E48,10.580461617058054,102.20310231943917,0.42409721423429697,0.8480083233681959,,False
3,E49,15.78993381976597,148.48785739755073,0.36136677997065775,0.5784616171769832,,False
3,E50,9.930841668248963,78.12920976130667,0.4347210600335766,0.7355120575194158,,False
3,E51,7.2773737714270785,57.98710963994836,0.4529504109652866,0.7821933042205969,,False
3,E52,6.475791326225604,52.91242694610013,0.4145870299259531,0.7740585281227281,,False
3,E53,5.51154056708471,45.12465909168347,0.3883606674947059,0.789401871627399,,False
3,E54,4.091046844400791,30.044249548456506,0.308875229892668,0.6869827552766612,,False
3,E55,2.980213850775318,18.477305850198803,0.2160964051915147,0.48093908391703233,,False
3,E56,24.524302156646975,223.32546725415926,0.24412807623151955,0.41316492669608434,,False
3,E57,9.73367298616837,79.484355875252,0.4792596300030061,0.6774482337777525,,False
3,E58,11.158074263339172,134.36379971945757,0.4182509024863128,0.7600594730687376,,False
3,E59,7.089822045248826,60.91401093623335,0.49198348742001896,0.8187952902678757,,False
3,E60,6.100971486280447,56.102749966139,0.40350699116933525,0.8409907948663438,,False
3,E61,5.362532141426128,45.15131138726167,0.3646736323463542,0.8280902021336456,,False
3,E62,5.647632926147616,48.17310583729202,0.30996636029380176,0.8510241254773836,,False
3,E63,10.954428950858267,101.16671290180702,0.4519455299992004,0.8573795101597963,,False
3,E64,10.365296160313067,108.67670711704935,0.47464454026162795,0.8189493938166752,,False
3,E65,10.182930313313564,90.76207746162117,0.4146192761950459,0.8001996340059938,,False
3,E66,10.70993845346027,126.74341200040621,0.29009788288303767,0.6959659797567825,,False
3,E67,6.363463091869067,54.68970307576498,0.37544251012644747,0.8754036841383799,,False
3,E68,11.566533584128857,117.85223060595217,0.4539827187028007,0.8391207408436014,,False
3,E69,10.195958626683137,101.03274428123123,0.467131866847338,0.8268037118472431,,False
3,E70,9.944090090746812,101.55542348674766,0.35141810166094617,0.7758972007487023,,False
3,E71,7.88244719430679,74.42181991101856,0.35548013432060654,0.8571273860276833,,False
3,E72,7.087756075757266,63.30994710536842,0.35649991140890536,0.898832669130175,,False
3,E73,11.239247001039773,108.21143697530178,0.4616802406248853,0.8032912475788794,,False
3,E74,9.869941383173494,100.55121537947207,0.47845075937529374,0.806641584067475,,False
3,E75,9.568229567187915,87.53590798088538,0.422437915513486,0.777509472122448,,False
3,E76,7.682073119633478,76.42928093064455,0.3654803142680734,0.8666872886306336,,False
3,E77,6.499870067974189,55.13802088955461,0.33679619997749904,0.8737437547683693,,False
3,E78,5.537197290619241,40.28626391204828,0.2968751561836552,0.7277470974142989,,False
3,E79,3.847581428128415,28.12901095613866,0.33867861707637753,0.6521140731364747,,False
3,E80,2.487757049917415,17.7943000048092,0.2787676143629996,0.49540518521959487,,False
3,E81,14.631077764863955,129.46632220777346,0.3455649749088464,0.7026522324738754,,False
3,E82,11.005436839886618,105.8525923750062,0.4174946671046234,0.7774689240961488,,False
3,E83,9.574918647174655,93.95041304973155,0.4191466193430098,0.8258094857701591,,False
3,E84,8.083911411433986,77.69753489749094,0.41381617222236516,0.8848046929023442,,False
3,E85,6.952579449387228,68.78166262869132,0.4055632505825522,0.8236480614563128,,False
3,E86,5.176475265720793,40.31601979413586,0.4071970335700742,0.7018333602755168,,False
3,E87,6.0338117323870115,62.57614462007709,0.2105711491027673,0.4281167552596685,,False
3,E88,11.924195868476586,118.43832806290789,0.4077093270404821,0.7472919267465025,,False
3,E89,10.475164830403514,106.0700840793181,0.4574506863958549,0.8348522446319613,,False
3,E90,9.790506870209734,89.95860570848836,0.43789821214465396,0.847681933140342,,False
3,E91,9.1166280957887,77.31650375064994,0.4099814786047871,0.8236999425767065,,False
3,E92,6.744109263916335,61.56410451248763,0.45057205244359955,0.8014403246255707,,False
3,E93,6.284607831201025,48.09284315574803,0.4486280787045606,0.6641055832357949,,False
3,E94,11.059784246210063,108.36829973981361,0.4493302067028547,0.7721416506702061,,False
3,E95,11.993617343362555,112.75418116612298,0.41704168953418463,0.7894784881510196,,False
3,E96,13.367049253761326,200.12666006031384,0.3063568956316504,0.33423787460376786,,False
3,E97,8.878989862931734,81.14945259563481,0.430414115024213,0.6590381015751892,,False
3,E98,6.4755960005890225,46.38305379593824,0.47113622774946634,0.7509720936010857,,False
3,E99,10.981548460512268,105.94364280729377,0.46790976222627356,0.7087474524186383,,False
3,E100,11.746058142491439,114.82447936851715,0.45082744545009523,0.6583030518176454,,False
3,E101,27.676848489972528,360.231225691772,0.15105495919715817,0.250145621856181,neighbor_correlation,True
3,E102,7.938828693394112,59.83860127413906,0.430363476232655,0.6671813645457327,,False
3,E103,20.94727196144843,337.4887301572028,0.10860257318334719,0.2990046837521548,neighbor_correlation,True
3,E104,5.504107568989606,42.25576563157506,0.3386864385968616,0.6542630316358671,,False
3,E105,3.211174877603657,22.724298677057625,0.3478452935556158,0.6159840401136598,,False
3,E106,2.513444037739941,19.776445675443192,0.11435735439478892,0.4483786308897633,,False
3,E107,12.87640074588408,131.4387998695948,0.3929346885034049,0.6811768905702981,,False
3,E108,10.758423499517537,110.36936952203352,0.44009065206580844,0.6680384107921828,,False
3,E109,7.706190967036448,66.330956396572,0.41513384758878386,0.6437082702539241,,False
3,E110,7.989679949659876,95.02085191173356,0.31632674318979326,0.6106530386012949,,False
3,E111,5.692788218770359,52.35500284348859,0.2961704010785306,0.6779150024394942,,False
3,E112,3.4908544672205775,35.24160145366582,0.24747981303991762,0.681545494029239,,False
3,E113,10.739121984973977,96.93327401963728,0.41211984847347705,0.8329406091239502,,False
3,E114,11.189015375883807,88.65969703135136,0.3715507024913481,0.8006330747238655,,False
3,E115,9.018174344535002,71.86170540404859,0.43936515758438466,0.7558905941878873,,False
3,E116,13.59631154417932,186.86966751012142,0.17322112325065883,0.46732293879025366,,False
3,E117,7.194862870558197,56.818925856839826,0.315956323276301,0.6356168967180554,,False
3,E118,5.792861198707931,61.26291092493062,0.2928978856634236,0.7477256589512854,,False
3,E119,14.435732047181773,146.73949431462606,0.32516805051941117,0.7106216945644696,,False
3,E120,11.91682105216612,104.59925861193045,0.3630781784801121,0.7980476679113171,,False
3,E121,11.054329666479644,89.11576335823041,0.38708626900713844,0.8294065305550974,,False
3,E122,10.426709301880035,84.75797226768577,0.3405830610140093,0.7144454783204515,,False
3,E123,11.21113473776376,103.57679322458942,0.2871327792306451,0.6731184750586621,,False
3,E124,13.53579633045435,147.97639374134562,0.23565761118182224,0.40219422777522884,,False
3,E125,11.62549978975561,116.000202071646,0.3823230716270593,0.834869504741266,,False
3,E126,11.473157910894217,126.24003059731021,0.3679889241431371,0.801232821517887,,False
3,E127,11.339671954305492,144.34191402443417,0.37916425474634247,0.7365180628248421,,False
3,E128,11.489567146520068,116.04826886711898,0.40121114100050526,0.6602707130998556,,False
4,E1,14.71443950449796,153.723509566915,0.2951232536984784,0.6824172040200365,,False
4,E2,14.842128867962291,169.2882952035601,0.26817995125342414,0.7812243167901028,,False
4,E3,19.038128742425627,212.00652725277936,0.2718036268738411,0.7293052120238687,,False
4,E4,8.075482987626435,101.81372409915188,0.1601341627000014,0.7044256192521752,,False
4,E5,5.703801238461813,68.45023130730556,0.14183743990880215,0.8186174566291649,,False
4,E6,4.57460796417044,45.62196296869967,0.11392497478789482,0.7267488713028671,,False
4,E7,3.26305561456468,25.593045981248054,0.10329557285873148,0.32688810553376435,neighbor_correlation,True
4,E8,35.825106860141,497.2306453325379,0.013075892259618362,0.8317061922068156,,False
4,E9,19.78864664627057,255.8579959817784,0.1362444896143556,0.838506181491538,,False
4,E10,19.557638744295573,210.82579930025776,0.24908292935981732,0.6079752201816799,,False
4,E11,9.394936787347968,118.97234839833308,0.11539779885814087,0.8816768974807998,,False
4,E12,6.134868541578031,73.43215550228058,0.15221877459833105,0.8076241111491433,,False
4,E13,4.264827238490932,39.919926734270575,0.186915124553723,0.7014285340083211,,False
4,E14,24.10753147440374,326.9041287580031,0.05974440304576716,0.9207019370764455,,False
4,E15,20.31142993049424,268.9302345007021,0.14459716054729496,0.8644736480526583,,False
4,E16,11.981944013359799,150.8719809401267,0.12135355321264456,0.8819095315925825,,False
4,E17,22.68749432186567,299.42639157428073,0.09110240417345018,0.9304905886646708,,False
4,E18,12.262503247584329,163.20104547214476,0.150840431741028,0.8771011209624429,,False
4,E19,9.708066659964887,122.51732931818216,0.16978131493119478,0.8379250815003226,,False
4,E20,6.875015183074245,76.97700966289727,0.2635171415206529,0.7917632177836307,,False
4,E21,26.716961492351363,357.71118833936725,0.04016467029970419,0.9375330259167263,,False
4,E22,21.81744799849852,299.87705533743656,0.07731185837905907,0.8919792919102044,,False
4,E23,15.253882313894378,185.8873709275802,0.2309564586872441,0.8473209072748329,,False
4,E24,11.3124934896229,112.60078698255387,0.2552452432065733,0.7303494744954202,,False
4,E25,40.348983806425004,587.4202557839524,0.01544120306173505,0.8943428915060436,,False
4,E26,17.556206143271982,234.03495498454367,0.1793775279058316,0.8415871775043804,,False
4,E27,12.921879859198183,129.37423474270918,0.3347231579645909,0.7305038750593413,,False
4,E28,7.585854951124252,77.31141555824354,0.32094342203984183,0.7434347590947571,,False
4,E29,6.5374243654874915,59.92264898780189,0.29975315813873554,0.730285765428548,,False
4,E30,4.126067370062518,34.7677395865807,0.2920842455479149,0.625381759834993,,False
4,E31,3.1061434451731462,22.049297905376562,0.192210766437405,0.43521106725821046,,False
4,E32,29.441188432460347,637.1910267298191,0.0990287679634322,0.3641986433692297,neighbor_correlation,True
4,E33,12.015352322848647,105.99526778088125,0.40319797212792907,0.7049577824024347,,False
4,E34,10.492446162076053,82.6806212348522,0.36285140960698353,0.6594331529948187,,False
4,E35,6.551644434762833,51.22543540625037,0.3625058061888695,0.7582699549063232,,False
4,E36,5.7663440021432315,42.58263724311735,0.39480525357922835,0.647401895755112,,False
4,E37,4.4845042106863175,36.87729520172901,0.3082760683871745,0.6014010630807998,,False
4,E38,11.911240939524808,94.51568894399293,0.33766225989667975,0.6187753157774162,,False
4,E39,13.209286458019688,133.61405569126418,0.3696387067548025,0.6890635740166084,,False
4,E40,8.238320714504953,72.00170016136633,0.3366601003355199,0.7331507944867172,,False
4,E41,6.7908039639922775,52.38833264088538,0.36225439662621617,0.7888319171135048,,False
4,E42,6.173512158921593,45.200206198257305,0.39216258970446566,0.7586475979608182,,False
4,E43,11.612753497485741,101.08437978750447,0.40748858026283175,0.8170204899629097,,False
4,E44,17.326615155526227,195.07580666346632,0.3298300370255334,0.5570131620524481,,False
4,E45,8.952764976922406,66.82329703095141,0.43087232283129917,0.7605071452758272,,False
4,E46,7.137045993807539,54.3179049537482,0.45786924117954964,0.8051345810424433,,False
4,E47,6.667217591973851,53.6674404176531,0.43120703258639237,0.7758828667060162,,False
4,E48,12.368232697354307,141.39191170270516,0.4218827872607063,0.7847659813830115,,False
4,E49,10.850023565141944,94.00566488354315,0.45180346493676005,0.8049252997737464,,False
4,E50,9.67259855111468,74.47470353906215,0.47308427639817535,0.7293413751344542,,False
4,E51,7.250705736663171,55.490738110825646,0.4906781181214853,0.8001908705064407,,False
4,E52,6.831681369920288,55.80174324421769,0.41774929880922057,0.7482917503094588,,False
4,E53,5.518331583988864,42.00860623668949,0.39194564739289145,0.7599194616306912,,False
4,E54,4.357033667062373,35.9041390555047,0.2699123334183187,0.629817493238778,,False
4,E55,2.9815587914153303,22.822481058614358,0.21021510395224496,0.45621407286951987,,False
4,E56,37.589273704971745,443.1307654381274,0.2549879570507986,0.4434536643903523,,False
4,E57,9.795274351634484,71.71201236769528,0.5019205275990296,0.7458298836538315,,False
4,E58,9.74958517806708,86.27837255694317,0.4959556366569103,0.8195183999549374,,False
4,E59,7.365233780486538,55.70156156844885,0.47636297412723977,0.8432658499202074,,False
4,E60,6.64211146980017,66.29495040635248,0.4291693348444168,0.8298665153388524,,False
4,E61,5.694547436075294,44.15004837333163,0.3642727058496479,0.8333694086070944,,False
4,E62,5.953160617816982,44.095331704452335,0.3007462373246553,0.8345944966782664,,False
4,E63,11.195259104539423,86.60714922448233,0.4468195021338701,0.8822148262440266,,False
4,E64,10.635343657079341,91.20677884415682,0.4905885959328616,0.8792905460867195,,False
4,E65,11.384244817330949,103.21612644643574,0.4315090751782997,0.8584769270137576,,False
4,E66,8.808660943740321,69.29547187382849,0.4308643730349712,0.8668112104347525,,False
4,E67,6.821266853025519,53.729439358589225,0.41428572690331655,0.8786365157556002,,False
4,E68,11.305847982288764,92.31629815185755,0.4241327835213827,0.8847052153201818,,False
4,E69,11.03470228393236,92.6007298285569,0.45533587625718197,0.8713435541377756,,False
4,E70,10.181554094029986,93.12147855505961,0.41842999709048495,0.8559279538618727,,False
4,E71,8.608826651753464,69.39600377406437,0.38031830326995447,0.890673591638298,,False
4,E72,7.857835341938861,59.112017712624095,0.38385056335614626,0.8840628125146812,,False
4,E73,11.090081111527661,105.22810166143736,0.4316785817275131,0.8693798937280551,,False
4,E74,10.218148291335954,85.23139678513496,0.4656114531630393,0.8612432295639415,,False
4,E75,10.104920464898312,88.41161997889779,0.4159441971775638,0.8139859372623579,,False
4,E76,8.56830010987739,67.03045203485624,0.3578953419079038,0.8490875595399611,,False
4,E77,7.469874962127103,56.90244949351427,0.3099694979408734,0.8218960417834735,,False
4,E78,6.238180923424017,56.26511270772402,0.29912605254423547,0.7492367985759272,,False
4,E79,4.525483531465001,31.50361762690912,0.24387159619482507,0.5533122789675367,,False
4,E80,2.7070149477096153,19.343930033475885,0.2525986264961449,0.5462736947467144,,False
4,E81,12.090897059209958,105.75856252284314,0.4093268337113547,0.8421638561178546,,False
4,E82,10.82326781407955,82.41601672148573,0.4308638550132526,0.7718656892551198,,False
4,E83,10.982362245204992,89.90166107609843,0.41112802373976515,0.8278482284523792,,False
4,E84,8.537292715822954,65.47460029368285,0.3782156815271503,0.8834246676048169,,False
4,E85,7.349274350904337,61.00125410872651,0.3987006539164824,0.841068676097114,,False
4,E86,5.313176953702942,44.204386959634974,0.38605034248193065,0.7413405037640972,,False
4,E87,4.857345954734243,31.189687276514405,0.34197061397236217,0.6539042282807954,,False
4,E88,12.087803605751827,109.55914307386186,0.4152584514269562,0.8359184977308038,,False
4,E89,11.540139223404841,97.06051437625158,0.45978033817312675,0.8315795659184453,,False
4,E90,10.35618134182723,89.48262689994637,0.3993635702422162,0.8569611197461593,,False
4,E91,9.28721091969036,75.48860758609202,0.4089114364326229,0.8621891643278046,,False
4,E92,6.870346943637775,57.42157952060545,0.44810440472496,0.8216876110363498,,False
4,E93,6.288272291204626,51.85369022730134,0.486039724736123,0.7572257724036234,,False
4,E94,11.603849196808765,95.82326080739529,0.45569166317650656,0.7942773812224015,,False
4,E95,11.770030997894303,102.60149580510051,0.4455647293014893,0.78847053549653,,False
4,E96,12.57873464296587,112.6957057504421,0.4461708730443047,0.7779231725569173,,False
4,E97,7.646658315392035,57.78252023909788,0.4634185297369887,0.8020264074127715,,False
4,E98,6.886066695641077,49.528572514038274,0.46837015076869026,0.7541284602662331,,False
4,E99,11.736241118195807,91.3135990770761,0.4577453715149199,0.757918637124408,,False
4,E100,12.152457200855157,112.17909189334887,0.47487087199024236,0.7715783767065303,,False
4,E101,23.29193085956385,317.5954156996686,0.3161116484307089,0.5552039820807597,,False
4,E102,17.679379881527158,243.92860552517087,0.26539337343546077,0.3721472976696032,neighbor_correlation,True
4,E103,11.206449441374618,128.90313490251796,0.24182945847468265,0.38845372818381796,neighbor_correlation,True
4,E104,5.2257757280876636,40.738644410648675,0.4145024357773928,0.7097444446373947,,False
4,E105,3.2539657298297215,24.314065259825604,0.2833316336231213,0.6335484099577142,,False
4,E106,2.3887574272856127,17.12745336011875,0.09128212628828959,0.4931613097607801,,False
4,E107,11.78111081168798,105.27303317540361,0.46055126493689313,0.7655264410598347,,False
4,E108,9.572569583736307,83.10157056987103,0.4666243807094132,0.723840806155817,,False
4,E109,7.772678057261044,56.68924862837912,0.4407418686491759,0.5152359281243457,,False
4,E110,8.090837461807686,211.01693478564113,0.32329979872951004,0.4982388214565195,,False
4,E111,4.876375877387486,38.572540458834354,0.3528086398105613,0.730539583639124,,False
4,E112,3.658104703523677,32.84334281091317,0.1814645910488294,0.7295413681842823,,False
4,E113,10.740550528280782,91.64757483834069,0.3918298303246023,0.8449859378069278,,False
4,E114,11.744446013528615,101.44759128844902,0.3864355034205461,0.8323646935449476,,False
4,E115,9.578055210447285,86.5316014469025,0.3521270365397102,0.7169994029530374,,False
4,E116,11.855919547434599,130.16406453391303,0.3114846864321966,0.5249524861816548,,False
4,E117,7.1937100380207415,61.46178755167717,0.2787390652904327,0.5908364076533705,,False
4,E118,5.861144777199165,63.3217545821004,0.210706430014206,0.7595566750980937,,False
4,E119,11.923433750070785,125.77086738546714,0.3882672851335454,0.7952104578248318,,False
4,E120,10.97802388947644,93.02952553236392,0.3753939237691598,0.8747974892706227,,False
4,E121,11.261258123657319,83.14252514403961,0.3583525611229162,0.8441821004289132,,False
4,E122,11.990442545830387,110.56833102531687,0.36333126259375326,0.6809105489581135,,False
4,E123,11.783389137701139,125.3135043934981,0.3372330863129574,0.6445966882431098,,False
4,E124,12.992094038822078,144.28259563901702,0.26727516983905786,0.5348136455788715,,False
4,E125,11.920050026609676,104.1449163267126,0.33129463366025874,0.7726189085805688,,False
4,E126,15.524809860083458,265.7717347152539,0.35774956791035284,0.6390775675246864,,False
4,E127,20.550550574795757,395.92852049447185,0.29724551110252095,0.6168012925993287,,False
4,E128,14.299602460034166,159.27006608438384,0.3372258837845873,0.6166966997771295,,False
5,E1,16.005976809735778,147.76762834312018,0.21263289281563458,0.8270070756445875,,False
5,E2,12.563819584806485,164.84115539228907,0.2276124993975097,0.8448206920030614,,False
5,E3,10.459769938322674,134.72264489200984,0.21378268173453072,0.8054458716299897,,False
5,E4,6.412218818446657,83.01013659899436,0.2730730521206996,0.8507940941173087,,False
5,E5,4.94128724202314,56.01831344796805,0.22772926801497329,0.8187196820850244,,False
5,E6,4.703049926589519,41.24128078270081,0.21220985555048655,0.6902049156466429,,False
5,E7,2.9199125702819826,28.96109258416857,0.13273482001412587,0.35868289262022945,neighbor_correlation,True
5,E8,26.20172193034478,441.40497357996287,0.11492258643486555,0.8200001102079535,peak_to_peak,True
5,E9,14.26939067382331,231.11243779938553,0.21360998151881833,0.8149224239151274,,False
5,E10,9.412527329128759,134.55325628041484,0.25671084858114845,0.8329493971140236,,False
5,E11,6.97629213542627,103.79300218540408,0.2754946477482166,0.8906959152876038,,False
5,E12,5.499162080704447,67.31517901670074,0.24011489892707624,0.7767345807923807,,False
5,E13,4.304119603766776,46.12698253960136,0.22950157992851147,0.6311822538035696,,False
5,E14,16.245937212898337,292.59090437752764,0.19616292404318628,0.8774029060666217,,False
5,E15,12.289690473375963,213.75295718006385,0.22878009124580018,0.8719574148619518,,False
5,E16,8.757388816879434,137.43598777765345,0.27215313223789184,0.8464457606049811,,False
5,E17,15.98756430688336,273.0969870041981,0.2239390610681331,0.8976189660717159,,False
5,E18,8.641240586554934,134.37550578678037,0.23415437718946885,0.8690811491478387,,False
5,E19,7.386818229820448,101.21413577775104,0.27279271069596067,0.8004493327213333,,False
5,E20,6.899167293746382,70.14037827322204,0.28591226103284584,0.7331171001260842,,False
5,E21,17.251896659435427,320.58352642765027,0.1773916606520241,0.9090943442636934,,False
5,E22,14.374876167921345,257.6078529573541,0.1888415528686954,0.8705577752329872,,False
5,E23,11.128605896504682,177.49078655708686,0.2196173335558359,0.8168187941957761,,False
5,E24,8.621347593858017,96.6985409229188,0.2708176213144625,0.7827703922476104,,False
5,E25,25.49395708617298,497.82581594738673,0.12226367984187388,0.8146277119045582,peak_to_peak,True
5,E26,14.955832632056032,229.11581227143495,0.20694870411393607,0.8184368594050992,,False
5,E27,10.418915218492419,92.37104662644464,0.2805876910757532,0.8123846792378189,,False
5,E28,6.857091014603299,55.136083247797814,0.31890390924943457,0.83339381810377,,False
5,E29,6.03301329541136,49.30407845335043,0.3483824043575897,0.7532151851364632,,False
5,E30,4.040393096542987,34.186095152747185,0.24391380946794658,0.5905085069549616,,False
5,E31,2.814265165464528,23.536715598781996,0.21406475945515605,0.47727529227398113,neighbor_correlation,True
5,E32,24.65287749995291,467.29711019252846,0.16212492620722074,0.6730682851199173,peak_to_peak,True
5,E33,11.442906085039155,108.04100795620974,0.2988345954207716,0.8248333050630291,,False
5,E34,8.65558378171806,66.97223016191396,0.32920879498393946,0.8154228119373736,,False
5,E35,6.231242919560809,48.30718611640195,0.3554407496561659,0.8644695955769024,,False
5,E36,5.439257340795446,40.581688752400666,0.356685378736678,0.7152643892163997,,False
5,E37,4.3836846169319985,32.95631359906216,0.3101443264219313,0.6445324650707503,,False
5,E38,12.647210838289384,103.74590757270983,0.3348702349063551,0.828983625225194,,False
5,E39,8.947873958425188,72.1743723080176,0.37236695695061867,0.8242510648123744,,False
5,E40,7.2844618776428405,59.794299882824745,0.3378932747271844,0.8191595138233019,,False
5,E41,7.173222685645143,58.44686784239394,0.35957423228901897,0.7890709791703509,,False
5,E42,6.228047174864776,103.00030782827533,0.3820547498537676,0.7491410291935978,,False
5,E43,11.131957603950212,95.39343586917883,0.4091362035837448,0.8555628609074118,,False
5,E44,11.36097486657411,94.78730603876178,0.3817476532662279,0.8070850269917003,,False
5,E45,8.917435236714118,90.19405264959802,0.3866735431010545,0.7814129648226782,,False
5,E46,7.35283093650818,61.196668703077194,0.4097599204333069,0.8187920915297351,,False
5,E47,7.130834616171547,54.149021648458984,0.4131821294676429,0.7833532960472389,,False
5,E48,10.979563583685303,122.63857270352068,0.4442377601100769,0.8485673832284022,,False
5,E49,10.45694652551664,93.97900771621559,0.4433444639756861,0.8071691496459306,,False
5,E50,8.132858629490277,64.45303986256928,0.4684578084798505,0.8096598474438661,,False
5,E51,7.0232842637636645,62.72787626926771,0.48002496535343164,0.8265768004305514,,False
5,E52,7.149982811724076,62.82095158936901,0.39727131699952795,0.7200453935965163,,False
5,E53,5.414172241152825,52.925470453910066,0.3825613846694221,0.7082131021449394,,False
5,E54,4.231917897902955,37.609846190023724,0.2975859190556735,0.5778499795127371,,False
5,E55,2.825469174083765,21.516763944948366,0.21673742443706476,0.4781357920767424,neighbor_correlation,True
5,E56,17.450503214641284,145.46946097357244,0.3230823190001047,0.4586605596830922,neighbor_correlation,True
5,E57,8.791870906270018,77.78647299182967,0.4798478739852842,0.8034623423258096,,False
5,E58,7.6861900636391844,62.96471826235552,0.5105462131333416,0.8549042942600875,,False
5,E59,6.964594474952442,62.943720519709416,0.49456853878038415,0.8486941725299165,,False
5,E60,6.282700626346427,84.62671767906474,0.4123690470370558,0.8229772531972737,,False
5,E61,5.242785853329515,56.149730288224276,0.36343910769148846,0.7901759624603539,,False
5,E62,5.3632858458608075,36.52370245116538,0.29738518811312376,0.831239325933643,,False
5,E63,10.106187579879496,87.10306242775981,0.4108353036672929,0.7880307741884918,,False
5,E64,8.768202752422614,75.2781997590522,0.47184382256340146,0.8567355675229634,,False
5,E65,8.26788416026955,70.65525323445138,0.4385820949715186,0.8600021019288524,,False
5,E66,7.29218840977942,63.86528375584993,0.4361654456759112,0.8859345319357791,,False
5,E67,6.420557538371329,61.39111274133331,0.37955777681219366,0.867526473398198,,False
5,E68,9.780251989849896,80.86817843656031,0.43301717065150164,0.8436688013896771,,False
5,E69,9.186364103901923,93.42115379288629,0.4578369038106741,0.8516020726434351,,False
5,E70,8.858994295897045,87.61457618975533,0.3953505611592663,0.8461413071363144,,False
5,E71,7.874987518108777,78.38361079117068,0.34870511098558465,0.8901389780168534,,False
5,E72,7.2069082438987,64.64201871900204,0.33560924271907383,0.8828208298113156,,False
5,E73,10.336050995802136,85.51585432152011,0.4282560398122911,0.7997659653952214,,False
5,E74,9.432372658146184,87.71539359338487,0.4288437893478727,0.8047229796227775,,False
5,E75,9.72854880226707,86.63752797809695,0.33008793742698883,0.7904067695983139,,False
5,E76,8.240494037950516,67.96690985479148,0.3477130194639956,0.8549973602605387,,False
5,E77,6.983677829889771,48.71391101596794,0.2803295399091413,0.810350961624981,,False
5,E78,5.126604438944409,39.740822558112455,0.31974081409688593,0.7918773146397895,,False
5,E79,4.147599854206646,28.165254084765074,0.2282907422427391,0.5306700396215769,neighbor_correlation,True
5,E80,2.7603677657234953,22.08083668838089,0.279714626498103,0.5257991199511175,neighbor_correlation,True
5,E81,12.608165825014375,108.42370132906228,0.3983529445166713,0.7171312359608165,,False
5,E82,9.69960808736333,78.07463462530143,0.4221375478145417,0.7653245898036651,,False
5,E83,9.330050981735964,86.81787421609835,0.36996349151773056,0.8068615106556605,,False
5,E84,8.082549610825419,76.21177786608568,0.34230935499188464,0.8412064887905677,,False
5,E85,8.03867497697174,101.8940095910962,0.3031683400804319,0.6925248711737972,,False
5,E86,4.827631574698579,43.044182169931595,0.39907511627705483,0.7139601830472742,,False
5,E87,4.142073942238043,33.657355156711496,0.36131134240916085,0.6178916442253202,,False
5,E88,11.719294177212895,88.92385550256046,0.43326691775156345,0.7642569713940526,,False
5,E89,9.28788170801453,75.99540831604975,0.4647601173790834,0.8129125923829936,,False
5,E90,9.463824614651012,87.03954725118815,0.3977144135739203,0.8562221598983969,,False
5,E91,8.21999932643803,92.27391636696758,0.40162794458338097,0.8016249717737328,,False
5,E92,6.136792140697814,65.34165358477446,0.4534414971285133,0.7820505554245223,,False
5,E93,5.158724418424491,46.57350131798084,0.47643388915565066,0.768413873248383,,False
5,E94,11.14149146621758,84.24829822231874,0.42937215243672927,0.7124395361456316,,False
5,E95,10.403633411994246,79.50472850125672,0.43405921097466527,0.7388004713642378,,False
5,E96,9.772375865648744,102.97587459057058,0.37787823383577834,0.7747671878846052,,False
5,E97,6.920411298017251,66.50598348919924,0.49348215818960045,0.8103069738132487,,False
5,E98,6.052515430408395,47.66105475833126,0.47815980729981244,0.8042875354547285,,False
5,E99,11.225671407149854,125.69297729140476,0.3899640325730699,0.6545898454947661,,False
5,E100,9.353851679692864,98.84746183918804,0.4811443540631469,0.7653297328610735,,False
5,E101,8.760964280046574,81.88096497319998,0.45361332296646834,0.7538481236250765,,False
5,E102,7.0418110768955104,52.627935986073496,0.41737508438770804,0.7415511846018421,,False
5,E103,10.464855985460547,130.9027257049147,0.24854590054903095,0.4040937128545531,neighbor_correlation,True
5,E104,5.197740144771884,50.288816347026,0.3654454602082343,0.6795367409323751,,False
5,E105,3.2360045561614874,24.969037701009675,0.3131224423317204,0.6424711060319895,,False
5,E106,2.7111311626312475,23.293707974879254,0.10661146102241562,0.4438444199767877,neighbor_correlation,True
5,E107,9.887928802895482,106.21141808556209,0.4332183248869487,0.7715570328606093,,False
5,E108,8.231459015684306,78.35886829913612,0.4434839194973857,0.750807444064437,,False
5,E109,7.449327762647007,62.02350607928908,0.42199929337178965,0.7513945829490698,,False
5,E110,10.567834146570174,251.7793143069348,0.20379807398071637,0.46117939304134525,neighbor_correlation,True
5,E111,4.514759105601651,34.9438359249017,0.35375606906362667,0.7778498672681906,,False
5,E112,3.59121310532203,30.42872358981097,0.2411049925245139,0.745925217815926,,False
5,E113,10.192398583079692,94.1449596538319,0.383255661652303,0.8497390553669153,,False
5,E114,10.849513332867666,107.11368670194105,0.3592434694211936,0.8134555301088698,,False
5,E115,8.225973508545549,72.69520539785485,0.4126538631630156,0.8571584156516379,,False
5,E116,7.457922152477153,64.37793161182725,0.38472006464281355,0.8301155671593039,,False
5,E117,6.5035842023154435,53.97673843532509,0.34354388397633057,0.7838892521027214,,False
5,E118,5.271532067334923,55.76457539446278,0.31556062754845143,0.7986298240305099,,False
5,E119,11.40271676928921,103.53466076176569,0.36884126723187277,0.8677448060866249,,False
5,E120,10.810137774686977,103.29605402450969,0.3625815188400841,0.9005843407691168,,False
5,E121,11.452375125572184,100.84367266763729,0.32426842516792215,0.8663374705268956,,False
5,E122,10.305452756006856,83.12093289681292,0.33375345554182095,0.8529253812750146,,False
5,E123,9.504397090377525,96.17840755284442,0.30587418919351816,0.7938161081338009,,False
5,E124,7.53406490125799,79.7806365814331,0.27195279018197266,0.7533117584969939,,False
5,E125,12.217092673587638,112.92588821328226,0.3330550119412289,0.8205024823142341,,False
5,E126,13.012043835344336,148.93311382315116,0.3278420976709075,0.827859825189035,,False
5,E127,13.959964014567317,215.66778309208536,0.33982610091285037,0.6872799986486611,,False
5,E128,11.275291773131,110.54699906826494,0.3684199043209901,0.7550705141822894,,False
6,E1,19.283141216498915,168.3683913944642,0.147943322667067,0.7293299783553768,,False
6,E2,17.701074256474932,208.67440086997075,0.15789990266342613,0.8285536736173749,,False
6,E3,15.503298028255198,179.35434120607232,0.15458039780636915,0.82363725271689,,False
6,E4,8.979000263495006,105.18661481321172,0.106983543942885,0.8746498713802293,,False
6,E5,5.977745922911431,68.3171876530528,0.11288882934767257,0.8632388931964051,,False
6,E6,4.928371952864045,51.709151825236006,0.16985449844874229,0.7009830135480489,,False
6,E7,2.788340946043139,23.383483808527302,0.16808339693838503,0.5306349458640885,,False
6,E8,45.87270634876256,622.2299482010088,-0.026522088870330522,0.8830782945983532,variance;peak_to_peak,True
6,E9,22.668080384155182,293.0514021202655,0.06149740030814681,0.9078944680971064,,False
6,E10,14.44335814144556,165.59417657724936,0.0906837458191781,0.9034725181135442,,False
6,E11,10.108728551927644,116.89624565876869,0.07602580080484711,0.9312857821701658,,False
6,E12,6.748300570632371,67.65824138690976,0.18201939740242384,0.8162311234115843,,False
6,E13,4.455065630010449,39.626460191365936,0.21287181030413077,0.705601459664779,,False
6,E14,28.041920971600668,356.341473584612,-0.0026967007750080896,0.9447157768430721,,False
6,E15,21.586056371587638,255.96424603588662,0.03272517737091002,0.9373454900612583,,False
6,E16,13.381980070460822,164.372631612063,0.06389568980388984,0.9370618106602735,,False
6,E17,26.266444769852203,337.96819235396475,0.02515548180998322,0.9531996838840064,,False
6,E18,13.403017993095208,148.85216359658637,0.05601737568729371,0.9402134798695035,,False
6,E19,10.175033767415385,107.77225943840995,0.1049867750816954,0.8753963537115542,,False
6,E20,7.49507404350531,77.3982228900312,0.2165474802006091,0.8084452263801767,,False
6,E21,30.127288194056668,371.1027047942075,-0.011629756950790026,0.9572376790164103,,False
6,E22,25.15451487946525,296.5346284011101,0.014324603282611398,0.9399830076266967,,False
6,E23,16.555346363762357,206.75555937464412,0.10542356546572573,0.878613738902813,,False
6,E24,12.158315553417244,124.63550246266195,0.1762894885807325,0.7514406213419355,,False
6,E25,46.29037844092219,560.9809338910854,-0.06234207137503613,0.8938357736538487,variance;peak_to_peak,True
6,E26,22.319810328787757,242.47689370226675,0.0994269905235258,0.8471128923770319,,False
6,E27,13.073807396246618,130.8996926983391,0.24008105999942056,0.7632777608130348,,False
6,E28,7.996251871466382,75.62952972225783,0.2977194692979419,0.8241129802535428,,False
6,E29,6.6782633587721465,61.57076825279378,0.32825386476885354,0.771820153500905,,False
6,E30,4.416644855796818,34.848523318906174,0.3471426056074656,0.6585696613292844,,False
6,E31,3.601015775100983,32.755561656275745,0.2475675641784717,0.46331432720958965,neighbor_correlation,True
6,E32,36.34385145236447,744.0974707184935,0.0968481113824784,0.5931293092414864,peak_to_peak,True
6,E33,14.096044159490202,106.78094808232484,0.29381416090669,0.7203672736064843,,False
6,E34,10.801860597194104,81.79651984972452,0.3317432665053598,0.7522674512138894,,False
6,E35,7.261498512879713,54.13865510283833,0.3486763811378036,0.8068248153321113,,False
6,E36,6.249605057536758,44.16949444101334,0.3500258232484653,0.7042738171547858,,False
6,E37,4.474249950368565,31.586323990970257,0.39975468972046346,0.6820768489850884,,False
6,E38,15.347474433371863,133.99133838870472,0.3297728563103687,0.8498485688879881,,False
6,E39,12.73587712612111,104.241774049179,0.35104072547710513,0.7439068085111511,,False
6,E40,8.6615211561725,66.62664054128186,0.36522653968454355,0.8077312245736394,,False
6,E41,7.230968052616456,60.63993193845021,0.39355315300921406,0.7610390900259476,,False
6,E42,6.29289642682427,50.309217597242025,0.4860331401322706,0.8026507480245548,,False
6,E43,14.149180958941638,142.26330372153643,0.33847311012156855,0.9212560055696515,,False
6,E44,13.009123842996216,110.1030037676071,0.35826282175087326,0.8429553744374805,,False
6,E45,9.441540115831554,70.47332434783686,0.4426117064598142,0.8206750245978535,,False
6,E46,8.078184928286959,60.22669434365325,0.4427690823784971,0.8497685719425436,,False
6,E47,7.569356950225897,58.76689343519945,0.4262501517119432,0.7893039226644815,,False
6,E48,13.058939674764435,135.54900773260385,0.40495219591676507,0.8977534227961192,,False
6,E49,13.29780934515844,119.10658886296855,0.4382150872530678,0.823845678144427,,False
6,E50,9.225568503891935,66.53123813976663,0.4585067982986382,0.8485173884348131,,False
6,E51,7.538074807929922,56.740703661786654,0.5392857228957598,0.8446433341468154,,False
6,E52,7.303312700859642,61.53344457477691,0.4833628414412504,0.8037473256537988,,False
6,E53,5.8663512698146665,41.3880068758173,0.48262091132963697,0.7509429130685469,,False
6,E54,4.100315568039876,31.26669980574347,0.3971889411327782,0.698393683125501,,False
6,E55,3.1090960842898663,23.578252927454145,0.23529295050346896,0.505076638367043,neighbor_correlation,True
6,E56,14.105632873971457,119.8584715200905,0.4287586315295332,0.7114032566223932,,False
6,E57,9.748148574385953,81.23256690408806,0.4987658063284204,0.8562062273968978,,False
6,E58,8.972583804446508,66.07192188686616,0.5479083161953808,0.8440850306538983,,False
6,E59,7.4037641671512,55.585387845278774,0.5539998520456381,0.8786471769326207,,False
6,E60,6.735102672420155,53.39818846088963,0.47168176937798995,0.852392462546724,,False
6,E61,5.651075383796694,42.413228990972755,0.42729707134166167,0.8280927804890388,,False
6,E62,6.036637535367729,44.16224347678727,0.3907279519371556,0.8280624094985629,,False
6,E63,10.835343713275803,97.09589785738996,0.4940009990435181,0.8837400279377876,,False
6,E64,9.695096332331529,79.93281747509683,0.5138041948058508,0.8893184209137164,,False
6,E65,9.362625824180926,71.77620127705751,0.4866057461826686,0.8651561542592965,,False
6,E66,7.967981453260118,56.88683959218969,0.47681966067805587,0.8788405149149181,,False
6,E67,6.932115478773642,47.44453741534565,0.4273200382154752,0.8745768455520998,,False
6,E68,10.825927019942734,97.32440866697152,0.4736435375078391,0.8741353594895784,,False
6,E69,9.874358345928714,82.08837270664546,0.5088892176778774,0.8624562610507887,,False
6,E70,9.57429604169856,75.17085619744239,0.43337244339768516,0.8517111516509821,,False
6,E71,8.467267662861795,61.163661092190125,0.37847390039871176,0.8732686300126599,,False
6,E72,7.706760060509062,54.83930895740852,0.37876554152083114,0.8687693205450746,,False
6,E73,10.929521531955858,99.60183298252457,0.4602281596495622,0.8162953722651294,,False
6,E74,9.982611722633884,86.7906242862853,0.4843673816341457,0.80273276052287,,False
6,E75,10.006067302146702,75.67487609890611,0.3890306268681755,0.8060042130290865,,False
6,E76,9.801782525144896,68.51571821330752,0.30546070599327974,0.7665837061883083,,False
6,E77,7.713328530031659,58.767329367943944,0.32353017220121405,0.7959171270999159,,False
6,E78,6.1911261728466185,51.822938151518976,0.3426895063663747,0.7622781803059167,,False
6,E79,4.243365707009873,36.727713695779926,0.32395305630070403,0.6775837891989002,,False
6,E80,2.798458298554374,21.165995945397498,0.23791638338087576,0.43783240530086365,neighbor_correlation,True
6,E81,11.717354098226687,110.06176370575278,0.4556701297624182,0.7845734308109464,,False
6,E82,10.098970743845042,83.3967807343846,0.4727684471677811,0.8033207350579494,,False
6,E83,10.130185055738849,76.66628959737648,0.4156050689468283,0.8100652769630815,,False
6,E84,8.849323694358228,70.34070855834558,0.3832794509361162,0.853387777216213,,False
6,E85,7.438879152074849,58.492007808234554,0.39497388139062917,0.8007297555650698,,False
6,E86,5.541136414754631,40.28822981078089,0.41481057804464366,0.7798997073955384,,False
6,E87,9.404827687293567,169.15100439425657,0.1028394003875514,0.18026297129977137,neighbor_correlation,True
6,E88,11.38258609170162,110.38451926158803,0.47236866686977214,0.7992626804121239,,False
6,E89,10.423413296291901,85.0558539345065,0.5106088717365155,0.8087524973394207,,False
6,E90,10.594429842230225,79.48798638035895,0.39931800623114105,0.8323838572128196,,False
6,E91,9.066885076020732,71.63479330766779,0.3906215998331946,0.8341303793639914,,False
6,E92,6.99686549250261,49.93719247570229,0.4616301726985072,0.8329756917842897,,False
6,E93,6.124362898150839,44.56133085889863,0.45024948720814323,0.7163676447236835,,False
6,E94,12.36190847287913,121.57401020592476,0.43118513599863334,0.6902052141014258,,False
6,E95,11.595620594229349,93.8166238464739,0.4180826629327931,0.6814367520205733,,False
6,E96,10.435131209008262,94.967140107695,0.4317154263222313,0.7733050025029854,,False
6,E97,7.40142797564022,51.674100321897406,0.47518021459610077,0.7918948139225718,,False
6,E98,6.845216961637723,49.80706404278013,0.4722233317175095,0.8080561195061985,,False
6,E99,11.933953069418056,131.9432301905726,0.4923687505990781,0.6786948833573552,,False
6,E100,10.870075522196153,100.93836688178061,0.48887269921780807,0.7920265736635201,,False
6,E101,10.31735036857955,87.52639236903849,0.46778827286933883,0.7110643895023872,,False
6,E102,8.293889872526663,61.45775945064781,0.4430224509881938,0.7379645167995048,,False
6,E103,9.012162673184635,87.37753768346681,0.3584351018008649,0.5798905304440358,,False
6,E104,7.510262644273471,100.66377251842857,0.2588643764870889,0.5136600015254253,,False
6,E105,3.623731648044479,26.634293204684006,0.2982595118302747,0.5522042572262598,,False
6,E106,2.448319557133291,20.320911025383964,0.09133291576782902,0.5287427630890567,,False
6,E107,11.68357796662616,107.79900433940207,0.5033396757631987,0.7621408038048911,,False
6,E108,10.482030300645276,92.50123176852759,0.3663637689109424,0.6519957766613091,,False
6,E109,8.270070714170828,60.47253018682369,0.389423138141011,0.7191616503946596,,False
6,E110,33.179812930565404,580.386573106639,0.0686762566524446,0.1702441194670271,peak_to_peak;neighbor_correlation,True
6,E111,6.105281470772174,50.96426963564291,0.21309377021565096,0.6555577063866107,,False
6,E112,3.885193341840469,36.79550769343677,0.15519763422970215,0.7251642733207911,,False
6,E113,11.075282133766434,90.42270127980214,0.4383197537864592,0.8596915098650664,,False
6,E114,12.773546256200007,104.09285811731367,0.3783898169490225,0.7616543761062171,,False
6,E115,9.282640023089224,62.95930641035558,0.41585226509303874,0.7890319792354121,,False
6,E116,8.773094886556313,70.37414396804871,0.2980250540168912,0.7592258374763095,,False
6,E117,7.820859090549404,71.89270339325489,0.2617360007403713,0.737763390849784,,False
6,E118,6.513016949990877,69.7704806424276,0.1807904692336663,0.8100624290789826,,False
6,E119,12.125994661559991,103.89526596068674,0.41855271870233807,0.8864235400350173,,False
6,E120,12.318495325897132,109.48495110215305,0.4156869308575711,0.8809545342749756,,False
6,E121,12.900599186697505,91.54679223298206,0.32627250253178225,0.8210136261823053,,False
6,E122,12.473259260087334,104.07058735713193,0.24672073456190746,0.7651885279060924,,False
6,E123,11.950130242544494,131.87841034755488,0.23914202551510538,0.8055101486382445,,False
6,E124,10.403485058352395,116.73455796005135,0.1574727174440326,0.7483382245376513,,False
6,E125,13.302867007176145,103.51234552461017,0.36687883837417923,0.8191822266326221,,False
6,E126,13.087486626980679,117.5950753992966,0.38351760950062164,0.8182559526875525,,False
6,E127,15.042044609521414,154.05834656822668,0.34927959509847933,0.8652553919634097,,False
6,E128,15.93550520543978,136.7274438425929,0.3310068688726743,0.8806955611588818,,False
7,E1,14.448366539619954,154.73234280990914,0.2023622537528505,0.5219377412725495,,False
7,E2,38.02776100879798,598.0333876399309,0.1146983633050243,0.4076018957780049,,False
7,E3,14.339126860113149,145.46804665721123,0.10550147877055052,0.798129356721295,,False
7,E4,8.645614897778874,86.0296649761353,0.0725629299155089,0.8881840050863123,,False
7,E5,6.094857677997172,58.36867934551081,0.05157659127953994,0.8468300171697435,,False
7,E6,4.7847251991254645,40.64652242216202,0.032853489529266644,0.7206047860001156,,False
7,E7,3.013587327295582,24.039137687404036,0.08451473323743418,0.3658855267672385,,False
7,E8,42.85749792707895,459.81587599254044,-0.012468383661326323,0.8951038898821895,,False
7,E9,21.530050343226115,245.13055031717164,0.0617022016880523,0.899820096851828,,False
7,E10,14.260538881445974,144.00578577795034,0.05666632114354059,0.9215072373534738,,False
7,E11,10.383668876921352,102.70788593071401,0.06579318738726003,0.9433728340253729,,False
7,E12,6.809953070794725,66.10422294266317,0.10163081533511456,0.8374444014976397,,False
7,E13,4.417675970735214,39.50686176736127,0.1141506886786107,0.7104836950888176,,False
7,E14,29.35832550328787,296.1920793042145,0.01310524341520222,0.9628293647435989,,False
7,E15,21.959658645055693,225.96221956099328,0.04851640898304481,0.9561096631985714,,False
7,E16,13.849589457207315,138.66572064879398,0.055011492255093754,0.945533344912501,,False
7,E17,27.083096799617433,280.80737385303183,0.04299076434627793,0.9678740489382316,,False
7,E18,14.055991300292776,142.0602214062504,0.07168588559125944,0.9494304143312267,,False
7,E19,10.924496121154204,109.45674909853186,0.06722802526231757,0.9064404866706561,,False
7,E20,7.6426830112836015,74.27597767909992,0.17805994088236574,0.7987558733977895,,False
7,E21,31.671147575909295,323.6078978233515,0.017721938566746216,0.972960033904558,,False
7,E22,26.371465702753973,270.24267576386666,0.04442530840084974,0.9571103174369059,,False
7,E23,16.718271715857988,171.88819170647713,0.11701729269504613,0.8646155817044696,,False
7,E24,11.588393963583098,114.18905338954238,0.1820665899711635,0.7774495684017328,,False
7,E25,47.55678159580518,477.15291028814113,0.007736363271657922,0.9363578720231327,,False
7,E26,28.47019840352125,321.0936978105506,0.13959077542424495,0.6990179935576422,,False
7,E27,13.238050948526267,144.09358188090596,0.2383403964742738,0.7273410914996774,,False
7,E28,7.830391390771607,75.67658585809934,0.2535430047991334,0.7897673961899216,,False
7,E29,6.559545541202766,69.99791327220781,0.23346530066169532,0.7260932895084398,,False
7,E30,4.031530727034094,41.07429647588328,0.2600262327857351,0.6223648192375231,,False
7,E31,2.9731240760290936,22.789617677947035,0.27252315037193686,0.4236530314664475,,False
7,E32,29.065454953590244,369.3861816045643,0.0661857223250925,0.437115599419842,,False
7,E33,11.53350456146577,83.8832538940299,0.3117207578073568,0.6887842231555088,,False
7,E34,9.576131380998998,98.6008229783569,0.30755217664882845,0.7194347629445288,,False
7,E35,6.91107146295536,78.61790065519386,0.3475615068220399,0.7231875732011515,,False
7,E36,6.145296055266383,69.62143794206062,0.2793115966617156,0.6733766240477099,,False
7,E37,4.075753311142675,31.184189961196488,0.3322185024165726,0.6206223532409356,,False
7,E38,12.089162924430873,101.58824427126837,0.33116126453616457,0.7151673558556909,,False
7,E39,9.538181148506599,80.93974445371353,0.36521152805950574,0.7129011508054431,,False
7,E40,8.469810864861394,117.37796397353665,0.35040241689138896,0.7169060728178722,,False
7,E41,8.623353732389386,117.6780173015382,0.32245523376226104,0.6211305963839391,,False
7,E42,6.252185401722223,58.18177238383328,0.3947719100095525,0.7172619955025955,,False
7,E43,11.48434172783897,117.87088949707288,0.3855877139242437,0.7201089283130729,,False
7,E44,11.430676310851483,92.39432478505451,0.32156292637864886,0.6877335375771363,,False
7,E45,8.348493507570067,68.71472116699408,0.374148047478809,0.7747145154157182,,False
7,E46,7.0133182598944614,53.335159379394206,0.4200047982712698,0.7955781704242317,,False
7,E47,6.756586128382643,48.575513129082,0.4112038556396344,0.7241365801132948,,False
7,E48,16.81178572159142,194.10938825226668,0.29853023260087913,0.5475248704894551,,False
7,E49,12.07108296182495,100.28068148540837,0.38762277394085265,0.6624357223094195,,False
7,E50,8.283984153512723,60.4162158219475,0.44801375879963345,0.8162570943727276,,False
7,E51,6.8016179827972225,48.05356089493286,0.45992808240056854,0.8274018312381122,,False
7,E52,6.3540266972148665,46.75163159963756,0.43719923610149264,0.7721873946254962,,False
7,E53,5.628505733246609,39.86957405312299,0.38792142101194005,0.7539098388558483,,False
7,E54,3.9483717886686835,32.48453958024919,0.3295277243766353,0.6158125314846219,,False
7,E55,2.906639655416931,22.07801037884782,0.1819023515209783,0.44378366565677263,,False
7,E56,14.886733660446035,125.94553770992025,0.33213588351048395,0.5976194451848353,,False
7,E57,9.139773342530601,71.01689210157103,0.45106517509097793,0.8451298783442164,,False
7,E58,8.140195129708214,59.737513758469504,0.44272409963187276,0.8347251672542687,,False
7,E59,6.965645826812759,53.7821727168008,0.47252269655010415,0.848280326868287,,False
7,E60,7.0415741380311925,63.32028996533721,0.39152914698672386,0.777908355685136,,False
7,E61,5.431516925785348,41.35035864959272,0.3746253295343404,0.7789810822128288,,False
7,E62,5.598420807593281,42.21977464050477,0.31935893220250977,0.8121710699093805,,False
7,E63,10.49570346042355,92.37045343671377,0.41279428747051516,0.8647544967341139,,False
7,E64,9.09133681276774,72.02973696531024,0.42652306834186904,0.8784906717823466,,False
7,E65,8.50119189435665,63.64477111083494,0.3851817253721243,0.8354651765130043,,False
7,E66,7.4020496426714395,53.31905454679327,0.4248223340606089,0.8625557076546031,,False
7,E67,6.347801593289311,44.69548385990537,0.4078533686583451,0.8317856868096194,,False
7,E68,10.54436754477422,92.51075185206741,0.3784702879555387,0.8807611998211158,,False
7,E69,9.542010517157939,82.42411338113794,0.4077892040834246,0.8722234977252932,,False
7,E70,9.223225243903398,73.19956935882902,0.3634788726265467,0.8257042812928093,,False
7,E71,8.11939468835781,60.72199375553714,0.3536935942896056,0.8487989305973362,,False
7,E72,7.28720581101506,54.023737503685766,0.34685293164475606,0.8681739040962728,,False
7,E73,10.557837883891834,95.24172467762514,0.36467053956902457,0.8130717680464412,,False
7,E74,9.70049145076716,81.57270918298462,0.3869985840164719,0.8129576321785563,,False
7,E75,9.483283034211546,74.25055172500689,0.3761091860800147,0.8077362475307139,,False
7,E76,8.476426602294534,62.933568641954125,0.33914335574768756,0.8174070964903903,,False
7,E77,6.768173101010917,56.82679596132909,0.3348240342241787,0.8244746870978243,,False
7,E78,5.783486875314834,42.721883402622495,0.298502439443886,0.7327612756247341,,False
7,E79,4.170859669499774,29.42282955949741,0.24669624741088783,0.592277953781827,,False
7,E80,2.727837563044671,24.029826636311554,0.191155692969612,0.5048050735987498,,False
7,E81,11.757531914280355,105.65491059736729,0.32916602427532143,0.7779767755207618,,False
7,E82,10.238728212903844,81.1871793263893,0.3718241366732026,0.7651593826435967,,False
7,E83,9.496095116427059,71.11478499122437,0.3864237014333777,0.8130023996378108,,False
7,E84,8.529083356860308,64.52086694711981,0.38884111049699566,0.8500488414325781,,False
7,E85,6.900695802583836,55.957689971278704,0.3679618205754636,0.7852545707812859,,False
7,E86,5.175698572465137,38.23103239421358,0.34413345916223576,0.7504773376772235,,False
7,E87,4.575774513782499,40.00420471114137,0.2415831311661527,0.5617682827634009,,False
7,E88,11.992486178681103,110.33065652563559,0.3528577227654421,0.7583992911410324,,False
7,E89,10.026510553937047,86.89646930300796,0.3892740397198948,0.7713941580077854,,False
7,E90,9.330358097419154,71.32193647320214,0.3890162938699427,0.8373258644358734,,False
7,E91,8.084600997642283,76.5842469841942,0.4315216105277733,0.8035111223631982,,False
7,E92,6.504181327590298,68.88377734117883,0.39383637340360617,0.7888546036831663,,False
7,E93,5.905297284319364,70.39244680095813,0.3867511182560833,0.7522388671595432,,False
7,E94,12.892191034893786,119.93381462885532,0.2843354241524174,0.6719258073573235,,False
7,E95,10.974283430833802,88.0560699579263,0.35847887204080436,0.6904232747577542,,False
7,E96,9.89674707275249,79.22826919019823,0.4148525806098898,0.7296991710259937,,False
7,E97,7.956767106249175,95.40330699926524,0.395497504294159,0.67878926744793,,False
7,E98,7.047010731898422,87.8999351501451,0.4017671156245576,0.6168996516831124,,False
7,E99,11.631843661329343,103.67299847720699,0.42627997805265866,0.6642665537955748,,False
7,E100,10.004615811935691,88.87859317649557,0.41284673055598253,0.7645184828571095,,False
7,E101,8.977854637002318,77.58503275250895,0.4246649410200428,0.674555727762578,,False
7,E102,14.98751143716707,250.1126736469422,0.21744750388962256,0.4053801234223517,,False
7,E103,9.572187228535318,175.16041433409433,0.2673322276109057,0.5532332523506094,,False
7,E104,5.472078602092753,110.29386693691038,0.2600403637901852,0.7220794294321845,,False
7,E105,3.2359640657839766,42.310968014311534,0.21982732604003505,0.613047262205011,,False
7,E106,2.343674107646329,16.977414925797518,0.03258105258867977,0.4317182398335865,,False
7,E107,10.174351001998112,94.05717912565996,0.43396859430847384,0.753406266580527,,False
7,E108,17.70937258133083,300.10478118122114,0.24961616738612194,0.5935287964644802,,False
7,E109,13.383202880480583,238.80221867823224,0.2291742171966375,0.5950813282750934,,False
7,E110,7.951855022634226,137.40710905437874,0.2296786092885773,0.5928606597350741,,False
7,E111,4.873331885178354,86.06105595554929,0.2376475994315014,0.7365855866786628,,False
7,E112,3.9125848706600186,38.52155049029253,0.11517942961074079,0.7106962971813204,,False
7,E113,10.729033260644616,91.87461133180011,0.3594654077441233,0.7936203752653117,,False
7,E114,11.336868877871622,120.19380156690815,0.33681856979329466,0.7358356495421106,,False
7,E115,12.113547276452048,214.58748703006978,0.29215797924043885,0.6235776067793721,,False
7,E116,9.195577544959425,154.71976254401204,0.28152271333174456,0.3893726212765829,,False
7,E117,7.822449604384295,156.00507972590532,0.18251944122036595,0.5386105377788581,,False
7,E118,6.161061116314068,62.20827966908868,0.15794267636859488,0.7631392071760356,,False
7,E119,12.097850055643535,126.05025619997286,0.33749087689993956,0.7789668958459051,,False
7,E120,11.262292382499117,118.04721968253233,0.34685293164475606,0.8171564991057718,,False
7,E121,12.28806721200395,133.3808158465963,0.2388358621974053,0.6966940869696341,,False
7,E122,17.775069393314304,284.6753509653143,0.16084390606699972,0.39487664445123005,,False
7,E123,10.794285946110536,120.96155501800071,0.27124463660970044,0.5190377118268006,,False
7,E124,13.247233256414034,130.17352813636967,0.09295785231235827,0.492778983937154,,False
7,E125,13.334360761531387,175.25171385379392,0.2845648772364554,0.6258894681177019,,False
7,E126,36.79640000284888,492.44667003964224,0.15029132913115537,0.25486244381294515,neighbor_correlation,True
7,E127,30.273223776610376,382.6722221132753,0.18119033649987598,0.44827548114509586,,False
7,E128,29.47111490700328,401.4282590264234,0.14041848238033827,0.2797381888520673,neighbor_correlation,True
8,E1,15.016856901807085,136.12845709797335,0.2069008904915452,0.730851687814702,,False
8,E2,13.465820783073584,170.39673641035455,0.15389260514362535,0.784496851219628,,False
8,E3,11.391533756356516,156.48319630060263,0.13500424664877328,0.8188958591142631,,False
8,E4,7.493284779248096,91.97896944339624,0.1316464513133583,0.8620783729759856,,False
8,E5,5.670036553700748,63.17141183977179,0.10674676541635202,0.8228911829764578,,False
8,E6,4.682991183932955,45.725031354047076,0.10244033262503867,0.7138875044051083,,False
8,E7,2.8113827673893916,21.409672131853597,0.0785238421964803,0.5070078303306521,,False
8,E8,33.01420066293111,488.82081844860005,-0.005579914655081642,0.8626924667487779,variance;peak_to_peak,True
8,E9,17.06503582860032,247.3103701402856,0.0743592010647537,0.8789050892963975,,False
8,E10,11.468037335660965,154.42585912576016,0.08109141340259582,0.8847696708301469,,False
8,E11,8.507875606851846,113.65815878769021,0.10326576095239318,0.906716904368339,,False
8,E12,6.339792198788448,69.13689396774352,0.1532730016602188,0.8010896866052453,,False
8,E13,4.570933385207411,41.68582792541292,0.18529113281455067,0.6931710835422142,,False
8,E14,22.011222316074598,340.213948393864,0.04584327969778422,0.9054193746491478,,False
8,E15,18.877955999792274,278.67679558337943,0.06890742439277607,0.8275677804149004,,False
8,E16,11.15697253442816,152.65108855567922,0.09057796057297778,0.9043003196226831,,False
8,E17,20.494552002028357,329.4915385421625,0.09780727199126321,0.9334699885865184,,False
8,E18,11.463155658231393,156.0556233098029,0.1261936679852812,0.9126198070412772,,False
8,E19,8.969166853527254,117.67028471039455,0.16216702995491936,0.858016524177712,,False
8,E20,6.605192834115257,72.48788567142466,0.2294329163282059,0.7814969241083493,,False
8,E21,23.107067466117346,361.20003334036466,0.04421143194015398,0.9339481618212255,,False
8,E22,19.838822796469664,298.0517864966114,0.07016758002150669,0.908668674500682,,False
8,E23,12.964689837276,176.45522656744697,0.17210862447759978,0.8879994960210165,,False
8,E24,10.643551274057087,128.41565186624962,0.20408598413044082,0.7675451149786614,,False
8,E25,35.063241922778126,480.40837548443074,0.0463173401762927,0.8937939333991636,variance;peak_to_peak,True
8,E26,18.533807483873996,209.5737155917029,0.1848118336787089,0.84476451137487,,False
8,E27,11.937112947288913,122.57563143453368,0.24083012890982847,0.7525130834437066,,False
8,E28,7.332253454613022,75.16656167133394,0.2898332183468715,0.7824287760189634,,False
8,E29,5.981422862901412,62.09869569101696,0.2901297860596801,0.7509380972817014,,False
8,E30,4.338157910842101,37.71939925210745,0.2838796040917793,0.5913751782936643,,False
8,E31,3.151494262161334,25.834588061977684,0.23882626083585892,0.41597439470873665,neighbor_correlation,True
8,E32,37.323505362703834,622.0563806975634,0.08000026327586639,0.4762068390611644,variance;peak_to_peak;neighbor_correlation,True
8,E33,12.523835713580434,84.23985586279998,0.27373414187892564,0.737788975683449,,False
8,E34,9.80228446419072,74.1022293904885,0.3048487857235867,0.6711294237428098,,False
8,E35,7.7222493521305395,58.697567674676264,0.30949954781321587,0.7366293298695589,,False
8,E36,5.763616177950676,39.917382316210706,0.33124144289277174,0.7597193321809421,,False
8,E37,3.9037447260560514,28.60212772086659,0.39422551745070117,0.7403769038493939,,False
8,E38,12.94955721804289,101.5296770847608,0.31068206993489533,0.782204971827454,,False
8,E39,10.52071830893299,77.92992464011046,0.35875058139104854,0.6752806926790563,,False
8,E40,9.459330519654111,75.94273768547083,0.3215672293708022,0.6851846160614334,,False
8,E41,7.255815758721881,57.249349189731916,0.36106999923202016,0.7687659663371964,,False
8,E42,6.013720470879633,43.13922198864552,0.435844629996058,0.8314941856269885,,False
8,E43,11.066599318040428,100.33786639988611,0.4089958760395965,0.8721383986882534,,False
8,E44,14.327422575846082,169.85911829099132,0.2632918175978794,0.6294749634019039,,False
8,E45,11.044422572490827,115.50833395169506,0.3495223606622579,0.6884120931655592,,False
8,E46,8.025991059381143,57.8774209141084,0.4194049421807571,0.7492073218687547,,False
8,E47,7.297122640983826,52.976476338079806,0.4297113326332402,0.8111565109404306,,False
8,E48,11.209478575578274,110.12810044017738,0.4014387618953177,0.8414892147749893,,False
8,E49,10.468141183831182,93.2094354173397,0.4209678229442402,0.8129168897753865,,False
8,E50,9.899399927851887,77.12829292499299,0.4359693401035744,0.7531972534875251,,False
8,E51,7.57008013875161,61.5204592380304,0.48644479595926254,0.8319550556743742,,False
8,E52,6.60323029360881,46.66728315286255,0.48543568962279826,0.8173709277911725,,False
8,E53,5.506695682636898,44.95420473527905,0.4505186915439946,0.7906715251841246,,False
8,E54,4.021291856996526,28.225811832112875,0.38124889532130607,0.6885901765724853,,False
8,E55,2.890984158741152,19.62172773125389,0.2156763124193866,0.4984779352967113,,False
8,E56,14.242404749195016,106.91900955787048,0.3637482264445592,0.6251877748680452,,False
8,E57,9.25084647035505,74.0181310040571,0.5016687399510533,0.8219293112991461,,False
8,E58,8.59941301086062,67.37946648434072,0.4846229747153925,0.8484040911186295,,False
8,E59,7.330236414094482,56.09353036900896,0.5086349834468725,0.8631039052520986,,False
8,E60,6.992492885268701,53.44341237290776,0.45256178123433866,0.7998518228530637,,False
8,E61,5.7061329281055615,38.906946678486854,0.39707323634063446,0.8001566147497388,,False
8,E62,5.783987859169558,44.33080531989218,0.35256946828523383,0.8540910225873132,,False
8,E63,10.928272902478113,101.0534354523373,0.511261807640076,0.835844372618866,,False
8,E64,9.415168283155037,78.50790187406326,0.5328259138730563,0.8840247060949711,,False
8,E65,9.417200700359764,70.02893101259218,0.4757324150119149,0.8529987034017119,,False
8,E66,7.797646556194783,56.171985613920356,0.462121949262778,0.8499692395260046,,False
8,E67,6.845492350713704,50.08322955669182,0.43423745351820525,0.861736920525957,,False
8,E68,10.550800368316976,96.95258924360317,0.5017341155193538,0.8715699829327179,,False
8,E69,10.124055180441344,83.3334094258606,0.423918414760361,0.7868571166374684,,False
8,E70,9.512420781259525,73.47992107962716,0.4466545889600752,0.8373446751781555,,False
8,E71,9.136859886285812,76.91832681755145,0.3761192174210697,0.8176181697423975,,False
8,E72,7.614933431814899,59.617655505223155,0.37319797423919854,0.8784156499854473,,False
8,E73,9.851850466616659,97.6724859736957,0.49622822159981267,0.8404918536320276,,False
8,E74,9.421830442266804,86.90017235723064,0.5172784734398314,0.832974338994057,,False
8,E75,10.292512662995062,77.73172472712794,0.4135197732907256,0.7670681868902947,,False
8,E76,8.628051144360139,64.47101777310404,0.3721257018568916,0.8132706430404479,,False
8,E77,6.948428689257285,53.98609561099701,0.34288541996493466,0.8606965381601084,,False
8,E78,5.456598117919765,41.77012852219467,0.35667662674322764,0.8060628548655079,,False
8,E79,4.18766646110751,33.86035637465792,0.29428207656735933,0.5905809442103758,,False
8,E80,2.5055579238222707,22.613051339496735,0.2659364676745689,0.5619167343059095,,False
8,E81,10.880521621949896,111.90729309267846,0.47902965773082473,0.8621153422297851,,False
8,E82,10.39559371201832,95.68394430647061,0.4561391633176039,0.7928054313348759,,False
8,E83,10.121288362486924,77.93389943053015,0.3993879447661966,0.796897762989274,,False
8,E84,8.857848680662935,70.74758562153667,0.4001075814421956,0.8267560567385309,,False
8,E85,7.115942495783935,58.90290448084923,0.40140195965318975,0.7693099952438698,,False
8,E86,5.300293498876569,44.844107329069985,0.4079602936373457,0.7409443980160433,,False
8,E87,4.0890017938363235,31.60482847638451,0.34737353559222034,0.615748362133411,,False
8,E88,11.703780489273397,112.1495061238275,0.43916852767778564,0.7493575419702636,,False
8,E89,10.61148563466233,87.95204588063532,0.46494937095859085,0.7497129463951036,,False
8,E90,10.331311431150892,89.71810110423732,0.42453143227624224,0.8446373797974016,,False
8,E91,8.199901180347663,66.93108729324936,0.4496198298623494,0.8378463252549371,,False
8,E92,6.659868407616881,52.88704970427955,0.45655766798589276,0.7956515469398793,,False
8,E93,5.56811330950857,45.71211504098552,0.4518182060467056,0.7582934605502989,,False
8,E94,10.404051527510507,96.67741026959641,0.4634991901847108,0.6695322746182573,,False
8,E95,10.822078113533808,85.34301834275811,0.428647702743221,0.7133340143009608,,False
8,E96,10.31992113104044,90.00688352687374,0.44324026341904715,0.7629640673496298,,False
8,E97,7.237031429507066,62.17904177198264,0.49588276671386683,0.8087116762999029,,False
8,E98,7.158115201704928,61.469760206834735,0.42716330480094833,0.7205128832492793,,False
8,E99,13.997586174236222,114.09506698840934,0.35478043475325655,0.5868571950847437,,False
8,E100,9.28564217741369,84.35625470062553,0.48982653338155596,0.7518393735957363,,False
8,E101,9.987381836646689,76.614343050152,0.4517906372305254,0.7035266846979232,,False
8,E102,7.779584389743288,77.75663260582222,0.4249931632606695,0.7120540706711509,,False
8,E103,7.325136491358179,56.16515436472832,0.3761192174210697,0.6526874305061592,,False
8,E104,5.043891452480879,41.4527173756596,0.370176148272265,0.7017790456937338,,False
8,E105,3.054186172130727,23.492979491234955,0.2968628357387728,0.5654081022618938,,False
8,E106,2.6054350820743943,18.640121752573123,0.09201759617612766,0.5516288603117241,,False
8,E107,10.002583245033227,85.29303695629785,0.4733217415405979,0.7500015435445799,,False
8,E108,8.71231676447951,73.59590388168462,0.47468107158820827,0.7569354354847488,,False
8,E109,7.093940709784795,53.423134317855,0.4235606272916063,0.7735210825463215,,False
8,E110,6.856341591965071,128.9027008441755,0.34285713487274205,0.6662729384991883,,False
8,E111,7.86257358268643,113.80335486866666,0.19578662814482803,0.47911900740411945,neighbor_correlation,True
8,E112,3.646325854879303,31.543299471295317,0.18063800350734918,0.7297843958464785,,False
8,E113,9.849678821955184,88.0442108782992,0.43735626944372175,0.8613036492984099,,False
8,E114,11.593286029109661,82.77913271382076,0.3746315900983814,0.8005993273863251,,False
8,E115,8.556463960049035,67.6991673534522,0.40492176122792917,0.7997368617942702,,False
8,E116,7.391771965136896,50.89098026860985,0.3159360904688327,0.7163821735843885,,False
8,E117,7.297952594935438,66.20458458406347,0.30018610933551876,0.6193722206458754,,False
8,E118,5.687151200860404,54.58851370691423,0.18367293169794108,0.7317395998956764,,False
8,E119,10.860260517637744,96.85346895777377,0.38724757133591087,0.836197089186697,,False
8,E120,10.432629611642977,87.46297354339615,0.3867128351280274,0.8597770964914903,,False
8,E121,10.886355936217814,82.42112249696521,0.3124903713485057,0.814105961069369,,False
8,E122,10.46476408203725,96.56585391281716,0.2646772052153872,0.7306048569322849,,False
8,E123,8.933873596641318,86.24283985857659,0.23261135519086304,0.7313045045361009,,False
8,E124,8.969966396890023,95.50817444999907,0.22078198547283145,0.6604844801717646,,False
8,E125,11.264945363751545,95.02251303412987,0.3476167973516525,0.829226038816415,,False
8,E126,11.817439596154422,132.85148226271033,0.36556163207313563,0.8257227392860628,,False
8,E127,13.724749901114409,158.3423325559871,0.30782829781899657,0.7764057344215693,,False
8,E128,14.114112243617175,119.36900836178782,0.3263272713359083,0.759294034117082,,False
9,E1,13.270285197174065,161.48038265241684,0.27845115132243825,0.6912319087690014,,False
9,E2,17.528235196095896,226.77231800441064,0.15802313391466122,0.6569981900239077,,False
9,E3,14.776731139544351,190.1172958934991,0.10920005060919509,0.7557337878961443,,False
9,E4,8.015685710649407,100.24559194866686,0.13169992370309197,0.807645620155114,,False
9,E5,5.858948357672254,72.07534098376195,0.13607825846135255,0.8496580198213859,,False
9,E6,4.801644394350705,55.859984981204775,0.15265429211515752,0.7481802585933841,,False
9,E7,3.3213590137372533,32.31077581495469,0.12351065190936401,0.40725735106017136,neighbor_correlation,True
9,E8,38.46071549529598,525.1273355972908,-0.0165635150331979,0.8497562869845554,peak_to_peak,True
9,E9,21.589714599767717,290.4051885758339,0.04708715006531568,0.8694143057618771,,False
9,E10,14.662059045158328,188.75845771083067,0.08232827253135114,0.7725299809406945,,False
9,E11,9.134470654288013,118.3815849331105,0.08970404975721046,0.9140409776716136,,False
9,E12,6.493598016515707,78.08345013597676,0.12997833919167165,0.8243747497482616,,False
9,E13,4.700283066319226,46.09645671267759,0.1487882498008875,0.6981595823124591,,False
9,E14,24.498223815057976,327.6068151000251,0.024776377199400897,0.9506653313166158,,False
9,E15,20.978951702559453,269.1258188795864,0.1127490781665511,0.822438804688451,,False
9,E16,12.215029918957683,156.98566231837694,0.07615582112353395,0.909080164235824,,False
9,E17,22.762497444726407,306.6524047775074,0.06772394770006868,0.9377610392341171,,False
9,E18,12.244202194173239,164.70338357214018,0.08608956804150739,0.9033738456887228,,False
9,E19,9.423983963847821,120.91809366364552,0.11642555080194726,0.8255551641627963,,False
9,E20,6.918390048664505,78.76881072073674,0.23146360331411592,0.7923326843131551,,False
9,E21,25.495642345653934,339.7291191629285,-0.0017939850536018809,0.9603858798911626,,False
9,E22,21.679653742693088,303.2135276959269,0.024258977844165298,0.9133950703852216,,False
9,E23,15.897764419754857,191.53779413350907,0.07361566558492783,0.7446832463357635,,False
9,E24,10.316319665555959,118.02489282869959,0.1684199914429709,0.6969823585130003,,False
9,E25,46.59560300745106,701.6144066686235,-0.048669702906398826,0.897448771323389,variance;peak_to_peak;global_correlation,True
9,E26,18.000531363760473,233.63465313174413,0.12126614592729194,0.8043421188151723,,False
9,E27,11.372446742564033,119.70819407621205,0.2293854388638506,0.6436828328211529,,False
9,E28,9.818053921990458,150.03864819097714,0.24112435106486227,0.5994322431255198,,False
9,E29,6.398648116086049,80.65656239622587,0.299369704950596,0.6895780821463816,,False
9,E30,4.216414025852785,39.541003119539965,0.2874354834792838,0.5378304159941356,,False
9,E31,3.006981775255836,22.74842547127662,0.27079724389434456,0.5287770432568272,,False
9,E32,26.17794548165844,379.24813651433055,0.13366197257712578,0.43750062327281347,neighbor_correlation,True
9,E33,12.215128625509916,108.73415513253966,0.26837816027144307,0.5075957923467409,,False
9,E34,10.148163325691858,83.15200119428414,0.31350053101913933,0.6066713213724148,,False
9,E35,7.38996106249198,83.93285803347226,0.3010071709091201,0.6633407340761976,,False
9,E36,9.311909010882864,106.26080197182398,0.2705917888853196,0.5214650045847908,,False
9,E37,4.53238113677364,48.64895394785718,0.3104994991776879,0.5810506834418026,,False
9,E38,12.919324280984384,114.76401955068312,0.29910357452214353,0.6802765354281501,,False
9,E39,11.206352444246422,108.05167601141375,0.3043554257721599,0.49555986273834807,,False
9,E40,8.143017477557109,77.01443121066436,0.3045659338421184,0.5328684336133034,,False
9,E41,7.3548470023380785,65.04123045715747,0.38709610801778327,0.6676746433696443,,False
9,E42,6.013414242616496,59.55616423717011,0.43978022788619303,0.7643485260637475,,False
9,E43,11.091622141344613,108.83190031674769,0.370289211528349,0.8070383084547315,,False
9,E44,11.038688995072807,104.0590499311021,0.37723272102347083,0.7075373645469754,,False
9,E45,15.099275851545578,185.55243598038464,0.24401532402481046,0.38571354654275813,neighbor_correlation,True
9,E46,7.412129683760471,66.7661658689903,0.42346818140310294,0.7000986401289162,,False
9,E47,6.87667557202099,61.6516838868212,0.4078772036340853,0.7470034557292209,,False
9,E48,12.198346032544304,126.78550412712625,0.3829679639000896,0.7506354186003803,,False
9,E49,11.324928228294015,139.0843395113407,0.41611500005882784,0.7263158303756934,,False
9,E50,13.728834084499214,323.75812720746865,0.28607179180486914,0.4810667879663351,,False
9,E51,8.367706981675951,86.60993700142721,0.4327520080632975,0.7226576691774619,,False
9,E52,6.633977821414739,53.01582197554102,0.44751075558562053,0.7587946317092523,,False
9,E53,6.519491119885576,68.31825512950122,0.37781421924675884,0.6650772699080636,,False
9,E54,4.003933032810253,36.37367305707189,0.3727718425036212,0.6611203159298058,,False
9,E55,3.147760535939376,22.782500277505303,0.24390727665595757,0.5950603599702802,,False
9,E56,32.55670651558868,268.22791380832825,0.12879418600153986,0.29374348666113453,neighbor_correlation,True
9,E57,10.047144871822992,97.65056024045771,0.4831792261877509,0.6753201155349862,,False
9,E58,9.128512000723683,74.00484076617595,0.48721021471922477,0.7817276023434929,,False
9,E59,7.540934765868102,72.07400056195783,0.45987610676398955,0.7686555667641065,,False
9,E60,7.697755671630242,88.6706826437269,0.37712072095926846,0.7070514516173296,,False
9,E61,5.901398363470963,53.26698995241077,0.3618546317716736,0.745787465904824,,False
9,E62,6.100400845929465,49.5131798305285,0.3331836621629203,0.8290772320111058,,False
9,E63,11.796823911862163,136.5486588305651,0.43444326582526327,0.7890933298169367,,False
9,E64,9.784292185664452,86.40983614929942,0.47895434974491935,0.8314511678057126,,False
9,E65,10.638590987805092,75.86967602990902,0.35743656110210337,0.7130117444389417,,False
9,E66,8.15413015626588,64.87667541189629,0.3924733996080253,0.8217035718593392,,False
9,E67,6.779522579485895,52.917589901638664,0.3974248588183966,0.8312498850560572,,False
9,E68,10.74151451866115,110.26803589653505,0.4285958623653324,0.8438149171351301,,False
9,E69,10.247371845769592,86.53224537384665,0.4102104810011723,0.7905343303197396,,False
9,E70,10.07045064482476,79.34760326000827,0.37969130124654704,0.8132330436189311,,False
9,E71,8.937178601933985,71.02607697853972,0.3883191147101229,0.857018749040746,,False
9,E72,7.830842995726272,58.46821235706898,0.3384277803966875,0.8494168815315777,,False
9,E73,11.291153374433971,116.78001686099483,0.3869882134197657,0.7812170341607564,,False
9,E74,10.329542073907128,97.3594514374796,0.3950412582860965,0.7975032280716434,,False
9,E75,10.534332374639673,95.34479640783795,0.400169380880789,0.805449921929432,,False
9,E76,9.139992330872596,79.07704414713679,0.32061981877713963,0.8238041359667332,,False
9,E77,7.245255213834133,62.4640487737459,0.3364278742881581,0.8170492198242025,,False
9,E78,7.180387478086569,59.42493890314324,0.37484242157792647,0.7172087302337471,,False
9,E79,4.239853583638316,31.446015624122847,0.268922360991942,0.6383435121703087,,False
9,E80,2.775989437880585,19.747917006778607,0.28838497178939004,0.5686664993329166,,False
9,E81,12.563529342218379,127.80888431913297,0.36354082796967563,0.760770169267796,,False
9,E82,10.932636507078733,94.92876616242583,0.4071057370773922,0.7765624389002419,,False
9,E83,11.297835042068908,97.90455763961347,0.3756687788736797,0.7510454902103498,,False
9,E84,9.87239153638764,94.82760830506234,0.3525582043470799,0.7811081546278821,,False
9,E85,7.3929824913573725,60.8472609173126,0.40628503031832197,0.713234964310244,,False
9,E86,6.1927531559883535,56.11018249424893,0.3617532919255896,0.6580787957079339,,False
9,E87,5.259281433577337,40.8959959682432,0.37001928578109344,0.606585934063286,,False
9,E88,13.084253678376395,128.30254998532152,0.4148117476279577,0.7528930997055183,,False
9,E89,10.847173096812444,109.55993620867702,0.4383247125460163,0.7518608452396749,,False
9,E90,10.735321232118125,94.18359667076729,0.4105451412785958,0.8050368922917721,,False
9,E91,10.337910490470248,89.16251346895253,0.37515686203531134,0.7221911871032631,,False
9,E92,6.648790697184901,57.25266431138839,0.4551555403326574,0.762460194698634,,False
9,E93,5.519315869483706,44.32450950249145,0.4903222036034462,0.7162156529157757,,False
9,E94,12.360296981270999,110.29248791943449,0.4298836467917292,0.7407512084878678,,False
9,E95,12.024165940044265,111.65767741114541,0.3789295530316419,0.6938282068787364,,False
9,E96,11.288231301201629,94.54121748056045,0.4210632957999181,0.7102747510228486,,False
9,E97,7.244002029001783,60.188485857797545,0.4864696877242036,0.783106817876611,,False
9,E98,6.146942860336061,49.06824644275932,0.4327520080632975,0.7542113851532325,,False
9,E99,10.0537804167458,95.69741317100534,0.46753214908127133,0.7888910141172705,,False
9,E100,9.571481402763531,80.08326807003493,0.4727620908985197,0.7527847085061917,,False
9,E101,9.755944638859354,90.97341860394113,0.44024317465752516,0.7222147118897669,,False
9,E102,8.36350397103665,81.13293901579203,0.4412059604591642,0.7149260347489426,,False
9,E103,13.641566218340795,292.57077312704007,0.13192574779450153,0.2347451513346745,neighbor_correlation,True
9,E104,5.03751426428222,41.827828188217495,0.37244118809935495,0.7112398572698633,,False
9,E105,3.3238285890402532,31.055289627159368,0.2978510753117706,0.6748217642996803,,False
9,E106,2.785401445256012,29.523171299901605,0.1502554293155336,0.558611591031979,,False
9,E107,11.44768556508462,107.75515283651455,0.43449449461896666,0.6886729182409856,,False
9,E108,9.334940978679004,73.58260369485046,0.4498545197033996,0.7502038511844873,,False
9,E109,7.301418910807927,56.97891517339795,0.43342736913685564,0.7685872153281712,,False
9,E110,6.756293993101601,91.31818424743672,0.351157458219721,0.718469073437263,,False
9,E111,5.175275597582307,45.0247908515819,0.3033590460232566,0.6803810190624298,,False
9,E112,3.8434059672572873,43.30854925573625,0.1900906629899408,0.7726545620196925,,False
9,E113,10.61639142159673,101.80688915261284,0.4283863792086967,0.7645366642379716,,False
9,E114,11.756259509980548,96.50382914371642,0.34672441580603247,0.6572158823817165,,False
9,E115,8.388917754207412,69.33737886436097,0.4025329405230458,0.7569575020317533,,False
9,E116,6.9394318583244585,60.423883320994534,0.36490191790647597,0.776637501300071,,False
9,E117,6.932057280118133,65.37703495175634,0.3067599853748017,0.7159872110555645,,False
9,E118,6.293422630567242,71.48801067191069,0.23595373638044378,0.8034519572030416,,False
9,E119,11.202348426609074,119.97428608719117,0.382736322096091,0.8402793032758218,,False
9,E120,10.769334217982449,113.34776206642476,0.3907154726474585,0.7982228818093114,,False
9,E121,12.029859063277812,98.36171154024498,0.2958542901657829,0.6876639116550973,,False
9,E122,9.977997820664081,86.02704509959062,0.3200246325587598,0.7448753921555584,,False
9,E123,9.510600752670925,111.7898845432967,0.25205369252367865,0.7415767259335995,,False
9,E124,10.27669225176999,125.73208662318319,0.13502592242373543,0.5858250767766038,,False
9,E125,11.098384452483556,99.99405262773956,0.36115258374811926,0.7269741205840766,,False
9,E126,14.317067659454837,167.04543760282314,0.2761304611307999,0.7409328733457936,,False
9,E127,17.508194195164076,220.19061016896057,0.19457162585489113,0.6591341754827289,,False
9,E128,12.820399365497783,127.08804171171347,0.3060804133192465,0.7379822713468407,,False
10,E1,14.763042135689014,131.22137748034623,0.26284377798276337,0.8010399963590134,,False
10,E2,13.72876374372765,160.86389184079462,0.2126153221113985,0.6942977945283699,,False
10,E3,10.337488766515579,145.95055507288674,0.2260910075435997,0.7327205182012235,,False
10,E4,6.303728233300739,82.85515667093343,0.2792067993559117,0.8142423024734762,,False
10,E5,5.001666631497554,57.202934783578,0.20517139839405624,0.8033807262915003,,False
10,E6,4.627834547402827,40.53176411604721,0.11939877453055442,0.6920551877747494,,False
10,E7,2.7511161897104346,22.554998538133077,0.1176691387663599,0.38690183995212324,neighbor_correlation,True
10,E8,22.365747512007168,439.2646817539869,0.1264148236370963,0.7488452312279088,,False
10,E9,13.25440699557587,231.5613233401334,0.20611868712413264,0.7922414683326451,,False
10,E10,9.428799165964413,140.28889144312245,0.2073652659224253,0.7954057290039933,,False
10,E11,6.7566449011113034,103.28356479147664,0.18926721971923047,0.828041042688237,,False
10,E12,5.731093626093391,65.19673698559293,0.20513366686870277,0.7459711214901649,,False
10,E13,4.09111774734913,34.37856018683067,0.18813083449682388,0.6788136171403039,,False
10,E14,14.98301316969114,291.61345542558183,0.17435299768209755,0.8537889260799845,,False
10,E15,12.049708644892156,237.15867651976598,0.1735494249412727,0.8643137720573111,,False
10,E16,8.379985597132865,140.5396618143987,0.22173405609148406,0.8344830013495629,,False
10,E17,14.196018161803948,270.68879427751784,0.23679529731658963,0.8738106710014306,,False
10,E18,8.853481178902573,138.7185523723419,0.1829216239955606,0.802328342262406,,False
10,E19,7.53617556538406,110.05346374538631,0.16926951915781802,0.7915908457505678,,False
10,E20,5.720187792666849,64.77139926409785,0.23471488253150297,0.7690299458896812,,False
10,E21,15.555010394088375,305.07911256750265,0.16157201567086454,0.8939410979609286,,False
10,E22,13.946241649182209,272.1876753847264,0.1409676274973146,0.8409381536227608,,False
10,E23,10.853936409762374,165.94876917828293,0.136523026772615,0.7749888230568496,,False
10,E24,9.254081509205617,116.28780000779547,0.2126755559941817,0.7000681390354471,,False
10,E25,28.123489902561026,612.1363623885068,0.02498951526379025,0.8205435673246088,,False
10,E26,15.181195843557045,245.26747502210208,0.15088520925065904,0.7736506886826331,,False
10,E27,10.317775249654483,102.33301179808461,0.21553913182873208,0.7367274546661531,,False
10,E28,6.31255433303457,62.88465292439334,0.2781972156660426,0.8075962587359856,,False
10,E29,5.34630516338683,48.23784508939116,0.2765082761180761,0.7626022282916014,,False
10,E30,4.101901645742819,35.54795964849178,0.2879780264371871,0.6291467952421449,,False
10,E31,2.8456775087753874,18.234553672121933,0.19374147876749886,0.4756122804801758,neighbor_correlation,True
10,E32,22.611629227253605,472.3278475195855,0.11092494120748458,0.6076099865266577,,False
10,E33,11.560318048652515,99.26211055136352,0.22912591731310714,0.7296300904131819,,False
10,E34,8.994597317744123,67.97257480551951,0.28431650737951825,0.7524196778450807,,False
10,E35,5.848014463029498,45.0869620324961,0.34863600527133826,0.8288454572534882,,False
10,E36,5.269646906718439,43.25404300662734,0.33211358101087646,0.7037702603189754,,False
10,E37,4.4363335009211475,38.252891232245716,0.30614806101269404,0.6639373462561555,,False
10,E38,12.328051631480927,116.01143283841026,0.3187892997414522,0.8284666865101742,,False
10,E39,8.890947182916248,86.97119106096073,0.3904346920851285,0.7843973014262677,,False
10,E40,7.264249794962452,60.30102770861318,0.35747422575653054,0.7950254224492926,,False
10,E41,6.58253558569421,51.413212740135606,0.31969992903850786,0.7618030658422845,,False
10,E42,5.692747848176109,49.512538207897215,0.380613326750109,0.7739263337464,,False
10,E43,10.587166529164577,127.14980536574882,0.3867344710635249,0.8945357833701035,,False
10,E44,10.079453250010113,89.08615219168689,0.39513976218515184,0.8473392815640207,,False
10,E45,8.835816432975461,72.99501236616919,0.44261047466314596,0.7404623806296274,,False
10,E46,7.001942169955127,49.78788699980978,0.43959991122431363,0.8144159443479074,,False
10,E47,6.4555044493324365,46.756284090238154,0.4060450086501022,0.7730051859002424,,False
10,E48,11.91741858307192,178.33096126858294,0.36716678961781296,0.8329775944159947,,False
10,E49,12.077419384865019,136.2385921359617,0.35022813079047493,0.7126061615968833,,False
10,E50,14.589599798934433,441.4968138054559,0.26536116884180067,0.4456848961746522,neighbor_correlation,True
10,E51,6.81725453580864,48.3757721907877,0.4781108757820094,0.8424231218232272,,False
10,E52,6.069179419197049,50.05609286397063,0.4616324181178736,0.7932187392779717,,False
10,E53,5.461321102839892,47.97227039993166,0.3623938939453297,0.6994346316938992,,False
10,E54,4.279638962986737,34.590887708872586,0.2699791974700494,0.6379544844744203,,False
10,E55,3.3084162879409296,26.95712215742742,0.20166408543870415,0.5225143718119537,neighbor_correlation,True
10,E56,23.24637688719829,207.26282031096645,0.18034086380924874,0.34521355626963524,neighbor_correlation,True
10,E57,8.695537254075065,78.26337428417077,0.4919693097576296,0.792711443550554,,False
10,E58,8.147856040855402,61.98475618838634,0.5080892791462724,0.8508130360897972,,False
10,E59,7.105498597087958,53.53610315125644,0.45085940456627766,0.8157404227311286,,False
10,E60,7.387600514452291,98.56907890319287,0.33923670825863916,0.682841348707431,,False
10,E61,5.598018052748493,47.27095991600163,0.3397485858358056,0.7454092038885762,,False
10,E62,5.523101313599832,44.305183150512946,0.3224903381999795,0.8267848511941323,,False
10,E63,10.594408194783403,93.71554920925075,0.44672814870515676,0.8313976448916418,,False
10,E64,9.113424705822174,74.16304369222794,0.5002199419125158,0.8589121906330964,,False
10,E65,8.99717854521695,69.08519190938648,0.4382004981643476,0.8358116321347122,,False
10,E66,8.091055414752006,63.11271694154067,0.3939708212769446,0.8036143772242064,,False
10,E67,6.574763710489913,53.666411105316016,0.37356087963564466,0.7809237888821761,,False
10,E68,10.712781876275209,101.2268939352058,0.41680766017222154,0.8503410059421543,,False
10,E69,9.646184630797034,78.99043060656675,0.46393742575040264,0.8647329193909222,,False
10,E70,10.156234680640077,83.45421332958244,0.4062272046054197,0.8219198893666433,,False
10,E71,8.961390070236062,75.62688395884692,0.3390753948599466,0.8099705645271045,,False
10,E72,7.990711884679467,61.88483662077621,0.31439222785196663,0.8056292103932949,,False
10,E73,11.566697925091637,109.02111582466955,0.38897574359949905,0.7719054997251904,,False
10,E74,10.265459480799581,94.32657806450027,0.42213980610177865,0.7966349695158818,,False
10,E75,10.103933547339475,81.64047565181716,0.39781668298279743,0.7994177936456567,,False
10,E76,9.04765283633092,74.16411178611355,0.33924354576116045,0.7611026567988302,,False
10,E77,7.30839924198533,63.34047273960496,0.34186503047332667,0.831585181164838,,False
10,E78,5.297631659130828,42.17450948361768,0.3421310825956018,0.8008395642411594,,False
10,E79,4.344663309694512,32.66587762284382,0.31868615116280463,0.6435436091318704,,False
10,E80,2.7937415568183015,22.102633165934797,0.1921997693675804,0.4542401278956133,neighbor_correlation,True
10,E81,15.806763496956371,138.8203375752097,0.29433986587466926,0.6822239216560834,,False
10,E82,11.906915858379877,103.85605204761066,0.38233271142922404,0.7563839830036672,,False
10,E83,10.713088658691994,90.31815534296143,0.40542179101275866,0.751640749054878,,False
10,E84,9.703799841178784,76.15258346991365,0.36481161512254506,0.7246733604924961,,False
10,E85,7.265355642344907,62.437004743899905,0.4022111570591817,0.755315261000526,,False
10,E86,5.418432720301229,38.41116486511608,0.4105732071345449,0.7704527494829709,,False
10,E87,4.309900179472934,34.43308905110473,0.3635079271492815,0.6501618330753356,,False
10,E88,13.493497244159439,134.9273969012503,0.348779290642806,0.6740457919547611,,False
10,E89,11.620712528255652,114.73076725169415,0.4099420027625958,0.6617641318033328,,False
10,E90,13.277606275345779,147.10227480951443,0.35304452741072917,0.5991122941886313,,False
10,E91,10.526064505456656,91.02341637966086,0.4129584036982846,0.6723882704050417,,False
10,E92,6.8707096780343715,46.65536016301354,0.47052660828201015,0.8082852919169861,,False
10,E93,5.8833722666726125,44.44609665812487,0.48309341673711,0.7606223886960961,,False
10,E94,10.880480512402618,94.1607261903797,0.4596301351941895,0.6979718841972979,,False
10,E95,13.164529983098811,102.52270634287595,0.3397485858358056,0.609676334807856,,False
10,E96,10.532431301234006,70.64930145185286,0.4580595261600552,0.7502101718294207,,False
10,E97,7.610622064340549,56.0390786639167,0.4914147054966566,0.8484724497654248,,False
10,E98,7.135291999627859,51.347869647826684,0.46390138687117694,0.809569610884361,,False
10,E99,10.64077812854198,81.00386620144639,0.46965280577725815,0.7105253936834828,,False
10,E100,9.93632418797981,77.72152840772281,0.510959793573213,0.8000651832293557,,False
10,E101,9.932906897089612,76.41234898551431,0.48574290480688265,0.8188871876293865,,False
10,E102,8.274960029231787,57.09328244108161,0.47438709684191466,0.7918277488497645,,False
10,E103,10.723290209137044,139.68050500079903,0.28446202543768445,0.5208686297385953,neighbor_correlation,True
10,E104,6.377935470390892,77.4145949740523,0.363939711927938,0.688090999213568,,False
10,E105,3.4101102414246696,24.548559134885572,0.30897869744431905,0.6658063326675636,,False
10,E106,2.515634286219853,15.818078713252774,0.06518045852065954,0.47766943637486775,neighbor_correlation,True
10,E107,10.522794892374778,94.17583922687598,0.4656028550552465,0.7440543095644181,,False
10,E108,9.395352041672576,64.39749363701719,0.4681583334480007,0.8034883198350218,,False
10,E109,7.9791904589874845,57.51285953968082,0.44645682340343895,0.8156842111418559,,False
10,E110,20.459750557830983,407.81412823812616,0.1481856975254269,0.33345124318634745,neighbor_correlation,True
10,E111,4.872525207376202,39.964207317165105,0.3437340348647067,0.7750981494663635,,False
10,E112,3.6852476167123047,29.608816057339745,0.2024546600601956,0.7393702377000295,,False
10,E113,10.610776696453247,98.44595838624281,0.4249878129698658,0.8674773025006897,,False
10,E114,12.657341105047607,109.44092739009523,0.3640471067204936,0.7479750134532053,,False
10,E115,9.133113721819347,71.6773163196101,0.4224256508157264,0.8019252899576442,,False
10,E116,8.056096397291737,63.2381075417359,0.3847549130263509,0.7972576061230884,,False
10,E117,6.6085985028517245,54.3457386509009,0.3603118011932585,0.7574935984794884,,False
10,E118,5.460926056243787,55.44446909898056,0.25787218490520086,0.8047712921768392,,False
10,E119,11.67097771845777,126.0828198098676,0.3890734997187504,0.9042103354966153,,False
10,E120,11.419832778180739,106.82230704844548,0.4012194718092636,0.8969383369548807,,False
10,E121,12.35706317574196,102.6469552226544,0.3739643242441678,0.7838950288795912,,False
10,E122,10.617441707232567,89.91653857650789,0.35219424203112165,0.7859680662667146,,False
10,E123,10.373787612654661,112.85487092859162,0.2684862028530317,0.6650740074138874,,False
10,E124,9.291747988216793,111.57834219018133,0.1844911233699262,0.6063914110745396,,False
10,E125,12.394696903040499,124.5583957640219,0.3562118802496752,0.8307744748953012,,False
10,E126,13.93870069609102,181.72303672129817,0.3422781318120385,0.8318536674251811,,False
10,E127,14.554539271362321,241.23865282630797,0.32439450276976534,0.7934976214468372,,False
10,E128,11.425043229900147,130.87396708851847,0.33301692101194963,0.8671115625549689,,False
11,E1,15.022394786914283,125.5838517993598,0.29648525461441994,0.7950880075243363,,False
11,E2,14.868581673915488,179.0772658641716,0.24012064851744108,0.7496719090617111,,False
11,E3,13.601944329485365,171.2464266301929,0.19769229393581272,0.7460054152795215,,False
11,E4,7.967658199027198,107.56396319441956,0.24600915514716482,0.8084932170319115,,False
11,E5,5.577635201206525,65.25633995495735,0.20071453184952256,0.8184357090980319,,False
11,E6,4.7625844453025685,46.01969540298032,0.18125978668162845,0.7203793384013177,,False
11,E7,2.738075315114544,19.819115776512632,0.1906515406104455,0.49577502995901424,neighbor_correlation,True
11,E8,34.277144040310226,511.78256886428767,0.055323429076090454,0.8291652662417155,,False
11,E9,18.318905546041456,260.8460738601831,0.13545594551484674,0.8726214092817193,,False
11,E10,13.485428660184754,174.86453482529765,0.1664023882322572,0.8106325864229875,,False
11,E11,8.79067281699169,117.34147967298651,0.15255130837422756,0.8844561416745634,,False
11,E12,6.700485868042995,73.92749431054915,0.19071158473531283,0.7702925923452505,,False
11,E13,4.434229642936587,38.2882601872673,0.21363172960929472,0.7399354653655237,,False
11,E14,22.325246470216953,345.9781545003388,0.09758604726254512,0.9289720941942554,,False
11,E15,17.595509602873573,255.50062824981617,0.11337417300780508,0.9310229345167063,,False
11,E16,12.151090701245538,171.6675074662337,0.13869085760001265,0.8979531989758155,,False
11,E17,21.502225580577953,332.28621445191175,0.12329891761705675,0.942523100581321,,False
11,E18,12.085273650196273,172.55351307060252,0.1867073611202169,0.9104530092591505,,False
11,E19,10.03822525492873,134.03667018341736,0.23361494876887154,0.8548339097116466,,False
11,E20,7.427610167831779,75.42335441299079,0.246781401051017,0.7908336594939247,,False
11,E21,24.27226890060232,377.8935655212215,0.09017361095649012,0.9501696747169532,,False
11,E22,20.742599826414843,311.3037852596143,0.11755296090034413,0.9194581222479787,,False
11,E23,13.898565551758187,185.4237668253254,0.15807979410656467,0.8703196407980123,,False
11,E24,11.169914008742248,131.04686781789115,0.24963306971570495,0.7866307759800044,,False
11,E25,43.73144058983119,689.5876622843298,0.0059333981284345454,0.8860132766640502,variance;peak_to_peak,True
11,E26,18.22258951607793,236.7641249844516,0.1674534723242389,0.8478645117677776,,False
11,E27,12.894209320492417,136.27717548025208,0.25932879691456784,0.7887934001695186,,False
11,E28,7.639632224318608,75.82297415111914,0.29952855776766957,0.8298704436425579,,False
11,E29,6.6016255950510905,57.41118163782208,0.3149494405783838,0.7877090960976127,,False
11,E30,4.13546885541993,30.66802196148698,0.2934097146006174,0.6340196725597629,,False
11,E31,2.57822624181251,19.071829563731335,0.24182247338403143,0.4658318158184409,neighbor_correlation,True
11,E32,30.389987858363572,510.7905061568173,0.1000459946663899,0.6096125133668409,,False
11,E33,12.530754817359313,98.96333168352669,0.26047481384315135,0.7580335941889564,,False
11,E34,9.281038739032763,68.99049198948518,0.3118579487350893,0.7911382599969843,,False
11,E35,6.672158575545934,44.72566471225895,0.34912151359672067,0.8443040250992638,,False
11,E36,5.753463567412398,39.79292933104455,0.32612649176357117,0.7364072991004791,,False
11,E37,4.103288057189935,33.92877247149215,0.34254992090126474,0.6585512789841382,,False
11,E38,11.996637334943273,80.38747369125804,0.34771295789178835,0.8390915598402934,,False
11,E39,10.606229821878983,78.58926751644833,0.35163657841124274,0.7731252280196368,,False
11,E40,8.477044572106864,59.916534135032975,0.36358888933027983,0.8038875406103614,,False
11,E41,7.217017384391988,51.63525756211499,0.3747312270673762,0.8166503974119377,,False
11,E42,5.782046745911401,43.282687041120326,0.384838747259749,0.8277183187253502,,False
11,E43,10.664762001125922,78.0745028745755,0.41553974419305734,0.9118064994224121,,False
11,E44,10.816732343689194,74.74610651129251,0.4147290832973044,0.8699256395418028,,False
11,E45,13.029343640570865,141.88310905331053,0.3331336424525434,0.5966847801731547,,False
11,E46,7.651787638895212,57.90500017775412,0.4207670176251506,0.8197082351395634,,False
11,E47,6.690492999677125,47.690932700363646,0.4002585781840724,0.8222686629629623,,False
11,E48,10.780811101895903,90.18229327279502,0.42939893394213724,0.8767886102268462,,False
11,E49,10.53514412043949,90.45129958016027,0.4417909039384471,0.8687593343336621,,False
11,E50,42.13033408581616,834.501725297999,0.06945333024595597,0.16200229504544178,variance;peak_to_peak;neighbor_correlation,True
11,E51,7.215661199784978,54.065562474511246,0.470077184815655,0.8313799382600967,,False
11,E52,6.242997972721341,47.04037950329328,0.4409713753676243,0.8076995885201763,,False
11,E53,5.426697963627687,44.9604009666337,0.3719491997779764,0.7026087019380063,,False
11,E54,3.931952320646615,28.8033769611744,0.30414933308345377,0.6377587288850739,,False
11,E55,2.9539983092423947,24.022073850048876,0.2544291775668669,0.4872082928537057,neighbor_correlation,True
11,E56,14.987065608154914,117.86761315991978,0.3628086613846401,0.642421634388525,,False
11,E57,9.48607593899718,68.77936886060526,0.48933530750010945,0.7037873352588411,,False
11,E58,8.568422810858209,61.69665074373094,0.48837826481739455,0.829242826999788,,False
11,E59,7.122911378551364,59.433319620831696,0.47552239043216044,0.8093012889998005,,False
11,E60,7.172379597892376,117.2730097650179,0.3217305477049315,0.6487770327581314,,False
11,E61,5.544520772139997,48.577386992143715,0.3548771937498506,0.6797722269129673,,False
11,E62,5.6271303765947165,44.86829853080887,0.36288305554693345,0.78728559213494,,False
11,E63,11.85752173099982,110.05224439627239,0.44101731397415644,0.7629478924442441,,False
11,E64,9.820791066907237,72.50757431264937,0.48069283610781016,0.7976067088731835,,False
11,E65,9.105346872296344,75.70754849174668,0.48618247729110015,0.823633557052297,,False
11,E66,7.88341764430301,67.37051202499856,0.44868357842762757,0.7796914820407468,,False
11,E67,6.319464021709792,49.66394793717673,0.39306190590653006,0.7720496831693312,,False
11,E68,10.61030129122382,104.24879166918511,0.48515257990852634,0.8444984406669005,,False
11,E69,10.189928677155333,92.48258646118607,0.5002515154872791,0.8203006008378944,,False
11,E70,9.902428599148005,83.98182558767684,0.4130264859416549,0.789727716047711,,False
11,E71,13.554999059053818,126.53968358165463,0.275006227350207,0.554343371381408,neighbor_correlation,True
11,E72,7.778881190540684,67.6099190384885,0.35102537342805,0.7850782820173233,,False
11,E73,11.27975680780205,110.11255713843855,0.44798918569610946,0.8031764357600881,,False
11,E74,10.202819655894004,102.16981230706563,0.4594074101606897,0.7834233508729279,,False
11,E75,10.002392992903413,88.89667338018728,0.42181187112647,0.7656947509413288,,False
11,E76,8.2682213047511,71.11669669673341,0.34803135559111137,0.7787277636852697,,False
11,E77,6.629187046130182,55.57416317221855,0.3738602993871804,0.8238657248277699,,False
11,E78,5.381005181436886,44.34933587402095,0.3962314124382172,0.7853970515421844,,False
11,E79,4.220374864799921,35.70591271298684,0.2906990613128414,0.6107642845255633,,False
11,E80,2.6552099986940974,19.673322158130908,0.3015815207295943,0.5624072102545175,neighbor_correlation,True
11,E81,13.03759314090317,138.3775708400937,0.3870305088869882,0.8158865897616484,,False
11,E82,11.141089091232013,106.34081633511167,0.3924733685561245,0.7706597787369491,,False
11,E83,9.686739441551206,78.08213756407594,0.4485703578101931,0.7991984544447346,,False
11,E84,8.904407467996371,70.52570330046055,0.37974503980137947,0.7656187188096228,,False
11,E85,7.256091302672965,59.82364130436869,0.41139583756454384,0.7087443283999745,,False
11,E86,5.15748337717707,40.9578640455216,0.3911740944203921,0.7097071772230762,,False
11,E87,4.249040094960837,33.64942127046034,0.368326408053978,0.6272804648185477,,False
11,E88,12.023889649974386,115.65375665235437,0.4119394400917294,0.7461076417347008,,False
11,E89,11.247354135942567,98.53609832445115,0.4597487145075783,0.8054099524315738,,False
11,E90,10.22114280970845,88.63386442215187,0.4381569071782025,0.7971534760614983,,False
11,E91,10.905618456482225,89.9133941828828,0.3409127034920622,0.6170169843232247,,False
11,E92,7.019686544713736,53.880032175918906,0.45185013281911235,0.7701450619485791,,False
11,E93,5.6354600198491775,44.6600543264169,0.46398724748936404,0.7679893919544674,,False
11,E94,10.987049444314241,102.26308654544212,0.44941318261277297,0.7691704633091161,,False
11,E95,10.558847965493321,95.12191984314445,0.4760581505145077,0.783437589604129,,False
11,E96,10.791204573174586,76.85496191893239,0.37445924879126974,0.7143702412977442,,False
11,E97,7.304036000727319,55.66704103882347,0.5020934448716559,0.8272082642795056,,False
11,E98,6.556929446387046,46.405508377652254,0.48894198386099175,0.7949703648396669,,False
11,E99,10.874882775345313,102.92302908063337,0.4574168848761209,0.7663787608655395,,False
11,E100,9.827027608729392,84.39914704779986,0.48867218395780737,0.7930517967776178,,False
11,E101,9.303372409514118,71.3866021408794,0.45192188024746693,0.767911569143128,,False
11,E102,7.8117614250359475,59.14603563136788,0.4714620501119908,0.7861151495168899,,False
11,E103,9.542269064985295,101.51189258346267,0.2651769116052211,0.4960101050198976,neighbor_correlation,True
11,E104,5.217174651510975,36.59718716541883,0.38799048998056873,0.7523728187933056,,False
11,E105,3.223677183338988,24.100455332575876,0.32104572786724483,0.671877758648241,,False
11,E106,2.818842623066136,20.05377997024579,0.16064406499918868,0.5189513565541275,neighbor_correlation,True
11,E107,10.681439140085986,95.33309617203915,0.4798739353578594,0.7880117278357596,,False
11,E108,9.274574588046347,72.32851202398598,0.4591067219892979,0.7573136270689422,,False
11,E109,7.924399181777733,59.082903792869075,0.4180639618670874,0.7661786902179025,,False
11,E110,6.497319713256141,46.54291840160698,0.37328141828016526,0.7639639249176404,,False
11,E111,4.917820213582459,36.60129745739629,0.34407432672598554,0.7764965612754591,,False
11,E112,3.9126348651553626,36.10109678578762,0.2668519031110828,0.7590864414241888,,False
11,E113,10.547355525268578,103.12844109713882,0.4444008813223463,0.8873507326944685,,False
11,E114,12.815691527159974,138.61785208574713,0.3782807199044974,0.7880255960595962,,False
11,E115,8.82211967471505,70.74169132579274,0.4532156913247563,0.7965756525711207,,False
11,E116,8.271136375754567,60.81564530123069,0.3477343944191157,0.7515816830163052,,False
11,E117,7.114660697263689,56.941296086105396,0.296542089522798,0.7601552319272503,,False
11,E118,6.013334001184565,61.798725102112456,0.29781659697475904,0.7916538510472249,,False
11,E119,11.247185925800279,106.71970440678335,0.4288302769459869,0.918236556702847,,False
11,E120,10.628566628434973,101.1893174054338,0.4214297471763209,0.932947329680218,,False
11,E121,11.192197261655807,95.18612450910418,0.4091352127716224,0.8524319217811709,,False
11,E122,10.815249333807994,76.64301214179939,0.3622345283823945,0.7876497069345924,,False
11,E123,10.53660784961315,115.54173499186882,0.2827979950396679,0.7399859934506989,,False
11,E124,9.222680694199667,98.29892224438971,0.281508803407493,0.6764024569790057,,False
11,E125,11.761450938358417,113.55552965297683,0.39237801471434375,0.8537580988334722,,False
11,E126,11.96662894048179,131.3163784814682,0.3895437118777305,0.8800008939071522,,False
11,E127,12.996879108462506,137.2647480980463,0.35496016315783246,0.7698118724793303,,False
11,E128,11.96772290161695,80.69542063663394,0.3866382335213791,0.8430641453695449,,False
