trial,channel,std_uv,peak_to_peak_uv,global_correlation,neighbor_correlation,flags,flagged
1,E1,17.430744740607263,165.69613330454374,0.08524960401903475,0.5344150929475121,neighbor_correlation,True
1,E2,26.447324093756603,348.70642345268806,-0.15092293655529201,0.8311789255900405,,False
1,E3,26.397420485325668,255.165567998605,-0.24927168050129184,0.9628649908935698,,False
1,E4,18.677345355614076,148.7552488656582,-0.21448766182440632,0.977844634289718,,False
1,E5,15.301261989477611,119.3754322577783,-0.19979227734606728,0.9745749379563529,,False
1,E6,9.558886583820808,77.5760232876953,-0.2121707686325581,0.930930361584158,,False
1,E7,6.211306256584729,49.974062634479566,-0.22053208594458182,0.8262140151354896,,False
1,E8,74.15671118777999,599.5616491292087,-0.2877013983117029,0.9561077347462412,,False
1,E9,53.15632365107971,555.9212147488868,-0.27627264363330717,0.9571707165068286,,False
1,E10,29.38731828505081,208.90198566645944,-0.24228018591622683,0.987278558727487,,False
1,E11,32.060230526419254,220.54490867321886,-0.26663256140496117,0.9913921604626266,,False
1,E12,18.65157805529886,139.04305979591194,-0.23892470220713943,0.9733921404612017,,False
1,E13,11.292092877914124,83.26567101106414,-0.22020970143071905,0.9597707873180588,,False
1,E14,67.88544184689435,490.1982570550887,-0.280025987887084,0.9808427389692966,,False
1,E15,54.83494672989685,380.6212944576762,-0.28178957556683987,0.9911903495507894,,False
1,E16,42.70863869784957,293.81878552539,-0.27434833447061757,0.9896669242757845,,False
1,E17,72.9822650902336,515.8918374568516,-0.2955863529089811,0.9821708280982546,,False
1,E18,34.168335372857605,250.26088672793668,-0.2675763629384968,0.9911711831513629,,False
1,E19,28.181352343173874,202.14190701513706,-0.2813837836711769,0.9875673292146616,,False
1,E20,12.748373181670651,93.64285164388956,-0.18961547758389558,0.9876279485286482,,False
1,E21,68.92023505700696,475.652614983295,-0.29166576540711053,0.9828950885576998,,False
1,E22,43.211607192259955,321.5173829979494,-0.27682173838686414,0.9818552223252015,,False
1,E23,26.805362499058237,181.0879072913791,-0.27070712361044075,0.9764919075931322,,False
1,E24,13.948546858859318,96.73343979473327,-0.19017722430123038,0.9780521698675402,,False
1,E25,88.41749963127782,786.6539209834202,-0.2519546520529067,0.9167851214348037,,False
1,E26,23.846709814875723,216.15022057780578,-0.1852867473832307,0.9498958943065088,,False
1,E27,15.165693208059373,113.92798550309355,-0.12926369717886171,0.9624786232440634,,False
1,E28,13.134145490114598,100.0363471073417,-0.133485716365977,0.9852010613594135,,False
1,E29,12.017494640635944,92.19653046231556,-0.1227187015025425,0.9782369069418679,,False
1,E30,10.028777545454183,76.65381542002027,-0.09156780853754716,0.7971493573634337,,False
1,E31,8.599876740940008,95.37089365978295,-0.12200560458415417,-0.17749183782269892,neighbor_correlation,True
1,E32,21.22543754327462,193.67503107933544,0.01834435563297494,0.5562512171817886,neighbor_correlation,True
1,E33,11.40180887377225,99.64619949046073,0.15803344170428713,0.6484555974244121,neighbor_correlation,True
1,E34,7.758438777281132,63.86361051535576,0.215468036778291,0.7895187720459106,,False
1,E35,6.67617372403852,54.30773362916693,0.23055888942427513,0.8516351170276351,,False
1,E36,6.0656740197705785,49.80002674130469,0.30639296910358366,0.7559404126770936,,False
1,E37,4.048405583129216,34.70157768621444,0.22701266373045226,0.7150220990259004,,False
1,E38,13.35397340527913,125.10649046555659,0.3290587417075444,0.7371587224077115,,False
1,E39,7.500705223453462,60.01853791284725,0.39984437949620694,0.8010174903063104,,False
1,E40,6.737129029869151,55.14797466985851,0.2902173903255069,0.8859248593961351,,False
1,E41,5.2823807857235705,41.58908603841269,0.24492605569729384,0.8748706358925333,,False
1,E42,5.218248595857493,42.10664942002049,0.2576704378276623,0.7827565772724449,,False
1,E43,14.266680852395595,113.44790917663465,0.502690101953709,0.8357598482990884,,False
1,E44,14.505926969723133,163.0482296551537,0.42348740951915537,0.795638589508201,,False
1,E45,7.6159236663005485,63.319382727893924,0.45703484735059635,0.9373572359112146,,False
1,E46,6.556653837805545,53.66962244355206,0.4271283867394737,0.9237655264435449,,False
1,E47,5.681674630921436,47.109492087933084,0.42582304486944644,0.8749399200723295,,False
1,E48,19.909435845778376,286.96306453656473,0.43191953863285526,0.7878669387823445,,False
1,E49,13.517112833362763,105.46119401558252,0.513266978244551,0.8355548432955286,,False
1,E50,7.566843009718548,58.42963339286527,0.5268475138657024,0.9411423475847985,,False
1,E51,6.151901728278158,48.5644014753162,0.5142874580945874,0.9388983176082232,,False
1,E52,5.257954505020754,40.24731179894212,0.48715897048229173,0.9232474173222259,,False
1,E53,4.541643797616308,34.52429484285142,0.39561251071187936,0.8763168833845552,,False
1,E54,3.3353673621395785,25.689205438552506,0.2835893916659521,0.7811418665491112,,False
1,E55,14.713699853860877,161.8236375063947,-0.1085534299390769,-0.22186067958630074,neighbor_correlation,True
1,E56,13.339318038137462,141.84550506273212,0.5241048633658598,0.8821720423915476,,False
1,E57,9.54523602446327,79.40014058802971,0.5834897254185841,0.9300092271824819,,False
1,E58,7.654964841953988,62.97404573068843,0.5849200971677815,0.9441775547085625,,False
1,E59,5.979101072106932,48.390850167610935,0.5512224948248272,0.9432135114309839,,False
1,E60,4.8258982892736855,39.07716393435567,0.42060205842108234,0.9021985308549348,,False
1,E61,4.204197598769493,35.46890483466842,0.35166031490584976,0.8467889082771953,,False
1,E62,7.679024909177032,68.2731851919824,0.09236093166298144,0.8961019579179192,,False
1,E63,11.476839651566888,96.32285983408944,0.5988649895844396,0.9375041746392399,,False
1,E64,9.731451858391017,75.52070618500211,0.6219286700324063,0.9639538139912516,,False
1,E65,8.078771685447634,70.15794112522828,0.5498067508069295,0.9130903436249902,,False
1,E66,5.957301817918371,51.40535426706789,0.39409706778527054,0.8843078115364496,,False
1,E67,5.471145957402684,44.61624311024884,0.37288227456058703,0.8401888788666247,,False
1,E68,11.45654742060287,95.3771010307263,0.5901019039307177,0.9702939060931868,,False
1,E69,10.16482270147283,84.02401399255263,0.608206491692929,0.9762685849363565,,False
1,E70,6.704507537868019,55.293978813424765,0.5115683670322132,0.8973757738734978,,False
1,E71,6.669017577913371,56.667944531531404,0.39350638376477565,0.930227771091736,,False
1,E72,7.479935234645868,65.49875227470135,0.2850497569243258,0.948443360595766,,False
1,E73,11.374159407900745,96.74485805990408,0.5801163827939181,0.9642966175841566,,False
1,E74,10.013061073337674,84.71619101251143,0.593799107062345,0.9470186507980078,,False
1,E75,7.491668344744909,61.386323751851585,0.554674592196616,0.9251056532214119,,False
1,E76,7.648184768643682,65.27095807416629,0.36200416613402603,0.9314158161332713,,False
1,E77,8.951258025161062,78.11011118731443,0.18440539839487885,0.954545998972689,,False
1,E78,8.695705289473036,79.78901179039408,0.0988083460332618,0.8427183062660204,,False
1,E79,4.026046424222191,35.121434949035965,0.2737597495662549,0.6218403254394139,neighbor_correlation,True
1,E80,2.3559615698848053,19.798888239373966,0.25505919544568884,0.24680667337782505,neighbor_correlation,True
1,E81,11.447320999217462,90.75115643248992,0.5738499171810885,0.9484018328734475,,False
1,E82,10.507427978271785,84.78322424698528,0.5897069758158943,0.9375014251257247,,False
1,E83,7.075274077022409,58.98290777151179,0.5619544900119455,0.8990831687418983,,False
1,E84,6.304785250379971,56.93831507581791,0.5014982552527376,0.886269901686892,,False
1,E85,5.389069166873595,49.27622950738823,0.4545746043695454,0.8212808934602168,,False
1,E86,4.152563372008988,36.73319906931181,0.507043693980383,0.7240979047057243,,False
1,E87,3.3897116859484395,30.27594617947353,0.4317744903204227,0.7178964006840938,,False
1,E88,11.74335944641862,120.24852736948264,0.5670386586531694,0.9131966016065127,,False
1,E89,9.924965522585534,94.38562585132607,0.558619689677101,0.9189398454511669,,False
1,E90,7.765234484382768,73.2469128991871,0.504240208828305,0.8580118134377822,,False
1,E91,5.891030486407909,51.36132194915683,0.5355316504233627,0.9098746242749405,,False
1,E92,4.998921363100753,41.68056277830456,0.5047773863406521,0.8640318858257052,,False
1,E93,3.9722748028375072,35.339674973149855,0.43743800426659685,0.933048078932337,,False
1,E94,10.827458234204052,89.93915390048267,0.5769435543660908,0.9298203225233881,,False
1,E95,9.910716982099915,79.9377037253472,0.5796752867951955,0.900882301161734,,False
1,E96,6.706066252708995,86.18279627210276,0.5104611967653443,0.8999240447960393,,False
1,E97,5.221794455067444,46.32202388322442,0.5237151459257084,0.917761059003847,,False
1,E98,4.263263505904569,38.821933310320105,0.4280564985031138,0.9249029067808401,,False
1,E99,10.576816055707733,84.04808564360701,0.5760749099240602,0.9373360691126057,,False
1,E100,9.356804060379272,73.65454968337201,0.5323430667445429,0.8934882291730928,,False
1,E101,7.6587687312952974,63.90043232993938,0.5025700462387649,0.886302198880588,,False
1,E102,4.670387911891194,46.8388205022423,0.4478464988197173,0.9147781723236812,,False
1,E103,4.62864541610223,47.12249895575664,0.38440778582348084,0.9190627678123745,,False
1,E104,4.142079462670011,32.3465021543951,0.38747535151990997,0.9398676039189016,,False
1,E105,4.094996565932664,34.25363913015406,0.2727413338624066,0.7307002581928612,,False
1,E106,3.6288136220647402,30.442877803780092,-0.03600641512479896,0.6950381146643972,,False
1,E107,10.377790274017215,82.619351849396,0.5343866445171996,0.9133076328465484,,False
1,E108,7.312350287316409,56.73022346942926,0.4714749259696381,0.8689361628427541,,False
1,E109,4.701785770194533,38.261696582274595,0.34731068242424284,0.9124270607351825,,False
1,E110,4.514586262799423,37.872266396266,0.2888425126032178,0.9331625371670229,,False
1,E111,4.578471936266818,39.293517071191715,0.24086004363655947,0.9176238156388692,,False
1,E112,4.626188400723639,36.67356256702527,0.012633489519814514,0.8369954242373719,,False
1,E113,13.063123881631638,109.79602394418399,0.4551746459785934,0.9019713322218496,,False
1,E114,10.928954095304261,87.82347916689022,0.417473924590528,0.8998584807388256,,False
1,E115,7.461221861200817,59.30743666810143,0.45175418755549523,0.8995414377843848,,False
1,E116,4.725384410767403,41.004660652157256,0.2658182726993381,0.9208399310198443,,False
1,E117,5.187983402124187,46.24167731007194,0.1973089325893589,0.9538160840407756,,False
1,E118,5.132966078195395,43.1929960697003,0.09221370226067202,0.9305073488261713,,False
1,E119,20.84231135348578,253.97282757508685,0.35217136320063736,0.8005930043340587,,False
1,E120,14.276093205996897,134.286326076872,0.42184928646384834,0.9150453018906017,,False
1,E121,13.425970276673741,111.9287412842523,0.3770163975553544,0.905719551222726,,False
1,E122,9.81455837123322,91.8758460326303,0.1989195760579784,0.7733711955309596,,False
1,E123,5.266208904743674,44.87721659869143,0.1696594178219799,0.8402891942151427,,False
1,E124,5.373243075643798,45.87416802687744,0.1088139457387949,0.9487918194456897,,False
1,E125,14.422991680541847,139.51857380423397,0.3862733400339592,0.8736140795674697,,False
1,E126,22.20682386630905,288.0043765507355,0.37060913145931923,0.8137990929674399,,False
1,E127,21.308690142018854,218.00820368181658,0.4967778804008851,0.7506249137030239,,False
1,E128,20.678625875169978,281.2575960600161,0.3598416409195229,0.7421839300599367,,False
2,E1,18.70559417766247,220.35882347350008,0.10116654598253788,0.5991259318490223,,False
2,E2,22.89070537825674,188.82318311543406,-0.13349217238294325,0.7721865653034894,,False
2,E3,24.443233340963484,205.76330673390973,-0.2533452681189189,0.9554310164383228,,False
2,E4,18.06377773382692,156.40338922369412,-0.2229390030705648,0.9785372365371374,,False
2,E5,14.90437697010071,126.2242716881145,-0.24675336945820447,0.9343199682706691,,False
2,E6,9.669349367320416,84.13596955173284,-0.26973636257859235,0.894839230690509,,False
2,E7,6.492303395562847,60.51929083072095,-0.23857741218921238,0.7495819181246974,,False
2,E8,80.1515324064083,850.96457481755,-0.2683648824165858,0.9056252707251884,,False
2,E9,48.82376790881993,461.81342645665785,-0.2934652668373717,0.9783481678025696,,False
2,E10,28.251726408793672,225.55833043846525,-0.2829188839887136,0.9845964341671004,,False
2,E11,30.574441226736575,265.4658017327226,-0.3149198354020056,0.9899123489857391,,False
2,E12,17.66863297211106,156.74288997256656,-0.28586534792254054,0.9605650380574138,,False
2,E13,11.73963382533921,99.31884356744561,-0.2251028966269199,0.9528371904400583,,False
2,E14,66.07945519350159,592.3710971534566,-0.31356426101015844,0.9825402706507247,,False
2,E15,51.94334036120653,445.46885290765266,-0.3302339834511073,0.9923122164055111,,False
2,E16,40.779801862469924,354.035172856697,-0.32302804495367465,0.9943394219603107,,False
2,E17,71.69612433848118,613.6691432682769,-0.31140981526281103,0.9835888745575776,,False
2,E18,32.83165022874009,273.8113582178108,-0.31876165539017887,0.9949946839541028,,False
2,E19,27.438889301238223,231.37495407579829,-0.30971173883274683,0.9898754860504919,,False
2,E20,13.4866110101327,121.14891932741949,-0.21545666835562086,0.9813338074076985,,False
2,E21,67.48702484689494,525.0632568759107,-0.3287729712123587,0.9882138055858057,,False
2,E22,40.9303577669056,336.0900185514139,-0.3225025195211725,0.9935233543583815,,False
2,E23,26.625064870451496,221.05358983838178,-0.30953293753323013,0.9764117631382898,,False
2,E24,14.944519698570152,134.35931194547496,-0.2179052739403104,0.97831056516671,,False
2,E25,231.20190419195842,3424.766756970863,-0.09993582042054897,0.5605131451456454,variance;peak_to_peak;neighbor_correlation,True
2,E26,27.622095082539172,300.9875512254539,-0.19673096045962943,0.8484258721753581,,False
2,E27,17.206428648006543,169.59325161825876,-0.16133067439242665,0.9352877565645132,,False
2,E28,14.643378553962396,141.85833769729368,-0.16155214387284775,0.9814305197477997,,False
2,E29,13.386940426983168,128.4270161087988,-0.15423317200241896,0.9718433580160213,,False
2,E30,11.327933056344394,108.27213188340687,-0.13904999073798682,0.7952628426084616,,False
2,E31,8.890818763079556,89.45445093086826,-0.07262482358248258,-0.1731191514149849,neighbor_correlation,True
2,E32,26.462011149746143,275.92611780232716,-0.0364049559795366,0.5765892843351229,neighbor_correlation,True
2,E33,11.312197006949692,122.62845204309191,0.0852836549637573,0.6455171778547939,,False
2,E34,8.080348611102275,75.86421081329844,0.16334471447054594,0.7405809019584952,,False
2,E35,7.052518846424041,76.2931125206318,0.15333535892344308,0.7872423940675266,,False
2,E36,6.388814674891367,52.862883458582886,0.2487404806182383,0.7057909009285845,,False
2,E37,4.612740225211965,58.51985785683005,0.18901817876044613,0.6443716178183647,,False
2,E38,12.611509193765482,155.11700642483868,0.30502267334895194,0.6952193253401777,,False
2,E39,7.318751983570273,81.66153711838196,0.371850384084844,0.7373043039217999,,False
2,E40,6.786498635315235,78.05455575894021,0.2762530267355701,0.8352782541933261,,False
2,E41,5.403151877160326,51.92826130423747,0.25006722348210436,0.8278622681773491,,False
2,E42,5.049984285970059,52.20078589073825,0.23570429400044923,0.7534629222290822,,False
2,E43,14.848313558106113,170.8047742543977,0.4299684752321028,0.7647457937721015,,False
2,E44,17.48897839986975,231.51381653930594,0.3076723945469028,0.5380297379415082,neighbor_correlation,True
2,E45,7.390550558564677,81.36377497686027,0.4500312834749631,0.9038274779526989,,False
2,E46,6.279896113419699,66.29377099909976,0.43750322561444166,0.8857910453048456,,False
2,E47,5.644007040909182,49.51953619461747,0.40990831070049627,0.8401136339846383,,False
2,E48,16.71743349238212,180.2127837751758,0.4267654817188959,0.7557549483436692,,False
2,E49,13.700162911954607,136.64125356008725,0.4517628497181147,0.6278915533774352,,False
2,E50,7.473119352153141,78.02843756575129,0.5131388430180363,0.9140159533480665,,False
2,E51,6.154432189219863,58.339193036251345,0.5241409084382254,0.9023774705060466,,False
2,E52,5.470957200512793,50.605792055224654,0.4595256179824158,0.90478809945212,,False
2,E53,5.036932907043746,56.046244392304686,0.34970428857716357,0.7600305166469663,,False
2,E54,3.7070948134320756,51.37899925754812,0.31412528275512247,0.7247478198053348,,False
2,E55,15.243158183649033,160.32587930410457,-0.07815389437567385,-0.16893787334931915,neighbor_correlation,True
2,E56,23.49281044863601,363.5731620729189,0.2730288049955161,0.616682593479473,,False
2,E57,9.513523269995543,105.93710160247292,0.5324726548743296,0.8901705345938347,,False
2,E58,7.75963697464769,71.51456751717188,0.5549088054545661,0.9133082103924113,,False
2,E59,6.330387166932443,60.600059309982726,0.4770555324191706,0.9121913224931473,,False
2,E60,5.339341558198396,56.62203566305939,0.3907110362876838,0.8728866357515225,,False
2,E61,4.429557006072786,44.49777807791361,0.3626108437425001,0.7546228534654646,,False
2,E62,8.406651405687057,84.76373609235856,0.08917894421980034,0.895201224191188,,False
2,E63,15.376170573307911,187.8820034224803,0.34191485728098336,0.7657800648885607,,False
2,E64,9.612630417487422,94.19429846848402,0.5739120658762391,0.9091133319517992,,False
2,E65,9.110613893729093,94.35275396586508,0.43692700288276776,0.8359267822937734,,False
2,E66,6.0855738970562125,50.43966060841355,0.41182534499520185,0.9273684348512277,,False
2,E67,6.01124415929793,56.552014085144904,0.36788325339362016,0.8697033717265725,,False
2,E68,12.706806553920703,116.57136109664765,0.47578348871353976,0.9260802505498293,,False
2,E69,10.926761387516713,95.71067618270418,0.510791522805778,0.9299902404049528,,False
2,E70,7.026436966398219,57.611516989889395,0.49126378910988416,0.8896533859937326,,False
2,E71,7.10288431744649,57.77512832679508,0.3768992803182087,0.9345536657715225,,False
2,E72,8.319857070811628,88.97211920257422,0.24885520961544835,0.9325987460049896,,False
2,E73,13.439030726249479,143.060520999768,0.4230804450790295,0.9185797117884729,,False
2,E74,11.295643473409802,106.59631836616089,0.47052370090599804,0.8592235263043124,,False
2,E75,8.373263347739025,81.49506614195911,0.42097249109654783,0.9020006378295253,,False
2,E76,9.230859865853834,100.616653064744,0.24918840717925808,0.9036514510374489,,False
2,E77,9.566522809137885,93.47936020177016,0.188709337129186,0.9348406165747973,,False
2,E78,9.265332022558157,92.41943648290702,0.12100714241176506,0.8251961522409634,,False
2,E79,4.286279056054398,34.43000480292082,0.2713280401314728,0.6136894476068091,,False
2,E80,2.3426667957195253,24.83691835588185,0.16735623738592198,0.22842544494546668,neighbor_correlation,True
2,E81,12.485596507283114,119.60500230376903,0.4607017034224954,0.8919511427680957,,False
2,E82,11.85464764779189,119.90142391114156,0.47096629372637266,0.7751971324189357,,False
2,E83,7.446532705214841,64.22963109701547,0.5154040780069943,0.806891574373716,,False
2,E84,6.707677818137853,62.13062689611779,0.444632687124266,0.8752201423463369,,False
2,E85,5.694794751146861,54.12523628983484,0.4535541467890269,0.7974350239370471,,False
2,E86,4.996132303643821,55.38472368454597,0.3521670891787937,0.6830760275212566,,False
2,E87,3.5273473525375993,29.331762896183744,0.42996847523210285,0.698576601296538,,False
2,E88,14.82786261663448,184.1175597365244,0.3455088573615572,0.7469157290855859,,False
2,E89,11.066855809554722,107.73475414336002,0.4360109765489037,0.881775258299204,,False
2,E90,8.215657052981314,92.65739553259795,0.41739885617120637,0.8000862295191382,,False
2,E91,6.232871165493101,54.924590646044535,0.4773240097940663,0.899953949694507,,False
2,E92,5.331308968233361,52.01738873216671,0.4766806009929593,0.841486017485563,,False
2,E93,4.079490212220144,33.57747506486275,0.44861681985223034,0.9219619720021769,,False
2,E94,11.459811870624595,122.98316830620738,0.4736654308534524,0.8847851605803916,,False
2,E95,9.749383884304013,87.23914070831458,0.5071948566480093,0.8994712222078567,,False
2,E96,6.857958558320859,60.29378374659706,0.5332431119501598,0.8889495292103717,,False
2,E97,5.3725279912175115,48.964927841503346,0.53266814128173,0.9174332925570848,,False
2,E98,4.4064128905149955,37.610893916301315,0.44686860263561695,0.914096820113661,,False
2,E99,10.465099445722366,105.95895340057587,0.514431384010967,0.8807547682116824,,False
2,E100,9.508721087714024,96.06562119344017,0.5154804475102407,0.8706143930113643,,False
2,E101,7.7120966019442445,75.46922569286002,0.5294511640103903,0.8930441278636283,,False
2,E102,4.79224774553628,44.28819955897327,0.4296305209081434,0.9039411597569222,,False
2,E103,4.944004911391091,77.14184376517828,0.3403256712074624,0.8959371883432593,,False
2,E104,4.233372718951784,39.65520432014437,0.3866801436684553,0.9159997367258468,,False
2,E105,4.301353612975762,44.51767882069158,0.2316904694854033,0.6830059024603392,,False
2,E106,3.6411914053375347,33.181723327231154,-0.07936123631208657,0.5917994053404833,,False
2,E107,10.666956540292425,104.87197313685868,0.451791465365456,0.858522661104653,,False
2,E108,7.714515431388774,76.05288870799882,0.4662227316858013,0.8536672701169663,,False
2,E109,4.84131324774494,52.16813733361827,0.3537119108638932,0.899786269095948,,False
2,E110,4.811707786782565,49.24354121290524,0.27904777182885415,0.9158428946919933,,False
2,E111,4.47369535822921,46.26577760381445,0.24007855231354236,0.8950677472241906,,False
2,E112,4.615370995582124,42.31559752013334,-0.04400300212436242,0.7555711391361835,,False
2,E113,14.594386102577172,170.31687005830335,0.3289602041723964,0.8428228908832059,,False
2,E114,10.602139408297903,112.85567366412299,0.43210298799460584,0.891969835713132,,False
2,E115,7.366730291062548,81.03361146297128,0.4412377495777899,0.8577304934122176,,False
2,E116,4.921352248522329,61.89305332586558,0.2578655887075262,0.8869202597091963,,False
2,E117,5.327460825803877,52.78475705567048,0.20253493163584463,0.9414122708628251,,False
2,E118,5.263334507031131,47.889536562928384,0.05752995312883871,0.9020309571107508,,False
2,E119,17.36255128954299,238.0271240638939,0.36045208280148816,0.8648534395498453,,False
2,E120,13.931846339030574,170.56542926171755,0.3571210589160103,0.8533499919868828,,False
2,E121,13.902166093908823,165.75224209580438,0.3484460183480413,0.8546734701089546,,False
2,E122,11.428143740382465,149.08637160814024,0.1660816157815642,0.6967698534418589,,False
2,E123,5.346458075001566,51.541151136222105,0.1534344387443269,0.7874657083395287,,False
2,E124,5.587696166322115,54.75227253349377,0.09171081519147017,0.9256065002551939,,False
2,E125,15.352549934543426,192.23571866072865,0.3116093872255101,0.7546922341989905,,False
2,E126,21.574495483222133,253.94386734046884,0.40861718419545584,0.7561758333642711,,False
2,E127,20.574818319627596,187.7573264672693,0.44551597060735726,0.7115054259904181,,False
2,E128,16.17882849642098,158.848204367267,0.34801562169661165,0.5347944573265055,neighbor_correlation,True
3,E1,18.475208273997723,168.03664342871403,0.0445888317564133,0.4967734080530705,,False
3,E2,25.39088165863103,205.93470877700236,-0.15123706956618413,0.7989420133624108,,False
3,E3,27.830912288589314,220.60685424221379,-0.23934541515523378,0.9686491246424831,,False
3,E4,20.52950642970463,165.57796872154813,-0.1919070697209105,0.9707873449389772,,False
3,E5,16.238036289976986,132.0811030789228,-0.17479505997370387,0.9688354171038802,,False
3,E6,10.126374930294782,82.37353628376415,-0.2134856768321649,0.9067357162211582,,False
3,E7,6.489644124204971,52.66523474655486,-0.19879949550626566,0.8059316573970765,,False
3,E8,86.39703436593098,848.1088533503913,-0.25685173436911624,0.9378606769912166,,False
3,E9,53.04358616635753,418.2804899035808,-0.2531782644937371,0.9854125438078409,,False
3,E10,30.92948740840468,243.75101889156807,-0.21862255980111422,0.9841695344461562,,False
3,E11,31.348204288128574,233.97444581006042,-0.2233673010667493,0.990212149475465,,False
3,E12,18.175552372787237,139.90473115942052,-0.20134671819600575,0.9722777358073504,,False
3,E13,11.769051673253156,94.49004261431253,-0.1946994101548058,0.9601672868413376,,False
3,E14,71.62477148874007,547.1247414804743,-0.25199920921289337,0.9842055979413149,,False
3,E15,53.49914198560366,386.05820793946947,-0.23923745371165064,0.9937749649508544,,False
3,E16,41.7807408416697,306.65407167140336,-0.23391073629010523,0.9950386260474002,,False
3,E17,81.58769689296275,712.4962945356274,-0.2559373716489467,0.9617601348970698,,False
3,E18,34.377606965935065,248.86345879335394,-0.22761938199461373,0.9950100445523427,,False
3,E19,28.17309586395484,201.52443405612283,-0.21303552730107428,0.9876941684887177,,False
3,E20,13.468313708475115,111.42740007863794,-0.1799023068393249,0.9849980800276656,,False
3,E21,72.16414598975949,515.1616815760024,-0.2550905164282662,0.9903521729688074,,False
3,E22,42.74376711109862,308.92784476878217,-0.23019852073486619,0.9940983305572259,,False
3,E23,26.780511873034897,185.92790698867879,-0.21731961278134423,0.9753885430337961,,False
3,E24,14.92640460992354,123.95374093607938,-0.16993732766121175,0.9819000475708998,,False
3,E25,237.18195442674906,3598.659866576167,-0.13592926263924376,0.5925601064416164,variance;peak_to_peak,True
3,E26,27.96132471239917,294.75031251621,-0.1339971425451315,0.8422044731485947,,False
3,E27,16.602656369656874,155.82193679425367,-0.13757271227122275,0.942574205408552,,False
3,E28,14.1431923650942,127.15062680270395,-0.1449637540882573,0.9863096981915789,,False
3,E29,12.824737403900473,115.96503405572507,-0.15226643074972782,0.9768259606369285,,False
3,E30,10.827411663726092,99.03856394266765,-0.13435112236237717,0.7523016101173388,,False
3,E31,10.574826338603502,131.95840225453134,-0.09159491745185938,-0.2009648918300816,neighbor_correlation,True
3,E32,26.993266988477767,287.9924094491169,0.05736157972614336,0.5768477749250442,,False
3,E33,11.60698946101121,99.55815991153071,0.18149846517064394,0.6530665230471298,,False
3,E34,8.919620303161977,74.09597381837533,0.2275387575312696,0.6926097795728056,,False
3,E35,7.531835490107085,67.70252629686496,0.23994390422898204,0.8065939556157427,,False
3,E36,6.588718407703766,47.52435710803053,0.2797719352350606,0.7034041443005477,,False
3,E37,5.228165218374943,51.6205798865575,0.23084486520179423,0.531761982485294,,False
3,E38,15.357554648693709,150.36710303825794,0.29715844774076766,0.6550407857522138,,False
3,E39,9.906020695803921,98.0601527107246,0.3160304824961566,0.6242012981437036,,False
3,E40,7.684103198308495,68.73578404751015,0.28066395552438,0.7764145557879625,,False
3,E41,6.063283376912182,44.87357364073043,0.27816638321238396,0.8448837121168405,,False
3,E42,5.374193539664159,42.44590366678507,0.2621615188262466,0.7497881281915852,,False
3,E43,19.2451457050721,243.2958575555419,0.271306249140385,0.710058237824132,,False
3,E44,17.863084927084977,173.67481083995926,0.2835926538254653,0.665915249221319,,False
3,E45,9.899280422301434,106.45511069579206,0.3634498707436392,0.7878796375770685,,False
3,E46,7.249631555031645,64.4528093666102,0.374804115677245,0.8383307878886009,,False
3,E47,6.1315857206994435,53.5549837178192,0.3765036569542794,0.8491987914697525,,False
3,E48,32.019511211840445,518.9201166840387,0.17094976521608068,0.4952449241574888,,False
3,E49,16.220400663988425,183.34294150936663,0.3390309065004751,0.6743079961692047,,False
3,E50,8.503640342311382,93.09455977456177,0.44930942054019885,0.8720731618653401,,False
3,E51,6.664273793934624,57.319522090825004,0.46537103742181163,0.879882368080584,,False
3,E52,5.600572068913151,49.01719159992817,0.42686144298469647,0.8892857195341032,,False
3,E53,5.005844966837953,43.066690128985734,0.31367277754144907,0.7819820141725455,,False
3,E54,3.7810746294316653,39.31237110725162,0.2741555852820505,0.6564734415050215,,False
3,E55,18.366062805868506,226.79302677743732,-0.10342468730588916,-0.19392677941820102,neighbor_correlation,True
3,E56,33.2717600119183,416.09404406166465,0.14673215329180386,0.5810300205627568,,False
3,E57,10.708159890320973,104.63823069939797,0.45105853218065445,0.8242029960853721,,False
3,E58,8.30664608998442,75.79818337996718,0.46551932768580795,0.8686727862014729,,False
3,E59,6.6044999100101975,53.28300477326332,0.43162709773561686,0.8996448994844768,,False
3,E60,5.29836741366801,42.120891116376654,0.38430437407246515,0.8768502221532,,False
3,E61,4.646603770393013,37.040512093389935,0.35233529125724783,0.8072927513154435,,False
3,E62,9.880316874665537,107.3725580831013,0.020272078917371653,0.899495943265561,,False
3,E63,21.689151918216886,300.8236245022866,0.21205183691138574,0.6907274307345963,,False
3,E64,10.5552603199649,93.16839066365436,0.49241483020844906,0.8665946625651997,,False
3,E65,9.402054703945108,85.68831871517071,0.3682396914721036,0.7637322504114471,,False
3,E66,6.322727409098054,49.32468683101732,0.3417951996228593,0.9167970773023808,,False
3,E67,6.111733762128654,48.532586135447374,0.3080490227637659,0.842461098200313,,False
3,E68,13.273038866131916,118.6938169638064,0.40046659252208244,0.8638378991910333,,False
3,E69,12.319976445959599,119.41283924798428,0.38389617134850434,0.892455103369618,,False
3,E70,7.274676653072256,55.19846239902269,0.4069745571595269,0.871695886489994,,False
3,E71,7.752811613340435,64.9876880847712,0.24923581810271497,0.9277528164600017,,False
3,E72,9.15198157670358,91.7367602327628,0.14055573086895662,0.9361541607932891,,False
3,E73,15.966954119168964,174.68054936083567,0.3003610670319841,0.8538665205624449,,False
3,E74,12.719995061376173,137.20606299505062,0.3336018656937984,0.8491581693151637,,False
3,E75,9.154770663673007,85.84846184721275,0.2835926538254653,0.8840241843008492,,False
3,E76,10.133942690811361,106.80006279307285,0.12548487814390114,0.9067858902182562,,False
3,E77,11.041257345734234,120.68286648491218,0.07407351029478604,0.9505744494275581,,False
3,E78,10.884498732599347,124.44460201155209,0.01689168956772195,0.8531890448013686,,False
3,E79,4.3002614449552645,36.62741598184838,0.20222766357361643,0.6671207288536782,,False
3,E80,2.439653840851795,24.41725972680465,0.17481670667139634,0.2997097939845415,neighbor_correlation,True
3,E81,15.317039966577456,152.36701527721806,0.3498116466105374,0.8133364641760698,,False
3,E82,13.517598444089096,122.64843460421051,0.36956269812059894,0.7597949083846189,,False
3,E83,7.801517199125802,57.428921825382574,0.44880868367780374,0.7888759750177301,,False
3,E84,7.460685501736446,60.34973885101526,0.33552705541594746,0.8637172974655473,,False
3,E85,6.349212203513633,55.885956392688094,0.3063784932647202,0.7532071140768891,,False
3,E86,5.435019264385908,58.634234904028105,0.2502866756586838,0.6733600151895841,,False
3,E87,3.5562041278366725,31.132908117582573,0.3670311466865514,0.7016145944989614,,False
3,E88,16.452887774461686,185.49165687660593,0.30502309535303523,0.7105189107629346,,False
3,E89,11.306867299516108,107.17206227094873,0.41965115685241355,0.8376407192342459,,False
3,E90,9.502993457107268,99.4232995949294,0.3135371003029432,0.742045942139611,,False
3,E91,6.542827622471142,55.704244312949065,0.38297831608737243,0.8824371794569084,,False
3,E92,5.773347670388269,48.383036653174315,0.3352929767094397,0.7972731544073632,,False
3,E93,4.187676246285002,34.06074119642801,0.38295332775186897,0.9421303703121084,,False
3,E94,13.151382836643569,130.2630219956664,0.40175347099533676,0.8018143155778783,,False
3,E95,10.015719345184513,84.00419187947284,0.46161652853904844,0.8483323879787605,,False
3,E96,7.066498616399244,61.35867437473349,0.43605243358295254,0.8925373613706717,,False
3,E97,5.482985693564654,48.02399562912295,0.4210524950716902,0.8937808831138713,,False
3,E98,4.493151634418243,38.0038549540956,0.3753613832450735,0.9377158336344992,,False
3,E99,10.687960609566302,89.33147924818222,0.4474525332228902,0.8202602355808948,,False
3,E100,9.504053364347115,77.82763295523694,0.45217927998034646,0.855902154599768,,False
3,E101,7.669671075424088,63.71566228143463,0.45057924057590176,0.8774323469694792,,False
3,E102,4.955032519995553,45.196203692520896,0.35225387493072813,0.906632554190713,,False
3,E103,4.653957370410543,40.917638409460636,0.3027262693461542,0.9391363847120309,,False
3,E104,4.388050689991876,38.72917557460748,0.32181915008448697,0.9246860157685453,,False
3,E105,4.468554064747064,39.06626366755263,0.2371337997528982,0.68068681518892,,False
3,E106,3.992238652874765,36.461280789898616,-0.06638132399761469,0.6703420334785588,,False
3,E107,11.2185382190197,109.41980203399126,0.41271328846492156,0.8190987161946073,,False
3,E108,9.269955605283315,104.40509887986937,0.3207447183299502,0.7737952818865856,,False
3,E109,5.213728902569594,53.98817622127416,0.2542033869743458,0.9094389015893866,,False
3,E110,4.9741897276797244,52.947020616342705,0.21619079683744016,0.9108640569098102,,False
3,E111,4.881924169870489,41.76159396795482,0.23866568119949322,0.9059871276543385,,False
3,E112,5.21826802330864,42.13301329024915,-0.053539774073781514,0.8180910736088293,,False
3,E113,13.733672229812516,146.7024331296882,0.3783850993737887,0.8176271586652437,,False
3,E114,14.106459615451572,182.03235318291297,0.28738628171285463,0.5744047371782119,,False
3,E115,13.06226830169647,187.27261294867532,0.2171042361324198,0.5777815417701,,False
3,E116,5.171535530889348,47.812749568153095,0.24737180449248589,0.8929204579447585,,False
3,E117,5.7581836985161585,48.32118296448661,0.15116325861422825,0.9543194004565787,,False
3,E118,5.805825564754974,47.20084448295893,0.016096759614627146,0.9213762857668373,,False
3,E119,17.720389714018935,252.27232119584244,0.34983493806767685,0.776573678702263,,False
3,E120,12.670476685099182,115.95973869748309,0.36570811431454003,0.7703645496563927,,False
3,E121,11.876849060759595,113.08046911127252,0.30387234604575136,0.5887202510626978,,False
3,E122,10.44532477603943,116.1047014636008,0.18349504760891136,0.6215235416831162,,False
3,E123,5.98716749554262,48.51887152978739,0.10389672951227691,0.8033130964742423,,False
3,E124,6.118810114367947,49.177821950630666,0.04937904247638023,0.9420129690575347,,False
3,E125,16.024558537980035,183.38804399939812,0.2701346594881251,0.49205194406316016,,False
3,E126,26.846693585847156,417.531752395098,0.21503886997122207,0.43537392456118085,,False
3,E127,49.5629894814976,1006.6738160921325,0.16345196583850785,0.24846036680628436,neighbor_correlation,True
3,E128,22.76268490200171,254.1592597602113,0.293046493315197,0.3505801074560919,neighbor_correlation,True
4,E1,22.215277992520406,258.9871025385297,0.005531232553691259,0.5977871824905057,,False
4,E2,25.375177298318775,245.02735571912655,-0.0984142911798563,0.8329529391409534,,False
4,E3,25.691971881584927,194.7674458789702,-0.1706847295731578,0.9472078957943737,,False
4,E4,19.705881918751903,194.57352626150634,-0.13426346270232686,0.8954904318520233,,False
4,E5,14.747790973710389,101.69695209643885,-0.1214470453141677,0.953231382825116,,False
4,E6,9.197430628492612,68.08359735564815,-0.14084813592392473,0.8940834688705859,,False
4,E7,6.257080122734326,50.94765498455352,-0.15862939392805953,0.7850500297773175,,False
4,E8,67.64663892897343,504.65994140481973,-0.19508722540606602,0.9401606549559941,,False
4,E9,46.47136037775495,317.0171889387399,-0.17257614107945518,0.9861454263720728,,False
4,E10,28.29440485499267,199.98846821718763,-0.16459108878770237,0.976908668930242,,False
4,E11,28.324076951807612,186.17694910978656,-0.16975529320382718,0.9847987187369166,,False
4,E12,16.832484426639294,117.7575495647684,-0.16040953054431173,0.9635949472592893,,False
4,E13,11.102105657100521,87.62924585940789,-0.12761534666042898,0.9606333443218397,,False
4,E14,62.6946326455827,419.7574807271087,-0.18075039049950306,0.9798873622669654,,False
4,E15,47.859055320093034,318.69854110162333,-0.17282208634262586,0.9957436368713724,,False
4,E16,37.47453462577163,247.6025257198601,-0.16989789941006833,0.9947753799055425,,False
4,E17,79.18143797121903,899.1367876692657,-0.16217022237667136,0.8915018391709181,,False
4,E18,31.85099646839586,208.91718863094806,-0.17770465053923576,0.9934832284184407,,False
4,E19,26.441481548862132,178.94347480658098,-0.16990786611560427,0.9874293472164258,,False
4,E20,12.860820675581893,101.31113921665478,-0.09437660254302273,0.984717462772219,,False
4,E21,66.51668445775275,438.226294919461,-0.20277143560265365,0.9926964739526397,,False
4,E22,39.68029817448702,262.5978223258156,-0.18747312177571374,0.9950954223447057,,False
4,E23,25.554094298287424,191.11753067063182,-0.16795754488298817,0.9728361467017776,,False
4,E24,14.298076186221438,110.74943737915916,-0.10003257855414915,0.9789029316103264,,False
4,E25,80.57439648691066,526.8104978919714,-0.21194491677549837,0.9534048397161445,,False
4,E26,24.27914490707897,207.87997406723565,-0.08644651516903575,0.9227131288572521,,False
4,E27,15.48419121259838,126.17355090281254,-0.04541806793043252,0.9312596394587049,,False
4,E28,13.42717618463204,109.62644843802676,-0.05308224604121713,0.9847846295351792,,False
4,E29,12.236613309169636,101.57524431066732,-0.04067507358800192,0.9768409182401705,,False
4,E30,10.188605819646341,84.05069200196999,-0.03149698324126081,0.7893034834450338,,False
4,E31,12.51426261790007,148.60570547440966,-0.11034677319247663,-0.24609947772514057,neighbor_correlation,True
4,E32,28.06769164869909,309.52436827788233,0.08673154708844669,0.6493864841355517,,False
4,E33,13.687159885202623,132.09120795519175,0.13484282836158482,0.7239774715502851,,False
4,E34,10.342773786279647,108.56507510390298,0.22099872725084407,0.6720779591590051,,False
4,E35,8.218003262144592,93.25370237866974,0.24166450931481048,0.7546875903228203,,False
4,E36,6.960189115270941,68.840223855283,0.27618746618506435,0.7212040069764497,,False
4,E37,4.890106356618035,46.09228179567873,0.21813606899372676,0.6456330714021371,,False
4,E38,17.066578389823473,190.4000776550768,0.21977748814675233,0.7240529414796453,,False
4,E39,9.685114670770783,107.17597963004249,0.2776342760375192,0.7091831428001286,,False
4,E40,9.099462404274433,101.59529361455304,0.23364670637800666,0.7355935349136047,,False
4,E41,6.547109209721083,56.867224231391674,0.21553435345916763,0.8092037073979712,,False
4,E42,5.677921348372048,55.391988095422164,0.21909723785560856,0.7493988490214406,,False
4,E43,18.830518741695816,210.81688688180895,0.26488810946437796,0.5647131132037467,,False
4,E44,22.011058503232825,214.78971753137893,0.14264782529314637,0.4451611025841202,,False
4,E45,9.066402262823265,102.96284984086651,0.3133811488895312,0.840126809436075,,False
4,E46,8.492819631974724,87.89612095429356,0.28361494567282913,0.8135438170718124,,False
4,E47,6.521671020536035,52.909578007792106,0.31383811154690505,0.830400112512929,,False
4,E48,22.072500881429836,242.8730830492569,0.21752085735861126,0.6030683124735786,,False
4,E49,15.613245399079219,150.72397537519146,0.32507638717310217,0.6140315506624784,,False
4,E50,9.179031064370736,91.21692670447032,0.37857167891170196,0.8486606503063625,,False
4,E51,6.947232814210619,61.74522033967236,0.3954161544243201,0.9008616110701178,,False
4,E52,5.70104325661652,48.23420480214611,0.35587238582497865,0.8804154964610198,,False
4,E53,5.117482810325487,45.68806854427784,0.25683278653656205,0.7467804468629646,,False
4,E54,4.353657320674832,67.73728715458185,0.1953511078358804,0.6799666701334771,,False
4,E55,21.787633690665743,255.48557105384623,-0.11089916050935487,-0.22085890210662137,neighbor_correlation,True
4,E56,37.47168306081322,406.13853671429376,0.16708292611819348,0.5128874431751529,,False
4,E57,11.170038651758134,103.63913626977384,0.39111891517803954,0.8139333354397695,,False
4,E58,8.171341555001153,71.14464129179566,0.40443013287644036,0.8831072391453323,,False
4,E59,6.784052773964312,63.15658475461555,0.370762193027106,0.8983664796280957,,False
4,E60,5.523328238322437,48.30273179486963,0.2967701840328792,0.8371258051074039,,False
4,E61,5.565767724784018,59.457818801398666,0.2602480913537056,0.7038102926811125,,False
4,E62,11.010977924901837,128.6011078443247,0.02591595139864853,0.8982338341207743,,False
4,E63,17.505301094846207,204.53301160615092,0.30685922488331874,0.6829435991660319,,False
4,E64,10.675901026123388,95.06099728520508,0.4304874346617716,0.8179811047890323,,False
4,E65,9.347212241166043,94.73432520167711,0.307912798622243,0.8089138046347916,,False
4,E66,6.38812923029868,60.05563657046713,0.28232991377051403,0.8928445832081838,,False
4,E67,6.3621273939602245,69.64352901769274,0.29005151306041543,0.7315903536846166,,False
4,E68,16.325082885833993,166.6547484654841,0.30664229267438886,0.8159370012548801,,False
4,E69,13.573628255184039,148.28953298520628,0.3249045332335103,0.8512437613335135,,False
4,E70,7.327977034846544,62.96888211711254,0.37226090799915434,0.8498788626492586,,False
4,E71,7.965322754404967,77.0513687637762,0.21133306574522964,0.8963231414257342,,False
4,E72,9.881084314557244,105.2826242949009,0.10918013539546113,0.9431119257895425,,False
4,E73,18.752446223387764,229.11514664576572,0.23759063233564992,0.8030249967142451,,False
4,E74,15.069640424173267,180.65788272938693,0.2668990350586478,0.7901909192477146,,False
4,E75,9.530575750992067,101.78137225934165,0.25021799760242214,0.861355076949607,,False
4,E76,11.001323343897885,122.00936551507633,0.09030054992178642,0.8925719430888426,,False
4,E77,12.312793266929951,134.21448171844753,0.07392800105155178,0.9504648970369038,,False
4,E78,12.409716387013582,132.92881468673048,0.024114035249939055,0.8511485697631727,,False
4,E79,4.526654632128548,41.95309050983303,0.21807364065910145,0.6601239854308357,,False
4,E80,3.0341761017807873,33.644304652832716,0.18528546526524142,0.3328314713117277,,False
4,E81,17.591913611655556,197.70260312178365,0.2970683634406075,0.7972814796762068,,False
4,E82,16.60592422705373,189.17747305437908,0.27922630895737716,0.6976116943702433,,False
4,E83,8.395614686175362,86.7754183764645,0.3506834291759496,0.7134513003341041,,False
4,E84,7.5993661663134136,81.726773134364,0.3036103166902095,0.8151641815152673,,False
4,E85,6.6164886440932875,66.63226365415755,0.28650866075557685,0.6375137101051225,,False
4,E86,5.503556954770154,56.939792121155136,0.22304578328775138,0.5534467597782651,,False
4,E87,4.02840548196485,46.915294611805166,0.29353868094299884,0.7551365541860963,,False
4,E88,20.41079924610426,227.85120907838518,0.2675130329508376,0.6651144657171004,,False
4,E89,13.178846748296218,158.565200563008,0.34088256638382297,0.8259645228412065,,False
4,E90,10.379210968990424,109.70571804780982,0.20616196770584239,0.5808164526996575,,False
4,E91,6.440679096628041,69.7028391471986,0.3682757487099383,0.7870854226794212,,False
4,E92,5.515763328111001,46.28051746575639,0.28936672128556074,0.7415668859867643,,False
4,E93,4.61194533956279,55.24464817601913,0.3154439793436601,0.9352941743691922,,False
4,E94,15.351997058722366,183.66401633536321,0.32887920065258874,0.7813221594328839,,False
4,E95,10.617202825658913,98.78574436999952,0.4007710265548763,0.8210042073625421,,False
4,E96,7.133474466819481,64.2929227121966,0.38577005528599995,0.8459369531213929,,False
4,E97,5.666317125650908,51.72709679214307,0.3656271410957385,0.8730004241593902,,False
4,E98,4.9227940480556285,55.151855985473304,0.3059283157381508,0.9274929159391723,,False
4,E99,11.376338185047704,118.62262293409185,0.4262645070806851,0.8031491386363927,,False
4,E100,10.253270336173959,111.1609615860034,0.4170719695018717,0.8226847206540877,,False
4,E101,8.485641160182368,99.31977355285153,0.39236114764479046,0.8562681615707095,,False
4,E102,5.679899001455349,73.9928005527259,0.3031922960330036,0.8866186666111594,,False
4,E103,5.42584619525534,70.31094516201017,0.2193001202115506,0.9235743123097816,,False
4,E104,5.12046131134967,71.87157349890893,0.2359173116397226,0.9192783838476885,,False
4,E105,5.511046213858906,74.57764019752562,0.20704708430887359,0.7426230537351846,,False
4,E106,4.084782423913545,36.57369885434647,-0.02399421792037218,0.6515069328437695,,False
4,E107,12.558506006353548,178.1988424563324,0.3202901462740615,0.8079340549029647,,False
4,E108,9.617967447868748,150.1680053419227,0.30614185491990675,0.7465066770560939,,False
4,E109,6.350083956799822,106.71224558888827,0.19474913724318743,0.8873279363053401,,False
4,E110,6.341463938278419,91.12987256116799,0.21566089801221822,0.9062063864133636,,False
4,E111,5.900962187572691,81.08216359661151,0.20829244513747738,0.91370365148066,,False
4,E112,5.197762554505103,46.21767346781621,0.03279955846542439,0.8278799112417716,,False
4,E113,15.850175777307872,187.00858095659078,0.2690045235248439,0.7850858140954001,,False
4,E114,12.693862778605775,133.340715748766,0.20733187868838096,0.800113488853744,,False
4,E115,8.81917401581265,115.9103964740827,0.26273083481051135,0.7262501582321698,,False
4,E116,6.606203346264729,106.45783467861975,0.18948472782376788,0.897629296125267,,False
4,E117,6.779956890925821,91.93688331607495,0.15635178582118403,0.9372569582324376,,False
4,E118,6.133270671356431,65.27577876784835,0.10373233883460492,0.9280493464092321,,False
4,E119,37.67384791904981,421.07533618229036,0.16122996849459287,0.5016406263189213,,False
4,E120,15.103026096735121,153.1832225689106,0.2511227494831715,0.7421246317894408,,False
4,E121,14.786122601069534,169.9029168671138,0.23102947221913278,0.7574234047749976,,False
4,E122,15.85660647115889,219.0711674216418,0.06683054061816021,0.5438996654900716,,False
4,E123,6.687078531992548,81.76937285251734,0.11620010544100356,0.825503389563824,,False
4,E124,6.841301543566715,82.39508745559306,0.14187997662065005,0.8725923310361219,,False
4,E125,20.006544896177786,218.45163581569034,0.11747912090033917,0.5989047299630976,,False
4,E126,35.61613345960211,449.158265451465,0.11164366444080726,0.3730098606397644,,False
4,E127,27.670678411955155,333.96242368793946,0.23903886246025624,0.5282637036861502,,False
4,E128,22.926192447553937,216.44971794937567,0.24460493714363724,0.4952575443025794,,False
5,E1,19.482796878064406,179.1776697863468,-0.017954567768597374,0.45353991682172157,,False
5,E2,25.19687411591846,173.96072493365284,-0.194930717166346,0.8361756823472608,,False
5,E3,28.255037297485515,181.48130866908198,-0.2739137657887843,0.9726416691130096,,False
5,E4,20.258015588010366,133.51877318412085,-0.24155146486838164,0.9763606372419089,,False
5,E5,16.858701607887056,112.69593444510267,-0.23754443794740587,0.9574307411205177,,False
5,E6,10.18853387789783,73.55600737161755,-0.2158387226293043,0.9094706287011471,,False
5,E7,6.815181339957311,59.42414795870701,-0.21393745149839788,0.7468202454609276,,False
5,E8,81.9997301261442,625.6560863296161,-0.2988715091456516,0.9575528089065695,,False
5,E9,52.82085663783627,341.2503099430976,-0.29369427717183466,0.9884331397307249,,False
5,E10,31.53048939366401,201.20244188687462,-0.2612547774271566,0.9922864587970279,,False
5,E11,31.3618185474088,203.36264642783453,-0.2674731727657397,0.9933141891042987,,False
5,E12,18.272238374444107,125.32221935766773,-0.2644985531576306,0.9619623275414815,,False
5,E13,12.078517463412663,96.73906542470344,-0.24506110492164707,0.9444812348383282,,False
5,E14,71.67287903203993,445.7375213705635,-0.2951639387291724,0.9924746247587584,,False
5,E15,53.20590665249374,337.8923897166128,-0.2873665741125595,0.9962225203963839,,False
5,E16,41.67519040062053,266.8500829387749,-0.27691934386956435,0.9972660578962287,,False
5,E17,76.33103083176945,477.1776910045328,-0.2963718755063647,0.9928169768493763,,False
5,E18,35.19688297210163,231.366169526715,-0.2834918370125904,0.9970892371261993,,False
5,E19,29.253554703840646,201.19323539977955,-0.2787808025477495,0.9907341759296451,,False
5,E20,14.252890544117253,119.68623234576879,-0.19467587540616751,0.9786726678683555,,False
5,E21,74.43915631337222,450.5028936924241,-0.2997321167786574,0.994768512208762,,False
5,E22,44.11821811050639,285.25098540010686,-0.29353399871773456,0.9960950345052444,,False
5,E23,28.25682594355133,205.7442283362804,-0.284281134372587,0.9774036807671697,,False
5,E24,15.717923496159992,132.16943292782523,-0.1989535830358688,0.9657577793190357,,False
5,E25,115.25266170107548,1318.2735981722622,-0.23827152190571327,0.8368666176147264,,False
5,E26,27.14072499344442,233.47599584663755,-0.20534103705373102,0.8978946826116028,,False
5,E27,17.800697296667135,167.22584464886035,-0.14000507641929769,0.9111715361103543,,False
5,E28,15.297682432905088,142.29102760427108,-0.1374822810040408,0.9754092868656812,,False
5,E29,13.939327183659373,128.6866066195112,-0.13136995595176026,0.9540618426249319,,False
5,E30,11.891375452367074,103.46450477985178,-0.0929902216944368,0.7590526783307154,,False
5,E31,13.798652161342401,147.4936206298035,-0.13074910755034658,-0.2614341545630873,neighbor_correlation,True
5,E32,32.74682618516733,415.76921702737843,0.04812663192760567,0.49627397395206846,,False
5,E33,12.970924275305107,140.64004713213785,0.128542372664151,0.702987145425733,,False
5,E34,9.400125505231042,98.61009942768926,0.14864077321086755,0.7616932935589813,,False
5,E35,7.909911118162584,98.50723508224402,0.1989565655556728,0.8169885258557466,,False
5,E36,7.2385120886809435,75.11169661559461,0.2246860991128724,0.7439068548670356,,False
5,E37,5.423333254965059,47.43818489305943,0.21541750309840874,0.5944880442949585,,False
5,E38,18.280263337966204,190.31491543280939,0.24208686399818832,0.6854858655045792,,False
5,E39,8.763523469427877,77.40078547442154,0.3119996204930362,0.6941026169403741,,False
5,E40,7.884939080221118,79.0011253633561,0.27071353687960775,0.8253950667566654,,False
5,E41,6.099114354334946,48.324952119544534,0.2167210682790845,0.8409562836266358,,False
5,E42,5.484985902628954,42.73086484936968,0.25123407909461043,0.7748047405248537,,False
5,E43,17.66575930555241,143.1121526958887,0.35986582755236785,0.6076340508176052,,False
5,E44,29.363677822612583,304.14673638549397,0.13513896434831757,0.3870278621881922,neighbor_correlation,True
5,E45,8.594927510936948,66.63914306683061,0.39457501593655964,0.9177199216969649,,False
5,E46,7.49748015964425,61.197845388238505,0.3611830471131044,0.8789043240119074,,False
5,E47,6.448255447950475,51.00203414805124,0.37192594146901686,0.8657806107131012,,False
5,E48,34.775668061502316,473.444542369909,0.15561121899006833,0.46698712367964473,,False
5,E49,15.75373341572259,118.91489005048061,0.43677227268707913,0.5801301470473412,,False
5,E50,8.887483867735709,69.90838177592383,0.43344805373319706,0.9050065122204214,,False
5,E51,6.968524413926325,55.24328389174997,0.47251566376186827,0.9067908975947154,,False
5,E52,6.055397808876912,52.732887567484596,0.45114093848345804,0.8859011504471321,,False
5,E53,5.494279883623279,47.941735352468925,0.31595249160085004,0.7408771348223697,,False
5,E54,3.8320962178577167,31.200760205493278,0.2681018914800431,0.6404734144233123,,False
5,E55,23.752445620244774,270.1430367611666,-0.1084838071026418,-0.2313791122404738,neighbor_correlation,True
5,E56,31.665434653335023,345.7800914079519,0.12820336063812005,0.4705187111166361,,False
5,E57,11.11188137560901,94.18123284888557,0.4568336780509884,0.8867962852083304,,False
5,E58,8.595969085821443,68.21613382744773,0.5097485760767653,0.9053420102708276,,False
5,E59,7.2127794037629975,59.73741159632104,0.4464172287810922,0.9099303695721808,,False
5,E60,5.533870989570194,49.030558537052826,0.41588362844943677,0.8437676641594969,,False
5,E61,4.826361066494432,43.47811285357156,0.34842239585889134,0.7467148349257561,,False
5,E62,11.797126143128628,125.13524785267253,0.05217813761300109,0.9111533656732587,,False
5,E63,14.121895569093072,117.22040514905223,0.425964528534466,0.6321868708441555,,False
5,E64,11.092385243068911,86.53830478924407,0.48956607627564397,0.8704909770136577,,False
5,E65,9.876600070720658,80.45224463104798,0.4605297457913435,0.8751811137393857,,False
5,E66,6.815964934016496,58.43035236231873,0.3547348039873521,0.9133077891093876,,False
5,E67,6.555708577948877,58.56153008174635,0.3123098727075591,0.8293247901928809,,False
5,E68,15.991468909409493,170.33008774414566,0.38063665028755295,0.852602873652827,,False
5,E69,14.624164072671226,145.25018251580582,0.36295842802640993,0.8827666648500783,,False
5,E70,8.003746096749028,62.129189719648096,0.45054562506007967,0.8971563845110989,,False
5,E71,8.463898129104692,76.15514178818742,0.26768774893564523,0.9462780704814695,,False
5,E72,10.673500999323537,108.50333991999287,0.1572397480123572,0.9557562675836678,,False
5,E73,19.480085018657064,206.3074917152131,0.24778194718239063,0.6995206887030998,,False
5,E74,16.598799817729986,173.48894264861718,0.28151818519906974,0.8026578271508573,,False
5,E75,10.161689249505793,97.57609162441489,0.35500367308226627,0.8917879603347065,,False
5,E76,10.549755385970176,107.11194419755132,0.2125869852382583,0.9290722129187006,,False
5,E77,13.034369995016082,136.5156433899315,0.10763224202536512,0.967787191089471,,False
5,E78,13.295329652534987,146.42056030370728,0.04936120606817636,0.8684866970491824,,False
5,E79,4.686328371405986,42.234950831229284,0.27568186111197607,0.7136674753849155,,False
5,E80,2.8223475380086325,27.05746600509533,0.16614106158534064,0.2910134504079973,neighbor_correlation,True
5,E81,14.810705158523245,125.40388059913528,0.4037967794626784,0.6611902265107291,,False
5,E82,14.068682281817724,119.57035964258998,0.4078507921838941,0.7887939137567854,,False
5,E83,8.43942461009437,61.25130303622066,0.4380773873327146,0.8892410492023113,,False
5,E84,7.8331776639251025,68.02462564770195,0.3935350603764135,0.8911999217473452,,False
5,E85,6.742500104558437,61.40459284352601,0.3517031887895409,0.8199008266084482,,False
5,E86,4.883289984468445,40.46382063527132,0.4051168221113397,0.7371169694360926,,False
5,E87,3.950955721631705,36.203556631886556,0.3450702640334528,0.7143527998069397,,False
5,E88,15.688088823161513,121.04558656687843,0.32005574119301683,0.6246806182501441,,False
5,E89,11.585582269994482,98.4505587337904,0.4740676426314595,0.8672111512659237,,False
5,E90,8.666125457835804,69.353497761699,0.4863375993942289,0.8883256440038332,,False
5,E91,7.0425828858025294,60.02893191770056,0.42486284350628684,0.9038788152473622,,False
5,E92,5.873312098530918,50.00664801134769,0.4057918442802395,0.8656021720528937,,False
5,E93,4.5658686332310525,42.493207304763814,0.35683942672331875,0.9382134592386069,,False
5,E94,14.261910856343615,121.60512974376502,0.42781942071253354,0.7150128459604153,,False
5,E95,12.77739739411926,120.1024671953952,0.4677577724934508,0.8067979863224739,,False
5,E96,8.057063715818746,73.7686440472163,0.45524317642875123,0.9195093825954832,,False
5,E97,6.140633333131714,56.200593711667295,0.4221194040366344,0.9313903846893095,,False
5,E98,4.932341374457623,44.321351783639386,0.3572402267653169,0.9396436117416418,,False
5,E99,13.244863615410999,122.84571414985513,0.47301518882741417,0.7847260119927477,,False
5,E100,10.441264470427658,83.52969855570268,0.4575547169795038,0.8826763186376386,,False
5,E101,8.516989103831902,67.4468607074648,0.4692669012616046,0.9245330446234792,,False
5,E102,5.290120025416045,51.16119135536525,0.3449140736406815,0.9104432620637464,,False
5,E103,5.0669612585515065,47.893493543809456,0.29799486817726467,0.9389619949199355,,False
5,E104,4.731276030740041,45.386473005108144,0.29328615024255844,0.928931001817134,,False
5,E105,4.72485334537872,44.227887259854135,0.21610826152673482,0.7222000299284954,,False
5,E106,4.564573097349376,44.707249869675096,-0.061408893196834465,0.6494545650090515,,False
5,E107,11.795231383548378,100.37054643072835,0.4104040822086848,0.764131837980271,,False
5,E108,8.374712631153706,74.55860445788245,0.38082005861314927,0.8563956848646118,,False
5,E109,5.386535894858869,50.99706673330695,0.2292693877260259,0.9089129343316676,,False
5,E110,5.2364783242656046,47.54425615613781,0.19986667945961137,0.9167224571466727,,False
5,E111,5.196834371911,48.490940190344816,0.18708958538206327,0.9135032581544397,,False
5,E112,5.248274221111469,46.33356157674966,-0.06596713967925101,0.8241842552704355,,False
5,E113,14.129417354352226,118.62891910503083,0.4085059819896823,0.7588437574862053,,False
5,E114,12.633181524866407,107.90885966408882,0.33578006437016095,0.8285177355878576,,False
5,E115,8.052170643119288,69.82902554152994,0.3640761279261957,0.8433267613628646,,False
5,E116,5.395264958641048,47.6616958004078,0.20170167728675265,0.8967334305372373,,False
5,E117,6.0053927713037565,54.002838762234475,0.11440947822309218,0.9344375473544992,,False
5,E118,5.943657517884073,54.42775548972908,-0.022456241895361582,0.9338859111518268,,False
5,E119,33.01531552947675,368.93237117787135,0.15905729166171118,0.5165589726513679,,False
5,E120,14.665304717148558,121.98729017168858,0.3491903457044985,0.8265207276476175,,False
5,E121,14.351336341968167,139.92940369547574,0.2935178524705638,0.8204419857182164,,False
5,E122,16.882704105308505,188.37718228767034,0.1113156352967326,0.4204128868757012,neighbor_correlation,True
5,E123,6.238311336602643,59.07205421014204,0.08582346821910138,0.8256882622984019,,False
5,E124,6.622725873669875,61.88817823920496,0.010027582086325192,0.9032238623150098,,False
5,E125,17.101108044877208,161.15616740448962,0.30925405149628904,0.7324993068098846,,False
5,E126,23.091432847367436,203.7144043636187,0.36225825042784904,0.6774454890249618,,False
5,E127,30.22534233221318,444.47226383013844,0.32327913032701305,0.5227497124016909,,False
5,E128,24.650054778932468,311.27636968735794,0.309669527674972,0.5240272489742086,,False
6,E1,20.382900117695744,236.343904279338,0.19728612240649201,0.2515037825959396,neighbor_correlation,True
6,E2,21.921839951851435,162.77496351851346,-0.0077025258420855575,0.8256406939145973,,False
6,E3,24.85570733049207,183.498073225671,-0.08556022471416865,0.9708152272847514,,False
6,E4,17.93504689907774,133.0193020202755,-0.0673896863381652,0.9834900553941153,,False
6,E5,14.729021895909415,112.55363488266653,-0.07339395568490058,0.9725947066814574,,False
6,E6,9.291836441203918,70.11231891590958,-0.07137748745297694,0.9207387771153639,,False
6,E7,6.371763518575466,50.23528991363581,-0.004858622772093975,0.8194226740705327,,False
6,E8,66.40669486819338,461.2937037328782,-0.13986179589610798,0.9782077099730209,,False
6,E9,45.8063420102165,310.12634065264103,-0.12166280618821515,0.9938618322973949,,False
6,E10,27.98995762099413,198.2207481095952,-0.10775652134538458,0.9932788259893423,,False
6,E11,27.981873051483632,200.92181238378774,-0.09957746569410003,0.9947230557320313,,False
6,E12,16.599398985569835,124.73462326778726,-0.09622096066779758,0.9728090421372894,,False
6,E13,11.374940001274805,88.92244655081996,-0.056645818975445364,0.9389175741342111,,False
6,E14,62.99866539592087,448.82905011365045,-0.123756797735368,0.9943981655456413,,False
6,E15,47.43052226913965,335.9410615360928,-0.10988951913860417,0.9968894877085415,,False
6,E16,37.23134594533887,263.7673070667026,-0.10453930278960519,0.9973766077257573,,False
6,E17,68.33115457079188,497.0710375302437,-0.12223391252372966,0.992181318560867,,False
6,E18,31.624406403312943,228.98692019658156,-0.09692130578246316,0.9974329921309942,,False
6,E19,26.299683195764242,196.966612658188,-0.09106016204158468,0.9899485001669467,,False
6,E20,13.551604267092591,113.0465999908237,-0.056757346328081396,0.9673244376723515,,False
6,E21,66.83559716372675,461.6775108330406,-0.12254187643815692,0.9954455996536207,,False
6,E22,39.67199404185936,284.60904747951804,-0.09719199975115579,0.9960681477715301,,False
6,E23,25.436016136889062,193.93326593070984,-0.09343887446812739,0.982083089807452,,False
6,E24,14.642562156216142,120.23348198354623,-0.05822433594213668,0.951333704805359,,False
6,E25,81.39226902401923,577.7095331652981,-0.12561499681352636,0.9845266778717208,,False
6,E26,23.964259717773032,188.82749082960885,-0.08546367353168503,0.923126667765986,,False
6,E27,18.160637931033456,191.48768479925357,-0.003744782650878944,0.858130144734115,,False
6,E28,15.461455714819088,158.9878865427378,0.006823329015804202,0.9575247668968658,,False
6,E29,13.967133716150409,140.47860718266767,0.013609863368065672,0.9484584989245433,,False
6,E30,11.133527976005322,107.12435336882228,0.026992493695922163,0.8281141158137634,,False
6,E31,15.34637288457754,143.90893496488943,-0.1226028102545145,-0.24863334055795072,neighbor_correlation,True
6,E32,35.365213497564106,534.2486559373772,0.03807026443688717,0.598616451048803,,False
6,E33,11.449502045633205,154.56821905806493,0.1747160252888363,0.6362832066870268,,False
6,E34,8.424312698188032,70.46028136400602,0.1776234210992215,0.7690098217497621,,False
6,E35,7.234939871596619,63.5453487087141,0.24886502001923153,0.7747755658132383,,False
6,E36,6.647891961571651,56.280672887579044,0.32483076781009296,0.7658081640556444,,False
6,E37,4.854934780272646,39.394306722054154,0.2336057108829921,0.5591833005152945,,False
6,E38,15.847257941783255,274.73603799367083,0.17507866831334618,0.6105992060641772,,False
6,E39,8.11973106627391,83.27924852354157,0.2932822361102596,0.6711546559904775,,False
6,E40,6.986350389499384,65.15891046724792,0.3256010590590531,0.8200123505052075,,False
6,E41,5.595724571648,49.67936082507137,0.28097354161324667,0.839456131590786,,False
6,E42,5.307006366778791,46.12221224829443,0.27533004573861986,0.7251887399705519,,False
6,E43,13.471864988194254,138.20247634628285,0.31393759541722116,0.5967478387776262,,False
6,E44,31.930825461777033,406.8476964674444,0.0894326288669465,0.4677178804110193,,False
6,E45,7.6609975591183,70.80560616697365,0.3515186430941834,0.8745241997873772,,False
6,E46,6.576151219831427,64.65512320273119,0.34436726149318514,0.8784673239390188,,False
6,E47,5.8275457276943134,45.095396464238064,0.3274852654603576,0.8439829774664169,,False
6,E48,23.518344714937797,277.72436274480606,0.231747368573153,0.549319237879548,,False
6,E49,13.57412282611269,137.46706826214506,0.3011123174256922,0.43947080992234705,,False
6,E50,7.838446471249886,66.40667538805948,0.3745711793111159,0.8686463530565927,,False
6,E51,6.303780968871721,48.51221707917036,0.41179600662098514,0.8928104397248208,,False
6,E52,5.974208731335997,56.13980591453945,0.3466762801946138,0.8684461159453886,,False
6,E53,5.926889701127062,67.05579491074158,0.24364049682845285,0.6635631982768279,,False
6,E54,3.7967966272070237,33.20315200738992,0.17547251869147823,0.5858910249863266,,False
6,E55,26.624057800830066,261.09571890120276,-0.117082413321033,-0.2756753251504075,neighbor_correlation,True
6,E56,65.38370094494375,590.7528615321296,0.04905194722039571,0.3208613836703531,,False
6,E57,10.309590443560799,98.59279350343644,0.3888510669903285,0.8074339926416527,,False
6,E58,7.8154369019480345,57.68706191030621,0.36495088546640425,0.884061704130434,,False
6,E59,6.777534913488854,56.32861924707328,0.3413131514752521,0.8983200998870702,,False
6,E60,5.375719448116655,41.090603495932015,0.31368929267194323,0.8012424773037717,,False
6,E61,4.759157977038553,36.05670608768439,0.20205491225115446,0.668550094351755,,False
6,E62,12.857191494628694,130.75241132391912,-0.017147017056047736,0.8963544261784812,,False
6,E63,14.005465670033933,132.2745104517102,0.3146943878171237,0.5506958035290644,,False
6,E64,10.021337682467314,88.89806703941159,0.37551198419977716,0.7905680104186523,,False
6,E65,9.329315390473452,82.85904312319265,0.29940697603150357,0.8322605333521231,,False
6,E66,6.646284469619238,54.95099194539414,0.2354873977459902,0.8880018991210001,,False
6,E67,6.314307427057607,50.74733762258869,0.2046547013988204,0.7736152925828406,,False
6,E68,16.214270433310396,192.66463405848052,0.24507677507351952,0.8441632637798779,,False
6,E69,14.655472560193262,175.9624346859905,0.2460923526158715,0.8641866174228048,,False
6,E70,7.4820477985813065,55.88502353010139,0.25947972210067344,0.8389936280790553,,False
6,E71,8.491983097421441,86.72274919299299,0.13917604962220706,0.9232119158863381,,False
6,E72,11.125661215185657,119.70275877169004,0.0477987697276363,0.946234012612813,,False
6,E73,20.021467593227328,265.2087842981782,0.19010402810373456,0.6936006244645213,,False
6,E74,16.93678127468705,248.55246578471503,0.1946799369549079,0.7874587294447981,,False
6,E75,9.913455797456608,118.25921805797486,0.23293545868469223,0.881613420276433,,False
6,E76,11.296589522246565,129.5248807693042,0.08164420091724778,0.9073797697570936,,False
6,E77,14.071553061025055,148.75127901999906,0.0016433424813558628,0.9626207420039299,,False
6,E78,14.534218790658166,152.1410489545151,-0.029429151765085117,0.870735373855766,,False
6,E79,4.750741337676115,41.49027189807805,0.14694502060139839,0.7246267750696078,,False
6,E80,3.0001978897517034,27.876552674625312,0.1583641268623251,0.3506490338628896,,False
6,E81,15.219409743398058,149.3768831533272,0.2948879501282347,0.550975448281106,,False
6,E82,16.054915711471143,200.2747564001548,0.21013683253576967,0.7627560328837295,,False
6,E83,8.521150325876098,74.52132756171768,0.22591039324555093,0.8237479555538649,,False
6,E84,8.08779813343094,78.25010589296525,0.20588670764380754,0.8291274604771056,,False
6,E85,7.136540634176161,67.90405939803291,0.19075334172971048,0.7858974741078579,,False
6,E86,5.03322438643196,49.94027223161618,0.20403151740895717,0.6721057777402237,,False
6,E87,3.9484878717916225,35.334715160530976,0.3705651091337099,0.738695504117781,,False
6,E88,15.168160533325867,160.43961307922288,0.2706257964853842,0.7285390778506038,,False
6,E89,13.212133927641398,144.11162268949738,0.24295850492488028,0.7964558968190051,,False
6,E90,8.896860900842746,88.93887248422391,0.22249935711019136,0.7508954486450096,,False
6,E91,6.624342987071307,52.96898508963886,0.32619855419919963,0.8347505920459173,,False
6,E92,5.599178589250723,44.324256536577394,0.30594526795995003,0.8685915612087753,,False
6,E93,4.57715156748279,40.438272399951856,0.3645210582337918,0.9423885861318363,,False
6,E94,18.520722566341593,195.92793135690323,0.17395152406201933,0.6576135266862074,,False
6,E95,11.084272331166499,99.72343816257853,0.2877605436088476,0.7083432531539765,,False
6,E96,7.277566491936034,60.85293581484137,0.33495512813777156,0.8408616185407354,,False
6,E97,5.847057270726015,50.73693656668955,0.3573655488112605,0.9253787571955978,,False
6,E98,4.881817838004073,42.23114352455255,0.3619885442011906,0.9501354085117673,,False
6,E99,12.109200374188289,110.95393364512688,0.30076533749495,0.7348701736981218,,False
6,E100,10.484519001092092,87.51258206302921,0.3443403877184704,0.8053401534111106,,False
6,E101,8.520117184555808,74.96793401240049,0.3445940510383054,0.8461831545367708,,False
6,E102,5.329227652500774,51.27919230238949,0.36668554663888714,0.9198471147292631,,False
6,E103,5.088369100307134,47.163656564596415,0.31463977891836603,0.9490319187158166,,False
6,E104,4.873792303344634,47.697292606679156,0.33114099186959406,0.9267975480779997,,False
6,E105,4.808064457951716,43.0473364843584,0.29300705827550183,0.7499597365095938,,False
6,E106,4.228269804379477,38.21613854343637,0.08044577387888922,0.7199662967231197,,False
6,E107,11.900079941559023,107.66606324491568,0.3167803760114231,0.5093572668807704,,False
6,E108,8.275068254498402,80.27646907291364,0.34291056487113525,0.8264501194159726,,False
6,E109,5.5668828176137595,58.831340343724165,0.3167577036455882,0.9095731090956578,,False
6,E110,5.430524543676402,56.13174294398075,0.24969945020502857,0.9131922093740703,,False
6,E111,5.294231320417641,47.76189653442101,0.3486081474348657,0.9153951100503496,,False
6,E112,5.131350712916054,40.66248930793537,0.07884139222289625,0.8299529663990483,,False
6,E113,91.46600994732627,1231.7319647738013,0.08499106277145695,0.9250730574894528,,False
6,E114,44.263456323593175,592.9704051623637,0.13618257225039732,0.9248026654513539,,False
6,E115,9.062331580832481,95.02550650480816,0.36218813486463747,0.5660675816052609,,False
6,E116,5.578773830729502,60.008907977238444,0.3071040011083728,0.8998301144422622,,False
6,E117,6.0347553133625915,58.86854194851824,0.2558951436249501,0.9445958774730233,,False
6,E118,5.955405701615633,49.64098871978292,0.19158820521391623,0.9251857741876935,,False
6,E119,41.67534361583733,460.3063184560949,0.14557623002197587,0.5748884311487634,,False
6,E120,376.1375245019441,5342.836752347284,0.03336627953636054,0.8545374712863678,variance;peak_to_peak,True
6,E121,145.51071830716614,1884.772504751872,0.05745325187206798,0.8973994439431814,,False
6,E122,38.65577891549168,504.62805431579983,0.08439267817692098,0.2828324436814587,neighbor_correlation,True
6,E123,6.12721682653186,63.509847211426276,0.24356669778563902,0.8162159700070919,,False
6,E124,6.68091436213462,61.615418838095906,0.18121653394390608,0.9110272243762199,,False
6,E125,158.2771785184899,2118.3548669056904,0.064188024968926,0.816640942256836,,False
6,E126,45.09625145897169,673.5251432096384,0.16572274889168684,0.08796323716365881,neighbor_correlation,True
6,E127,39.814604443309115,598.4256024031181,0.17578665002525914,0.5213468227316822,,False
6,E128,29.64858245923671,452.71282057238193,0.14122670787258185,0.6275288240906862,,False
7,E1,14.445342903851348,140.53576852874266,0.2522457353458278,0.4944967472572823,,False
7,E2,22.749142784441826,178.43631166490735,-0.013688419744508327,0.7730047244209122,,False
7,E3,24.092699849220192,207.11194612231657,-0.10252486686145997,0.9102988290475982,,False
7,E4,16.38146758593016,134.47064656822647,-0.07332940658667284,0.9574954323845408,,False
7,E5,11.050444718029665,95.84120113911979,-0.05194707951754377,0.9491533903111946,,False
7,E6,8.873123057241608,78.00525555210275,-0.038992565256569175,0.9026714505350424,,False
7,E7,5.9270128368743045,50.33144472761096,0.03252089161712606,0.762512945027167,,False
7,E8,61.36829784241216,445.4316511874822,-0.16259879547473688,0.9465104303766237,,False
7,E9,41.48125000256081,299.16033205093856,-0.14465879063152462,0.9947051092770898,,False
7,E10,25.201291011197025,181.32394374090092,-0.13049935219141642,0.9922278666408569,,False
7,E11,24.60529310849567,176.1150723229715,-0.12100341322913395,0.9927217635709353,,False
7,E12,13.9819988916875,109.29683547162773,-0.09034724796571053,0.965953925120094,,False
7,E13,9.902690324775918,77.00305221628332,-0.026867908491860833,0.9499747747133853,,False
7,E14,56.636436662090375,415.77026266645436,-0.15797842219254685,0.9949208604647863,,False
7,E15,41.74317098215045,294.92238957859615,-0.146487116298527,0.9969959419504801,,False
7,E16,33.15222270837467,235.29529641300275,-0.13751695441355258,0.9965722981625982,,False
7,E17,60.35107168575195,431.5723989687718,-0.1619672733264807,0.9931472037360909,,False
7,E18,26.53104771286497,190.30299663502433,-0.11442862888750273,0.9955657842553385,,False
7,E19,22.29035321617888,162.97621165834306,-0.09059221710563964,0.9836546989973497,,False
7,E20,11.124249006586751,85.61223652583209,0.01845901000041093,0.9845677850168992,,False
7,E21,57.82705684304741,407.36138488520703,-0.16890684643382642,0.9958390898477745,,False
7,E22,34.11562876731444,244.58790669837788,-0.1329030532257483,0.9953770949265972,,False
7,E23,21.512422165697156,157.91668039036358,-0.09431783324159078,0.9740774165371089,,False
7,E24,12.2345489195992,98.3197187494809,0.008599586806943489,0.9790542302931275,,False
7,E25,67.63196891935581,489.56931122086326,-0.1521706381906088,0.982338749673497,,False
7,E26,20.985733320082634,168.90574001232972,-0.028570383401562753,0.9164135030774816,,False
7,E27,12.731518189057091,103.71209798812026,0.042851063940249755,0.9245004595753756,,False
7,E28,11.271866147975587,91.27176069504497,0.04849580398924008,0.9857127259129862,,False
7,E29,10.418329160286223,85.21968953354227,0.052679552693455096,0.9704215617839398,,False
7,E30,9.21774468024446,75.87459962304777,0.08660106944881105,0.719641651478045,,False
7,E31,5.31344844133257,59.039990843586764,0.0986268714859654,0.057802883487906395,neighbor_correlation,True
7,E32,18.39593267869666,182.2411003930132,0.23673002281535419,0.5636853438212024,,False
7,E33,12.096701569992735,152.59795802038406,0.2140702361962613,0.4678626808580352,,False
7,E34,12.626412530058673,122.82877804920003,0.2656049659698515,0.42991643358945997,,False
7,E35,8.95814732250251,95.88668266486013,0.3609622042727801,0.6593481427748524,,False
7,E36,7.983038593504696,74.78688004280062,0.3589026767693409,0.6456770619128347,,False
7,E37,5.226204985838746,57.72588160721272,0.3128112043732419,0.5619042026776659,,False
7,E38,13.637737136448186,159.15129517004567,0.26210216256856567,0.5401427197066885,,False
7,E39,10.615469047833033,123.34574824811492,0.18693592341299592,0.47095231159738243,,False
7,E40,8.567027661711071,117.0269727508232,0.3257808093017099,0.5848395025730156,,False
7,E41,8.138364004175004,74.13707382113358,0.25305799583281535,0.6909291675888816,,False
7,E42,7.304857005878838,74.92352604880493,0.20188879010631053,0.6933431697534845,,False
7,E43,15.822557117417233,182.9007215543396,0.346356789892046,0.7045945595222153,,False
7,E44,25.89157979571407,313.63238872350155,0.17837211687895693,0.34123689637734544,,False
7,E45,9.079459771649816,96.64656742165417,0.34240124089416546,0.7433032192518609,,False
7,E46,8.404895892757747,108.7620489929089,0.36613799372445155,0.7430971297856572,,False
7,E47,6.840607756689699,79.197872612247,0.32908323209596296,0.7667229943112263,,False
7,E48,31.20334856781471,368.8176016260507,0.2727313229435902,0.5964687136678359,,False
7,E49,16.633347701098533,223.71477361742075,0.2890887906499196,0.6823586038375167,,False
7,E50,9.838820180476523,131.1625064354352,0.3676469405109582,0.7921797050236721,,False
7,E51,7.2775462151356,83.49197223640385,0.3760811208749984,0.8454897079882993,,False
7,E52,5.9219473621096155,61.68459063335132,0.38665465575243524,0.8731523478639873,,False
7,E53,5.2172557154337875,48.94870405299537,0.33107252735632836,0.8604296368271382,,False
7,E54,4.196201026188769,45.028789918295104,0.28263475242976277,0.7144382084002141,,False
7,E55,8.49731461230031,96.75408483709757,0.021845992325508892,0.04137427407834529,neighbor_correlation,True
7,E56,55.812622135220195,692.1279548794042,0.19092317294922326,0.4603319055861105,,False
7,E57,12.267190357964397,122.83660780170425,0.3856872296737794,0.7823553107879466,,False
7,E58,8.607816692915582,96.87824799624917,0.4431850723161016,0.8190018147422709,,False
7,E59,6.9740120829359356,62.33502016550892,0.3663868949498352,0.8724250795098902,,False
7,E60,5.312195939920977,51.41085183741657,0.3253805010545109,0.8481127671413313,,False
7,E61,4.81595777133984,47.77945353803272,0.2961814049052594,0.8122699308758843,,False
7,E62,6.31916491904296,56.92221594395528,0.1742973151165031,0.8702289307907944,,False
7,E63,27.179697057743414,319.9943976845757,0.16442623896141012,0.5982582991037727,,False
7,E64,12.480611817819533,121.64648763421837,0.34032692624039595,0.8029423931180352,,False
7,E65,8.489791004782017,68.81668948230168,0.4318813600767442,0.8426519869310173,,False
7,E66,6.476765620266299,50.97777287334221,0.2991847100804945,0.9069663731261541,,False
7,E67,5.8345916788698435,47.92391654924592,0.3264784693970839,0.8440751847508715,,False
7,E68,19.80504531084224,200.20699270125328,0.30438246367837063,0.7723989308769095,,False
7,E69,14.240906889521598,154.07007295279504,0.2772080762294453,0.7912842884302351,,False
7,E70,7.1602479671636,56.92765922721185,0.3757376274761647,0.8780642988831016,,False
7,E71,7.584981587083497,66.15943364450237,0.22801883477340354,0.9104162876462254,,False
7,E72,8.859013870109527,82.63055800999875,0.13814393489754456,0.9469612623773115,,False
7,E73,20.384767566856915,248.0997231846013,0.20067415089910046,0.7592668007050927,,False
7,E74,18.531391744648033,197.38276200399758,0.1429889599079201,0.8345269431159725,,False
7,E75,10.474436078665537,94.71525553932426,0.16490896052353468,0.8766519517303605,,False
7,E76,10.458186267751572,98.05541401010271,0.10129936252663577,0.9060547361111723,,False
7,E77,11.091120746957083,119.86663363144217,0.048447988756051705,0.9129216348706382,,False
7,E78,8.787370330131276,97.23047345344602,0.0749146388562817,0.8434127344353141,,False
7,E79,4.494748222035613,45.72921547035038,0.19092317294922326,0.8073490316255505,,False
7,E80,4.594890172864399,62.7936078910958,0.2307850211656573,0.3693869645969161,,False
7,E81,13.402877271250142,115.57368188234872,0.36157961902489,0.7273145108207765,,False
7,E82,12.959113632174684,119.07917083149383,0.27222247411580824,0.7851993567513634,,False
7,E83,10.197205434601521,85.96310512020801,0.2260386766599586,0.8280566162952988,,False
7,E84,9.3054766148943,78.19736654596268,0.16150129097850913,0.8720059104552089,,False
7,E85,6.926144749683747,56.19485716480335,0.20378934647942185,0.8125667296430865,,False
7,E86,4.9457881698725386,43.654196003626,0.28332525257123903,0.7022246412931775,,False
7,E87,4.388674850898815,37.09644499354343,0.39491639842201065,0.6315220436381996,,False
7,E88,15.277950023557905,137.5077593530229,0.32090736509049694,0.7985741499184749,,False
7,E89,15.001593299842257,164.15742199882453,0.24050740850853242,0.8382989495754839,,False
7,E90,8.452849555148356,67.47183619932456,0.257553362196996,0.8418562784348996,,False
7,E91,6.337247836893241,56.57022879110332,0.38714864244340996,0.8470856889803056,,False
7,E92,5.167156227677406,46.32733184020594,0.4045619035824286,0.7801750894191688,,False
7,E93,5.013015506128993,47.437638553936644,0.3646889535663306,0.8856103830063662,,False
7,E94,17.938288846387742,216.09896912119098,0.17928294300291253,0.7249604509730618,,False
7,E95,10.696645014271592,103.7693719202105,0.4200561570396187,0.7833188402766545,,False
7,E96,7.362252914351592,68.16273770201059,0.4042685708478415,0.8727807267112608,,False
7,E97,6.181851612019577,60.79427131521021,0.4053443336718165,0.8533611207461281,,False
7,E98,5.8621901254307325,49.89149672586791,0.34207499681497544,0.8637816517504215,,False
7,E99,14.564752494034641,164.04347919488805,0.3520615308099622,0.7310043583362779,,False
7,E100,9.99025804999697,108.15125518416838,0.40977220535471687,0.8759151511904439,,False
7,E101,8.430128803569204,107.83716223885044,0.3514410046245925,0.8297182005252075,,False
7,E102,6.8010916909942765,79.90104880166805,0.2870167046763211,0.7133790787639369,,False
7,E103,5.538150013945817,56.78374226497871,0.3122764580253787,0.8814198124292828,,False
7,E104,5.134310834881056,71.1017415229864,0.36053641375663853,0.8285737209321207,,False
7,E105,5.811204353448781,67.68592052475883,0.34484016035319776,0.6650676722494027,,False
7,E106,5.539518417345975,48.63709616834607,0.19323056590360552,0.6380197250157793,,False
7,E107,12.098787136583196,128.27403924818412,0.33251009213554056,0.7358343718220455,,False
7,E108,10.204938165396792,175.4181560264431,0.30581809917821634,0.7770961527538486,,False
7,E109,6.757479869290733,143.27403956936996,0.28849621409445975,0.7225233978649106,,False
7,E110,7.003725343756263,116.66674032937023,0.30458715306418593,0.777869281084713,,False
7,E111,8.651702386342528,115.43783969491513,0.2774099277489054,0.839888099413422,,False
7,E112,7.531980412435917,76.93918020796296,0.20380244995910848,0.7544608291234363,,False
7,E113,15.872058131951155,177.85860178551073,0.40953920851896786,0.6523142494743546,,False
7,E114,11.823317956011266,120.9456399924319,0.33865621019333975,0.7173884611448194,,False
7,E115,9.893279756676963,164.26318128069033,0.23485210578668295,0.6551945406148177,,False
7,E116,8.4576213048312,161.6464468004067,0.28662728705989615,0.8239918763752356,,False
7,E117,12.784766586626974,176.8656896796374,0.17990428715091714,0.9376942064914267,,False
7,E118,9.536692533373213,112.74487189809855,0.20571496108694903,0.913735124326152,,False
7,E119,39.42875570943079,815.3650743910878,0.19887282156907213,0.3818106977116914,,False
7,E120,14.94801529053502,158.3066704792443,0.2797402804745931,0.7121883232327688,,False
7,E121,12.07772133992958,117.90043429253882,0.25756272114064016,0.7310956239090803,,False
7,E122,12.6953768245332,161.4797423843852,0.28920160736384015,0.554852234916722,,False
7,E123,12.89123463601865,167.10522026664773,0.19877399949002825,0.7986426542467162,,False
7,E124,11.167012722340784,136.74991286212133,0.18211180510125705,0.9133798057617345,,False
7,E125,16.400979401501285,227.83080315101768,0.2557551337974304,0.5069894995287194,,False
7,E126,40.85840524101288,669.7064033333235,0.1619080324704737,0.37753104856920516,,False
7,E127,48.95619703405975,757.2563963526982,0.1844873810289521,0.5714581529489755,,False
7,E128,18.23056811832746,243.7850806621783,0.2671269546418491,0.4489380547718714,,False
8,E1,16.320501831998396,168.50755775845892,0.14067862105294487,0.4883534355607647,,False
8,E2,24.5095943970118,210.68260023258836,-0.16577090796811328,0.767909670172396,,False
8,E3,27.53369809944173,221.82129229011946,-0.18689625606258234,0.9562884830034935,,False
8,E4,19.065197071424457,143.2454256312633,-0.1698109910206976,0.9729307936183877,,False
8,E5,12.790992950501792,92.19894081466006,-0.17210464050976526,0.9699991696462675,,False
8,E6,9.972398603686875,69.68042438211134,-0.1720078806362782,0.9293680499751117,,False
8,E7,6.420819622871714,46.95066697100242,-0.1482097642983632,0.8054729221065129,,False
8,E8,74.95488866617336,528.8549509693246,-0.20530350255097607,0.9611953492339423,,False
8,E9,50.49007274489082,338.7325765457583,-0.1933402984743943,0.9907373758525255,,False
8,E10,30.52708005494114,205.5937927219564,-0.19044495296640482,0.9921122877465032,,False
8,E11,29.83027099230101,192.87907700586362,-0.185164625979522,0.9924131632229647,,False
8,E12,16.683224672233283,113.41337090140726,-0.1819031432520533,0.9766850663663678,,False
8,E13,11.773736874582896,85.88204404616562,-0.14858267368016786,0.9620131493314327,,False
8,E14,70.50055101271191,444.48125107382157,-0.18843843150587097,0.9854319829819485,,False
8,E15,51.03882460611092,327.05255874003296,-0.1926893275152923,0.9942761137683157,,False
8,E16,40.57208104248487,258.7769740859238,-0.19103988325563373,0.9944190535336977,,False
8,E17,152.07755644795304,2453.297163363884,-0.05675115200102957,0.5808376900321521,variance;peak_to_peak,True
8,E18,32.707178553182054,221.5572558904356,-0.19221146980750956,0.9941681003783795,,False
8,E19,27.5677517823925,189.74466736322472,-0.1834852394502683,0.9878672481891893,,False
8,E20,13.242544720900558,99.87567797666512,-0.10765722731250618,0.9895173895683158,,False
8,E21,71.76088616545766,449.6035257955384,-0.20186902722326722,0.9929009398335515,,False
8,E22,42.56476770658822,281.6948923134962,-0.19692056688197904,0.9945921036965419,,False
8,E23,26.622997874429572,190.48502240566404,-0.18405793972773046,0.982409469944532,,False
8,E24,14.871983229636117,116.81321364317787,-0.11239906159741656,0.9862732817794405,,False
8,E25,87.3771281052239,593.9892661174197,-0.2097220881810728,0.9574609599963495,,False
8,E26,26.087592684411764,225.86547883883492,-0.10687541415279779,0.942624790367828,,False
8,E27,15.475251900753166,129.41795662900955,-0.08529084511919718,0.9550391679523049,,False
8,E28,13.555705402124676,107.38484014933417,-0.0881770857611037,0.9915887582910211,,False
8,E29,12.428867280380832,95.78858742252285,-0.08486562803078797,0.9757070328286499,,False
8,E30,10.793077149034959,81.31199895686626,-0.07136778807097485,0.7397461758041369,,False
8,E31,4.144819777382181,48.82250502743264,0.007739184977440995,0.004702609986679172,neighbor_correlation,True
8,E32,22.63505223134954,290.7460061102696,0.060218972242005266,0.576229595483472,,False
8,E33,12.28036440307814,117.61016087187153,0.17165479439431217,0.6183754315474673,,False
8,E34,10.021411741412663,105.057318437778,0.1662879125201854,0.5962228769191469,,False
8,E35,8.089882315601859,73.95026144917112,0.19729383805375736,0.7101453695701954,,False
8,E36,6.703855063443819,51.528092581178996,0.2614648309793514,0.7304144589383703,,False
8,E37,4.708984946331862,53.895372582787324,0.1682704570101436,0.6706801056033265,,False
8,E38,13.699165315183782,143.13710320725747,0.3156890688855062,0.604278632751365,,False
8,E39,13.601297861307273,184.59211610472298,0.19393956700916543,0.6028089811017945,,False
8,E40,9.416987161499842,127.41453800903544,0.2575743388280907,0.6558802563178248,,False
8,E41,6.62075469108412,72.6979590551418,0.20861553652797957,0.7950011868640733,,False
8,E42,5.486642486167762,64.91152990680014,0.22433517122079039,0.7827885483012132,,False
8,E43,15.621981571940834,156.5267458299658,0.3629607988727969,0.8645389408676041,,False
8,E44,18.268563979527446,186.95756727698966,0.2733174503004921,0.7298595487194997,,False
8,E45,12.423227790641967,164.8781789976478,0.28685499857137,0.726425502772323,,False
8,E46,8.254812425739274,147.11811462709647,0.3057102185927134,0.7399188688175812,,False
8,E47,6.344794453819792,78.1431869911196,0.2828229189975806,0.8135270029096383,,False
8,E48,19.771639018602695,238.01711101059897,0.3756453302162005,0.7946280897550381,,False
8,E49,15.265516942720158,167.58297839578734,0.3840637184017924,0.8147936644537883,,False
8,E50,9.361998895570123,112.9875895730661,0.3971718512524403,0.8046740441623446,,False
8,E51,8.144175045986744,111.13571500983198,0.3146948111804285,0.8685826228765765,,False
8,E52,6.891994680138452,91.63422087506378,0.3041135679289897,0.8665913757460173,,False
8,E53,5.1172150935127885,60.770925077498866,0.2872036150213376,0.8311275169872813,,False
8,E54,3.9371640305184745,38.09998127785243,0.2251526343561551,0.7289702121076584,,False
8,E55,6.96270496801297,87.37366939499486,0.037394569899963134,-0.08065653642076498,neighbor_correlation,True
8,E56,27.146682103174463,315.62944669552786,0.20078344553068983,0.5213068651112449,,False
8,E57,10.745224905634698,94.45112536649003,0.4357473478272601,0.8393491963305086,,False
8,E58,9.969670792874991,134.75580826915933,0.36289607597225376,0.7909370743230002,,False
8,E59,6.478922522000366,76.1089858237184,0.4109123293654918,0.8891513559609846,,False
8,E60,5.180612435713159,51.84623457810734,0.31512040357993004,0.8580059623723144,,False
8,E61,4.845659908449111,50.98347170118031,0.25456716613828045,0.7898084014200175,,False
8,E62,5.963967445129005,57.07925484708704,0.228265494164834,0.8460704910882085,,False
8,E63,13.397537908477835,117.99521011122505,0.40107197409695156,0.7974177269989338,,False
8,E64,10.578142606015442,93.48309870247036,0.46301634954115295,0.8632901680428877,,False
8,E65,8.217324630779688,72.22017094868545,0.45853271702910264,0.8715743978662838,,False
8,E66,5.9555078094259715,53.37657020754888,0.37316967755596653,0.8884061991791761,,False
8,E67,5.626066223400506,50.14815138801768,0.36732390676742366,0.8487838013729926,,False
8,E68,13.208699998258501,147.06275902358658,0.36927984600387215,0.8649980870900948,,False
8,E69,12.007713494061893,140.23490060053558,0.3829370175712572,0.8763164986666105,,False
8,E70,7.141384291997936,62.93824043720551,0.4417674159044051,0.8777892517082189,,False
8,E71,6.919861971337976,69.43113858433388,0.32691007934523497,0.9092785321668851,,False
8,E72,7.876436166843499,92.30589765452596,0.23843103605010466,0.9337914288847604,,False
8,E73,16.127455502325134,205.65867325811845,0.24971886750415073,0.8731377470871327,,False
8,E74,15.30212070316885,199.73144648958714,0.20465811585359114,0.8815282617116535,,False
8,E75,9.354385367618162,112.7059524926596,0.2735428313697851,0.9052711301566717,,False
8,E76,9.192869946773547,116.84617498093887,0.20323124944065066,0.9129278170910576,,False
8,E77,9.607250386235476,117.04588206030706,0.14301938818729729,0.896365340542081,,False
8,E78,7.442249461980897,82.19006479468555,0.14348679750844998,0.8178943078067996,,False
8,E79,4.0923497605184815,44.560851986460136,0.23387807844236752,0.7770625984887601,,False
8,E80,2.6621456552401583,24.819909228124985,0.1605656867523744,0.2762602645656834,neighbor_correlation,True
8,E81,13.314128218840013,129.86973778906128,0.3901905356578574,0.8505685363138109,,False
8,E82,12.880467769678605,141.64181796552555,0.3281343651938454,0.8538854828442333,,False
8,E83,9.403847041075151,115.8703244801843,0.2718051874692477,0.8790702413378884,,False
8,E84,8.644676128858633,111.9964996984469,0.2221665542817613,0.8878866808089823,,False
8,E85,6.498185867249182,80.91129617105136,0.23397211336727716,0.8024275704767809,,False
8,E86,4.709816282950007,49.1960811697033,0.3219620684498281,0.728254941444759,,False
8,E87,3.7344428784173225,29.732114674193866,0.32446012601574453,0.6683228439641876,,False
8,E88,13.223895763628638,129.1299701960989,0.3825599846904635,0.7685968719962646,,False
8,E89,12.961818641198303,150.04355793189526,0.2878140231129399,0.845749912163592,,False
8,E90,8.106078076044993,83.00700335105789,0.31256979469295215,0.8507873812226441,,False
8,E91,6.1349941007509585,53.103218353554354,0.4244918025799728,0.881132220085625,,False
8,E92,5.231809937247268,43.14490165539098,0.4146526794506089,0.8310923418263997,,False
8,E93,4.298842510390136,34.8064736247313,0.3482873829577327,0.9256157651050072,,False
8,E94,15.163286985933082,164.85193011176048,0.2623686413384671,0.7793767927657349,,False
8,E95,10.287724210185347,90.41377950679725,0.4528116072985306,0.8111855457969895,,False
8,E96,7.34941490069115,60.4109968300063,0.4556293395776872,0.8777452739296643,,False
8,E97,5.515988668662452,46.07361483321631,0.4203387438262113,0.8898989110805559,,False
8,E98,4.594199569346319,39.395183129184915,0.36047160478066276,0.9208316533588172,,False
8,E99,11.172835925246515,96.88595987081771,0.4492331648162718,0.8046198952780627,,False
8,E100,10.050286078483182,80.22356760822208,0.46562962972047334,0.9118644385449862,,False
8,E101,8.304421024477133,73.64758642330824,0.4029627184949496,0.8719074909161622,,False
8,E102,5.34794381335859,52.73635648479868,0.32485198917228636,0.8396422293031112,,False
8,E103,4.884226282620542,47.86155006701357,0.27702569088923135,0.9047518376608354,,False
8,E104,4.564052641315872,39.10673838203316,0.2593219270475867,0.9175454863612449,,False
8,E105,4.806360358201682,45.378116285200534,0.19974165035604788,0.7180219088933246,,False
8,E106,4.44839252495443,39.14747498033156,-0.11142933147541302,0.7067483065606528,,False
8,E107,12.472523062024528,105.92273040800211,0.3895538152456284,0.7884595905434315,,False
8,E108,10.814557614800481,124.70221046777368,0.3199972616412044,0.6823083074012118,,False
8,E109,5.593806727227455,45.93526467350645,0.22532094780076414,0.8043106146273964,,False
8,E110,5.297267038673346,51.23655969977876,0.23287252338612374,0.8470732551897202,,False
8,E111,7.463590610729095,89.14361609256488,0.06372534127357214,0.8504090334136689,,False
8,E112,5.893256343114854,56.44621480282753,-0.1072397493543707,0.8235847735617118,,False
8,E113,13.458182012361114,110.73914161715328,0.3698303651690078,0.7988170262079386,,False
8,E114,18.129539037102802,194.1234930574405,0.21411532443969464,0.5159057490172019,,False
8,E115,14.056586314006934,177.91948238918567,0.2278350763780221,0.514098768795335,,False
8,E116,7.254955742171972,87.22917800239776,0.1327040720103556,0.8303730594673433,,False
8,E117,11.022500997826432,135.34990136973772,0.021945876300929198,0.9483451828221943,,False
8,E118,8.53017311228017,97.46069588290895,-0.07078653886358198,0.9406507345431154,,False
8,E119,19.409297563198805,279.26117534284003,0.3283925419280294,0.72069065215224,,False
8,E120,13.892786648460582,127.47528396652194,0.36833122949628977,0.8295972032325691,,False
8,E121,12.790934432901585,129.4390473893202,0.3360893981279241,0.5847362456501275,,False
8,E122,9.870929922206255,95.98790949877804,0.18921689948339387,0.5691843261954657,,False
8,E123,11.803518058357637,153.59116822605466,0.003008212549273555,0.7111426965589265,,False
8,E124,9.673440341040946,112.23324807006121,-0.04969118614788428,0.9454947437919695,,False
8,E125,15.42064756939532,145.7945213451926,0.30869122250316744,0.4702039270041456,,False
8,E126,66.23160588176079,1220.390002126399,0.13501675953475864,0.2509257288126069,peak_to_peak;neighbor_correlation,True
8,E127,45.24049941929532,817.1992990029992,0.22487691072875526,0.40069292012293883,neighbor_correlation,True
8,E128,17.986952455638058,162.6639532330546,0.36078347431486063,0.6460271709452894,,False
9,E1,15.755244527548333,127.24941938496158,0.14089218723716998,0.447127361897769,,False
9,E2,26.02735755529571,237.9967054043014,-0.08813172397199567,0.7522391358502313,,False
9,E3,27.7926912173426,263.3141121292643,-0.12558661194609075,0.9680403141543167,,False
9,E4,19.337543397582756,173.42752888550336,-0.13997356063506655,0.967335781723224,,False
9,E5,12.375504470730741,98.48276793297535,-0.14972383354925628,0.9696669296888465,,False
9,E6,9.687172323152174,75.16380271168721,-0.14964743599186867,0.9147422464780913,,False
9,E7,6.044951482885666,52.80580886176512,-0.14182213831606616,0.7637115342954033,,False
9,E8,105.47651102940446,1329.178379743678,-0.06877365923721067,0.8910464498260415,peak_to_peak,True
9,E9,55.62106765505442,542.268116939867,-0.15782165808182924,0.9628036684837502,,False
9,E10,30.270620625510187,241.4734043858431,-0.17731919517658917,0.9869593402756913,,False
9,E11,28.702022131549892,214.17125240002713,-0.1951852557881262,0.9922353102678664,,False
9,E12,15.883385929379296,119.35867776276243,-0.163956049074223,0.9726326602450679,,False
9,E13,11.944181299904562,110.86489756050958,-0.10883691331615873,0.9431707696035041,,False
9,E14,74.33330349172601,683.0201107558714,-0.180486144831052,0.9724266426537203,,False
9,E15,49.6010003725898,370.2592852108782,-0.20843805528263998,0.9943649212664927,,False
9,E16,39.323213508886205,298.503524854373,-0.20203070783038476,0.9950574332868192,,False
9,E17,72.29216694781364,529.9077387409271,-0.22287472888796425,0.9738469288151422,,False
9,E18,31.142780966302873,227.55310762794844,-0.19347098313671401,0.994080626972397,,False
9,E19,26.785761658520755,208.42790241162834,-0.18177168629612445,0.9855268262896711,,False
9,E20,13.843804990838223,140.68268425227495,-0.08247531453738287,0.9866480878520005,,False
9,E21,71.3571257457552,537.400833153371,-0.2161610844412222,0.9912334033284205,,False
9,E22,41.713513139379586,318.02008568947656,-0.1857806779012689,0.9941362391327513,,False
9,E23,26.082573048652055,208.19569969607582,-0.1654022211608157,0.975759784595625,,False
9,E24,15.496419789775857,156.07046764902947,-0.08478711234138353,0.9826828040910706,,False
9,E25,340.4276665659597,5006.951297662497,0.021561956825158084,0.5140449590997298,variance;peak_to_peak,True
9,E26,31.852124922055076,378.9947480268871,-0.08045075749190085,0.8755621655350403,,False
9,E27,17.028313431444975,192.2595078378068,-0.06617317413036754,0.9491473996921308,,False
9,E28,14.67942164798156,161.06500654225988,-0.06620751691757885,0.9862076282642654,,False
9,E29,13.336981705422584,147.55650915401972,-0.060824069542142284,0.9728308435388087,,False
9,E30,11.490241443580276,127.68937335993854,-0.059727456898677485,0.7924527176750309,,False
9,E31,4.950296582052858,89.8443558538746,-0.021284730056851053,-0.09390843661559327,neighbor_correlation,True
9,E32,28.83720468346168,331.02125067020336,0.07588764593283767,0.4841027207390344,,False
9,E33,10.341902262199872,96.82042274103435,0.12022706104759262,0.5847807629317696,,False
9,E34,8.271673571667371,75.4965933211547,0.18921847221088475,0.7150817058100364,,False
9,E35,6.578944012627888,58.43846774403143,0.2125338058514928,0.7544517411488507,,False
9,E36,6.465603953536654,68.14224590997455,0.2679357238240358,0.7443001861793115,,False
9,E37,3.956707430246229,43.12135157573594,0.24273551821506445,0.5959758177648818,,False
9,E38,13.069270718395806,124.72896127081958,0.28006317908702505,0.812504266845609,,False
9,E39,8.527789004873167,73.20690976754003,0.3069419197285686,0.6911416645472702,,False
9,E40,7.692726760096026,85.49927721330477,0.26228074855701805,0.7171618612461994,,False
9,E41,5.788727897436852,50.58280545473497,0.2622500276231292,0.7654712277159073,,False
9,E42,4.804642753645669,42.750205546070674,0.2807263986359012,0.7762532903698616,,False
9,E43,14.160643856063404,109.50465477776294,0.3288816611639425,0.8669856107792878,,False
9,E44,12.706725358955877,112.29227724857515,0.30561007775943416,0.8046469406516111,,False
9,E45,8.38355151895532,76.796992184158,0.35988881972413506,0.8677918146274104,,False
9,E46,7.21758330726235,72.98827481691751,0.36447618149612065,0.7757985847491329,,False
9,E47,5.787601046579495,52.82119146113797,0.3452000398138573,0.7810100573067817,,False
9,E48,17.91614009298775,293.79740474894027,0.32231773272694847,0.7684553641047605,,False
9,E49,14.417536450134909,176.7978195736482,0.3001946766119941,0.7827536054117674,,False
9,E50,8.43716395654494,79.45492616036344,0.4052175995233872,0.8264736054415242,,False
9,E51,8.90974834201581,96.36383654103443,0.3139267826288637,0.8473315515056412,,False
9,E52,7.716735033528241,86.44061981857405,0.29782658229047254,0.8324297896965807,,False
9,E53,5.397248237616362,55.67764777807794,0.3328544324634419,0.7639457978807,,False
9,E54,3.788432267619884,39.59422662518183,0.2893648241349783,0.6795261831829456,,False
9,E55,8.588064382320052,162.77396689056502,-0.00416305789832328,-0.11740916203986528,neighbor_correlation,True
9,E56,32.567297197274776,377.0526163388113,0.2431542543356251,0.4697978564851598,,False
9,E57,10.698925339179937,87.63132916149914,0.40135446542920417,0.798066382452523,,False
9,E58,10.29901762998324,109.00293747396802,0.34810592480540514,0.7235630935592823,,False
9,E59,7.711244603820361,90.28795402720777,0.3679575876956043,0.872844177101854,,False
9,E60,5.240883570838217,53.6009743957581,0.405802708413693,0.8406923566540268,,False
9,E61,4.746276704912942,47.595093357769635,0.3110946851597346,0.750770746272958,,False
9,E62,6.693177098096419,73.09936583107485,0.2210166959046369,0.8773068378962814,,False
9,E63,14.760597320181732,146.09036960261375,0.3728591401291473,0.608232476341291,,False
9,E64,11.35062147081377,84.48363183453904,0.4819609960023971,0.7633274342438521,,False
9,E65,8.812955000963608,88.57243796297087,0.4743908557586709,0.8502108683987346,,False
9,E66,6.585382554594181,71.04057163807289,0.38759973623037436,0.8954692072860089,,False
9,E67,5.923933951619572,58.563359489737536,0.3904241795696857,0.8399796601065106,,False
9,E68,24.836175302596484,342.4002757925554,0.21490985725124545,0.738808293665546,,False
9,E69,19.06177133492571,238.62820555260822,0.22406839463225586,0.8060558698037713,,False
9,E70,7.543663870007606,69.01125262584051,0.4611784905430762,0.8825396041982816,,False
9,E71,7.462066442954318,79.95194597632378,0.3320594105434002,0.9175839792722181,,False
9,E72,8.651833874476639,99.35009127085242,0.24010946924156149,0.95206096670689,,False
9,E73,27.73166989847141,366.70365414438766,0.14313940953880436,0.7251167573319877,,False
9,E74,22.69519094121044,293.08163486301714,0.16351688989745383,0.7358653530232708,,False
9,E75,10.642961532814995,132.1591161993831,0.29189747511054764,0.8627365451075977,,False
9,E76,10.044440825485768,123.98968672514631,0.20763136495224346,0.9114553950598645,,False
9,E77,10.823715884670161,153.8033893876093,0.1477557458382319,0.9257380569808024,,False
9,E78,8.832549001635146,145.94955069407143,0.10902062618305249,0.8364741798687915,,False
9,E79,4.452012901909536,48.5008830732034,0.167224272463027,0.7704150979410713,,False
9,E80,2.7250548443424414,31.20043045753351,0.19530667423034126,0.29275063082174624,neighbor_correlation,True
9,E81,18.610630989119475,187.63524913868704,0.3056559817090382,0.5293527357715816,,False
9,E82,16.980096201480976,165.62585677150187,0.2578781545754532,0.6120987939213267,,False
9,E83,8.593204171504953,77.45476890326472,0.35463469487049537,0.7502536390009976,,False
9,E84,7.783420219001424,89.88932161040168,0.28693343932789794,0.8127199887444675,,False
9,E85,6.363220602568802,72.09134277314195,0.2767748935080304,0.7686994256956337,,False
9,E86,4.51737054979242,43.53604922956892,0.3162025607579833,0.7123051540189513,,False
9,E87,3.7813667614592563,37.310680517455324,0.32641404510392946,0.6818687948798704,,False
9,E88,13.50947364086033,109.32717485113051,0.3482371548751496,0.6675209472463346,,False
9,E89,12.891533538066824,136.00760319325374,0.35378575660408973,0.6845268803026454,,False
9,E90,9.664059835602899,90.29127825679507,0.2552556758980371,0.6999014762663157,,False
9,E91,6.247016436815036,51.060699621874925,0.42574667524072385,0.8128668544824817,,False
9,E92,5.817921897481143,53.79586283110518,0.3280093961564349,0.7963875133094045,,False
9,E93,4.378054486580342,41.585170783685754,0.3414960490040536,0.9107270098553331,,False
9,E94,17.698776652342115,178.57550839445307,0.21499243342808805,0.5868504066097815,,False
9,E95,10.246426610970138,86.3866993568721,0.40954257449124515,0.7174924693031939,,False
9,E96,7.366041370206644,65.35818430728838,0.42287016764167235,0.8156549829511153,,False
9,E97,5.710725183459435,50.728326729526984,0.4029342958958273,0.8718588466203734,,False
9,E98,4.738640407709639,46.30305150651239,0.34849323267111787,0.9161581540657686,,False
9,E99,12.32074274508443,118.98612152299853,0.37247455921362554,0.7128334912892953,,False
9,E100,9.999269395145188,90.0646881362973,0.433512188038623,0.7950737059511339,,False
9,E101,9.984339913032176,94.92665738446763,0.3313551537486209,0.6846264295792234,,False
9,E102,5.300403448525621,60.72972158683746,0.33691347200878596,0.868539561271823,,False
9,E103,5.085792646351921,53.35215234420792,0.2881671904863251,0.9044592337122295,,False
9,E104,4.8738482439613104,55.883494138997094,0.26686514961852914,0.9080385549632467,,False
9,E105,5.4026020353032616,55.52963646425671,0.28653655191967925,0.7528555985280577,,False
9,E106,4.881113411274639,57.21555731974486,0.05394983396957626,0.7085506304030312,,False
9,E107,11.725958087903066,109.420270820773,0.4009184498434371,0.7874366820408103,,False
9,E108,8.946740729445247,115.68044552024062,0.3617688229499828,0.720549434155209,,False
9,E109,6.0103529347780515,68.31274211240708,0.2517008566343044,0.8425594567129525,,False
9,E110,6.033877643806467,75.21513671980807,0.2634699418032749,0.8940792939100706,,False
9,E111,8.37215473562459,113.69772286288048,0.17118723982403297,0.8924489858887596,,False
9,E112,6.3664022870593655,77.42100573060384,0.03297104185974589,0.7943798470732979,,False
9,E113,385.9586196050947,5565.802133250271,0.003929633060204548,0.04026857691346582,variance;peak_to_peak;neighbor_correlation,True
9,E114,11.867628564637812,136.70775347004678,0.3459207444352896,0.5696419116076336,,False
9,E115,9.255151170311063,118.66608590148125,0.32552770194808256,0.701847243910267,,False
9,E116,8.292083410058762,105.95217512849558,0.22996000169797037,0.886516082364285,,False
9,E117,12.465915029463865,181.86456399917984,0.1083880039333698,0.9669283213758147,,False
9,E118,9.43796577873665,124.2256843942464,0.057598802458850816,0.9189143647641522,,False
9,E119,37.867553244958515,780.475781211474,0.09775907866559637,0.32150550750464646,,False
9,E120,17.659306544855305,248.50002581668832,0.24534481553321988,0.33753645656365944,,False
9,E121,12.081109349948045,110.74944190996683,0.37351322554612293,0.6554675468559601,,False
9,E122,10.676746249693291,132.04104748527203,0.24216636320226917,0.5555691622095784,,False
9,E123,12.57229077300215,181.9402028584716,0.09372317003648023,0.7554587024918709,,False
9,E124,11.410817665469681,146.06338914098592,0.07154039252891986,0.9602435839393455,,False
9,E125,16.82918276633398,153.5275192971963,0.2564856536610559,0.4199006549643907,,False
9,E126,22.57425665267949,316.69580629335593,0.26172504026940047,0.4683992680247443,,False
9,E127,22.972027113092768,237.17801997110894,0.29670876969028714,0.774299595809238,,False
9,E128,16.667938587719824,141.3622034996489,0.3008709824214857,0.8128532745903829,,False
10,E1,15.04976702573375,132.8685694041086,0.1675762508767739,0.6227108553861267,neighbor_correlation,True
10,E2,22.857411464087672,183.42466742064317,-0.10332957912458138,0.9177640297419274,,False
10,E3,23.35995553094154,160.45945614448297,-0.15283036766248687,0.9819511606856979,,False
10,E4,17.026688656476427,113.96690326734331,-0.1538685012904289,0.9810722353344534,,False
10,E5,11.764845058808964,83.04145268864676,-0.13396347059920552,0.9723380105252266,,False
10,E6,9.158531630524251,65.54175277993784,-0.13361942629772575,0.9277291498499654,,False
10,E7,5.857793983101541,44.76294715995484,-0.13938370691220084,0.8232843215924341,,False
10,E8,67.35270714208524,456.43019801088616,-0.22048618356316577,0.9841076648053857,,False
10,E9,45.061174991916786,302.75792299721036,-0.2046644176642587,0.9944038992006641,,False
10,E10,27.79731865111923,183.650346991942,-0.17001706599975944,0.9925628839881933,,False
10,E11,27.162353265607944,175.18788015003213,-0.16358123550652948,0.993142473204684,,False
10,E12,15.284280913872328,106.02671780043138,-0.1412997194565813,0.9774605164346832,,False
10,E13,10.87513093256025,82.38220623470225,-0.1340633365003675,0.9584658066735093,,False
10,E14,63.1697503652901,413.5565944756206,-0.19915926304982626,0.9964108454849023,,False
10,E15,46.43461036383631,295.39474461520695,-0.1881322338808147,0.9971689148427053,,False
10,E16,36.94968921400771,237.05884941562266,-0.17894688042020995,0.9959296624908406,,False
10,E17,68.3748001609997,450.62816239721224,-0.20459717522739376,0.9956914744360491,,False
10,E18,29.959495802270563,194.86857440068542,-0.18021548221153066,0.9964367165119584,,False
10,E19,25.590919111046002,170.49546517720705,-0.18101116912384882,0.9883903447967028,,False
10,E20,12.241052394210264,93.42506229929984,-0.11291196182274352,0.9888935796424417,,False
10,E21,66.26789372239958,419.7019178322587,-0.20543406420484117,0.9969441391706826,,False
10,E22,39.452610307772055,255.85327930436142,-0.1961274815161243,0.9957501237462218,,False
10,E23,24.97677805735164,171.8919324603398,-0.18163163195378781,0.9849151574665063,,False
10,E24,13.877442650378196,106.55415570283611,-0.11507478599658508,0.9851523127498838,,False
10,E25,81.15738450269536,528.7802545366092,-0.2323380960676053,0.9880222915744694,variance,True
10,E26,24.771683486948337,200.27490705109403,-0.12748415317289052,0.9549588032970734,,False
10,E27,14.372630427316595,115.74664798184872,-0.07353620960843867,0.9566159166554209,,False
10,E28,12.554341227345633,100.6330757345842,-0.06647480028316435,0.9901190289562625,,False
10,E29,11.561723773678104,91.2812800405772,-0.06531248247110602,0.9710789998486345,,False
10,E30,9.905603425765076,77.6269345553075,-0.0580768774744126,0.8019908338883891,,False
10,E31,4.10985092724599,76.64420870509213,0.0028898567241209807,-0.038279478523364135,neighbor_correlation,True
10,E32,21.496157462570185,208.52727435823488,0.031184323680602557,0.6463962095974882,,False
10,E33,11.095461016096797,106.67597586624703,0.2178548698527056,0.8090796481197216,,False
10,E34,8.129449884271951,70.29874002521031,0.23107230076575014,0.8182931513193772,,False
10,E35,6.503766796199664,55.68172924104486,0.25572279330529785,0.8324656421982256,,False
10,E36,5.792975182633753,47.70848476176674,0.3057157181108524,0.7869814666002849,,False
10,E37,3.8542611986022477,31.095696611042882,0.2113960837103599,0.5731803310934751,neighbor_correlation,True
10,E38,13.141106020376947,125.99719316092425,0.29151417485622005,0.8720113977622902,,False
10,E39,7.562268165348331,68.96588886510472,0.3573638777985226,0.799044627971891,,False
10,E40,6.921903409955161,61.12797096228662,0.28974570674076133,0.8166239060668796,,False
10,E41,5.4131099344508895,50.18387515813333,0.2616292503557819,0.8301622424705076,,False
10,E42,4.451243700142536,35.5897970103166,0.27553998085967857,0.8070980513691406,,False
10,E43,13.22317362069762,120.10221058201722,0.403838254568274,0.9330947521970239,,False
10,E44,11.587662671706344,115.25851457506161,0.392010441868756,0.9187872758348661,,False
10,E45,7.20178327986196,65.98807390553543,0.4325414381781986,0.9150038817248343,,False
10,E46,5.996890883389108,52.69151955385007,0.4237365567194123,0.8820508294133796,,False
10,E47,5.173063875728836,43.70906408828246,0.37279162653569886,0.8610411203813455,,False
10,E48,14.67829332542818,127.3996079957034,0.43982189487678813,0.8636902769481114,,False
10,E49,12.356576533090376,107.62225772985249,0.4580428294875541,0.9046698714542036,,False
10,E50,7.233431707100881,61.37906215071591,0.4990594146955632,0.9002297639243786,,False
10,E51,5.616374074583647,46.788210563362966,0.4577537885627086,0.8983270821085905,,False
10,E52,4.947783257667633,41.09516511648922,0.43981681492877506,0.9063954130881859,,False
10,E53,4.213912007074406,33.12012777895424,0.37546502805076387,0.8187631358664578,,False
10,E54,3.493823990908864,27.17159092065043,0.26435606078123125,0.6437274190179598,,False
10,E55,6.745255112325876,134.36641469496846,0.047310145273409626,-0.08622888026915787,neighbor_correlation,True
10,E56,16.704987735238525,187.49672375904674,0.2999901167379657,0.5788617286843347,neighbor_correlation,True
10,E57,8.968385189560328,79.13100648011019,0.5226612376509231,0.8973481099406326,,False
10,E58,7.206805149432638,57.92365201351221,0.4884438371496828,0.8987594980056004,,False
10,E59,5.294062729343017,42.75336484998378,0.49640042235533305,0.9224686313155381,,False
10,E60,4.414037116706234,33.722879832660254,0.42397308687113894,0.8986281510066699,,False
10,E61,3.9904779876704883,33.61386364337598,0.29930359512766125,0.8313184639244786,,False
10,E62,5.272655829115601,56.657869231537155,0.34271721074916595,0.8675545148283674,,False
10,E63,11.107447794967257,102.62228161198536,0.5125550932649762,0.9029848106665855,,False
10,E64,9.28213342687339,81.94930573655428,0.5444341060095244,0.902531183398209,,False
10,E65,7.3072032411544425,62.19906056505043,0.5304950076772575,0.901879465482639,,False
10,E66,5.385438371793135,38.393074527124995,0.44996520373429555,0.9239156854708996,,False
10,E67,5.117952253307756,35.927834903367184,0.4024934886278145,0.8864068599832894,,False
10,E68,11.368176759424891,100.77098754082976,0.5197058617277899,0.9539691127581722,,False
10,E69,9.955317909880218,80.98590083205158,0.5179792340531416,0.9242478762197306,,False
10,E70,6.415752040343704,49.73224649921314,0.5114405541184742,0.9184159433301374,,False
10,E71,6.062195902176902,53.37244255752284,0.43946662923255675,0.9234739491036772,,False
10,E72,6.592984445890279,77.39053566164128,0.3656416006344147,0.9460220626376226,,False
10,E73,12.311848067189732,107.06347621651207,0.443525442728212,0.8864821458607589,,False
10,E74,10.553192253854483,92.91180900511108,0.47738004320606675,0.8717318777859688,,False
10,E75,7.09196224184713,56.62175366863812,0.5129841187801686,0.8936208549566591,,False
10,E76,7.486822622341867,92.50631255937401,0.3577292385780329,0.8932693563270863,,False
10,E77,8.313490210278806,128.8901494941089,0.2525719401229762,0.9040702998320956,,False
10,E78,6.726812716155606,110.68131849918754,0.2023763939389015,0.8610529625946215,,False
10,E79,3.6248175191984537,45.05789954057974,0.34080977592589273,0.7977352822912318,,False
10,E80,2.2285413733697563,22.834915325762417,0.15902085301853497,0.29883384288319187,neighbor_correlation,True
10,E81,12.492391293941724,156.5573473945774,0.45439825645298276,0.8508770012519664,,False
10,E82,12.031211712950903,151.69367695960796,0.45284331179161824,0.8515597779068128,,False
10,E83,8.736523190181844,70.72453252781018,0.3742034101646103,0.8109384898197244,,False
10,E84,7.328501583542197,69.04424391026173,0.3559217105328255,0.8459695269227157,,False
10,E85,5.7012676200068695,58.554900257204,0.3482979529781535,0.812173602814425,,False
10,E86,4.292495826867509,39.469838077636155,0.37992314270791994,0.7275640153159486,,False
10,E87,3.3604376978319643,30.30837592451337,0.4209340698449632,0.6834495943778064,,False
10,E88,12.604677066275467,127.75625826812939,0.4432473024904558,0.8494970310448304,,False
10,E89,11.778340447850178,134.79085444399027,0.40156202042719485,0.876401603115665,,False
10,E90,6.870215392747417,56.11235693420966,0.5260867783997089,0.8323143525008649,,False
10,E91,5.629852284710655,43.89824522681448,0.47790867590014874,0.9057678517440118,,False
10,E92,4.831226255046002,38.62843703530453,0.47602123660783363,0.8390237018000835,,False
10,E93,3.88132328125813,33.40388740155201,0.4398218948767881,0.9237931156923668,,False
10,E94,13.234399574399266,161.4539190307346,0.3902476572278597,0.9127579020789797,,False
10,E95,8.903246089539204,69.42377845924682,0.5420532159219903,0.8750568310278257,,False
10,E96,6.511135489787652,50.71678221402897,0.5361269498796164,0.9111265132290793,,False
10,E97,5.0966934877596195,42.005876487080144,0.49112955939231545,0.9028545025494008,,False
10,E98,4.135035282367834,35.10962442777185,0.42605420976413005,0.9203311596597569,,False
10,E99,9.792470737357956,74.41733280622611,0.5238546298928214,0.7939249315465473,,False
10,E100,8.581018314216722,66.70412534079219,0.5371827803918761,0.9390224335912589,,False
10,E101,7.0752230992498975,54.983828184485304,0.507623354337452,0.9185972671207119,,False
10,E102,4.6168536496010235,38.52307397556564,0.4103492430444898,0.888028654217039,,False
10,E103,4.489035502665271,39.65788950790676,0.29787225001810697,0.9216529132567002,,False
10,E104,4.122367512966469,34.18705033294634,0.3168929871554443,0.924772371493005,,False
10,E105,4.1714287664445004,33.59529403568828,0.303174998377791,0.7237908492885171,,False
10,E106,3.8374854572544845,28.29126031604045,0.020700895298660562,0.7356903831764421,,False
10,E107,9.587027817093784,74.5822799373795,0.5282504229306596,0.9124462775051544,,False
10,E108,6.928594155068948,57.884135116206835,0.44344418174014444,0.8917101074894649,,False
10,E109,4.82675923339942,40.041628516246305,0.2766482986042534,0.9008360612123372,,False
10,E110,4.6270563630739066,36.934000813453075,0.3055900595071424,0.9315349000133202,,False
10,E111,4.967942053417395,37.79511659283284,0.2306994979022489,0.9277780816400938,,False
10,E112,5.065564742443342,37.59832010798877,0.034028560375143145,0.8871386797742422,,False
10,E113,11.416346329694587,91.06326231887434,0.44445851741160064,0.8960882007273653,,False
10,E114,9.976482620399842,80.49288773368312,0.3861066881646607,0.9086103753479737,,False
10,E115,7.212508689779322,59.78285551230629,0.3920929936843401,0.8672859938074617,,False
10,E116,5.276569416158319,40.785070003195,0.30157815122074016,0.9136620062217893,,False
10,E117,6.106222715984975,47.443645366795266,0.1593293947573024,0.9712004488081308,,False
10,E118,6.128298796749693,45.920629118413245,0.058373690157876724,0.9385177284810168,,False
10,E119,14.25699256077168,114.92621093274843,0.4509221232903558,0.8970577615812985,,False
10,E120,12.168897847826345,105.2514750799833,0.41567876839098983,0.913413176945646,,False
10,E121,11.64263555421457,121.41057412209202,0.3429779088332484,0.8991221390088611,,False
10,E122,8.720113130749692,72.76480707662031,0.2720472790946616,0.7778762352017212,,False
10,E123,6.486927128673409,49.5438731924081,0.1473388810259723,0.9059328441684649,,False
10,E124,6.754413027399737,50.05576030820481,0.06422303437201198,0.9539998237550762,,False
10,E125,12.742402828285641,118.00633086007575,0.3911584485925125,0.8972539900253054,,False
10,E126,16.656131817532664,134.70811491453742,0.4309498605943703,0.8498724883854472,,False
10,E127,18.511355888626724,146.99692728013304,0.3988598108540492,0.8009943335988724,,False
10,E128,16.519385942946517,148.0486806309326,0.36951955679601267,0.9050504241791468,,False
11,E1,16.446925019327818,201.4066603206724,0.16951108797903772,0.5715799636601021,,False
11,E2,21.840618811966817,194.92656966647053,-0.05696908883804379,0.7713926595006448,,False
11,E3,23.21384563181575,190.97527540595863,-0.11637262928567023,0.9478394921506861,,False
11,E4,16.06438643929568,127.37237318972534,-0.11560173961558817,0.9631019722336349,,False
11,E5,10.890687344105721,87.28115843830253,-0.07590618798231126,0.9551594288081646,,False
11,E6,8.514874272806777,68.39028069903736,-0.07038786674079851,0.8582404813402147,,False
11,E7,5.931290688699225,54.42882575085372,-0.031090465352120757,0.7205729344490477,,False
11,E8,82.62465685509143,871.0953699599024,-0.10112544270294904,0.844703442064481,,False
11,E9,43.75268810657958,372.4939658987283,-0.15883232741067016,0.9691747015982598,,False
11,E10,24.963332711639616,179.0104373431741,-0.16478634739059397,0.9837411919479824,,False
11,E11,23.846409748954034,169.2114755149832,-0.1597035916507955,0.9901148158817039,,False
11,E12,13.404704087252776,102.18456799936341,-0.12879665606365157,0.9575667412255096,,False
11,E13,10.230435327381505,83.27081543670818,-0.07717270063539117,0.9246673902109521,,False
11,E14,61.34474718914545,524.9253628110259,-0.16164804555623147,0.9625304412619035,,False
11,E15,41.46778163549292,290.9114911198727,-0.17867033386586437,0.9929047625870135,,False
11,E16,32.88715656829174,232.13825423193552,-0.16912852335627135,0.9929273803991452,,False
11,E17,61.119495311270306,414.3757224771373,-0.19121808889640401,0.9687269885904325,,False
11,E18,26.20708354171439,186.28741570159042,-0.16380423333276936,0.9921102120830763,,False
11,E19,22.58981748840546,163.49026302472495,-0.13272410100797388,0.9836922782198296,,False
11,E20,11.679589538423066,101.36208934085505,-0.062134532137626625,0.9779902448925777,,False
11,E21,59.8109299241019,433.34090872091065,-0.17718643002167353,0.9886481000049867,,False
11,E22,34.81964527198193,248.7002216443753,-0.17045131782352177,0.993355115568937,,False
11,E23,21.90374205820087,160.32417579604288,-0.13461547215262593,0.9679388086984121,,False
11,E24,12.916744401133762,107.73447782720493,-0.06458771316393475,0.9696628444517983,,False
11,E25,228.47458685934288,3545.3763191856733,0.02262326101020116,0.4692927968589099,variance;peak_to_peak,True
11,E26,25.226629360355002,225.46320426312434,-0.02889062663985967,0.8329054994033269,,False
11,E27,14.161356916474833,125.4874954823027,-0.056275859283791606,0.8786237602716231,,False
11,E28,12.416292152338453,114.56450390780537,-0.04481636916516215,0.9799305548717383,,False
11,E29,11.485613342939809,107.88449233132494,-0.03408879209716819,0.9560047687804403,,False
11,E30,10.274659489955965,104.14783192139505,0.0004693582948266039,0.581340370174145,,False
11,E31,4.5938967175912095,73.21437534562473,0.02283783125554036,0.014168743515687893,neighbor_correlation,True
11,E32,21.338502740854217,240.94894738622068,0.16048395286900766,0.565619150199069,,False
11,E33,10.206323111837223,110.23795781329471,0.22008370664523508,0.6213760090324161,,False
11,E34,11.617330842398747,105.23216712513874,0.19574003872232726,0.51960598316697,,False
11,E35,13.543425566114168,145.75307524964717,0.12230706416281821,0.7118621070001929,,False
11,E36,15.019909092249936,181.30963447197328,0.09506014465483367,0.541217230534438,,False
11,E37,4.645693752709303,47.506478179642784,0.21835406625352397,0.5409250795457783,,False
11,E38,13.554212875867025,144.40644488465676,0.3111993951979226,0.6730144155866729,,False
11,E39,10.721415920094545,123.92533127620808,0.3102221462600183,0.48040872358773035,,False
11,E40,7.866513096666293,80.47351382722788,0.2742815498436855,0.5957373012156397,,False
11,E41,8.400923207303302,90.0522812958365,0.18853913397404995,0.7431023503880483,,False
11,E42,5.06710651223484,54.929578473466705,0.23804624986480521,0.7502799525388576,,False
11,E43,14.766907020632088,135.1636744243053,0.3600620518750445,0.8089286373010312,,False
11,E44,20.521418225465887,218.0984434292057,0.31823746672939923,0.587339336797569,,False
11,E45,8.341853499274045,81.51964288917532,0.3428691553420401,0.7987980977209921,,False
11,E46,7.417133105982921,90.1390683894218,0.3190833618045693,0.7319123875749187,,False
11,E47,5.8370170967589425,62.83015703025673,0.3608712755219676,0.8150773971634016,,False
11,E48,19.38586669840839,222.69706579398613,0.37772554448411877,0.7088018235289595,,False
11,E49,15.577898317245033,164.4920343016297,0.3993613010729292,0.7446115062807099,,False
11,E50,8.509667159623522,85.46649102806809,0.39239717306394933,0.8294041049101468,,False
11,E51,6.761514755768069,72.1075142786033,0.43958889257946776,0.8236186763719728,,False
11,E52,5.649627969605006,61.06696913393779,0.4121973241038993,0.8248874298532897,,False
11,E53,4.7254171138883745,55.45492418515323,0.3098698047699483,0.5932422769752119,,False
11,E54,4.209852101582381,48.382833210382806,0.18597414278523075,0.5859284458267011,,False
11,E55,7.616247819355794,139.919250587731,-0.01168022543531281,-0.05060888473384864,neighbor_correlation,True
11,E56,23.651781213647322,326.66449121128613,0.28336123410112873,0.630352415124331,,False
11,E57,9.821779711194191,93.49252053806907,0.43678881794606933,0.8700619064279056,,False
11,E58,8.136018078414335,80.82167892756507,0.45112411444835065,0.8292264816786938,,False
11,E59,6.226806214995001,53.87310542663653,0.4073490495667329,0.8334287090618608,,False
11,E60,9.061819207155441,119.82889672370436,0.19630048551269016,0.3681924364171999,,False
11,E61,4.653464071768098,57.354563709956594,0.17714104794869728,0.6059730932090261,,False
11,E62,6.429712994850217,66.76580472430457,0.19489281235268396,0.8480497613348971,,False
11,E63,13.5467242990042,133.13302513388135,0.4249540978633076,0.6119183580601355,,False
11,E64,9.7924522617964,81.60153736629366,0.4683198601860094,0.8441942039208106,,False
11,E65,8.335480570827656,76.21882525951742,0.36714041929732816,0.8395350740448522,,False
11,E66,6.058178530109398,50.32225195425271,0.3233078405629362,0.8961586863780864,,False
11,E67,5.5408726301416955,47.1786493901284,0.33513561536584047,0.7929863033674713,,False
11,E68,18.200710276532103,227.27343986574888,0.2431226054572667,0.7993690123147834,,False
11,E69,17.40768474611133,189.27571560960558,0.22224910345571475,0.807836318918816,,False
11,E70,7.233499688156339,61.014031814148666,0.4479190590650726,0.7977698121643575,,False
11,E71,6.952397483327662,69.17430809365925,0.29144940097703365,0.889383504385849,,False
11,E72,8.235306950020865,96.36884910751579,0.20531931025517663,0.9352340006438509,,False
11,E73,25.3890699390384,276.1345687865693,0.1392659968095597,0.8732579421072719,,False
11,E74,23.458688305810586,268.64138929722606,0.09962613105684408,0.8604458825819687,,False
11,E75,10.645270001806756,120.7394077710415,0.19401139293449418,0.8384022933820362,,False
11,E76,10.023508248282639,126.1851206804744,0.1233515956014167,0.8927700427019094,,False
11,E77,10.30975242203568,129.3823292663218,0.11226246496423711,0.8314455501262974,,False
11,E78,9.017820146551673,139.41099755196169,-0.0027654066940260807,0.7386201608511147,,False
11,E79,4.431759326769513,56.83799952109304,0.13039323572365538,0.6998107957582311,,False
11,E80,4.200860354956146,54.45946975196591,0.012929122820639275,0.17292977877788285,neighbor_correlation,True
11,E81,19.07798450804387,240.3659174120482,0.20561516544468567,0.753805797273172,,False
11,E82,15.155162249214493,192.361647191687,0.24207798845737846,0.7490542088128888,,False
11,E83,10.283754363515323,123.37658053472826,0.3384914653147826,0.5686361759926404,,False
11,E84,8.03573605392709,87.57036085323068,0.3023319619278357,0.7841821773350778,,False
11,E85,6.3254838817086,72.46677694821395,0.33483226576822916,0.7010522203692113,,False
11,E86,4.6317540023595685,48.85484246572426,0.27772317703026855,0.6555475929072199,,False
11,E87,3.9068930427154944,43.592434533901155,0.31416466392178183,0.6237104596760559,,False
11,E88,25.168227429270118,335.53780636330305,0.2743057402875949,0.5047845105467943,,False
11,E89,13.720609377679986,151.52267065486058,0.41068976663691886,0.7897352264016213,,False
11,E90,7.771916704041162,87.95692959095436,0.34585018581231164,0.6765717309410648,,False
11,E91,6.827847227944281,74.1552816872103,0.4395598087786272,0.7252477600190578,,False
11,E92,5.1928408225474465,43.07255432735328,0.3249965250954186,0.8127534299703869,,False
11,E93,4.3013982529812,36.39491650779835,0.3264330294926104,0.9106006154628679,,False
11,E94,17.128579894664878,205.5489694198077,0.34060279509677494,0.7498563512932024,,False
11,E95,10.237137713523945,93.49515768037446,0.45587060731767526,0.7821397986992766,,False
11,E96,6.892245239785931,61.58971962905382,0.3977342376490575,0.8465075992991424,,False
11,E97,5.443795091100095,46.96188195835653,0.3865450192261422,0.8915476708894311,,False
11,E98,4.603423016296013,37.85556251555863,0.34060279509677494,0.9047650272935693,,False
11,E99,12.090957178895971,110.5231335718845,0.4451531124246099,0.8192136458904364,,False
11,E100,9.728120293315289,93.21762599514955,0.42867202546982447,0.897361971164292,,False
11,E101,7.792753879217213,77.80404260829171,0.42107300734560454,0.8966761734263653,,False
11,E102,5.506483337044837,60.380779436232906,0.2695976926359316,0.7779912257281645,,False
11,E103,5.125905443751119,55.064309280891734,0.29260193043241234,0.8960282533519335,,False
11,E104,4.690941202607466,54.58484024105451,0.2949584868158606,0.9033245684735783,,False
11,E105,5.0327945297446695,56.574344651018826,0.3056634043272351,0.673297090532849,,False
11,E106,4.125776264531719,39.17471708768453,0.07639436196077333,0.6357581735947295,,False
11,E107,11.589373200982937,119.21163787114247,0.3994537360184566,0.7906818169586654,,False
11,E108,8.185368707606452,90.23506921356542,0.38142718097286915,0.8511730341354552,,False
11,E109,5.763549675104918,92.91289071202345,0.27778016444439996,0.8521741071128484,,False
11,E110,5.61615445428516,75.612527694866,0.28917912873375107,0.9075799959103632,,False
11,E111,5.800249609592381,63.276987508126304,0.2987415152870041,0.9103965067062955,,False
11,E112,5.6257519069612405,48.40461781335762,0.09276710428062833,0.7530102519515904,,False
11,E113,14.35074629887384,135.1196258518087,0.44644876975328457,0.7780025109970603,,False
11,E114,12.009526113468917,104.93157106983656,0.41084788856158067,0.7769575885570299,,False
11,E115,8.24088503286497,97.00026946040595,0.33205382272980843,0.8071475228195635,,False
11,E116,6.459063341591963,90.53584031617015,0.3349834364773593,0.878851895687105,,False
11,E117,6.8952879368219255,68.01060190091486,0.26076779989100335,0.9435137876143176,,False
11,E118,6.5247341770055804,61.73958569559591,0.17240353151216797,0.9015739599025263,,False
11,E119,33.53623151176148,426.24471147123177,0.270750736049634,0.5063695062134241,,False
11,E120,14.192840255610921,144.53901052868767,0.34886917147248525,0.705507034201756,,False
11,E121,12.525454569274148,139.88980771987772,0.3182374667293993,0.766799418863355,,False
11,E122,10.984739532431337,112.40478337586651,0.25198298268643304,0.6949714194643888,,False
11,E123,7.1340687572713,65.13281527187027,0.20113361179054096,0.7994874978815514,,False
11,E124,7.596690135009996,75.78548113160497,0.19439988879801792,0.8957409567521933,,False
11,E125,18.64890557753139,222.07577555287298,0.25207589729503826,0.4770455556152937,,False
11,E126,37.33700553923927,485.44289296494713,0.2544023231582349,0.4257002135709608,,False
11,E127,36.478307014168,502.08364556532325,0.21454790436815996,0.5201181092164535,,False
11,E128,16.22694169414077,162.86374035956396,0.31347080699186686,0.5310838633079542,,False
