subject,trial,window_index,start_seconds,end_seconds,samples,status,issues,max_abs_uv,max_peak_to_peak_uv,over_200uv_fraction,flat_channels,variance_outlier_channels,source_path,exclude_primary,exclusion_reason,stimulus,valence,arousal,valence_label_fixed5,arousal_label_fixed5,quadrant_label_fixed5,valence_binary_eligible_fixed5,arousal_binary_eligible_fixed5,quadrant_label_eligible_fixed5,label_source,subject_relative_label_status,include_primary,include_pass_review_ablation,retain_for_analysis,include_excluded_trial_ablation,include_primary_valence_binary,include_primary_arousal_binary,include_primary_quadrant,primary_exclusion_reason,split_group
sub-mit003,1,1,0.0,4.0,1000,pass,,383.82775781999055,458.4051807274038,0.0002578125,0,3,data/processed/sub-mit003/trials/sub-mit003_trial-01_eeg.fif,False,,neutral_1.mp4,8.97,7.95,high,high,HVHA,True,True,True,self_report,derive_inside_training_fold,True,True,True,False,True,True,True,,sub-mit003_trial-01
sub-mit003,1,2,2.0,6.0,1000,pass,,54.72309098732576,89.13730598832885,0.0,0,2,data/processed/sub-mit003/trials/sub-mit003_trial-01_eeg.fif,False,,neutral_1.mp4,8.97,7.95,high,high,HVHA,True,True,True,self_report,derive_inside_training_fold,True,True,True,False,True,True,True,,sub-mit003_trial-01
sub-mit003,1,3,4.0,8.0,1000,pass,,52.431629048531065,89.13730598832885,0.0,0,1,data/processed/sub-mit003/trials/sub-mit003_trial-01_eeg.fif,False,,neutral_1.mp4,8.97,7.95,high,high,HVHA,True,True,True,self_report,derive_inside_training_fold,True,True,True,False,True,True,True,,sub-mit003_trial-01
sub-mit003,1,4,6.0,10.0,1000,pass,,44.849063760058016,75.58436756124301,0.0,0,0,data/processed/sub-mit003/trials/sub-mit003_trial-01_eeg.fif,False,,neutral_1.mp4,8.97,7.95,high,high,HVHA,True,True,True,self_report,derive_inside_training_fold,True,True,True,False,True,True,True,,sub-mit003_trial-01
sub-mit003,1,5,8.0,12.0,1000,pass,,52.044826376167805,102.07346699692796,0.0,0,1,data/processed/sub-mit003/trials/sub-mit003_trial-01_eeg.fif,False,,neutral_1.mp4,8.97,7.95,high,high,HVHA,True,True,True,self_report,derive_inside_training_fold,True,True,True,False,True,True,True,,sub-mit003_trial-01
sub-mit003,1,6,10.0,14.0,1000,pass,,52.044826376167805,102.07346699692796,0.0,0,2,data/processed/sub-mit003/trials/sub-mit003_trial-01_eeg.fif,False,,neutral_1.mp4,8.97,7.95,high,high,HVHA,True,True,True,self_report,derive_inside_training_fold,True,True,True,False,True,True,True,,sub-mit003_trial-01
sub-mit003,1,7,12.0,16.0,1000,pass,,64.28138716680667,91.39236045651234,0.0,0,2,data/processed/sub-mit003/trials/sub-mit003_trial-01_eeg.fif,False,,neutral_1.mp4,8.97,7.95,high,high,HVHA,True,True,True,self_report,derive_inside_training_fold,True,True,True,False,True,True,True,,sub-mit003_trial-01
sub-mit003,1,8,14.0,18.0,1000,pass,,456.7348621281053,506.39854303299,0.00059375,0,2,data/processed/sub-mit003/trials/sub-mit003_trial-01_eeg.fif,False,,neutral_1.mp4,8.97,7.95,high,high,HVHA,True,True,True,self_report,derive_inside_training_fold,True,True,True,False,True,True,True,,sub-mit003_trial-01
sub-mit003,1,9,16.0,20.0,1000,pass,,456.7348621281053,497.9449908082394,0.00059375,0,2,data/processed/sub-mit003/trials/sub-mit003_trial-01_eeg.fif,False,,neutral_1.mp4,8.97,7.95,high,high,HVHA,True,True,True,self_report,derive_inside_training_fold,True,True,True,False,True,True,True,,sub-mit003_trial-01
sub-mit003,1,10,18.0,22.0,1000,pass,,46.01420200174523,77.42929820538873,0.0,0,1,data/processed/sub-mit003/trials/sub-mit003_trial-01_eeg.fif,False,,neutral_1.mp4,8.97,7.95,high,high,HVHA,True,True,True,self_report,derive_inside_training_fold,True,True,True,False,True,True,True,,sub-mit003_trial-01
sub-mit003,1,11,20.0,24.0,1000,pass,,42.37398518354332,74.45031719484352,0.0,0,2,data/processed/sub-mit003/trials/sub-mit003_trial-01_eeg.fif,False,,neutral_1.mp4,8.97,7.95,high,high,HVHA,True,True,True,self_report,derive_inside_training_fold,True,True,True,False,True,True,True,,sub-mit003_trial-01
sub-mit003,1,12,22.0,26.0,1000,pass,,70.09838086549907,103.11957524013638,0.0,0,1,data/processed/sub-mit003/trials/sub-mit003_trial-01_eeg.fif,False,,neutral_1.mp4,8.97,7.95,high,high,HVHA,True,True,True,self_report,derive_inside_training_fold,True,True,True,False,True,True,True,,sub-mit003_trial-01
sub-mit003,1,13,24.0,28.0,1000,pass,,70.09838086549907,134.959098475179,0.0,0,1,data/processed/sub-mit003/trials/sub-mit003_trial-01_eeg.fif,False,,neutral_1.mp4,8.97,7.95,high,high,HVHA,True,True,True,self_report,derive_inside_training_fold,True,True,True,False,True,True,True,,sub-mit003_trial-01
sub-mit003,1,14,26.0,30.0,1000,pass,,64.86071760967992,92.74951529927723,0.0,0,2,data/processed/sub-mit003/trials/sub-mit003_trial-01_eeg.fif,False,,neutral_1.mp4,8.97,7.95,high,high,HVHA,True,True,True,self_report,derive_inside_training_fold,True,True,True,False,True,True,True,,sub-mit003_trial-01
sub-mit003,1,15,28.0,32.0,1000,pass,,298.3659355259953,347.7249060434657,0.0003515625,0,3,data/processed/sub-mit003/trials/sub-mit003_trial-01_eeg.fif,False,,neutral_1.mp4,8.97,7.95,high,high,HVHA,True,True,True,self_report,derive_inside_training_fold,True,True,True,False,True,True,True,,sub-mit003_trial-01
sub-mit003,1,16,30.0,34.0,1000,pass,,298.3659355259953,347.7249060434657,0.0003515625,0,5,data/processed/sub-mit003/trials/sub-mit003_trial-01_eeg.fif,False,,neutral_1.mp4,8.97,7.95,high,high,HVHA,True,True,True,self_report,derive_inside_training_fold,True,True,True,False,True,True,True,,sub-mit003_trial-01
sub-mit003,1,17,32.0,36.0,1000,review,variance_outliers,187.0851130530461,325.13638223575015,0.0,0,8,data/processed/sub-mit003/trials/sub-mit003_trial-01_eeg.fif,False,,neutral_1.mp4,8.97,7.95,high,high,HVHA,True,True,True,self_report,derive_inside_training_fold,False,True,True,False,False,False,False,window_qc_review,sub-mit003_trial-01
sub-mit003,1,18,34.0,38.0,1000,review,variance_outliers,142.14630091064635,191.870704166452,0.0,0,6,data/processed/sub-mit003/trials/sub-mit003_trial-01_eeg.fif,False,,neutral_1.mp4,8.97,7.95,high,high,HVHA,True,True,True,self_report,derive_inside_training_fold,False,True,True,False,False,False,False,window_qc_review,sub-mit003_trial-01
sub-mit003,1,19,36.0,40.0,1000,pass,,77.9740140853611,117.93497055795572,0.0,0,4,data/processed/sub-mit003/trials/sub-mit003_trial-01_eeg.fif,False,,neutral_1.mp4,8.97,7.95,high,high,HVHA,True,True,True,self_report,derive_inside_training_fold,True,True,True,False,True,True,True,,sub-mit003_trial-01
sub-mit003,1,20,38.0,42.0,1000,pass,,350.47158724991,416.7469014136356,0.000296875,0,4,data/processed/sub-mit003/trials/sub-mit003_trial-01_eeg.fif,False,,neutral_1.mp4,8.97,7.95,high,high,HVHA,True,True,True,self_report,derive_inside_training_fold,True,True,True,False,True,True,True,,sub-mit003_trial-01
sub-mit003,1,21,40.0,44.0,1000,pass,,350.47158724991,416.7469014136356,0.00040625,0,4,data/processed/sub-mit003/trials/sub-mit003_trial-01_eeg.fif,False,,neutral_1.mp4,8.97,7.95,high,high,HVHA,True,True,True,self_report,derive_inside_training_fold,True,True,True,False,True,True,True,,sub-mit003_trial-01
sub-mit003,1,22,42.0,46.0,1000,pass,,275.66442801495174,324.67911447567417,0.000109375,0,2,data/processed/sub-mit003/trials/sub-mit003_trial-01_eeg.fif,False,,neutral_1.mp4,8.97,7.95,high,high,HVHA,True,True,True,self_report,derive_inside_training_fold,True,True,True,False,True,True,True,,sub-mit003_trial-01
sub-mit003,1,23,44.0,48.0,1000,review,variance_outliers,57.68523010948575,110.1980588038079,0.0,0,6,data/processed/sub-mit003/trials/sub-mit003_trial-01_eeg.fif,False,,neutral_1.mp4,8.97,7.95,high,high,HVHA,True,True,True,self_report,derive_inside_training_fold,False,True,True,False,False,False,False,window_qc_review,sub-mit003_trial-01
sub-mit003,1,24,46.0,50.0,1000,pass,,57.1302908408673,110.1980588038079,0.0,0,3,data/processed/sub-mit003/trials/sub-mit003_trial-01_eeg.fif,False,,neutral_1.mp4,8.97,7.95,high,high,HVHA,True,True,True,self_report,derive_inside_training_fold,True,True,True,False,True,True,True,,sub-mit003_trial-01
sub-mit003,1,25,48.0,52.0,1000,pass,,86.49755837536466,105.89915058101904,0.0,0,2,data/processed/sub-mit003/trials/sub-mit003_trial-01_eeg.fif,False,,neutral_1.mp4,8.97,7.95,high,high,HVHA,True,True,True,self_report,derive_inside_training_fold,True,True,True,False,True,True,True,,sub-mit003_trial-01
sub-mit003,1,26,50.0,54.0,1000,pass,,86.49755837536466,156.13327749886778,0.0,0,2,data/processed/sub-mit003/trials/sub-mit003_trial-01_eeg.fif,False,,neutral_1.mp4,8.97,7.95,high,high,HVHA,True,True,True,self_report,derive_inside_training_fold,True,True,True,False,True,True,True,,sub-mit003_trial-01
sub-mit003,1,27,52.0,56.0,1000,pass,,69.63571912350312,126.51280943400384,0.0,0,2,data/processed/sub-mit003/trials/sub-mit003_trial-01_eeg.fif,False,,neutral_1.mp4,8.97,7.95,high,high,HVHA,True,True,True,self_report,derive_inside_training_fold,True,True,True,False,True,True,True,,sub-mit003_trial-01
sub-mit003,1,28,54.0,58.0,1000,pass,,287.8518669490251,367.4239416382617,0.0003203125,0,2,data/processed/sub-mit003/trials/sub-mit003_trial-01_eeg.fif,False,,neutral_1.mp4,8.97,7.95,high,high,HVHA,True,True,True,self_report,derive_inside_training_fold,True,True,True,False,True,True,True,,sub-mit003_trial-01
sub-mit003,1,29,56.0,60.0,1000,pass,,287.8518669490251,367.4239416382617,0.0003203125,0,2,data/processed/sub-mit003/trials/sub-mit003_trial-01_eeg.fif,False,,neutral_1.mp4,8.97,7.95,high,high,HVHA,True,True,True,self_report,derive_inside_training_fold,True,True,True,False,True,True,True,,sub-mit003_trial-01
sub-mit003,2,1,0.0,4.0,1000,reject,extreme_amplitude;amplitude_warning,601.1788925251379,934.8741736650602,0.02375,0,3,data/processed/sub-mit003/trials/sub-mit003_trial-02_eeg.fif,False,,12.m4v,9.0,9.0,high,high,HVHA,True,True,True,self_report,derive_inside_training_fold,False,False,True,False,False,False,False,window_qc_reject,sub-mit003_trial-02
sub-mit003,2,2,2.0,6.0,1000,reject,extreme_amplitude;amplitude_warning,601.1788925251379,1013.733823124162,0.0349296875,0,0,data/processed/sub-mit003/trials/sub-mit003_trial-02_eeg.fif,False,,12.m4v,9.0,9.0,high,high,HVHA,True,True,True,self_report,derive_inside_training_fold,False,False,True,False,False,False,False,window_qc_reject,sub-mit003_trial-02
sub-mit003,2,3,4.0,8.0,1000,reject,extreme_amplitude;amplitude_warning,558.4921860899428,700.4600049453758,0.0129921875,0,0,data/processed/sub-mit003/trials/sub-mit003_trial-02_eeg.fif,False,,12.m4v,9.0,9.0,high,high,HVHA,True,True,True,self_report,derive_inside_training_fold,False,False,True,False,False,False,False,window_qc_reject,sub-mit003_trial-02
sub-mit003,2,4,6.0,10.0,1000,pass,,214.43902533749971,394.2679433405066,0.0001015625,0,1,data/processed/sub-mit003/trials/sub-mit003_trial-02_eeg.fif,False,,12.m4v,9.0,9.0,high,high,HVHA,True,True,True,self_report,derive_inside_training_fold,True,True,True,False,True,True,True,,sub-mit003_trial-02
sub-mit003,2,5,8.0,12.0,1000,pass,,201.9356379178959,364.5689688061143,7.8125e-06,0,3,data/processed/sub-mit003/trials/sub-mit003_trial-02_eeg.fif,False,,12.m4v,9.0,9.0,high,high,HVHA,True,True,True,self_report,derive_inside_training_fold,True,True,True,False,True,True,True,,sub-mit003_trial-02
sub-mit003,2,6,10.0,14.0,1000,pass,,155.49395712694675,206.5854334383829,0.0,0,2,data/processed/sub-mit003/trials/sub-mit003_trial-02_eeg.fif,False,,12.m4v,9.0,9.0,high,high,HVHA,True,True,True,self_report,derive_inside_training_fold,True,True,True,False,True,True,True,,sub-mit003_trial-02
sub-mit003,2,7,12.0,16.0,1000,pass,,251.16134580142543,293.0816604844052,0.0001171875,0,1,data/processed/sub-mit003/trials/sub-mit003_trial-02_eeg.fif,False,,12.m4v,9.0,9.0,high,high,HVHA,True,True,True,self_report,derive_inside_training_fold,True,True,True,False,True,True,True,,sub-mit003_trial-02
sub-mit003,2,8,14.0,18.0,1000,pass,,251.16134580142543,293.0816604844052,0.0001171875,0,1,data/processed/sub-mit003/trials/sub-mit003_trial-02_eeg.fif,False,,12.m4v,9.0,9.0,high,high,HVHA,True,True,True,self_report,derive_inside_training_fold,True,True,True,False,True,True,True,,sub-mit003_trial-02
sub-mit003,2,9,16.0,20.0,1000,pass,,97.1352155140345,187.74692487998848,0.0,0,1,data/processed/sub-mit003/trials/sub-mit003_trial-02_eeg.fif,False,,12.m4v,9.0,9.0,high,high,HVHA,True,True,True,self_report,derive_inside_training_fold,True,True,True,False,True,True,True,,sub-mit003_trial-02
sub-mit003,2,10,18.0,22.0,1000,pass,,401.3450612425605,453.85467796179313,0.0004453125,0,3,data/processed/sub-mit003/trials/sub-mit003_trial-02_eeg.fif,False,,12.m4v,9.0,9.0,high,high,HVHA,True,True,True,self_report,derive_inside_training_fold,True,True,True,False,True,True,True,,sub-mit003_trial-02
sub-mit003,2,11,20.0,24.0,1000,pass,,401.3450612425605,445.0813472954671,0.0004453125,0,3,data/processed/sub-mit003/trials/sub-mit003_trial-02_eeg.fif,False,,12.m4v,9.0,9.0,high,high,HVHA,True,True,True,self_report,derive_inside_training_fold,True,True,True,False,True,True,True,,sub-mit003_trial-02
sub-mit003,2,12,22.0,26.0,1000,pass,,114.94811219757688,228.972243684596,0.0,0,1,data/processed/sub-mit003/trials/sub-mit003_trial-02_eeg.fif,False,,12.m4v,9.0,9.0,high,high,HVHA,True,True,True,self_report,derive_inside_training_fold,True,True,True,False,True,True,True,,sub-mit003_trial-02
sub-mit003,2,13,24.0,28.0,1000,pass,,110.93026705391236,198.16417644060152,0.0,0,1,data/processed/sub-mit003/trials/sub-mit003_trial-02_eeg.fif,False,,12.m4v,9.0,9.0,high,high,HVHA,True,True,True,self_report,derive_inside_training_fold,True,True,True,False,True,True,True,,sub-mit003_trial-02
sub-mit003,2,14,26.0,30.0,1000,pass,,130.20469632653817,175.14280656464285,0.0,0,2,data/processed/sub-mit003/trials/sub-mit003_trial-02_eeg.fif,False,,12.m4v,9.0,9.0,high,high,HVHA,True,True,True,self_report,derive_inside_training_fold,True,True,True,False,True,True,True,,sub-mit003_trial-02
sub-mit003,2,15,28.0,32.0,1000,pass,,174.30052141051942,264.7867119779622,0.0,0,1,data/processed/sub-mit003/trials/sub-mit003_trial-02_eeg.fif,False,,12.m4v,9.0,9.0,high,high,HVHA,True,True,True,self_report,derive_inside_training_fold,True,True,True,False,True,True,True,,sub-mit003_trial-02
sub-mit003,2,16,30.0,34.0,1000,pass,,174.30052141051942,264.7867119779622,0.0,0,3,data/processed/sub-mit003/trials/sub-mit003_trial-02_eeg.fif,False,,12.m4v,9.0,9.0,high,high,HVHA,True,True,True,self_report,derive_inside_training_fold,True,True,True,False,True,True,True,,sub-mit003_trial-02
sub-mit003,2,17,32.0,36.0,1000,pass,,72.31395703178028,142.58649408580447,0.0,0,3,data/processed/sub-mit003/trials/sub-mit003_trial-02_eeg.fif,False,,12.m4v,9.0,9.0,high,high,HVHA,True,True,True,self_report,derive_inside_training_fold,True,True,True,False,True,True,True,,sub-mit003_trial-02
sub-mit003,2,18,34.0,38.0,1000,pass,,70.27253705402421,134.38902248784876,0.0,0,1,data/processed/sub-mit003/trials/sub-mit003_trial-02_eeg.fif,False,,12.m4v,9.0,9.0,high,high,HVHA,True,True,True,self_report,derive_inside_training_fold,True,True,True,False,True,True,True,,sub-mit003_trial-02
sub-mit003,2,19,36.0,40.0,1000,pass,,116.67329377281106,208.5705255964569,0.0,0,3,data/processed/sub-mit003/trials/sub-mit003_trial-02_eeg.fif,False,,12.m4v,9.0,9.0,high,high,HVHA,True,True,True,self_report,derive_inside_training_fold,True,True,True,False,True,True,True,,sub-mit003_trial-02
sub-mit003,2,20,38.0,42.0,1000,review,variance_outliers;amplitude_warning,460.05102422910784,498.0241534056959,0.0015859375,0,6,data/processed/sub-mit003/trials/sub-mit003_trial-02_eeg.fif,False,,12.m4v,9.0,9.0,high,high,HVHA,True,True,True,self_report,derive_inside_training_fold,False,True,True,False,False,False,False,window_qc_review,sub-mit003_trial-02
sub-mit003,2,21,40.0,44.0,1000,review,variance_outliers;amplitude_warning,460.05102422910784,675.8069746121107,0.0053671875,0,9,data/processed/sub-mit003/trials/sub-mit003_trial-02_eeg.fif,False,,12.m4v,9.0,9.0,high,high,HVHA,True,True,True,self_report,derive_inside_training_fold,False,True,True,False,False,False,False,window_qc_review,sub-mit003_trial-02
sub-mit003,2,22,42.0,46.0,1000,review,variance_outliers;amplitude_warning,399.6967458170346,675.8069746121107,0.0041328125,0,8,data/processed/sub-mit003/trials/sub-mit003_trial-02_eeg.fif,False,,12.m4v,9.0,9.0,high,high,HVHA,True,True,True,self_report,derive_inside_training_fold,False,True,True,False,False,False,False,window_qc_review,sub-mit003_trial-02
sub-mit003,2,23,44.0,48.0,1000,review,amplitude_warning,410.2016286030123,501.8490816797302,0.0010703125,0,4,data/processed/sub-mit003/trials/sub-mit003_trial-02_eeg.fif,False,,12.m4v,9.0,9.0,high,high,HVHA,True,True,True,self_report,derive_inside_training_fold,False,True,True,False,False,False,False,window_qc_review,sub-mit003_trial-02
sub-mit003,2,24,46.0,50.0,1000,pass,,410.2016286030123,501.8490816797302,0.00071875,0,3,data/processed/sub-mit003/trials/sub-mit003_trial-02_eeg.fif,False,,12.m4v,9.0,9.0,high,high,HVHA,True,True,True,self_report,derive_inside_training_fold,True,True,True,False,True,True,True,,sub-mit003_trial-02
sub-mit003,2,25,48.0,52.0,1000,pass,,235.29608094890324,386.89820764134,0.0005703125,0,4,data/processed/sub-mit003/trials/sub-mit003_trial-02_eeg.fif,False,,12.m4v,9.0,9.0,high,high,HVHA,True,True,True,self_report,derive_inside_training_fold,True,True,True,False,True,True,True,,sub-mit003_trial-02
sub-mit003,2,26,50.0,54.0,1000,review,variance_outliers;amplitude_warning,353.7396231303308,409.3126057781084,0.001265625,0,6,data/processed/sub-mit003/trials/sub-mit003_trial-02_eeg.fif,False,,12.m4v,9.0,9.0,high,high,HVHA,True,True,True,self_report,derive_inside_training_fold,False,True,True,False,False,False,False,window_qc_review,sub-mit003_trial-02
sub-mit003,2,27,52.0,56.0,1000,pass,,353.7396231303308,418.4239949152606,0.0006953125,0,5,data/processed/sub-mit003/trials/sub-mit003_trial-02_eeg.fif,False,,12.m4v,9.0,9.0,high,high,HVHA,True,True,True,self_report,derive_inside_training_fold,True,True,True,False,True,True,True,,sub-mit003_trial-02
sub-mit003,2,28,54.0,58.0,1000,pass,,311.1932365190001,359.23873810668124,0.00040625,0,2,data/processed/sub-mit003/trials/sub-mit003_trial-02_eeg.fif,False,,12.m4v,9.0,9.0,high,high,HVHA,True,True,True,self_report,derive_inside_training_fold,True,True,True,False,True,True,True,,sub-mit003_trial-02
sub-mit003,2,29,56.0,60.0,1000,pass,,311.1932365190001,398.2935399489953,0.000578125,0,4,data/processed/sub-mit003/trials/sub-mit003_trial-02_eeg.fif,False,,12.m4v,9.0,9.0,high,high,HVHA,True,True,True,self_report,derive_inside_training_fold,True,True,True,False,True,True,True,,sub-mit003_trial-02
sub-mit003,3,1,0.0,4.0,1000,pass,,386.89691064427296,439.2054775593257,0.000421875,0,2,data/processed/sub-mit003/trials/sub-mit003_trial-03_eeg.fif,False,,8.m4v,7.01,6.0,high,high,HVHA,True,True,True,self_report,derive_inside_training_fold,True,True,True,False,True,True,True,,sub-mit003_trial-03
sub-mit003,3,2,2.0,6.0,1000,pass,,78.76988200327361,131.0784489183263,0.0,0,3,data/processed/sub-mit003/trials/sub-mit003_trial-03_eeg.fif,False,,8.m4v,7.01,6.0,high,high,HVHA,True,True,True,self_report,derive_inside_training_fold,True,True,True,False,True,True,True,,sub-mit003_trial-03
sub-mit003,3,3,4.0,8.0,1000,pass,,264.14981012410146,501.9003740990343,0.0004453125,0,3,data/processed/sub-mit003/trials/sub-mit003_trial-03_eeg.fif,False,,8.m4v,7.01,6.0,high,high,HVHA,True,True,True,self_report,derive_inside_training_fold,True,True,True,False,True,True,True,,sub-mit003_trial-03
sub-mit003,3,4,6.0,10.0,1000,pass,,439.9593494751469,506.989164979741,0.000921875,0,5,data/processed/sub-mit003/trials/sub-mit003_trial-03_eeg.fif,False,,8.m4v,7.01,6.0,high,high,HVHA,True,True,True,self_report,derive_inside_training_fold,True,True,True,False,True,True,True,,sub-mit003_trial-03
sub-mit003,3,5,8.0,12.0,1000,pass,,439.9593494751469,520.5376802653585,0.00096875,0,4,data/processed/sub-mit003/trials/sub-mit003_trial-03_eeg.fif,False,,8.m4v,7.01,6.0,high,high,HVHA,True,True,True,self_report,derive_inside_training_fold,True,True,True,False,True,True,True,,sub-mit003_trial-03
sub-mit003,3,6,10.0,14.0,1000,pass,,423.4990834034239,504.0774141936355,0.0004921875,0,5,data/processed/sub-mit003/trials/sub-mit003_trial-03_eeg.fif,False,,8.m4v,7.01,6.0,high,high,HVHA,True,True,True,self_report,derive_inside_training_fold,True,True,True,False,True,True,True,,sub-mit003_trial-03
sub-mit003,3,7,12.0,16.0,1000,pass,,200.2336268137946,382.9097127783631,7.8125e-06,0,3,data/processed/sub-mit003/trials/sub-mit003_trial-03_eeg.fif,False,,8.m4v,7.01,6.0,high,high,HVHA,True,True,True,self_report,derive_inside_training_fold,True,True,True,False,True,True,True,,sub-mit003_trial-03
sub-mit003,3,8,14.0,18.0,1000,pass,,200.2336268137946,399.3917531420234,7.8125e-06,0,5,data/processed/sub-mit003/trials/sub-mit003_trial-03_eeg.fif,False,,8.m4v,7.01,6.0,high,high,HVHA,True,True,True,self_report,derive_inside_training_fold,True,True,True,False,True,True,True,,sub-mit003_trial-03
sub-mit003,3,9,16.0,20.0,1000,review,variance_outliers,218.61865179179097,417.7767781200197,7.8125e-06,0,8,data/processed/sub-mit003/trials/sub-mit003_trial-03_eeg.fif,False,,8.m4v,7.01,6.0,high,high,HVHA,True,True,True,self_report,derive_inside_training_fold,False,True,True,False,False,False,False,window_qc_review,sub-mit003_trial-03
sub-mit003,3,10,18.0,22.0,1000,review,variance_outliers,296.1975090177981,438.79850658257,0.00015625,0,6,data/processed/sub-mit003/trials/sub-mit003_trial-03_eeg.fif,False,,8.m4v,7.01,6.0,high,high,HVHA,True,True,True,self_report,derive_inside_training_fold,False,True,True,False,False,False,False,window_qc_review,sub-mit003_trial-03
sub-mit003,3,11,20.0,24.0,1000,review,variance_outliers,296.1975090177981,419.9265126116625,0.0003359375,0,6,data/processed/sub-mit003/trials/sub-mit003_trial-03_eeg.fif,False,,8.m4v,7.01,6.0,high,high,HVHA,True,True,True,self_report,derive_inside_training_fold,False,True,True,False,False,False,False,window_qc_review,sub-mit003_trial-03
sub-mit003,3,12,22.0,26.0,1000,pass,,280.8994133532972,376.6099538831356,0.0001875,0,5,data/processed/sub-mit003/trials/sub-mit003_trial-03_eeg.fif,False,,8.m4v,7.01,6.0,high,high,HVHA,True,True,True,self_report,derive_inside_training_fold,True,True,True,False,True,True,True,,sub-mit003_trial-03
sub-mit003,3,13,24.0,28.0,1000,pass,,178.07295182091684,306.1064292808665,0.0,0,5,data/processed/sub-mit003/trials/sub-mit003_trial-03_eeg.fif,False,,8.m4v,7.01,6.0,high,high,HVHA,True,True,True,self_report,derive_inside_training_fold,True,True,True,False,True,True,True,,sub-mit003_trial-03
sub-mit003,3,14,26.0,30.0,1000,review,variance_outliers,128.0334774599497,235.93710267580045,0.0,0,6,data/processed/sub-mit003/trials/sub-mit003_trial-03_eeg.fif,False,,8.m4v,7.01,6.0,high,high,HVHA,True,True,True,self_report,derive_inside_training_fold,False,True,True,False,False,False,False,window_qc_review,sub-mit003_trial-03
sub-mit003,3,15,28.0,32.0,1000,pass,,119.91828125241122,235.93710267580045,0.0,0,4,data/processed/sub-mit003/trials/sub-mit003_trial-03_eeg.fif,False,,8.m4v,7.01,6.0,high,high,HVHA,True,True,True,self_report,derive_inside_training_fold,True,True,True,False,True,True,True,,sub-mit003_trial-03
sub-mit003,3,16,30.0,34.0,1000,pass,,104.63262913035926,201.33265635203549,0.0,0,5,data/processed/sub-mit003/trials/sub-mit003_trial-03_eeg.fif,False,,8.m4v,7.01,6.0,high,high,HVHA,True,True,True,self_report,derive_inside_training_fold,True,True,True,False,True,True,True,,sub-mit003_trial-03
sub-mit003,3,17,32.0,36.0,1000,review,variance_outliers,119.5129238925948,213.59178870633804,0.0,0,7,data/processed/sub-mit003/trials/sub-mit003_trial-03_eeg.fif,False,,8.m4v,7.01,6.0,high,high,HVHA,True,True,True,self_report,derive_inside_training_fold,False,True,True,False,False,False,False,window_qc_review,sub-mit003_trial-03
sub-mit003,3,18,34.0,38.0,1000,review,variance_outliers,135.5390774165858,247.9606088099948,0.0,0,6,data/processed/sub-mit003/trials/sub-mit003_trial-03_eeg.fif,False,,8.m4v,7.01,6.0,high,high,HVHA,True,True,True,self_report,derive_inside_training_fold,False,True,True,False,False,False,False,window_qc_review,sub-mit003_trial-03
sub-mit003,3,19,36.0,40.0,1000,pass,,382.54800318454977,442.3362224855033,0.000421875,0,4,data/processed/sub-mit003/trials/sub-mit003_trial-03_eeg.fif,False,,8.m4v,7.01,6.0,high,high,HVHA,True,True,True,self_report,derive_inside_training_fold,True,True,True,False,True,True,True,,sub-mit003_trial-03
sub-mit003,3,20,38.0,42.0,1000,pass,,382.54800318454977,442.3362224855033,0.000421875,0,2,data/processed/sub-mit003/trials/sub-mit003_trial-03_eeg.fif,False,,8.m4v,7.01,6.0,high,high,HVHA,True,True,True,self_report,derive_inside_training_fold,True,True,True,False,True,True,True,,sub-mit003_trial-03
sub-mit003,3,21,40.0,44.0,1000,review,amplitude_warning,875.3460671259011,1012.0280736167496,0.007625,0,3,data/processed/sub-mit003/trials/sub-mit003_trial-03_eeg.fif,False,,8.m4v,7.01,6.0,high,high,HVHA,True,True,True,self_report,derive_inside_training_fold,False,True,True,False,False,False,False,window_qc_review,sub-mit003_trial-03
sub-mit003,3,22,42.0,46.0,1000,review,amplitude_warning,875.3460671259011,1012.0280736167496,0.00940625,0,3,data/processed/sub-mit003/trials/sub-mit003_trial-03_eeg.fif,False,,8.m4v,7.01,6.0,high,high,HVHA,True,True,True,self_report,derive_inside_training_fold,False,True,True,False,False,False,False,window_qc_review,sub-mit003_trial-03
sub-mit003,3,23,44.0,48.0,1000,review,amplitude_warning,390.1602163000964,475.8460147287801,0.00178125,0,1,data/processed/sub-mit003/trials/sub-mit003_trial-03_eeg.fif,False,,8.m4v,7.01,6.0,high,high,HVHA,True,True,True,self_report,derive_inside_training_fold,False,True,True,False,False,False,False,window_qc_review,sub-mit003_trial-03
sub-mit003,3,24,46.0,50.0,1000,pass,,105.91523715934754,174.82789567676605,0.0,0,0,data/processed/sub-mit003/trials/sub-mit003_trial-03_eeg.fif,False,,8.m4v,7.01,6.0,high,high,HVHA,True,True,True,self_report,derive_inside_training_fold,True,True,True,False,True,True,True,,sub-mit003_trial-03
sub-mit003,3,25,48.0,52.0,1000,pass,,82.54737070223246,164.9647060044026,0.0,0,0,data/processed/sub-mit003/trials/sub-mit003_trial-03_eeg.fif,False,,8.m4v,7.01,6.0,high,high,HVHA,True,True,True,self_report,derive_inside_training_fold,True,True,True,False,True,True,True,,sub-mit003_trial-03
sub-mit003,3,26,50.0,54.0,1000,pass,,78.90578440771564,148.41031609258513,0.0,0,1,data/processed/sub-mit003/trials/sub-mit003_trial-03_eeg.fif,False,,8.m4v,7.01,6.0,high,high,HVHA,True,True,True,self_report,derive_inside_training_fold,True,True,True,False,True,True,True,,sub-mit003_trial-03
sub-mit003,3,27,52.0,56.0,1000,pass,,293.1221916427501,360.6260824635301,0.000390625,0,2,data/processed/sub-mit003/trials/sub-mit003_trial-03_eeg.fif,False,,8.m4v,7.01,6.0,high,high,HVHA,True,True,True,self_report,derive_inside_training_fold,True,True,True,False,True,True,True,,sub-mit003_trial-03
sub-mit003,3,28,54.0,58.0,1000,pass,,293.1221916427501,360.6260824635301,0.000390625,0,2,data/processed/sub-mit003/trials/sub-mit003_trial-03_eeg.fif,False,,8.m4v,7.01,6.0,high,high,HVHA,True,True,True,self_report,derive_inside_training_fold,True,True,True,False,True,True,True,,sub-mit003_trial-03
sub-mit003,3,29,56.0,60.0,1000,pass,,128.93409696451175,219.10398046488203,0.0,0,0,data/processed/sub-mit003/trials/sub-mit003_trial-03_eeg.fif,False,,8.m4v,7.01,6.0,high,high,HVHA,True,True,True,self_report,derive_inside_training_fold,True,True,True,False,True,True,True,,sub-mit003_trial-03
sub-mit003,4,1,0.0,4.0,1000,review,amplitude_warning,312.960570498913,574.9444260386392,0.001140625,0,1,data/processed/sub-mit003/trials/sub-mit003_trial-04_eeg.fif,False,,4.mp4,1.05,7.1,low,high,LVHA,True,True,True,self_report,derive_inside_training_fold,False,True,True,False,False,False,False,window_qc_review,sub-mit003_trial-04
sub-mit003,4,2,2.0,6.0,1000,pass,,298.50756760571585,574.9444260386392,0.0003515625,0,4,data/processed/sub-mit003/trials/sub-mit003_trial-04_eeg.fif,False,,4.mp4,1.05,7.1,low,high,LVHA,True,True,True,self_report,derive_inside_training_fold,True,True,True,False,True,True,True,,sub-mit003_trial-04
sub-mit003,4,3,4.0,8.0,1000,pass,,249.47059568362383,342.77513798955647,9.375e-05,0,4,data/processed/sub-mit003/trials/sub-mit003_trial-04_eeg.fif,False,,4.mp4,1.05,7.1,low,high,LVHA,True,True,True,self_report,derive_inside_training_fold,True,True,True,False,True,True,True,,sub-mit003_trial-04
sub-mit003,4,4,6.0,10.0,1000,pass,,98.08594488175132,170.0851741311231,0.0,0,4,data/processed/sub-mit003/trials/sub-mit003_trial-04_eeg.fif,False,,4.mp4,1.05,7.1,low,high,LVHA,True,True,True,self_report,derive_inside_training_fold,True,True,True,False,True,True,True,,sub-mit003_trial-04
sub-mit003,4,5,8.0,12.0,1000,pass,,98.08594488175132,162.4101100635867,0.0,0,2,data/processed/sub-mit003/trials/sub-mit003_trial-04_eeg.fif,False,,4.mp4,1.05,7.1,low,high,LVHA,True,True,True,self_report,derive_inside_training_fold,True,True,True,False,True,True,True,,sub-mit003_trial-04
sub-mit003,4,6,10.0,14.0,1000,pass,,130.61671414776356,214.4011606525368,0.0,0,4,data/processed/sub-mit003/trials/sub-mit003_trial-04_eeg.fif,False,,4.mp4,1.05,7.1,low,high,LVHA,True,True,True,self_report,derive_inside_training_fold,True,True,True,False,True,True,True,,sub-mit003_trial-04
sub-mit003,4,7,12.0,16.0,1000,pass,,130.61671414776356,214.4011606525368,0.0,0,1,data/processed/sub-mit003/trials/sub-mit003_trial-04_eeg.fif,False,,4.mp4,1.05,7.1,low,high,LVHA,True,True,True,self_report,derive_inside_training_fold,True,True,True,False,True,True,True,,sub-mit003_trial-04
sub-mit003,4,8,14.0,18.0,1000,pass,,105.16339847716372,154.30251654767946,0.0,0,2,data/processed/sub-mit003/trials/sub-mit003_trial-04_eeg.fif,False,,4.mp4,1.05,7.1,low,high,LVHA,True,True,True,self_report,derive_inside_training_fold,True,True,True,False,True,True,True,,sub-mit003_trial-04
sub-mit003,4,9,16.0,20.0,1000,pass,,105.16339847716372,154.30251654767946,0.0,0,1,data/processed/sub-mit003/trials/sub-mit003_trial-04_eeg.fif,False,,4.mp4,1.05,7.1,low,high,LVHA,True,True,True,self_report,derive_inside_training_fold,True,True,True,False,True,True,True,,sub-mit003_trial-04
sub-mit003,4,10,18.0,22.0,1000,pass,,61.8780287134019,102.77612278739022,0.0,0,1,data/processed/sub-mit003/trials/sub-mit003_trial-04_eeg.fif,False,,4.mp4,1.05,7.1,low,high,LVHA,True,True,True,self_report,derive_inside_training_fold,True,True,True,False,True,True,True,,sub-mit003_trial-04
sub-mit003,4,11,20.0,24.0,1000,pass,,117.0676495457412,173.42502931678257,0.0,0,2,data/processed/sub-mit003/trials/sub-mit003_trial-04_eeg.fif,False,,4.mp4,1.05,7.1,low,high,LVHA,True,True,True,self_report,derive_inside_training_fold,True,True,True,False,True,True,True,,sub-mit003_trial-04
sub-mit003,4,12,22.0,26.0,1000,pass,,117.0676495457412,173.42502931678257,0.0,0,2,data/processed/sub-mit003/trials/sub-mit003_trial-04_eeg.fif,False,,4.mp4,1.05,7.1,low,high,LVHA,True,True,True,self_report,derive_inside_training_fold,True,True,True,False,True,True,True,,sub-mit003_trial-04
sub-mit003,4,13,24.0,28.0,1000,pass,,86.82905556691053,118.48032730706711,0.0,0,1,data/processed/sub-mit003/trials/sub-mit003_trial-04_eeg.fif,False,,4.mp4,1.05,7.1,low,high,LVHA,True,True,True,self_report,derive_inside_training_fold,True,True,True,False,True,True,True,,sub-mit003_trial-04
sub-mit003,4,14,26.0,30.0,1000,pass,,55.27230821006021,97.016204589042,0.0,0,0,data/processed/sub-mit003/trials/sub-mit003_trial-04_eeg.fif,False,,4.mp4,1.05,7.1,low,high,LVHA,True,True,True,self_report,derive_inside_training_fold,True,True,True,False,True,True,True,,sub-mit003_trial-04
sub-mit003,4,15,28.0,32.0,1000,pass,,59.36019882473928,95.76657080313451,0.0,0,1,data/processed/sub-mit003/trials/sub-mit003_trial-04_eeg.fif,False,,4.mp4,1.05,7.1,low,high,LVHA,True,True,True,self_report,derive_inside_training_fold,True,True,True,False,True,True,True,,sub-mit003_trial-04
sub-mit003,4,16,30.0,34.0,1000,pass,,361.663420717747,422.33454788390304,0.000265625,0,5,data/processed/sub-mit003/trials/sub-mit003_trial-04_eeg.fif,False,,4.mp4,1.05,7.1,low,high,LVHA,True,True,True,self_report,derive_inside_training_fold,True,True,True,False,True,True,True,,sub-mit003_trial-04
sub-mit003,4,17,32.0,36.0,1000,pass,,361.663420717747,422.33454788390304,0.000265625,0,4,data/processed/sub-mit003/trials/sub-mit003_trial-04_eeg.fif,False,,4.mp4,1.05,7.1,low,high,LVHA,True,True,True,self_report,derive_inside_training_fold,True,True,True,False,True,True,True,,sub-mit003_trial-04
sub-mit003,4,18,34.0,38.0,1000,pass,,72.01052838264401,104.98772022443345,0.0,0,1,data/processed/sub-mit003/trials/sub-mit003_trial-04_eeg.fif,False,,4.mp4,1.05,7.1,low,high,LVHA,True,True,True,self_report,derive_inside_training_fold,True,True,True,False,True,True,True,,sub-mit003_trial-04
sub-mit003,4,19,36.0,40.0,1000,pass,,449.7016590208625,526.2771593158092,0.000734375,0,4,data/processed/sub-mit003/trials/sub-mit003_trial-04_eeg.fif,False,,4.mp4,1.05,7.1,low,high,LVHA,True,True,True,self_report,derive_inside_training_fold,True,True,True,False,True,True,True,,sub-mit003_trial-04
sub-mit003,4,20,38.0,42.0,1000,review,variance_outliers,449.7016590208625,526.2771593158092,0.000734375,0,6,data/processed/sub-mit003/trials/sub-mit003_trial-04_eeg.fif,False,,4.mp4,1.05,7.1,low,high,LVHA,True,True,True,self_report,derive_inside_training_fold,False,True,True,False,False,False,False,window_qc_review,sub-mit003_trial-04
sub-mit003,4,21,40.0,44.0,1000,pass,,47.104442477508265,87.12286354956717,0.0,0,2,data/processed/sub-mit003/trials/sub-mit003_trial-04_eeg.fif,False,,4.mp4,1.05,7.1,low,high,LVHA,True,True,True,self_report,derive_inside_training_fold,True,True,True,False,True,True,True,,sub-mit003_trial-04
sub-mit003,4,22,42.0,46.0,1000,pass,,48.96572100674453,91.709415204247,0.0,0,3,data/processed/sub-mit003/trials/sub-mit003_trial-04_eeg.fif,False,,4.mp4,1.05,7.1,low,high,LVHA,True,True,True,self_report,derive_inside_training_fold,True,True,True,False,True,True,True,,sub-mit003_trial-04
sub-mit003,4,23,44.0,48.0,1000,pass,,58.25175079897339,106.15526172539194,0.0,0,1,data/processed/sub-mit003/trials/sub-mit003_trial-04_eeg.fif,False,,4.mp4,1.05,7.1,low,high,LVHA,True,True,True,self_report,derive_inside_training_fold,True,True,True,False,True,True,True,,sub-mit003_trial-04
sub-mit003,4,24,46.0,50.0,1000,pass,,85.0782010791435,153.55078849171605,0.0,0,1,data/processed/sub-mit003/trials/sub-mit003_trial-04_eeg.fif,False,,4.mp4,1.05,7.1,low,high,LVHA,True,True,True,self_report,derive_inside_training_fold,True,True,True,False,True,True,True,,sub-mit003_trial-04
sub-mit003,4,25,48.0,52.0,1000,pass,,85.0782010791435,153.55078849171605,0.0,0,1,data/processed/sub-mit003/trials/sub-mit003_trial-04_eeg.fif,False,,4.mp4,1.05,7.1,low,high,LVHA,True,True,True,self_report,derive_inside_training_fold,True,True,True,False,True,True,True,,sub-mit003_trial-04
sub-mit003,4,26,50.0,54.0,1000,pass,,329.5815421366366,388.46745965153815,0.0003515625,0,2,data/processed/sub-mit003/trials/sub-mit003_trial-04_eeg.fif,False,,4.mp4,1.05,7.1,low,high,LVHA,True,True,True,self_report,derive_inside_training_fold,True,True,True,False,True,True,True,,sub-mit003_trial-04
sub-mit003,4,27,52.0,56.0,1000,pass,,329.5815421366366,388.46745965153815,0.0003515625,0,2,data/processed/sub-mit003/trials/sub-mit003_trial-04_eeg.fif,False,,4.mp4,1.05,7.1,low,high,LVHA,True,True,True,self_report,derive_inside_training_fold,True,True,True,False,True,True,True,,sub-mit003_trial-04
sub-mit003,4,28,54.0,58.0,1000,pass,,62.67383941085557,114.47860307400644,0.0,0,2,data/processed/sub-mit003/trials/sub-mit003_trial-04_eeg.fif,False,,4.mp4,1.05,7.1,low,high,LVHA,True,True,True,self_report,derive_inside_training_fold,True,True,True,False,True,True,True,,sub-mit003_trial-04
sub-mit003,4,29,56.0,60.0,1000,review,amplitude_warning,263.2602532415818,278.0698263777141,0.0014453125,0,0,data/processed/sub-mit003/trials/sub-mit003_trial-04_eeg.fif,False,,4.mp4,1.05,7.1,low,high,LVHA,True,True,True,self_report,derive_inside_training_fold,False,True,True,False,False,False,False,window_qc_review,sub-mit003_trial-04
sub-mit003,5,1,0.0,4.0,1000,review,amplitude_warning,374.1149587722474,450.38876992000655,0.00509375,0,0,data/processed/sub-mit003/trials/sub-mit003_trial-05_eeg.fif,False,,15.mp4,1.0,7.95,low,high,LVHA,True,True,True,self_report,derive_inside_training_fold,False,True,True,False,False,False,False,window_qc_review,sub-mit003_trial-05
sub-mit003,5,2,2.0,6.0,1000,pass,,92.99432349568065,140.23029673457555,0.0,0,2,data/processed/sub-mit003/trials/sub-mit003_trial-05_eeg.fif,False,,15.mp4,1.0,7.95,low,high,LVHA,True,True,True,self_report,derive_inside_training_fold,True,True,True,False,True,True,True,,sub-mit003_trial-05
sub-mit003,5,3,4.0,8.0,1000,pass,,62.00320418916008,117.29743546435049,0.0,0,4,data/processed/sub-mit003/trials/sub-mit003_trial-05_eeg.fif,False,,15.mp4,1.0,7.95,low,high,LVHA,True,True,True,self_report,derive_inside_training_fold,True,True,True,False,True,True,True,,sub-mit003_trial-05
sub-mit003,5,4,6.0,10.0,1000,pass,,62.00320418916008,117.29743546435049,0.0,0,4,data/processed/sub-mit003/trials/sub-mit003_trial-05_eeg.fif,False,,15.mp4,1.0,7.95,low,high,LVHA,True,True,True,self_report,derive_inside_training_fold,True,True,True,False,True,True,True,,sub-mit003_trial-05
sub-mit003,5,5,8.0,12.0,1000,pass,,57.34539398973829,111.74945040145352,0.0,0,3,data/processed/sub-mit003/trials/sub-mit003_trial-05_eeg.fif,False,,15.mp4,1.0,7.95,low,high,LVHA,True,True,True,self_report,derive_inside_training_fold,True,True,True,False,True,True,True,,sub-mit003_trial-05
sub-mit003,5,6,10.0,14.0,1000,pass,,59.01006302240063,116.35545701213891,0.0,0,3,data/processed/sub-mit003/trials/sub-mit003_trial-05_eeg.fif,False,,15.mp4,1.0,7.95,low,high,LVHA,True,True,True,self_report,derive_inside_training_fold,True,True,True,False,True,True,True,,sub-mit003_trial-05
sub-mit003,5,7,12.0,16.0,1000,pass,,283.41116261453374,323.79619135168264,0.0002578125,0,4,data/processed/sub-mit003/trials/sub-mit003_trial-05_eeg.fif,False,,15.mp4,1.0,7.95,low,high,LVHA,True,True,True,self_report,derive_inside_training_fold,True,True,True,False,True,True,True,,sub-mit003_trial-05
sub-mit003,5,8,14.0,18.0,1000,pass,,283.41116261453374,348.45382602453554,0.0002578125,0,4,data/processed/sub-mit003/trials/sub-mit003_trial-05_eeg.fif,False,,15.mp4,1.0,7.95,low,high,LVHA,True,True,True,self_report,derive_inside_training_fold,True,True,True,False,True,True,True,,sub-mit003_trial-05
sub-mit003,5,9,16.0,20.0,1000,pass,,426.76660048501793,491.8092638950197,0.0005546875,0,3,data/processed/sub-mit003/trials/sub-mit003_trial-05_eeg.fif,False,,15.mp4,1.0,7.95,low,high,LVHA,True,True,True,self_report,derive_inside_training_fold,True,True,True,False,True,True,True,,sub-mit003_trial-05
sub-mit003,5,10,18.0,22.0,1000,pass,,426.76660048501793,489.4907061616157,0.0005546875,0,2,data/processed/sub-mit003/trials/sub-mit003_trial-05_eeg.fif,False,,15.mp4,1.0,7.95,low,high,LVHA,True,True,True,self_report,derive_inside_training_fold,True,True,True,False,True,True,True,,sub-mit003_trial-05
sub-mit003,5,11,20.0,24.0,1000,pass,,95.44009375317756,152.84389457260235,0.0,0,2,data/processed/sub-mit003/trials/sub-mit003_trial-05_eeg.fif,False,,15.mp4,1.0,7.95,low,high,LVHA,True,True,True,self_report,derive_inside_training_fold,True,True,True,False,True,True,True,,sub-mit003_trial-05
sub-mit003,5,12,22.0,26.0,1000,pass,,476.8819262862232,526.7472597174543,0.0006484375,0,4,data/processed/sub-mit003/trials/sub-mit003_trial-05_eeg.fif,False,,15.mp4,1.0,7.95,low,high,LVHA,True,True,True,self_report,derive_inside_training_fold,True,True,True,False,True,True,True,,sub-mit003_trial-05
sub-mit003,5,13,24.0,28.0,1000,pass,,476.8819262862232,524.3746477239329,0.0006484375,0,5,data/processed/sub-mit003/trials/sub-mit003_trial-05_eeg.fif,False,,15.mp4,1.0,7.95,low,high,LVHA,True,True,True,self_report,derive_inside_training_fold,True,True,True,False,True,True,True,,sub-mit003_trial-05
sub-mit003,5,14,26.0,30.0,1000,pass,,79.1244428544292,141.7006031273478,0.0,0,5,data/processed/sub-mit003/trials/sub-mit003_trial-05_eeg.fif,False,,15.mp4,1.0,7.95,low,high,LVHA,True,True,True,self_report,derive_inside_training_fold,True,True,True,False,True,True,True,,sub-mit003_trial-05
sub-mit003,5,15,28.0,32.0,1000,pass,,79.1244428544292,141.7006031273478,0.0,0,5,data/processed/sub-mit003/trials/sub-mit003_trial-05_eeg.fif,False,,15.mp4,1.0,7.95,low,high,LVHA,True,True,True,self_report,derive_inside_training_fold,True,True,True,False,True,True,True,,sub-mit003_trial-05
sub-mit003,5,16,30.0,34.0,1000,pass,,79.51589945744477,143.85249292294017,0.0,0,1,data/processed/sub-mit003/trials/sub-mit003_trial-05_eeg.fif,False,,15.mp4,1.0,7.95,low,high,LVHA,True,True,True,self_report,derive_inside_training_fold,True,True,True,False,True,True,True,,sub-mit003_trial-05
sub-mit003,5,17,32.0,36.0,1000,pass,,115.39881867837256,160.14373738864467,0.0,0,4,data/processed/sub-mit003/trials/sub-mit003_trial-05_eeg.fif,False,,15.mp4,1.0,7.95,low,high,LVHA,True,True,True,self_report,derive_inside_training_fold,True,True,True,False,True,True,True,,sub-mit003_trial-05
sub-mit003,5,18,34.0,38.0,1000,pass,,115.39881867837256,161.16527898152452,0.0,0,2,data/processed/sub-mit003/trials/sub-mit003_trial-05_eeg.fif,False,,15.mp4,1.0,7.95,low,high,LVHA,True,True,True,self_report,derive_inside_training_fold,True,True,True,False,True,True,True,,sub-mit003_trial-05
sub-mit003,5,19,36.0,40.0,1000,pass,,62.566535791741714,116.64314622039694,0.0,0,3,data/processed/sub-mit003/trials/sub-mit003_trial-05_eeg.fif,False,,15.mp4,1.0,7.95,low,high,LVHA,True,True,True,self_report,derive_inside_training_fold,True,True,True,False,True,True,True,,sub-mit003_trial-05
sub-mit003,5,20,38.0,42.0,1000,pass,,66.12072737212371,124.65436522482877,0.0,0,5,data/processed/sub-mit003/trials/sub-mit003_trial-05_eeg.fif,False,,15.mp4,1.0,7.95,low,high,LVHA,True,True,True,self_report,derive_inside_training_fold,True,True,True,False,True,True,True,,sub-mit003_trial-05
sub-mit003,5,21,40.0,44.0,1000,pass,,66.12072737212371,124.65436522482877,0.0,0,3,data/processed/sub-mit003/trials/sub-mit003_trial-05_eeg.fif,False,,15.mp4,1.0,7.95,low,high,LVHA,True,True,True,self_report,derive_inside_training_fold,True,True,True,False,True,True,True,,sub-mit003_trial-05
sub-mit003,5,22,42.0,46.0,1000,pass,,52.06871019568758,89.40916038827723,0.0,0,3,data/processed/sub-mit003/trials/sub-mit003_trial-05_eeg.fif,False,,15.mp4,1.0,7.95,low,high,LVHA,True,True,True,self_report,derive_inside_training_fold,True,True,True,False,True,True,True,,sub-mit003_trial-05
sub-mit003,5,23,44.0,48.0,1000,pass,,52.06871019568758,94.2308194642385,0.0,0,4,data/processed/sub-mit003/trials/sub-mit003_trial-05_eeg.fif,False,,15.mp4,1.0,7.95,low,high,LVHA,True,True,True,self_report,derive_inside_training_fold,True,True,True,False,True,True,True,,sub-mit003_trial-05
sub-mit003,5,24,46.0,50.0,1000,pass,,54.60256181282538,102.5777890476566,0.0,0,2,data/processed/sub-mit003/trials/sub-mit003_trial-05_eeg.fif,False,,15.mp4,1.0,7.95,low,high,LVHA,True,True,True,self_report,derive_inside_training_fold,True,True,True,False,True,True,True,,sub-mit003_trial-05
sub-mit003,5,25,48.0,52.0,1000,pass,,61.037250364694586,120.89085357661588,0.0,0,5,data/processed/sub-mit003/trials/sub-mit003_trial-05_eeg.fif,False,,15.mp4,1.0,7.95,low,high,LVHA,True,True,True,self_report,derive_inside_training_fold,True,True,True,False,True,True,True,,sub-mit003_trial-05
sub-mit003,5,26,50.0,54.0,1000,pass,,61.037250364694586,120.89085357661588,0.0,0,4,data/processed/sub-mit003/trials/sub-mit003_trial-05_eeg.fif,False,,15.mp4,1.0,7.95,low,high,LVHA,True,True,True,self_report,derive_inside_training_fold,True,True,True,False,True,True,True,,sub-mit003_trial-05
sub-mit003,5,27,52.0,56.0,1000,pass,,50.502044550228966,94.78208517939942,0.0,0,3,data/processed/sub-mit003/trials/sub-mit003_trial-05_eeg.fif,False,,15.mp4,1.0,7.95,low,high,LVHA,True,True,True,self_report,derive_inside_training_fold,True,True,True,False,True,True,True,,sub-mit003_trial-05
sub-mit003,5,28,54.0,58.0,1000,review,variance_outliers,67.37187940753907,115.24957246292904,0.0,0,6,data/processed/sub-mit003/trials/sub-mit003_trial-05_eeg.fif,False,,15.mp4,1.0,7.95,low,high,LVHA,True,True,True,self_report,derive_inside_training_fold,False,True,True,False,False,False,False,window_qc_review,sub-mit003_trial-05
sub-mit003,5,29,56.0,60.0,1000,pass,,71.94257336572575,115.24957246292904,0.0,0,4,data/processed/sub-mit003/trials/sub-mit003_trial-05_eeg.fif,False,,15.mp4,1.0,7.95,low,high,LVHA,True,True,True,self_report,derive_inside_training_fold,True,True,True,False,True,True,True,,sub-mit003_trial-05
sub-mit003,6,1,0.0,4.0,1000,pass,,246.14143309437293,369.7319631778447,0.0005625,0,1,data/processed/sub-mit003/trials/sub-mit003_trial-06_eeg.fif,False,,17.mp4,4.42,7.53,low,high,LVHA,True,True,True,self_report,derive_inside_training_fold,True,True,True,False,True,True,True,,sub-mit003_trial-06
sub-mit003,6,2,2.0,6.0,1000,pass,,485.6509387152555,581.2225098240581,0.0009453125,0,3,data/processed/sub-mit003/trials/sub-mit003_trial-06_eeg.fif,False,,17.mp4,4.42,7.53,low,high,LVHA,True,True,True,self_report,derive_inside_training_fold,True,True,True,False,True,True,True,,sub-mit003_trial-06
sub-mit003,6,3,4.0,8.0,1000,pass,,485.6509387152555,581.2225098240581,0.0009453125,0,3,data/processed/sub-mit003/trials/sub-mit003_trial-06_eeg.fif,False,,17.mp4,4.42,7.53,low,high,LVHA,True,True,True,self_report,derive_inside_training_fold,True,True,True,False,True,True,True,,sub-mit003_trial-06
sub-mit003,6,4,6.0,10.0,1000,pass,,89.86297584733654,169.45570330751704,0.0,0,3,data/processed/sub-mit003/trials/sub-mit003_trial-06_eeg.fif,False,,17.mp4,4.42,7.53,low,high,LVHA,True,True,True,self_report,derive_inside_training_fold,True,True,True,False,True,True,True,,sub-mit003_trial-06
sub-mit003,6,5,8.0,12.0,1000,review,variance_outliers,320.29464640813063,384.6971578422096,0.0003046875,0,6,data/processed/sub-mit003/trials/sub-mit003_trial-06_eeg.fif,False,,17.mp4,4.42,7.53,low,high,LVHA,True,True,True,self_report,derive_inside_training_fold,False,True,True,False,False,False,False,window_qc_review,sub-mit003_trial-06
sub-mit003,6,6,10.0,14.0,1000,review,amplitude_warning,586.611448714261,683.7531034372636,0.002625,0,4,data/processed/sub-mit003/trials/sub-mit003_trial-06_eeg.fif,False,,17.mp4,4.42,7.53,low,high,LVHA,True,True,True,self_report,derive_inside_training_fold,False,True,True,False,False,False,False,window_qc_review,sub-mit003_trial-06
sub-mit003,6,7,12.0,16.0,1000,review,amplitude_warning,586.611448714261,683.7531034372636,0.0023203125,0,2,data/processed/sub-mit003/trials/sub-mit003_trial-06_eeg.fif,False,,17.mp4,4.42,7.53,low,high,LVHA,True,True,True,self_report,derive_inside_training_fold,False,True,True,False,False,False,False,window_qc_review,sub-mit003_trial-06
sub-mit003,6,8,14.0,18.0,1000,pass,,165.55953937692422,270.55517509816383,0.0,0,2,data/processed/sub-mit003/trials/sub-mit003_trial-06_eeg.fif,False,,17.mp4,4.42,7.53,low,high,LVHA,True,True,True,self_report,derive_inside_training_fold,True,True,True,False,True,True,True,,sub-mit003_trial-06
sub-mit003,6,9,16.0,20.0,1000,pass,,134.26751675085086,212.14801734767852,0.0,0,5,data/processed/sub-mit003/trials/sub-mit003_trial-06_eeg.fif,False,,17.mp4,4.42,7.53,low,high,LVHA,True,True,True,self_report,derive_inside_training_fold,True,True,True,False,True,True,True,,sub-mit003_trial-06
sub-mit003,6,10,18.0,22.0,1000,review,amplitude_warning,536.9700303825623,1024.023831643104,0.0041015625,0,4,data/processed/sub-mit003/trials/sub-mit003_trial-06_eeg.fif,False,,17.mp4,4.42,7.53,low,high,LVHA,True,True,True,self_report,derive_inside_training_fold,False,True,True,False,False,False,False,window_qc_review,sub-mit003_trial-06
sub-mit003,6,11,20.0,24.0,1000,review,variance_outliers;amplitude_warning,536.9700303825623,1024.023831643104,0.008078125,0,6,data/processed/sub-mit003/trials/sub-mit003_trial-06_eeg.fif,False,,17.mp4,4.42,7.53,low,high,LVHA,True,True,True,self_report,derive_inside_training_fold,False,True,True,False,False,False,False,window_qc_review,sub-mit003_trial-06
sub-mit003,6,12,22.0,26.0,1000,review,variance_outliers;amplitude_warning,472.4358508579954,729.2636700337862,0.0039765625,0,7,data/processed/sub-mit003/trials/sub-mit003_trial-06_eeg.fif,False,,17.mp4,4.42,7.53,low,high,LVHA,True,True,True,self_report,derive_inside_training_fold,False,True,True,False,False,False,False,window_qc_review,sub-mit003_trial-06
sub-mit003,6,13,24.0,28.0,1000,pass,,105.92601749379298,161.67810780713404,0.0,0,3,data/processed/sub-mit003/trials/sub-mit003_trial-06_eeg.fif,False,,17.mp4,4.42,7.53,low,high,LVHA,True,True,True,self_report,derive_inside_training_fold,True,True,True,False,True,True,True,,sub-mit003_trial-06
sub-mit003,6,14,26.0,30.0,1000,review,variance_outliers,443.3055408729486,493.6392657214541,0.000703125,0,8,data/processed/sub-mit003/trials/sub-mit003_trial-06_eeg.fif,False,,17.mp4,4.42,7.53,low,high,LVHA,True,True,True,self_report,derive_inside_training_fold,False,True,True,False,False,False,False,window_qc_review,sub-mit003_trial-06
sub-mit003,6,15,28.0,32.0,1000,review,variance_outliers,443.3055408729486,500.445936846847,0.000703125,0,6,data/processed/sub-mit003/trials/sub-mit003_trial-06_eeg.fif,False,,17.mp4,4.42,7.53,low,high,LVHA,True,True,True,self_report,derive_inside_training_fold,False,True,True,False,False,False,False,window_qc_review,sub-mit003_trial-06
sub-mit003,6,16,30.0,34.0,1000,review,amplitude_warning,641.9489119534536,721.2850170998289,0.0017890625,0,4,data/processed/sub-mit003/trials/sub-mit003_trial-06_eeg.fif,False,,17.mp4,4.42,7.53,low,high,LVHA,True,True,True,self_report,derive_inside_training_fold,False,True,True,False,False,False,False,window_qc_review,sub-mit003_trial-06
sub-mit003,6,17,32.0,36.0,1000,review,amplitude_warning,641.9489119534536,721.2850170998289,0.0017890625,0,3,data/processed/sub-mit003/trials/sub-mit003_trial-06_eeg.fif,False,,17.mp4,4.42,7.53,low,high,LVHA,True,True,True,self_report,derive_inside_training_fold,False,True,True,False,False,False,False,window_qc_review,sub-mit003_trial-06
sub-mit003,6,18,34.0,38.0,1000,pass,,147.29197655683444,232.18228853733123,0.0,0,1,data/processed/sub-mit003/trials/sub-mit003_trial-06_eeg.fif,False,,17.mp4,4.42,7.53,low,high,LVHA,True,True,True,self_report,derive_inside_training_fold,True,True,True,False,True,True,True,,sub-mit003_trial-06
sub-mit003,6,19,36.0,40.0,1000,pass,,147.29197655683444,232.18228853733123,0.0,0,3,data/processed/sub-mit003/trials/sub-mit003_trial-06_eeg.fif,False,,17.mp4,4.42,7.53,low,high,LVHA,True,True,True,self_report,derive_inside_training_fold,True,True,True,False,True,True,True,,sub-mit003_trial-06
sub-mit003,6,20,38.0,42.0,1000,pass,,448.997435389828,501.2728945473959,0.0007265625,0,5,data/processed/sub-mit003/trials/sub-mit003_trial-06_eeg.fif,False,,17.mp4,4.42,7.53,low,high,LVHA,True,True,True,self_report,derive_inside_training_fold,True,True,True,False,True,True,True,,sub-mit003_trial-06
sub-mit003,6,21,40.0,44.0,1000,pass,,448.997435389828,495.31442517157046,0.0007265625,0,4,data/processed/sub-mit003/trials/sub-mit003_trial-06_eeg.fif,False,,17.mp4,4.42,7.53,low,high,LVHA,True,True,True,self_report,derive_inside_training_fold,True,True,True,False,True,True,True,,sub-mit003_trial-06
sub-mit003,6,22,42.0,46.0,1000,pass,,185.20762587516916,328.091872340593,0.0,0,5,data/processed/sub-mit003/trials/sub-mit003_trial-06_eeg.fif,False,,17.mp4,4.42,7.53,low,high,LVHA,True,True,True,self_report,derive_inside_training_fold,True,True,True,False,True,True,True,,sub-mit003_trial-06
sub-mit003,6,23,44.0,48.0,1000,pass,,89.64571357981868,135.64393962945582,0.0,0,4,data/processed/sub-mit003/trials/sub-mit003_trial-06_eeg.fif,False,,17.mp4,4.42,7.53,low,high,LVHA,True,True,True,self_report,derive_inside_training_fold,True,True,True,False,True,True,True,,sub-mit003_trial-06
sub-mit003,6,24,46.0,50.0,1000,review,variance_outliers,72.95667248425914,116.09571427597832,0.0,0,6,data/processed/sub-mit003/trials/sub-mit003_trial-06_eeg.fif,False,,17.mp4,4.42,7.53,low,high,LVHA,True,True,True,self_report,derive_inside_training_fold,False,True,True,False,False,False,False,window_qc_review,sub-mit003_trial-06
sub-mit003,6,25,48.0,52.0,1000,review,variance_outliers,67.04640943765769,114.75928468340518,0.0,0,7,data/processed/sub-mit003/trials/sub-mit003_trial-06_eeg.fif,False,,17.mp4,4.42,7.53,low,high,LVHA,True,True,True,self_report,derive_inside_training_fold,False,True,True,False,False,False,False,window_qc_review,sub-mit003_trial-06
sub-mit003,6,26,50.0,54.0,1000,pass,,56.093845225808295,88.11679436370812,0.0,0,4,data/processed/sub-mit003/trials/sub-mit003_trial-06_eeg.fif,False,,17.mp4,4.42,7.53,low,high,LVHA,True,True,True,self_report,derive_inside_training_fold,True,True,True,False,True,True,True,,sub-mit003_trial-06
sub-mit003,6,27,52.0,56.0,1000,pass,,56.093845225808295,85.463084958787,0.0,0,1,data/processed/sub-mit003/trials/sub-mit003_trial-06_eeg.fif,False,,17.mp4,4.42,7.53,low,high,LVHA,True,True,True,self_report,derive_inside_training_fold,True,True,True,False,True,True,True,,sub-mit003_trial-06
sub-mit003,6,28,54.0,58.0,1000,pass,,43.94088352553455,83.45646646409736,0.0,0,3,data/processed/sub-mit003/trials/sub-mit003_trial-06_eeg.fif,False,,17.mp4,4.42,7.53,low,high,LVHA,True,True,True,self_report,derive_inside_training_fold,True,True,True,False,True,True,True,,sub-mit003_trial-06
sub-mit003,6,29,56.0,60.0,1000,pass,,83.80563333333299,126.75024763530864,0.0,0,2,data/processed/sub-mit003/trials/sub-mit003_trial-06_eeg.fif,False,,17.mp4,4.42,7.53,low,high,LVHA,True,True,True,self_report,derive_inside_training_fold,True,True,True,False,True,True,True,,sub-mit003_trial-06
sub-mit003,7,1,0.0,4.0,1000,pass,,66.88564283650108,115.02594728038818,0.0,0,1,data/processed/sub-mit003/trials/sub-mit003_trial-07_eeg.fif,False,,16.mp4,1.0,8.03,low,high,LVHA,True,True,True,self_report,derive_inside_training_fold,True,True,True,False,True,True,True,,sub-mit003_trial-07
sub-mit003,7,2,2.0,6.0,1000,pass,,60.88021072275709,113.18974275621557,0.0,0,2,data/processed/sub-mit003/trials/sub-mit003_trial-07_eeg.fif,False,,16.mp4,1.0,8.03,low,high,LVHA,True,True,True,self_report,derive_inside_training_fold,True,True,True,False,True,True,True,,sub-mit003_trial-07
sub-mit003,7,3,4.0,8.0,1000,review,variance_outliers;amplitude_warning,375.4122304974877,586.2429031829649,0.0020078125,0,6,data/processed/sub-mit003/trials/sub-mit003_trial-07_eeg.fif,False,,16.mp4,1.0,8.03,low,high,LVHA,True,True,True,self_report,derive_inside_training_fold,False,True,True,False,False,False,False,window_qc_review,sub-mit003_trial-07
sub-mit003,7,4,6.0,10.0,1000,review,variance_outliers;amplitude_warning,375.4122304974877,658.0520918444375,0.0033671875,0,7,data/processed/sub-mit003/trials/sub-mit003_trial-07_eeg.fif,False,,16.mp4,1.0,8.03,low,high,LVHA,True,True,True,self_report,derive_inside_training_fold,False,True,True,False,False,False,False,window_qc_review,sub-mit003_trial-07
sub-mit003,7,5,8.0,12.0,1000,review,variance_outliers;amplitude_warning,282.63986134694983,335.45835410300026,0.001359375,0,7,data/processed/sub-mit003/trials/sub-mit003_trial-07_eeg.fif,False,,16.mp4,1.0,8.03,low,high,LVHA,True,True,True,self_report,derive_inside_training_fold,False,True,True,False,False,False,False,window_qc_review,sub-mit003_trial-07
sub-mit003,7,6,10.0,14.0,1000,pass,,75.89607219607615,132.13099637050286,0.0,0,2,data/processed/sub-mit003/trials/sub-mit003_trial-07_eeg.fif,False,,16.mp4,1.0,8.03,low,high,LVHA,True,True,True,self_report,derive_inside_training_fold,True,True,True,False,True,True,True,,sub-mit003_trial-07
sub-mit003,7,7,12.0,16.0,1000,pass,,79.56420115410018,140.20731318360822,0.0,0,4,data/processed/sub-mit003/trials/sub-mit003_trial-07_eeg.fif,False,,16.mp4,1.0,8.03,low,high,LVHA,True,True,True,self_report,derive_inside_training_fold,True,True,True,False,True,True,True,,sub-mit003_trial-07
sub-mit003,7,8,14.0,18.0,1000,pass,,79.56420115410018,140.20731318360822,0.0,0,2,data/processed/sub-mit003/trials/sub-mit003_trial-07_eeg.fif,False,,16.mp4,1.0,8.03,low,high,LVHA,True,True,True,self_report,derive_inside_training_fold,True,True,True,False,True,True,True,,sub-mit003_trial-07
sub-mit003,7,9,16.0,20.0,1000,pass,,57.27663407169899,102.54662297107514,0.0,0,2,data/processed/sub-mit003/trials/sub-mit003_trial-07_eeg.fif,False,,16.mp4,1.0,8.03,low,high,LVHA,True,True,True,self_report,derive_inside_training_fold,True,True,True,False,True,True,True,,sub-mit003_trial-07
sub-mit003,7,10,18.0,22.0,1000,pass,,101.60337803937456,138.82046092270537,0.0,0,3,data/processed/sub-mit003/trials/sub-mit003_trial-07_eeg.fif,False,,16.mp4,1.0,8.03,low,high,LVHA,True,True,True,self_report,derive_inside_training_fold,True,True,True,False,True,True,True,,sub-mit003_trial-07
sub-mit003,7,11,20.0,24.0,1000,pass,,101.60337803937456,138.82046092270537,0.0,0,2,data/processed/sub-mit003/trials/sub-mit003_trial-07_eeg.fif,False,,16.mp4,1.0,8.03,low,high,LVHA,True,True,True,self_report,derive_inside_training_fold,True,True,True,False,True,True,True,,sub-mit003_trial-07
sub-mit003,7,12,22.0,26.0,1000,pass,,75.75382213540014,137.0604053851569,0.0,0,2,data/processed/sub-mit003/trials/sub-mit003_trial-07_eeg.fif,False,,16.mp4,1.0,8.03,low,high,LVHA,True,True,True,self_report,derive_inside_training_fold,True,True,True,False,True,True,True,,sub-mit003_trial-07
sub-mit003,7,13,24.0,28.0,1000,pass,,93.5406110309225,131.38149609773697,0.0,0,2,data/processed/sub-mit003/trials/sub-mit003_trial-07_eeg.fif,False,,16.mp4,1.0,8.03,low,high,LVHA,True,True,True,self_report,derive_inside_training_fold,True,True,True,False,True,True,True,,sub-mit003_trial-07
sub-mit003,7,14,26.0,30.0,1000,pass,,93.5406110309225,128.33307233834364,0.0,0,3,data/processed/sub-mit003/trials/sub-mit003_trial-07_eeg.fif,False,,16.mp4,1.0,8.03,low,high,LVHA,True,True,True,self_report,derive_inside_training_fold,True,True,True,False,True,True,True,,sub-mit003_trial-07
sub-mit003,7,15,28.0,32.0,1000,review,variance_outliers,67.98716718674734,112.15901155764604,0.0,0,6,data/processed/sub-mit003/trials/sub-mit003_trial-07_eeg.fif,False,,16.mp4,1.0,8.03,low,high,LVHA,True,True,True,self_report,derive_inside_training_fold,False,True,True,False,False,False,False,window_qc_review,sub-mit003_trial-07
sub-mit003,7,16,30.0,34.0,1000,pass,,81.62960031880742,153.63026389434742,0.0,0,3,data/processed/sub-mit003/trials/sub-mit003_trial-07_eeg.fif,False,,16.mp4,1.0,8.03,low,high,LVHA,True,True,True,self_report,derive_inside_training_fold,True,True,True,False,True,True,True,,sub-mit003_trial-07
sub-mit003,7,17,32.0,36.0,1000,pass,,81.62960031880742,153.63026389434742,0.0,0,2,data/processed/sub-mit003/trials/sub-mit003_trial-07_eeg.fif,False,,16.mp4,1.0,8.03,low,high,LVHA,True,True,True,self_report,derive_inside_training_fold,True,True,True,False,True,True,True,,sub-mit003_trial-07
sub-mit003,7,18,34.0,38.0,1000,review,variance_outliers,56.59971604362289,105.4967152793007,0.0,0,7,data/processed/sub-mit003/trials/sub-mit003_trial-07_eeg.fif,False,,16.mp4,1.0,8.03,low,high,LVHA,True,True,True,self_report,derive_inside_training_fold,False,True,True,False,False,False,False,window_qc_review,sub-mit003_trial-07
sub-mit003,7,19,36.0,40.0,1000,pass,,61.9414823875581,105.4967152793007,0.0,0,2,data/processed/sub-mit003/trials/sub-mit003_trial-07_eeg.fif,False,,16.mp4,1.0,8.03,low,high,LVHA,True,True,True,self_report,derive_inside_training_fold,True,True,True,False,True,True,True,,sub-mit003_trial-07
sub-mit003,7,20,38.0,42.0,1000,pass,,61.9414823875581,104.73682377120949,0.0,0,0,data/processed/sub-mit003/trials/sub-mit003_trial-07_eeg.fif,False,,16.mp4,1.0,8.03,low,high,LVHA,True,True,True,self_report,derive_inside_training_fold,True,True,True,False,True,True,True,,sub-mit003_trial-07
sub-mit003,7,21,40.0,44.0,1000,pass,,111.7947613754602,149.55694542318625,0.0,0,0,data/processed/sub-mit003/trials/sub-mit003_trial-07_eeg.fif,False,,16.mp4,1.0,8.03,low,high,LVHA,True,True,True,self_report,derive_inside_training_fold,True,True,True,False,True,True,True,,sub-mit003_trial-07
sub-mit003,7,22,42.0,46.0,1000,review,amplitude_warning,571.559690939763,643.4630263295136,0.00125,0,5,data/processed/sub-mit003/trials/sub-mit003_trial-07_eeg.fif,False,,16.mp4,1.0,8.03,low,high,LVHA,True,True,True,self_report,derive_inside_training_fold,False,True,True,False,False,False,False,window_qc_review,sub-mit003_trial-07
sub-mit003,7,23,44.0,48.0,1000,review,amplitude_warning,571.559690939763,643.4630263295136,0.00125,0,5,data/processed/sub-mit003/trials/sub-mit003_trial-07_eeg.fif,False,,16.mp4,1.0,8.03,low,high,LVHA,True,True,True,self_report,derive_inside_training_fold,False,True,True,False,False,False,False,window_qc_review,sub-mit003_trial-07
sub-mit003,7,24,46.0,50.0,1000,pass,,52.07136903967501,93.19396949127037,0.0,0,2,data/processed/sub-mit003/trials/sub-mit003_trial-07_eeg.fif,False,,16.mp4,1.0,8.03,low,high,LVHA,True,True,True,self_report,derive_inside_training_fold,True,True,True,False,True,True,True,,sub-mit003_trial-07
sub-mit003,7,25,48.0,52.0,1000,pass,,87.82325722455666,133.26605572432658,0.0,0,2,data/processed/sub-mit003/trials/sub-mit003_trial-07_eeg.fif,False,,16.mp4,1.0,8.03,low,high,LVHA,True,True,True,self_report,derive_inside_training_fold,True,True,True,False,True,True,True,,sub-mit003_trial-07
sub-mit003,7,26,50.0,54.0,1000,pass,,136.34809841063696,226.4772638324968,0.0,0,5,data/processed/sub-mit003/trials/sub-mit003_trial-07_eeg.fif,False,,16.mp4,1.0,8.03,low,high,LVHA,True,True,True,self_report,derive_inside_training_fold,True,True,True,False,True,True,True,,sub-mit003_trial-07
sub-mit003,7,27,52.0,56.0,1000,pass,,136.34809841063696,226.4772638324968,0.0,0,5,data/processed/sub-mit003/trials/sub-mit003_trial-07_eeg.fif,False,,16.mp4,1.0,8.03,low,high,LVHA,True,True,True,self_report,derive_inside_training_fold,True,True,True,False,True,True,True,,sub-mit003_trial-07
sub-mit003,7,28,54.0,58.0,1000,pass,,63.23089965114834,107.0538365522248,0.0,0,3,data/processed/sub-mit003/trials/sub-mit003_trial-07_eeg.fif,False,,16.mp4,1.0,8.03,low,high,LVHA,True,True,True,self_report,derive_inside_training_fold,True,True,True,False,True,True,True,,sub-mit003_trial-07
sub-mit003,7,29,56.0,60.0,1000,pass,,340.6781607609641,403.9090604121124,0.00040625,0,4,data/processed/sub-mit003/trials/sub-mit003_trial-07_eeg.fif,False,,16.mp4,1.0,8.03,low,high,LVHA,True,True,True,self_report,derive_inside_training_fold,True,True,True,False,True,True,True,,sub-mit003_trial-07
sub-mit003,8,1,0.0,4.0,1000,pass,,122.92164580781674,190.6123270944337,0.0,0,1,data/processed/sub-mit003/trials/sub-mit003_trial-08_eeg.fif,False,,neutral_2.mp4,6.06,7.01,high,high,HVHA,True,True,True,self_report,derive_inside_training_fold,True,True,True,False,True,True,True,,sub-mit003_trial-08
sub-mit003,8,2,2.0,6.0,1000,review,variance_outliers;amplitude_warning,512.0739122813565,634.9955580891732,0.003171875,0,6,data/processed/sub-mit003/trials/sub-mit003_trial-08_eeg.fif,False,,neutral_2.mp4,6.06,7.01,high,high,HVHA,True,True,True,self_report,derive_inside_training_fold,False,True,True,False,False,False,False,window_qc_review,sub-mit003_trial-08
sub-mit003,8,3,4.0,8.0,1000,review,variance_outliers;amplitude_warning,512.0739122813565,584.4205231216481,0.0047265625,0,7,data/processed/sub-mit003/trials/sub-mit003_trial-08_eeg.fif,False,,neutral_2.mp4,6.06,7.01,high,high,HVHA,True,True,True,self_report,derive_inside_training_fold,False,True,True,False,False,False,False,window_qc_review,sub-mit003_trial-08
sub-mit003,8,4,6.0,10.0,1000,review,variance_outliers;amplitude_warning,387.939421627969,467.0438525805933,0.002015625,0,7,data/processed/sub-mit003/trials/sub-mit003_trial-08_eeg.fif,False,,neutral_2.mp4,6.06,7.01,high,high,HVHA,True,True,True,self_report,derive_inside_training_fold,False,True,True,False,False,False,False,window_qc_review,sub-mit003_trial-08
sub-mit003,8,5,8.0,12.0,1000,review,variance_outliers;amplitude_warning,536.244322376582,616.518087737875,0.0019921875,0,6,data/processed/sub-mit003/trials/sub-mit003_trial-08_eeg.fif,False,,neutral_2.mp4,6.06,7.01,high,high,HVHA,True,True,True,self_report,derive_inside_training_fold,False,True,True,False,False,False,False,window_qc_review,sub-mit003_trial-08
sub-mit003,8,6,10.0,14.0,1000,review,variance_outliers;amplitude_warning,536.244322376582,616.518087737875,0.00153125,0,6,data/processed/sub-mit003/trials/sub-mit003_trial-08_eeg.fif,False,,neutral_2.mp4,6.06,7.01,high,high,HVHA,True,True,True,self_report,derive_inside_training_fold,False,True,True,False,False,False,False,window_qc_review,sub-mit003_trial-08
sub-mit003,8,7,12.0,16.0,1000,review,variance_outliers,290.307128173295,346.913909036236,0.0002421875,0,6,data/processed/sub-mit003/trials/sub-mit003_trial-08_eeg.fif,False,,neutral_2.mp4,6.06,7.01,high,high,HVHA,True,True,True,self_report,derive_inside_training_fold,False,True,True,False,False,False,False,window_qc_review,sub-mit003_trial-08
sub-mit003,8,8,14.0,18.0,1000,review,variance_outliers,290.307128173295,321.8316394309835,0.0002421875,0,6,data/processed/sub-mit003/trials/sub-mit003_trial-08_eeg.fif,False,,neutral_2.mp4,6.06,7.01,high,high,HVHA,True,True,True,self_report,derive_inside_training_fold,False,True,True,False,False,False,False,window_qc_review,sub-mit003_trial-08
sub-mit003,8,9,16.0,20.0,1000,pass,,40.230590718740025,77.21335582312142,0.0,0,0,data/processed/sub-mit003/trials/sub-mit003_trial-08_eeg.fif,False,,neutral_2.mp4,6.06,7.01,high,high,HVHA,True,True,True,self_report,derive_inside_training_fold,True,True,True,False,True,True,True,,sub-mit003_trial-08
sub-mit003,8,10,18.0,22.0,1000,pass,,50.00772082100827,77.21335582312142,0.0,0,1,data/processed/sub-mit003/trials/sub-mit003_trial-08_eeg.fif,False,,neutral_2.mp4,6.06,7.01,high,high,HVHA,True,True,True,self_report,derive_inside_training_fold,True,True,True,False,True,True,True,,sub-mit003_trial-08
sub-mit003,8,11,20.0,24.0,1000,pass,,50.00772082100827,76.57677631117883,0.0,0,1,data/processed/sub-mit003/trials/sub-mit003_trial-08_eeg.fif,False,,neutral_2.mp4,6.06,7.01,high,high,HVHA,True,True,True,self_report,derive_inside_training_fold,True,True,True,False,True,True,True,,sub-mit003_trial-08
sub-mit003,8,12,22.0,26.0,1000,pass,,49.20281588529632,78.93009928802535,0.0,0,0,data/processed/sub-mit003/trials/sub-mit003_trial-08_eeg.fif,False,,neutral_2.mp4,6.06,7.01,high,high,HVHA,True,True,True,self_report,derive_inside_training_fold,True,True,True,False,True,True,True,,sub-mit003_trial-08
sub-mit003,8,13,24.0,28.0,1000,pass,,267.5261528890145,375.2538061204463,0.000140625,0,2,data/processed/sub-mit003/trials/sub-mit003_trial-08_eeg.fif,False,,neutral_2.mp4,6.06,7.01,high,high,HVHA,True,True,True,self_report,derive_inside_training_fold,True,True,True,False,True,True,True,,sub-mit003_trial-08
sub-mit003,8,14,26.0,30.0,1000,pass,,267.5261528890145,375.2538061204463,0.000140625,0,2,data/processed/sub-mit003/trials/sub-mit003_trial-08_eeg.fif,False,,neutral_2.mp4,6.06,7.01,high,high,HVHA,True,True,True,self_report,derive_inside_training_fold,True,True,True,False,True,True,True,,sub-mit003_trial-08
sub-mit003,8,15,28.0,32.0,1000,review,amplitude_warning,438.9198597316776,528.1516328828538,0.00209375,0,3,data/processed/sub-mit003/trials/sub-mit003_trial-08_eeg.fif,False,,neutral_2.mp4,6.06,7.01,high,high,HVHA,True,True,True,self_report,derive_inside_training_fold,False,True,True,False,False,False,False,window_qc_review,sub-mit003_trial-08
sub-mit003,8,16,30.0,34.0,1000,review,amplitude_warning,438.9198597316776,528.1516328828538,0.00209375,0,3,data/processed/sub-mit003/trials/sub-mit003_trial-08_eeg.fif,False,,neutral_2.mp4,6.06,7.01,high,high,HVHA,True,True,True,self_report,derive_inside_training_fold,False,True,True,False,False,False,False,window_qc_review,sub-mit003_trial-08
sub-mit003,8,17,32.0,36.0,1000,pass,,120.238258058244,140.7536655687034,0.0,0,3,data/processed/sub-mit003/trials/sub-mit003_trial-08_eeg.fif,False,,neutral_2.mp4,6.06,7.01,high,high,HVHA,True,True,True,self_report,derive_inside_training_fold,True,True,True,False,True,True,True,,sub-mit003_trial-08
sub-mit003,8,18,34.0,38.0,1000,pass,,287.57202075832544,324.6364127545906,0.0002890625,0,2,data/processed/sub-mit003/trials/sub-mit003_trial-08_eeg.fif,False,,neutral_2.mp4,6.06,7.01,high,high,HVHA,True,True,True,self_report,derive_inside_training_fold,True,True,True,False,True,True,True,,sub-mit003_trial-08
sub-mit003,8,19,36.0,40.0,1000,pass,,287.57202075832544,354.5691137898576,0.0002890625,0,2,data/processed/sub-mit003/trials/sub-mit003_trial-08_eeg.fif,False,,neutral_2.mp4,6.06,7.01,high,high,HVHA,True,True,True,self_report,derive_inside_training_fold,True,True,True,False,True,True,True,,sub-mit003_trial-08
sub-mit003,8,20,38.0,42.0,1000,pass,,66.99709303153219,120.32778900284217,0.0,0,4,data/processed/sub-mit003/trials/sub-mit003_trial-08_eeg.fif,False,,neutral_2.mp4,6.06,7.01,high,high,HVHA,True,True,True,self_report,derive_inside_training_fold,True,True,True,False,True,True,True,,sub-mit003_trial-08
sub-mit003,8,21,40.0,44.0,1000,pass,,66.80500776590388,116.26695603579986,0.0,0,2,data/processed/sub-mit003/trials/sub-mit003_trial-08_eeg.fif,False,,neutral_2.mp4,6.06,7.01,high,high,HVHA,True,True,True,self_report,derive_inside_training_fold,True,True,True,False,True,True,True,,sub-mit003_trial-08
sub-mit003,8,22,42.0,46.0,1000,pass,,357.1356192155067,412.11972323317934,0.000828125,0,3,data/processed/sub-mit003/trials/sub-mit003_trial-08_eeg.fif,False,,neutral_2.mp4,6.06,7.01,high,high,HVHA,True,True,True,self_report,derive_inside_training_fold,True,True,True,False,True,True,True,,sub-mit003_trial-08
sub-mit003,8,23,44.0,48.0,1000,review,amplitude_warning,360.7443228196769,447.7836521287323,0.0015078125,0,2,data/processed/sub-mit003/trials/sub-mit003_trial-08_eeg.fif,False,,neutral_2.mp4,6.06,7.01,high,high,HVHA,True,True,True,self_report,derive_inside_training_fold,False,True,True,False,False,False,False,window_qc_review,sub-mit003_trial-08
sub-mit003,8,24,46.0,50.0,1000,review,amplitude_warning,386.3863210459527,473.4256503550081,0.001390625,0,4,data/processed/sub-mit003/trials/sub-mit003_trial-08_eeg.fif,False,,neutral_2.mp4,6.06,7.01,high,high,HVHA,True,True,True,self_report,derive_inside_training_fold,False,True,True,False,False,False,False,window_qc_review,sub-mit003_trial-08
sub-mit003,8,25,48.0,52.0,1000,pass,,386.3863210459527,470.4092776819596,0.0007109375,0,5,data/processed/sub-mit003/trials/sub-mit003_trial-08_eeg.fif,False,,neutral_2.mp4,6.06,7.01,high,high,HVHA,True,True,True,self_report,derive_inside_training_fold,True,True,True,False,True,True,True,,sub-mit003_trial-08
sub-mit003,8,26,50.0,54.0,1000,pass,,52.46194444762445,99.63537953970462,0.0,0,2,data/processed/sub-mit003/trials/sub-mit003_trial-08_eeg.fif,False,,neutral_2.mp4,6.06,7.01,high,high,HVHA,True,True,True,self_report,derive_inside_training_fold,True,True,True,False,True,True,True,,sub-mit003_trial-08
sub-mit003,8,27,52.0,56.0,1000,pass,,424.6330250509516,477.1755015723473,0.0003046875,0,5,data/processed/sub-mit003/trials/sub-mit003_trial-08_eeg.fif,False,,neutral_2.mp4,6.06,7.01,high,high,HVHA,True,True,True,self_report,derive_inside_training_fold,True,True,True,False,True,True,True,,sub-mit003_trial-08
sub-mit003,8,28,54.0,58.0,1000,pass,,424.6330250509516,477.1755015723473,0.0003046875,0,5,data/processed/sub-mit003/trials/sub-mit003_trial-08_eeg.fif,False,,neutral_2.mp4,6.06,7.01,high,high,HVHA,True,True,True,self_report,derive_inside_training_fold,True,True,True,False,True,True,True,,sub-mit003_trial-08
sub-mit003,8,29,56.0,60.0,1000,pass,,50.97613512520388,88.0185125036047,0.0,0,0,data/processed/sub-mit003/trials/sub-mit003_trial-08_eeg.fif,False,,neutral_2.mp4,6.06,7.01,high,high,HVHA,True,True,True,self_report,derive_inside_training_fold,True,True,True,False,True,True,True,,sub-mit003_trial-08
sub-mit003,9,1,0.0,4.0,1000,pass,,256.46505672553485,314.8732368148848,0.000109375,0,1,data/processed/sub-mit003/trials/sub-mit003_trial-09_eeg.fif,False,,7.mp4,3.07,6.87,low,high,LVHA,True,True,True,self_report,derive_inside_training_fold,True,True,True,False,True,True,True,,sub-mit003_trial-09
sub-mit003,9,2,2.0,6.0,1000,pass,,71.02869397350182,130.5496250671224,0.0,0,2,data/processed/sub-mit003/trials/sub-mit003_trial-09_eeg.fif,False,,7.mp4,3.07,6.87,low,high,LVHA,True,True,True,self_report,derive_inside_training_fold,True,True,True,False,True,True,True,,sub-mit003_trial-09
sub-mit003,9,3,4.0,8.0,1000,review,variance_outliers,443.0141285201687,548.3356309398043,0.00071875,0,8,data/processed/sub-mit003/trials/sub-mit003_trial-09_eeg.fif,False,,7.mp4,3.07,6.87,low,high,LVHA,True,True,True,self_report,derive_inside_training_fold,False,True,True,False,False,False,False,window_qc_review,sub-mit003_trial-09
sub-mit003,9,4,6.0,10.0,1000,review,amplitude_warning,586.3839096523354,691.7054120719711,0.0025703125,0,4,data/processed/sub-mit003/trials/sub-mit003_trial-09_eeg.fif,False,,7.mp4,3.07,6.87,low,high,LVHA,True,True,True,self_report,derive_inside_training_fold,False,True,True,False,False,False,False,window_qc_review,sub-mit003_trial-09
sub-mit003,9,5,8.0,12.0,1000,review,amplitude_warning,586.3839096523354,682.8406812593914,0.0018984375,0,3,data/processed/sub-mit003/trials/sub-mit003_trial-09_eeg.fif,False,,7.mp4,3.07,6.87,low,high,LVHA,True,True,True,self_report,derive_inside_training_fold,False,True,True,False,False,False,False,window_qc_review,sub-mit003_trial-09
sub-mit003,9,6,10.0,14.0,1000,review,amplitude_warning,590.2692245839322,672.5200330920892,0.002828125,0,1,data/processed/sub-mit003/trials/sub-mit003_trial-09_eeg.fif,False,,7.mp4,3.07,6.87,low,high,LVHA,True,True,True,self_report,derive_inside_training_fold,False,True,True,False,False,False,False,window_qc_review,sub-mit003_trial-09
sub-mit003,9,7,12.0,16.0,1000,review,amplitude_warning,590.2692245839322,672.5200330920892,0.00278125,0,1,data/processed/sub-mit003/trials/sub-mit003_trial-09_eeg.fif,False,,7.mp4,3.07,6.87,low,high,LVHA,True,True,True,self_report,derive_inside_training_fold,False,True,True,False,False,False,False,window_qc_review,sub-mit003_trial-09
sub-mit003,9,8,14.0,18.0,1000,pass,,100.0814206457562,148.79260216339728,0.0,0,3,data/processed/sub-mit003/trials/sub-mit003_trial-09_eeg.fif,False,,7.mp4,3.07,6.87,low,high,LVHA,True,True,True,self_report,derive_inside_training_fold,True,True,True,False,True,True,True,,sub-mit003_trial-09
sub-mit003,9,9,16.0,20.0,1000,review,variance_outliers,59.684997407903616,112.1643368750154,0.0,0,6,data/processed/sub-mit003/trials/sub-mit003_trial-09_eeg.fif,False,,7.mp4,3.07,6.87,low,high,LVHA,True,True,True,self_report,derive_inside_training_fold,False,True,True,False,False,False,False,window_qc_review,sub-mit003_trial-09
sub-mit003,9,10,18.0,22.0,1000,pass,,82.75286081401833,145.48441277965983,0.0,0,3,data/processed/sub-mit003/trials/sub-mit003_trial-09_eeg.fif,False,,7.mp4,3.07,6.87,low,high,LVHA,True,True,True,self_report,derive_inside_training_fold,True,True,True,False,True,True,True,,sub-mit003_trial-09
sub-mit003,9,11,20.0,24.0,1000,reject,extreme_amplitude;variance_outliers;amplitude_warning,1180.6799286596947,1919.064448279828,0.00790625,0,11,data/processed/sub-mit003/trials/sub-mit003_trial-09_eeg.fif,False,,7.mp4,3.07,6.87,low,high,LVHA,True,True,True,self_report,derive_inside_training_fold,False,False,True,False,False,False,False,window_qc_reject,sub-mit003_trial-09
sub-mit003,9,12,22.0,26.0,1000,reject,extreme_amplitude;variance_outliers;amplitude_warning,1180.6799286596947,1919.064448279828,0.0100703125,0,17,data/processed/sub-mit003/trials/sub-mit003_trial-09_eeg.fif,False,,7.mp4,3.07,6.87,low,high,LVHA,True,True,True,self_report,derive_inside_training_fold,False,False,True,False,False,False,False,window_qc_reject,sub-mit003_trial-09
sub-mit003,9,13,24.0,28.0,1000,review,variance_outliers;amplitude_warning,663.984007112664,745.1854229232752,0.0021640625,0,8,data/processed/sub-mit003/trials/sub-mit003_trial-09_eeg.fif,False,,7.mp4,3.07,6.87,low,high,LVHA,True,True,True,self_report,derive_inside_training_fold,False,True,True,False,False,False,False,window_qc_review,sub-mit003_trial-09
sub-mit003,9,14,26.0,30.0,1000,pass,,101.86833928138138,187.2663569490729,0.0,0,4,data/processed/sub-mit003/trials/sub-mit003_trial-09_eeg.fif,False,,7.mp4,3.07,6.87,low,high,LVHA,True,True,True,self_report,derive_inside_training_fold,True,True,True,False,True,True,True,,sub-mit003_trial-09
sub-mit003,9,15,28.0,32.0,1000,review,variance_outliers,411.27667132490745,497.9780566040544,0.000734375,0,6,data/processed/sub-mit003/trials/sub-mit003_trial-09_eeg.fif,False,,7.mp4,3.07,6.87,low,high,LVHA,True,True,True,self_report,derive_inside_training_fold,False,True,True,False,False,False,False,window_qc_review,sub-mit003_trial-09
sub-mit003,9,16,30.0,34.0,1000,pass,,411.27667132490745,497.9780566040544,0.000734375,0,5,data/processed/sub-mit003/trials/sub-mit003_trial-09_eeg.fif,False,,7.mp4,3.07,6.87,low,high,LVHA,True,True,True,self_report,derive_inside_training_fold,True,True,True,False,True,True,True,,sub-mit003_trial-09
sub-mit003,9,17,32.0,36.0,1000,pass,,56.97770295062755,105.0581814974489,0.0,0,1,data/processed/sub-mit003/trials/sub-mit003_trial-09_eeg.fif,False,,7.mp4,3.07,6.87,low,high,LVHA,True,True,True,self_report,derive_inside_training_fold,True,True,True,False,True,True,True,,sub-mit003_trial-09
sub-mit003,9,18,34.0,38.0,1000,pass,,56.06035981329518,105.0581814974489,0.0,0,1,data/processed/sub-mit003/trials/sub-mit003_trial-09_eeg.fif,False,,7.mp4,3.07,6.87,low,high,LVHA,True,True,True,self_report,derive_inside_training_fold,True,True,True,False,True,True,True,,sub-mit003_trial-09
sub-mit003,9,19,36.0,40.0,1000,pass,,42.15548313941724,73.11119824070494,0.0,0,0,data/processed/sub-mit003/trials/sub-mit003_trial-09_eeg.fif,False,,7.mp4,3.07,6.87,low,high,LVHA,True,True,True,self_report,derive_inside_training_fold,True,True,True,False,True,True,True,,sub-mit003_trial-09
sub-mit003,9,20,38.0,42.0,1000,pass,,53.97703920087928,100.29724095771132,0.0,0,1,data/processed/sub-mit003/trials/sub-mit003_trial-09_eeg.fif,False,,7.mp4,3.07,6.87,low,high,LVHA,True,True,True,self_report,derive_inside_training_fold,True,True,True,False,True,True,True,,sub-mit003_trial-09
sub-mit003,9,21,40.0,44.0,1000,pass,,53.97703920087928,106.90065356921312,0.0,0,1,data/processed/sub-mit003/trials/sub-mit003_trial-09_eeg.fif,False,,7.mp4,3.07,6.87,low,high,LVHA,True,True,True,self_report,derive_inside_training_fold,True,True,True,False,True,True,True,,sub-mit003_trial-09
sub-mit003,9,22,42.0,46.0,1000,review,variance_outliers,88.42105080214893,163.46344715809525,0.0,0,6,data/processed/sub-mit003/trials/sub-mit003_trial-09_eeg.fif,False,,7.mp4,3.07,6.87,low,high,LVHA,True,True,True,self_report,derive_inside_training_fold,False,True,True,False,False,False,False,window_qc_review,sub-mit003_trial-09
sub-mit003,9,23,44.0,48.0,1000,pass,,88.42105080214893,163.46344715809525,0.0,0,5,data/processed/sub-mit003/trials/sub-mit003_trial-09_eeg.fif,False,,7.mp4,3.07,6.87,low,high,LVHA,True,True,True,self_report,derive_inside_training_fold,True,True,True,False,True,True,True,,sub-mit003_trial-09
sub-mit003,9,24,46.0,50.0,1000,pass,,46.376582982275615,83.24214914286112,0.0,0,2,data/processed/sub-mit003/trials/sub-mit003_trial-09_eeg.fif,False,,7.mp4,3.07,6.87,low,high,LVHA,True,True,True,self_report,derive_inside_training_fold,True,True,True,False,True,True,True,,sub-mit003_trial-09
sub-mit003,9,25,48.0,52.0,1000,pass,,73.45951824714973,118.99800079819174,0.0,0,3,data/processed/sub-mit003/trials/sub-mit003_trial-09_eeg.fif,False,,7.mp4,3.07,6.87,low,high,LVHA,True,True,True,self_report,derive_inside_training_fold,True,True,True,False,True,True,True,,sub-mit003_trial-09
sub-mit003,9,26,50.0,54.0,1000,pass,,73.45951824714973,112.94731493089988,0.0,0,2,data/processed/sub-mit003/trials/sub-mit003_trial-09_eeg.fif,False,,7.mp4,3.07,6.87,low,high,LVHA,True,True,True,self_report,derive_inside_training_fold,True,True,True,False,True,True,True,,sub-mit003_trial-09
sub-mit003,9,27,52.0,56.0,1000,pass,,39.99147023594531,67.83178693811621,0.0,0,0,data/processed/sub-mit003/trials/sub-mit003_trial-09_eeg.fif,False,,7.mp4,3.07,6.87,low,high,LVHA,True,True,True,self_report,derive_inside_training_fold,True,True,True,False,True,True,True,,sub-mit003_trial-09
sub-mit003,9,28,54.0,58.0,1000,pass,,39.99147023594531,68.114719218896,0.0,0,1,data/processed/sub-mit003/trials/sub-mit003_trial-09_eeg.fif,False,,7.mp4,3.07,6.87,low,high,LVHA,True,True,True,self_report,derive_inside_training_fold,True,True,True,False,True,True,True,,sub-mit003_trial-09
sub-mit003,9,29,56.0,60.0,1000,pass,,62.42829497788176,91.17724204885232,0.0,0,3,data/processed/sub-mit003/trials/sub-mit003_trial-09_eeg.fif,False,,7.mp4,3.07,6.87,low,high,LVHA,True,True,True,self_report,derive_inside_training_fold,True,True,True,False,True,True,True,,sub-mit003_trial-09
sub-mit003,10,1,0.0,4.0,1000,pass,,201.17161509267643,395.4333943873688,1.5625e-05,0,5,data/processed/sub-mit003/trials/sub-mit003_trial-10_eeg.fif,False,,2.m4v,1.0,9.0,low,high,LVHA,True,True,True,self_report,derive_inside_training_fold,True,True,True,False,True,True,True,,sub-mit003_trial-10
sub-mit003,10,2,2.0,6.0,1000,review,amplitude_warning,545.8625474499546,612.9133895658238,0.002625,0,1,data/processed/sub-mit003/trials/sub-mit003_trial-10_eeg.fif,False,,2.m4v,1.0,9.0,low,high,LVHA,True,True,True,self_report,derive_inside_training_fold,False,True,True,False,False,False,False,window_qc_review,sub-mit003_trial-10
sub-mit003,10,3,4.0,8.0,1000,review,amplitude_warning,545.8625474499546,612.9133895658238,0.00271875,0,1,data/processed/sub-mit003/trials/sub-mit003_trial-10_eeg.fif,False,,2.m4v,1.0,9.0,low,high,LVHA,True,True,True,self_report,derive_inside_training_fold,False,True,True,False,False,False,False,window_qc_review,sub-mit003_trial-10
sub-mit003,10,4,6.0,10.0,1000,review,variance_outliers,298.529326638864,356.47507386805336,9.375e-05,0,9,data/processed/sub-mit003/trials/sub-mit003_trial-10_eeg.fif,False,,2.m4v,1.0,9.0,low,high,LVHA,True,True,True,self_report,derive_inside_training_fold,False,True,True,False,False,False,False,window_qc_review,sub-mit003_trial-10
sub-mit003,10,5,8.0,12.0,1000,review,variance_outliers,130.0956112438058,257.3709481417048,0.0,0,6,data/processed/sub-mit003/trials/sub-mit003_trial-10_eeg.fif,False,,2.m4v,1.0,9.0,low,high,LVHA,True,True,True,self_report,derive_inside_training_fold,False,True,True,False,False,False,False,window_qc_review,sub-mit003_trial-10
sub-mit003,10,6,10.0,14.0,1000,pass,,281.7430412808547,394.6185750534885,0.00034375,0,3,data/processed/sub-mit003/trials/sub-mit003_trial-10_eeg.fif,False,,2.m4v,1.0,9.0,low,high,LVHA,True,True,True,self_report,derive_inside_training_fold,True,True,True,False,True,True,True,,sub-mit003_trial-10
sub-mit003,10,7,12.0,16.0,1000,review,variance_outliers,281.7430412808547,394.6185750534885,0.00034375,0,6,data/processed/sub-mit003/trials/sub-mit003_trial-10_eeg.fif,False,,2.m4v,1.0,9.0,low,high,LVHA,True,True,True,self_report,derive_inside_training_fold,False,True,True,False,False,False,False,window_qc_review,sub-mit003_trial-10
sub-mit003,10,8,14.0,18.0,1000,pass,,43.7271040766114,78.90591410742235,0.0,0,1,data/processed/sub-mit003/trials/sub-mit003_trial-10_eeg.fif,False,,2.m4v,1.0,9.0,low,high,LVHA,True,True,True,self_report,derive_inside_training_fold,True,True,True,False,True,True,True,,sub-mit003_trial-10
sub-mit003,10,9,16.0,20.0,1000,pass,,55.30176911696825,89.2398069035974,0.0,0,1,data/processed/sub-mit003/trials/sub-mit003_trial-10_eeg.fif,False,,2.m4v,1.0,9.0,low,high,LVHA,True,True,True,self_report,derive_inside_training_fold,True,True,True,False,True,True,True,,sub-mit003_trial-10
sub-mit003,10,10,18.0,22.0,1000,pass,,55.30176911696825,89.2398069035974,0.0,0,1,data/processed/sub-mit003/trials/sub-mit003_trial-10_eeg.fif,False,,2.m4v,1.0,9.0,low,high,LVHA,True,True,True,self_report,derive_inside_training_fold,True,True,True,False,True,True,True,,sub-mit003_trial-10
sub-mit003,10,11,20.0,24.0,1000,review,variance_outliers;amplitude_warning,799.1382426112762,894.9091469104935,0.0016875,0,10,data/processed/sub-mit003/trials/sub-mit003_trial-10_eeg.fif,False,,2.m4v,1.0,9.0,low,high,LVHA,True,True,True,self_report,derive_inside_training_fold,False,True,True,False,False,False,False,window_qc_review,sub-mit003_trial-10
sub-mit003,10,12,22.0,26.0,1000,reject,extreme_amplitude;variance_outliers;amplitude_warning,1719.4050249557947,3123.8428876208677,0.024140625,0,12,data/processed/sub-mit003/trials/sub-mit003_trial-10_eeg.fif,False,,2.m4v,1.0,9.0,low,high,LVHA,True,True,True,self_report,derive_inside_training_fold,False,False,True,False,False,False,False,window_qc_reject,sub-mit003_trial-10
sub-mit003,10,13,24.0,28.0,1000,reject,extreme_amplitude;variance_outliers;amplitude_warning,1719.4050249557947,3123.8428876208677,0.027015625,0,13,data/processed/sub-mit003/trials/sub-mit003_trial-10_eeg.fif,False,,2.m4v,1.0,9.0,low,high,LVHA,True,True,True,self_report,derive_inside_training_fold,False,False,True,False,False,False,False,window_qc_reject,sub-mit003_trial-10
sub-mit003,10,14,26.0,30.0,1000,review,amplitude_warning,776.5557841721976,821.3898676161314,0.0045625,0,4,data/processed/sub-mit003/trials/sub-mit003_trial-10_eeg.fif,False,,2.m4v,1.0,9.0,low,high,LVHA,True,True,True,self_report,derive_inside_training_fold,False,True,True,False,False,False,False,window_qc_review,sub-mit003_trial-10
sub-mit003,10,15,28.0,32.0,1000,pass,,109.20468112076904,197.09916637248963,0.0,0,4,data/processed/sub-mit003/trials/sub-mit003_trial-10_eeg.fif,False,,2.m4v,1.0,9.0,low,high,LVHA,True,True,True,self_report,derive_inside_training_fold,True,True,True,False,True,True,True,,sub-mit003_trial-10
sub-mit003,10,16,30.0,34.0,1000,pass,,94.329787969848,136.22541393218694,0.0,0,3,data/processed/sub-mit003/trials/sub-mit003_trial-10_eeg.fif,False,,2.m4v,1.0,9.0,low,high,LVHA,True,True,True,self_report,derive_inside_training_fold,True,True,True,False,True,True,True,,sub-mit003_trial-10
sub-mit003,10,17,32.0,36.0,1000,pass,,225.49290409377107,270.0581581926804,0.0001875,0,4,data/processed/sub-mit003/trials/sub-mit003_trial-10_eeg.fif,False,,2.m4v,1.0,9.0,low,high,LVHA,True,True,True,self_report,derive_inside_training_fold,True,True,True,False,True,True,True,,sub-mit003_trial-10
sub-mit003,10,18,34.0,38.0,1000,pass,,225.49290409377107,278.924632321906,0.0001875,0,3,data/processed/sub-mit003/trials/sub-mit003_trial-10_eeg.fif,False,,2.m4v,1.0,9.0,low,high,LVHA,True,True,True,self_report,derive_inside_training_fold,True,True,True,False,True,True,True,,sub-mit003_trial-10
sub-mit003,10,19,36.0,40.0,1000,review,variance_outliers;amplitude_warning,448.3134449130392,605.4681838961444,0.002546875,0,7,data/processed/sub-mit003/trials/sub-mit003_trial-10_eeg.fif,False,,2.m4v,1.0,9.0,low,high,LVHA,True,True,True,self_report,derive_inside_training_fold,False,True,True,False,False,False,False,window_qc_review,sub-mit003_trial-10
sub-mit003,10,20,38.0,42.0,1000,review,variance_outliers;amplitude_warning,448.3134449130392,605.4681838961444,0.002546875,0,8,data/processed/sub-mit003/trials/sub-mit003_trial-10_eeg.fif,False,,2.m4v,1.0,9.0,low,high,LVHA,True,True,True,self_report,derive_inside_training_fold,False,True,True,False,False,False,False,window_qc_review,sub-mit003_trial-10
sub-mit003,10,21,40.0,44.0,1000,pass,,158.5546260645318,178.41794350400576,0.0,0,2,data/processed/sub-mit003/trials/sub-mit003_trial-10_eeg.fif,False,,2.m4v,1.0,9.0,low,high,LVHA,True,True,True,self_report,derive_inside_training_fold,True,True,True,False,True,True,True,,sub-mit003_trial-10
sub-mit003,10,22,42.0,46.0,1000,pass,,55.88899979785868,104.02195332013348,0.0,0,1,data/processed/sub-mit003/trials/sub-mit003_trial-10_eeg.fif,False,,2.m4v,1.0,9.0,low,high,LVHA,True,True,True,self_report,derive_inside_training_fold,True,True,True,False,True,True,True,,sub-mit003_trial-10
sub-mit003,10,23,44.0,48.0,1000,review,variance_outliers,166.36070209462804,193.53901432764516,0.0,0,7,data/processed/sub-mit003/trials/sub-mit003_trial-10_eeg.fif,False,,2.m4v,1.0,9.0,low,high,LVHA,True,True,True,self_report,derive_inside_training_fold,False,True,True,False,False,False,False,window_qc_review,sub-mit003_trial-10
sub-mit003,10,24,46.0,50.0,1000,review,variance_outliers,166.36070209462804,321.5793754087932,0.0,0,13,data/processed/sub-mit003/trials/sub-mit003_trial-10_eeg.fif,False,,2.m4v,1.0,9.0,low,high,LVHA,True,True,True,self_report,derive_inside_training_fold,False,True,True,False,False,False,False,window_qc_review,sub-mit003_trial-10
sub-mit003,10,25,48.0,52.0,1000,review,variance_outliers,165.01789814294017,320.23657145710536,0.0,0,6,data/processed/sub-mit003/trials/sub-mit003_trial-10_eeg.fif,False,,2.m4v,1.0,9.0,low,high,LVHA,True,True,True,self_report,derive_inside_training_fold,False,True,True,False,False,False,False,window_qc_review,sub-mit003_trial-10
sub-mit003,10,26,50.0,54.0,1000,pass,,366.1306448275621,436.4731052822887,0.0003671875,0,2,data/processed/sub-mit003/trials/sub-mit003_trial-10_eeg.fif,False,,2.m4v,1.0,9.0,low,high,LVHA,True,True,True,self_report,derive_inside_training_fold,True,True,True,False,True,True,True,,sub-mit003_trial-10
sub-mit003,10,27,52.0,56.0,1000,pass,,366.1306448275621,438.7100895295705,0.0003671875,0,4,data/processed/sub-mit003/trials/sub-mit003_trial-10_eeg.fif,False,,2.m4v,1.0,9.0,low,high,LVHA,True,True,True,self_report,derive_inside_training_fold,True,True,True,False,True,True,True,,sub-mit003_trial-10
sub-mit003,10,28,54.0,58.0,1000,pass,,347.0849600611947,410.714384949374,0.000484375,0,4,data/processed/sub-mit003/trials/sub-mit003_trial-10_eeg.fif,False,,2.m4v,1.0,9.0,low,high,LVHA,True,True,True,self_report,derive_inside_training_fold,True,True,True,False,True,True,True,,sub-mit003_trial-10
sub-mit003,10,29,56.0,60.0,1000,review,amplitude_warning,453.26608161928505,524.7957903009946,0.0012890625,0,5,data/processed/sub-mit003/trials/sub-mit003_trial-10_eeg.fif,False,,2.m4v,1.0,9.0,low,high,LVHA,True,True,True,self_report,derive_inside_training_fold,False,True,True,False,False,False,False,window_qc_review,sub-mit003_trial-10
sub-mit003,11,1,0.0,4.0,1000,reject,extreme_amplitude;amplitude_warning,810.6962870156887,1285.591457935834,0.0143359375,0,5,data/processed/sub-mit003/trials/sub-mit003_trial-11_eeg.fif,True,pass_fraction_lt_0.30;reject_fraction_ge_0.20,24.mp4,1.0,8.86,low,high,LVHA,True,True,True,self_report,derive_inside_training_fold,False,False,True,False,False,False,False,trial_excluded:pass_fraction_lt_0.30;reject_fraction_ge_0.20;window_qc_reject,sub-mit003_trial-11
sub-mit003,11,2,2.0,6.0,1000,reject,extreme_amplitude;variance_outliers;amplitude_warning,3216.931388362404,4027.6276753780926,0.0099921875,0,13,data/processed/sub-mit003/trials/sub-mit003_trial-11_eeg.fif,True,pass_fraction_lt_0.30;reject_fraction_ge_0.20,24.mp4,1.0,8.86,low,high,LVHA,True,True,True,self_report,derive_inside_training_fold,False,False,True,False,False,False,False,trial_excluded:pass_fraction_lt_0.30;reject_fraction_ge_0.20;window_qc_reject,sub-mit003_trial-11
sub-mit003,11,3,4.0,8.0,1000,reject,extreme_amplitude;variance_outliers;amplitude_warning,3216.931388362404,5375.399400490922,0.00796875,0,13,data/processed/sub-mit003/trials/sub-mit003_trial-11_eeg.fif,True,pass_fraction_lt_0.30;reject_fraction_ge_0.20,24.mp4,1.0,8.86,low,high,LVHA,True,True,True,self_report,derive_inside_training_fold,False,False,True,False,False,False,False,trial_excluded:pass_fraction_lt_0.30;reject_fraction_ge_0.20;window_qc_reject,sub-mit003_trial-11
sub-mit003,11,4,6.0,10.0,1000,reject,extreme_amplitude;variance_outliers;amplitude_warning,2158.4680121285173,2217.531896714502,0.0030859375,0,9,data/processed/sub-mit003/trials/sub-mit003_trial-11_eeg.fif,True,pass_fraction_lt_0.30;reject_fraction_ge_0.20,24.mp4,1.0,8.86,low,high,LVHA,True,True,True,self_report,derive_inside_training_fold,False,False,True,False,False,False,False,trial_excluded:pass_fraction_lt_0.30;reject_fraction_ge_0.20;window_qc_reject,sub-mit003_trial-11
sub-mit003,11,5,8.0,12.0,1000,review,variance_outliers,313.1952201565237,393.3005361163866,0.000390625,0,7,data/processed/sub-mit003/trials/sub-mit003_trial-11_eeg.fif,True,pass_fraction_lt_0.30;reject_fraction_ge_0.20,24.mp4,1.0,8.86,low,high,LVHA,True,True,True,self_report,derive_inside_training_fold,False,False,True,True,False,False,False,trial_excluded:pass_fraction_lt_0.30;reject_fraction_ge_0.20;window_qc_review,sub-mit003_trial-11
sub-mit003,11,6,10.0,14.0,1000,review,variance_outliers;amplitude_warning,596.1419662683237,1103.390286520848,0.007,0,8,data/processed/sub-mit003/trials/sub-mit003_trial-11_eeg.fif,True,pass_fraction_lt_0.30;reject_fraction_ge_0.20,24.mp4,1.0,8.86,low,high,LVHA,True,True,True,self_report,derive_inside_training_fold,False,False,True,True,False,False,False,trial_excluded:pass_fraction_lt_0.30;reject_fraction_ge_0.20;window_qc_review,sub-mit003_trial-11
sub-mit003,11,7,12.0,16.0,1000,review,amplitude_warning,596.1419662683237,1103.390286520848,0.0076484375,0,1,data/processed/sub-mit003/trials/sub-mit003_trial-11_eeg.fif,True,pass_fraction_lt_0.30;reject_fraction_ge_0.20,24.mp4,1.0,8.86,low,high,LVHA,True,True,True,self_report,derive_inside_training_fold,False,False,True,True,False,False,False,trial_excluded:pass_fraction_lt_0.30;reject_fraction_ge_0.20;window_qc_review,sub-mit003_trial-11
sub-mit003,11,8,14.0,18.0,1000,reject,extreme_amplitude;amplitude_warning,535.8616929830167,885.847196249779,0.0114609375,0,4,data/processed/sub-mit003/trials/sub-mit003_trial-11_eeg.fif,True,pass_fraction_lt_0.30;reject_fraction_ge_0.20,24.mp4,1.0,8.86,low,high,LVHA,True,True,True,self_report,derive_inside_training_fold,False,False,True,False,False,False,False,trial_excluded:pass_fraction_lt_0.30;reject_fraction_ge_0.20;window_qc_reject,sub-mit003_trial-11
sub-mit003,11,9,16.0,20.0,1000,reject,extreme_amplitude;variance_outliers;amplitude_warning,488.2299182009317,885.847196249779,0.0107734375,0,9,data/processed/sub-mit003/trials/sub-mit003_trial-11_eeg.fif,True,pass_fraction_lt_0.30;reject_fraction_ge_0.20,24.mp4,1.0,8.86,low,high,LVHA,True,True,True,self_report,derive_inside_training_fold,False,False,True,False,False,False,False,trial_excluded:pass_fraction_lt_0.30;reject_fraction_ge_0.20;window_qc_reject,sub-mit003_trial-11
sub-mit003,11,10,18.0,22.0,1000,review,amplitude_warning,448.77276498023895,538.9200120670921,0.0011796875,0,3,data/processed/sub-mit003/trials/sub-mit003_trial-11_eeg.fif,True,pass_fraction_lt_0.30;reject_fraction_ge_0.20,24.mp4,1.0,8.86,low,high,LVHA,True,True,True,self_report,derive_inside_training_fold,False,False,True,True,False,False,False,trial_excluded:pass_fraction_lt_0.30;reject_fraction_ge_0.20;window_qc_review,sub-mit003_trial-11
sub-mit003,11,11,20.0,24.0,1000,review,amplitude_warning,590.9601425509378,1045.6359226529917,0.0059453125,0,4,data/processed/sub-mit003/trials/sub-mit003_trial-11_eeg.fif,True,pass_fraction_lt_0.30;reject_fraction_ge_0.20,24.mp4,1.0,8.86,low,high,LVHA,True,True,True,self_report,derive_inside_training_fold,False,False,True,True,False,False,False,trial_excluded:pass_fraction_lt_0.30;reject_fraction_ge_0.20;window_qc_review,sub-mit003_trial-11
sub-mit003,11,12,22.0,26.0,1000,review,variance_outliers;amplitude_warning,590.9601425509378,1045.6359226529917,0.0073203125,0,7,data/processed/sub-mit003/trials/sub-mit003_trial-11_eeg.fif,True,pass_fraction_lt_0.30;reject_fraction_ge_0.20,24.mp4,1.0,8.86,low,high,LVHA,True,True,True,self_report,derive_inside_training_fold,False,False,True,True,False,False,False,trial_excluded:pass_fraction_lt_0.30;reject_fraction_ge_0.20;window_qc_review,sub-mit003_trial-11
sub-mit003,11,13,24.0,28.0,1000,review,variance_outliers;amplitude_warning,437.8413685234631,692.8455335290535,0.002734375,0,7,data/processed/sub-mit003/trials/sub-mit003_trial-11_eeg.fif,True,pass_fraction_lt_0.30;reject_fraction_ge_0.20,24.mp4,1.0,8.86,low,high,LVHA,True,True,True,self_report,derive_inside_training_fold,False,False,True,True,False,False,False,trial_excluded:pass_fraction_lt_0.30;reject_fraction_ge_0.20;window_qc_review,sub-mit003_trial-11
sub-mit003,11,14,26.0,30.0,1000,review,variance_outliers,246.98034605612207,349.6692724936348,0.0006875,0,11,data/processed/sub-mit003/trials/sub-mit003_trial-11_eeg.fif,True,pass_fraction_lt_0.30;reject_fraction_ge_0.20,24.mp4,1.0,8.86,low,high,LVHA,True,True,True,self_report,derive_inside_training_fold,False,False,True,True,False,False,False,trial_excluded:pass_fraction_lt_0.30;reject_fraction_ge_0.20;window_qc_review,sub-mit003_trial-11
sub-mit003,11,15,28.0,32.0,1000,review,variance_outliers,214.08676093409227,294.02022478257265,0.00015625,0,13,data/processed/sub-mit003/trials/sub-mit003_trial-11_eeg.fif,True,pass_fraction_lt_0.30;reject_fraction_ge_0.20,24.mp4,1.0,8.86,low,high,LVHA,True,True,True,self_report,derive_inside_training_fold,False,False,True,True,False,False,False,trial_excluded:pass_fraction_lt_0.30;reject_fraction_ge_0.20;window_qc_review,sub-mit003_trial-11
sub-mit003,11,16,30.0,34.0,1000,pass,,74.22972088192391,124.58386580484074,0.0,0,2,data/processed/sub-mit003/trials/sub-mit003_trial-11_eeg.fif,True,pass_fraction_lt_0.30;reject_fraction_ge_0.20,24.mp4,1.0,8.86,low,high,LVHA,True,True,True,self_report,derive_inside_training_fold,False,False,True,True,False,False,False,trial_excluded:pass_fraction_lt_0.30;reject_fraction_ge_0.20,sub-mit003_trial-11
sub-mit003,11,17,32.0,36.0,1000,pass,,58.30260071339578,93.05036902776573,0.0,0,2,data/processed/sub-mit003/trials/sub-mit003_trial-11_eeg.fif,True,pass_fraction_lt_0.30;reject_fraction_ge_0.20,24.mp4,1.0,8.86,low,high,LVHA,True,True,True,self_report,derive_inside_training_fold,False,False,True,True,False,False,False,trial_excluded:pass_fraction_lt_0.30;reject_fraction_ge_0.20,sub-mit003_trial-11
sub-mit003,11,18,34.0,38.0,1000,pass,,58.30260071339578,93.05036902776573,0.0,0,2,data/processed/sub-mit003/trials/sub-mit003_trial-11_eeg.fif,True,pass_fraction_lt_0.30;reject_fraction_ge_0.20,24.mp4,1.0,8.86,low,high,LVHA,True,True,True,self_report,derive_inside_training_fold,False,False,True,True,False,False,False,trial_excluded:pass_fraction_lt_0.30;reject_fraction_ge_0.20,sub-mit003_trial-11
sub-mit003,11,19,36.0,40.0,1000,pass,,53.34863649250491,92.49106193078916,0.0,0,2,data/processed/sub-mit003/trials/sub-mit003_trial-11_eeg.fif,True,pass_fraction_lt_0.30;reject_fraction_ge_0.20,24.mp4,1.0,8.86,low,high,LVHA,True,True,True,self_report,derive_inside_training_fold,False,False,True,True,False,False,False,trial_excluded:pass_fraction_lt_0.30;reject_fraction_ge_0.20,sub-mit003_trial-11
sub-mit003,11,20,38.0,42.0,1000,pass,,195.28570507335724,245.016414023727,0.0,0,5,data/processed/sub-mit003/trials/sub-mit003_trial-11_eeg.fif,True,pass_fraction_lt_0.30;reject_fraction_ge_0.20,24.mp4,1.0,8.86,low,high,LVHA,True,True,True,self_report,derive_inside_training_fold,False,False,True,True,False,False,False,trial_excluded:pass_fraction_lt_0.30;reject_fraction_ge_0.20,sub-mit003_trial-11
sub-mit003,11,21,40.0,44.0,1000,review,variance_outliers,195.28570507335724,235.09233415376335,0.0,0,7,data/processed/sub-mit003/trials/sub-mit003_trial-11_eeg.fif,True,pass_fraction_lt_0.30;reject_fraction_ge_0.20,24.mp4,1.0,8.86,low,high,LVHA,True,True,True,self_report,derive_inside_training_fold,False,False,True,True,False,False,False,trial_excluded:pass_fraction_lt_0.30;reject_fraction_ge_0.20;window_qc_review,sub-mit003_trial-11
sub-mit003,11,22,42.0,46.0,1000,review,variance_outliers;amplitude_warning,485.8633105408912,611.8859390068943,0.0023515625,0,6,data/processed/sub-mit003/trials/sub-mit003_trial-11_eeg.fif,True,pass_fraction_lt_0.30;reject_fraction_ge_0.20,24.mp4,1.0,8.86,low,high,LVHA,True,True,True,self_report,derive_inside_training_fold,False,False,True,True,False,False,False,trial_excluded:pass_fraction_lt_0.30;reject_fraction_ge_0.20;window_qc_review,sub-mit003_trial-11
sub-mit003,11,23,44.0,48.0,1000,review,variance_outliers;amplitude_warning,485.8633105408912,611.8859390068943,0.0023515625,0,7,data/processed/sub-mit003/trials/sub-mit003_trial-11_eeg.fif,True,pass_fraction_lt_0.30;reject_fraction_ge_0.20,24.mp4,1.0,8.86,low,high,LVHA,True,True,True,self_report,derive_inside_training_fold,False,False,True,True,False,False,False,trial_excluded:pass_fraction_lt_0.30;reject_fraction_ge_0.20;window_qc_review,sub-mit003_trial-11
sub-mit003,11,24,46.0,50.0,1000,review,variance_outliers,168.02326922910234,260.4164193254219,0.0,0,6,data/processed/sub-mit003/trials/sub-mit003_trial-11_eeg.fif,True,pass_fraction_lt_0.30;reject_fraction_ge_0.20,24.mp4,1.0,8.86,low,high,LVHA,True,True,True,self_report,derive_inside_training_fold,False,False,True,True,False,False,False,trial_excluded:pass_fraction_lt_0.30;reject_fraction_ge_0.20;window_qc_review,sub-mit003_trial-11
sub-mit003,11,25,48.0,52.0,1000,review,amplitude_warning,511.1705004184029,575.6396622429386,0.001984375,0,2,data/processed/sub-mit003/trials/sub-mit003_trial-11_eeg.fif,True,pass_fraction_lt_0.30;reject_fraction_ge_0.20,24.mp4,1.0,8.86,low,high,LVHA,True,True,True,self_report,derive_inside_training_fold,False,False,True,True,False,False,False,trial_excluded:pass_fraction_lt_0.30;reject_fraction_ge_0.20;window_qc_review,sub-mit003_trial-11
sub-mit003,11,26,50.0,54.0,1000,review,amplitude_warning,511.1705004184029,570.0244660290883,0.001984375,0,2,data/processed/sub-mit003/trials/sub-mit003_trial-11_eeg.fif,True,pass_fraction_lt_0.30;reject_fraction_ge_0.20,24.mp4,1.0,8.86,low,high,LVHA,True,True,True,self_report,derive_inside_training_fold,False,False,True,True,False,False,False,trial_excluded:pass_fraction_lt_0.30;reject_fraction_ge_0.20;window_qc_review,sub-mit003_trial-11
sub-mit003,11,27,52.0,56.0,1000,pass,,417.1817616420298,482.4762942530559,0.000890625,0,4,data/processed/sub-mit003/trials/sub-mit003_trial-11_eeg.fif,True,pass_fraction_lt_0.30;reject_fraction_ge_0.20,24.mp4,1.0,8.86,low,high,LVHA,True,True,True,self_report,derive_inside_training_fold,False,False,True,True,False,False,False,trial_excluded:pass_fraction_lt_0.30;reject_fraction_ge_0.20,sub-mit003_trial-11
sub-mit003,11,28,54.0,58.0,1000,pass,,417.1817616420298,482.4762942530559,0.000890625,0,4,data/processed/sub-mit003/trials/sub-mit003_trial-11_eeg.fif,True,pass_fraction_lt_0.30;reject_fraction_ge_0.20,24.mp4,1.0,8.86,low,high,LVHA,True,True,True,self_report,derive_inside_training_fold,False,False,True,True,False,False,False,trial_excluded:pass_fraction_lt_0.30;reject_fraction_ge_0.20,sub-mit003_trial-11
sub-mit003,11,29,56.0,60.0,1000,review,variance_outliers,72.9036939687679,111.67464418826349,0.0,0,6,data/processed/sub-mit003/trials/sub-mit003_trial-11_eeg.fif,True,pass_fraction_lt_0.30;reject_fraction_ge_0.20,24.mp4,1.0,8.86,low,high,LVHA,True,True,True,self_report,derive_inside_training_fold,False,False,True,True,False,False,False,trial_excluded:pass_fraction_lt_0.30;reject_fraction_ge_0.20;window_qc_review,sub-mit003_trial-11
