trial,channel,std_uv,peak_to_peak_uv,global_correlation,neighbor_correlation,flags,flagged
1,E1,14.321469571897131,120.2396785353793,0.22538239865606985,0.7285261850362662,,False
1,E2,12.935643732948586,170.53188583928204,0.06730273049301967,0.6052681959209674,,False
1,E3,10.850870251546995,130.2746995580873,-0.012762427669108073,0.7239829517942742,,False
1,E4,8.85157432402052,118.79142831624448,-0.05678897997539039,0.8607473067227693,,False
1,E5,9.028121043019032,116.53105489501641,-0.045078028434763454,0.803147317352693,,False
1,E6,5.728692873889672,78.95489447854078,-0.10709750982990586,0.7222832946416453,,False
1,E7,3.105486590557257,37.52534364223942,-0.07609653956239912,0.7105662969533761,,False
1,E8,34.58387610477365,519.829559860872,-0.18019914438938306,0.7853077520408132,peak_to_peak,True
1,E9,15.67651217705587,237.35236894404403,-0.13703886891966266,0.8833671363102167,,False
1,E10,10.061733542942198,141.01665529580043,-0.11207259082047785,0.908472035362706,,False
1,E11,9.250587466160633,139.8065741410277,-0.1637144168292867,0.8783058693714959,,False
1,E12,6.110775878677414,77.82324123180345,-0.11683747891816407,0.84114048807589,,False
1,E13,4.526908257699756,52.93215365077679,-0.03995804551338456,0.7930630319733649,,False
1,E14,18.68298326481555,282.96574622739183,-0.18290406189090477,0.9365439734068512,,False
1,E15,13.300285569271264,196.96048220151982,-0.18418687283177962,0.9388646171168814,,False
1,E16,10.884449989031463,162.40734988820833,-0.17806468645872267,0.9172858031841744,,False
1,E17,15.760782932343172,227.26836217118606,-0.11100879374108247,0.9402182704963215,,False
1,E18,10.166294361280656,146.3909441890305,-0.15498485585352886,0.8954785014966036,,False
1,E19,6.864505588713828,92.20041914026251,-0.10471924991657454,0.8479890907810462,,False
1,E20,5.603303059037971,64.00957223683618,-0.024234594921530468,0.823589006654678,,False
1,E21,18.746858718472847,278.69060153961715,-0.17724154431729192,0.938280059316885,,False
1,E22,13.015499612711293,194.20563685258793,-0.166869764675177,0.9202062762776297,,False
1,E23,9.453543514948649,111.28947683521753,-0.09470140135681748,0.7516215192924803,,False
1,E24,7.2527194367441545,83.91276737838072,-0.036432057893870856,0.7450750781783952,,False
1,E25,31.62809831871643,464.70153055259607,-0.22337606302629043,0.8092967071861017,peak_to_peak,True
1,E26,12.405809860123812,143.1809984432428,-0.011566941083059239,0.695633958734803,,False
1,E27,7.6175648239372675,77.58404649370503,0.07282497097363969,0.6745771403896594,,False
1,E28,6.612972331917256,56.30452557113475,0.10865301726029375,0.6978664967038954,,False
1,E29,4.1909089831733155,35.89709941765622,0.14175836529594596,0.7383028302858357,,False
1,E30,3.689371571494564,29.46900565930463,0.15678890518130595,0.687340371470241,,False
1,E31,2.834937124472057,28.205391011720494,0.1164674620319864,0.3176554083741939,,False
1,E32,15.153106596825417,127.7756128408879,0.17195104489845286,0.5345536397471699,,False
1,E33,9.954353092584991,81.6888389763819,0.2204692315159762,0.6339943714175922,,False
1,E34,9.805133860568763,121.36968484834827,0.17682557416833483,0.4782873537728477,,False
1,E35,6.539636198002219,104.3259186937023,0.22268198012109947,0.4993365226306092,,False
1,E36,5.881013535052159,93.34797211029819,0.2293979966315832,0.6332125340762433,,False
1,E37,5.29588449259678,60.802273719216636,0.21672892117552658,0.6032958974311693,,False
1,E38,11.742354547276113,105.35040429106677,0.3377859360461839,0.6971213039607151,,False
1,E39,9.9114756411794,96.49182189080464,0.3587524510713871,0.7077794903597656,,False
1,E40,9.142875962151422,111.90539208622914,0.3162244208031105,0.6647812696854329,,False
1,E41,7.2153443020553905,86.89110618284741,0.33012696060196095,0.6635820616539155,,False
1,E42,6.7562317007420125,87.21472469132704,0.4228010772371026,0.7753774446748355,,False
1,E43,14.907145459652174,175.76749608256108,0.2586720571123956,0.5530507615325364,,False
1,E44,12.54751766627203,120.22750838421567,0.34794441734582293,0.6386289178284812,,False
1,E45,10.75657566917321,117.50260797113455,0.44763621782021545,0.758996083339029,,False
1,E46,9.263680282388163,120.10806649257847,0.3979129711516247,0.699278741482223,,False
1,E47,7.5156781819475045,88.52560631674564,0.419968090074769,0.7617629638678631,,False
1,E48,12.631554444116132,139.97903567161686,0.43323770918963844,0.7523034648054134,,False
1,E49,11.323952953632096,126.33850276815471,0.47270189939982044,0.7661536728448155,,False
1,E50,93.2885881439721,741.1320482614349,0.07087733736828836,0.10999074993436175,variance;peak_to_peak;neighbor_correlation,True
1,E51,9.070422396889796,116.15659084881452,0.4341195169581417,0.7521691575741771,,False
1,E52,8.680941328296374,121.9767056946276,0.37117187461867374,0.8121088446364779,,False
1,E53,6.451662966099819,83.20637062267679,0.3795524292603276,0.8441977547747159,,False
1,E54,5.525429063146251,57.90322300648027,0.27384164206256023,0.7049451925267924,,False
1,E55,2.708093343785549,27.65730270710395,0.13305024697663217,0.18957404870115224,neighbor_correlation,True
1,E56,24.61748936830165,349.2086383628499,0.2425364010143778,0.4417805416348868,,False
1,E57,11.88394930150712,121.19810452365346,0.49799751102590933,0.6468667196099258,,False
1,E58,10.963919453216,128.06193370059697,0.46639105448844237,0.7450289428982151,,False
1,E59,8.529145534553969,91.10833039892054,0.4324498180543891,0.901344511087526,,False
1,E60,7.4666237454098425,86.32772486611792,0.42024986889525195,0.9302459242670902,,False
1,E61,6.40919224072012,71.96525834852305,0.39867701248028276,0.9033636155145344,,False
1,E62,7.468451973858557,77.89109729595555,0.3368824136887082,0.8959775020342391,,False
1,E63,19.394211762980444,233.67059244579173,0.2613325611224357,0.6024172312580631,,False
1,E64,13.10573430836629,125.28773035853492,0.45945909832686155,0.7030454821092356,,False
1,E65,9.852671562636832,116.18039372429476,0.4408249460585917,0.8667902189164816,,False
1,E66,8.463963370243642,93.9396054075973,0.441281222395947,0.9474539368979995,,False
1,E67,8.015971007587565,94.58695735375458,0.4069469941472745,0.9281560603068856,,False
1,E68,19.82683717106217,266.04321507487896,0.22758395155500008,0.6584358019765371,,False
1,E69,11.947126708480349,140.75837033297825,0.4547926796189747,0.72193490392371,,False
1,E70,11.454314109806484,143.35174784448384,0.377118790071059,0.7306509368843671,,False
1,E71,9.062900490749646,95.76209143218321,0.4120131864517579,0.9125434724531747,,False
1,E72,8.754660476230715,95.55619441281394,0.38344233144349793,0.9260103172571816,,False
1,E73,16.702771785282422,172.170310987095,0.35668747245003923,0.6113941112031425,,False
1,E74,12.246400343695523,132.58927731719177,0.4431765870521844,0.6926933694508639,,False
1,E75,11.08641504226176,96.7651624805038,0.339066687547265,0.798464051666566,,False
1,E76,9.560504043649232,86.79116142151958,0.34500645384444584,0.922923542696271,,False
1,E77,8.936460705315998,89.77449431129045,0.36108438959073186,0.911502634535727,,False
1,E78,7.094179406114797,76.68135014961449,0.3130769755821375,0.7900672050089177,,False
1,E79,5.765473117636779,62.510358169290676,0.29629560266402477,0.7748013178904994,,False
1,E80,3.635642621292208,34.35310532051437,0.2464165585249979,0.6481425413125519,,False
1,E81,16.92180569788695,253.8855921817185,0.40186569364437363,0.6925985294527509,,False
1,E82,11.802411245704231,113.37379623027185,0.47668379076918044,0.8334521141260072,,False
1,E83,10.80938694862173,103.57309802561439,0.4086422415556779,0.8919629126351183,,False
1,E84,10.210544876948767,100.37640056436825,0.4106381692296297,0.9329662520950694,,False
1,E85,8.494713697182434,87.29727896112072,0.4163866202744171,0.9099924619514879,,False
1,E86,6.981551284983207,78.77652276741453,0.41137933070237986,0.8688223570961386,,False
1,E87,4.575902669938764,41.43256760325829,0.29925552444818,0.7942900616068056,,False
1,E88,11.916309304869968,125.20788977120274,0.5009136790231994,0.7993454168992967,,False
1,E89,11.50600408609582,120.95927080161445,0.484589319409951,0.9027437916016059,,False
1,E90,10.751865499384506,113.02957404526862,0.4593702156774514,0.9241458111127063,,False
1,E91,9.718718284188663,106.78262668055066,0.4909344129639189,0.9241640925094253,,False
1,E92,7.589695302259763,80.02459581309668,0.4249051651201598,0.9488216868702224,,False
1,E93,7.448272440918004,76.86415694363937,0.44362773485279544,0.9480280701618502,,False
1,E94,13.84633569916401,137.83659698031872,0.4680584519229821,0.7454449574150366,,False
1,E95,12.947891169062606,127.40198365950387,0.45320608331845247,0.814723670604118,,False
1,E96,11.222462678786297,113.09556226608217,0.45632280601903763,0.8724826608673562,,False
1,E97,9.15053667177528,88.66689179523658,0.4023269060941664,0.8790633651474551,,False
1,E98,7.819948873675197,79.62856464384745,0.44369796465643146,0.9561943307497702,,False
1,E99,21.34140680112063,265.65303885055596,0.2511591315408428,0.4521734642725354,,False
1,E100,13.492860326092217,133.78468747787997,0.4466375942444041,0.7311480839398198,,False
1,E101,10.0206850703989,92.54032835962641,0.4511840954270837,0.8274638009089526,,False
1,E102,8.080527867714308,82.22087039653232,0.442918115075648,0.8963479078128507,,False
1,E103,7.372805845453211,79.34610597867356,0.43697793006934726,0.85464944248067,,False
1,E104,6.16765924050655,57.01417124228774,0.33773756838888147,0.7819973765340928,,False
1,E105,3.8464887096520295,31.756254204188266,0.27045738743812864,0.7946006992312687,,False
1,E106,3.731261481789188,35.85464155220608,0.009243833314297881,0.5178936041718667,,False
1,E107,23.735363505206355,335.26318762961864,0.19819684072846808,0.4883012676024946,,False
1,E108,11.700641718378646,111.67060274576917,0.40667990769807244,0.7192174509814677,,False
1,E109,8.884712282112917,84.41938559440784,0.2979804770746909,0.6577672121450513,,False
1,E110,6.086940500759537,54.29946684970835,0.32922395514289376,0.7762766290282208,,False
1,E111,4.618933339619292,51.63904686214332,0.19946683171571686,0.7371779650764769,,False
1,E112,5.770477816791235,61.727573392633765,0.004033640045066397,0.7878494976363768,,False
1,E113,12.56099897931551,132.66827439861322,0.41862250099053844,0.8176975395049451,,False
1,E114,11.989232712701847,120.02558340122066,0.36976196098088837,0.8166857051928911,,False
1,E115,9.599263879170211,97.95758162051865,0.39110662387801504,0.7019990593976906,,False
1,E116,8.744745001025501,75.01616410094721,0.22016809941007215,0.611927536605448,,False
1,E117,7.378785474465417,75.22097216065984,0.15683063498639913,0.7145569946235191,,False
1,E118,6.994504574881413,70.13315298068997,0.05222497319881873,0.860546867955743,,False
1,E119,23.632123595424673,264.01394324400934,0.21356812203823797,0.5010947125290919,,False
1,E120,11.922421029865065,131.69157788203256,0.41151693956071106,0.8272634886072179,,False
1,E121,12.01881973254486,122.41861825298284,0.34053284375843507,0.8223869943031551,,False
1,E122,11.184498283170608,102.74491943694787,0.2452598594976613,0.663672453459432,,False
1,E123,9.459089214473982,103.21805551414198,0.1178699249577215,0.6595443225050818,,False
1,E124,7.885521848266465,82.49590113733484,0.05722246593021963,0.7804021286072427,,False
1,E125,14.83650946269169,188.8554517514561,0.33485789883046185,0.8066781620920179,,False
1,E126,14.846306706621462,184.87069382336446,0.365991942727525,0.7367980109395162,,False
1,E127,13.852218943444884,161.10233100878952,0.38328880857935255,0.6479378099775179,,False
1,E128,16.521662700920324,195.55513951071248,0.2864472736042225,0.5090536236581589,,False
2,E1,13.347874239914638,119.48397099478933,0.11761762441894624,0.4534653904812408,,False
2,E2,23.523759533619916,323.22674397545495,-0.03246610722587381,0.5328216289710884,,False
2,E3,38.664202255193956,532.7425894275234,-0.05546890994061759,0.7886220419846914,,False
2,E4,23.775006457047176,319.30807178306884,-0.05813338097172549,0.8800812383400338,,False
2,E5,15.585355665399334,180.33267357195473,-0.09317647852886812,0.8028729305186133,,False
2,E6,11.862328970176547,162.22798377049628,0.018139638534605897,0.7726104303458685,,False
2,E7,5.853338419378863,62.82073944638938,0.0755252756100416,0.7618303872571923,,False
2,E8,62.21623626038349,692.0932052364735,-0.2174259005831008,0.31255520948307447,,False
2,E9,32.45897266885974,377.5770493907477,-0.10879853193751934,0.73324229571631,,False
2,E10,16.506493179886515,211.8768085587331,-0.12131493867549308,0.7078386267790846,,False
2,E11,22.53348770727776,287.6998151231205,-0.0493257716642745,0.7978858604919893,,False
2,E12,12.695307881980117,179.99242706914316,0.009959794620970528,0.6444775583359332,,False
2,E13,10.214554762348389,120.46278656401132,0.010524008600088952,0.8667999606907476,,False
2,E14,33.45730675521444,394.8250068835077,-0.19470152982996292,0.836824739731561,,False
2,E15,39.0989781127209,492.3478822709561,-0.05364136360817864,0.4814952166779498,,False
2,E16,30.398205243202078,398.283084208987,-0.03979240947486259,0.8135153144182243,,False
2,E17,28.584659803741726,354.1104667989503,-0.15615489953122372,0.9703665091112215,,False
2,E18,41.07800920961129,558.0599748784922,0.0005573150368107265,0.8159925538676336,,False
2,E19,11.259619601737782,127.08229081730832,-0.08404454438767155,0.655037564777622,,False
2,E20,12.922785455582812,154.93215310241055,0.04522138955876467,0.7446773722237943,,False
2,E21,33.43548815407214,427.831171663186,-0.20177031682743143,0.9716000657743592,,False
2,E22,23.099554982553567,281.18690100228287,-0.1763312712038509,0.33364343208849995,,False
2,E23,17.976188957943716,193.10503513950403,-0.010855671790767235,0.5744359172618025,,False
2,E24,26.50209214227688,339.6874996746814,-0.0090759657074675,0.8975890947160459,,False
2,E25,55.39635138112541,682.6038824512889,-0.21994114908646525,0.8921095128616394,,False
2,E26,19.034748217304035,230.63125172931262,-0.05234934582164481,0.42286065467485134,,False
2,E27,69.36253566938835,869.307472516283,0.008265813195896872,0.6412523746064434,,False
2,E28,56.596931734874715,729.8470053496227,-0.014915327106976864,0.8403662116849885,,False
2,E29,18.57574974728178,227.04199473713666,0.026388965010884967,0.8343694804871669,,False
2,E30,12.803702111338984,158.19499966747023,0.05794411766642629,0.8104638958327746,,False
2,E31,6.534189107426678,75.2141574109163,0.008876582628790167,0.2764931926319373,,False
2,E32,18.884316386073294,217.76549241043378,0.13216260562564508,0.355952317103572,,False
2,E33,31.643258703314174,351.108862486845,0.035811967441633945,-0.03971731514100388,,False
2,E34,65.29355633510676,820.8686325369131,0.03357178201740908,0.42090303239356486,,False
2,E35,13.215748292378871,133.7011056826335,0.12803992894736207,0.3248728648671205,,False
2,E36,10.786252523105013,110.81365355138408,0.13320730682711165,0.3186859885490819,,False
2,E37,8.410818374501991,96.39971019213212,0.11417303097883647,0.46338851249292956,,False
2,E38,17.11633349481074,173.22886491098825,0.14720273343175225,0.5029138573599388,,False
2,E39,26.44789371213726,290.3751337994553,0.12968407965354475,-0.25653670096104686,,False
2,E40,27.425759327562307,313.07234141848653,0.06837648452281717,0.42448456346221086,,False
2,E41,11.667535576705186,130.38133499925243,0.1555950691989973,0.6018503982516006,,False
2,E42,10.818751592555593,119.94336117125209,0.21443994015933582,0.5751109908658842,,False
2,E43,17.27954456862301,205.57455347680423,0.06568852065706672,0.41323728265529436,,False
2,E44,25.007552743515774,327.9544921434495,0.12976025837309058,0.15460464417302147,,False
2,E45,26.12770871181864,342.981740001052,0.1568516647933602,0.4217121284971149,,False
2,E46,34.36992831360086,379.1396041025663,0.09228194629448834,0.6009794072070995,,False
2,E47,14.052243321095046,145.86930424004302,0.17775850293840684,0.65641906205046,,False
2,E48,20.36009082051673,244.23891459217595,0.22936557997723805,0.4561903793096128,,False
2,E49,14.716207264143325,163.43806854096673,0.1989768974695571,0.6300548175048974,,False
2,E50,137.24536552147802,1259.1696973661478,0.01010077006504296,0.048861917129837035,,False
2,E51,36.86143022014653,564.9624646530458,0.034894373793609254,0.17097349047829843,,False
2,E52,24.863021071475426,374.38362989731024,0.039520248415069105,0.43715441881490097,,False
2,E53,7.623471083180287,87.85818727483476,0.2472766093788812,0.7265387908004883,,False
2,E54,9.927592415954518,127.6555939390951,0.1341965300111135,0.5861109601534136,,False
2,E55,4.8507440874327,54.87381351657915,0.0669946034947855,-0.09221210225436301,,False
2,E56,51.18919879265821,613.7798939647902,0.11572409671760896,0.4565490831884061,,False
2,E57,27.88102011335065,310.32959849278564,0.10358460042902622,0.3487182660544239,,False
2,E58,20.553510575000534,284.75045108218626,0.18606691496603672,0.3992161856232326,,False
2,E59,11.025749484773804,112.00538414990869,0.24664417748179643,0.6421879800662389,,False
2,E60,11.326204153713242,118.74241235635088,0.24370187196749454,0.7362952512588075,,False
2,E61,8.503531002870604,94.49930360481345,0.22482025113707993,0.8695391851732973,,False
2,E62,10.809633625037177,103.66735261985099,0.10499184393433957,0.8259636819625087,,False
2,E63,36.092074432917094,380.875412916459,0.10994890665731795,0.7114466133967297,,False
2,E64,18.177587881764815,187.37840330505747,0.2015516132450587,0.5669228985494984,,False
2,E65,13.422998230522545,152.12837334496749,0.23712884673682558,0.5812820612761102,,False
2,E66,11.982644173186559,109.34532714436088,0.15559080019707092,0.8276180855737526,,False
2,E67,11.161802869643381,101.8340788934953,0.14633237346058878,0.868105921953775,,False
2,E68,62.31473045935507,737.3685182259115,0.09402010337247478,0.6119706571177679,,False
2,E69,16.224914076518466,171.1226395309228,0.22183821852503247,0.6182077419479204,,False
2,E70,16.028362959931503,173.18015756536911,0.1968474100728988,0.49423652585042377,,False
2,E71,12.44382903746204,117.81187881834109,0.20078611069789162,0.8098667571315536,,False
2,E72,12.02149771442996,109.75503424947418,0.18497163937482275,0.8476183577804643,,False
2,E73,43.69854391504621,549.0883701420028,0.10240614953285546,0.5345953920200787,,False
2,E74,20.115374263460485,253.4142299233533,0.12275851864435847,0.4999214094092377,,False
2,E75,23.622542178908297,319.73512127423714,0.17213566636116742,0.22007274393849113,,False
2,E76,12.513664697114274,120.79461445584991,0.14957696907975043,0.7799522005193762,,False
2,E77,11.52537765209153,106.60396684850579,0.13705804874322458,0.8565549244130772,,False
2,E78,9.998942263617941,98.20231892501609,0.06868292396111389,0.8300296937407885,,False
2,E79,8.14145521755985,83.87394732107467,0.0704415075820758,0.7010849207289651,,False
2,E80,4.929468461204246,53.40486790515547,0.2019983657551882,0.40262525528258175,,False
2,E81,25.397336772918834,293.93674383935627,0.1450665019912703,0.5516436198151005,,False
2,E82,13.698913661122946,132.5028687028551,0.24080778973956823,0.6701095855834802,,False
2,E83,14.50028082065051,128.92999508534854,0.12754969799377333,0.806692844572293,,False
2,E84,13.896792520899348,124.75561521779414,0.1280439263012584,0.9351905766952544,,False
2,E85,11.25515514969023,103.35210446391464,0.1282076942785704,0.8975082787453249,,False
2,E86,8.579617327302989,81.73086265595957,0.11339115909284624,0.8452610862460541,,False
2,E87,6.763271041655246,62.91482539010314,0.18731525087909454,0.5053521679031188,,False
2,E88,14.44373478282195,156.7061758304536,0.22149848905980302,0.5728279996239682,,False
2,E89,13.514388133494382,143.30513496865976,0.22207356102598275,0.8609566886391229,,False
2,E90,13.152096982212603,129.48078756063356,0.18659251292239468,0.9266566683231587,,False
2,E91,12.126061391038162,106.64034465336637,0.15338734107959207,0.915579413422529,,False
2,E92,8.88233272774116,83.83656325878647,0.15195930676318578,0.8823206067443751,,False
2,E93,8.402003291076745,103.25019248265005,0.19965681312238198,0.8509111302767398,,False
2,E94,17.589221817537094,220.6809191714,0.27231259673226677,0.5576222416170706,,False
2,E95,17.06610893758308,255.2794829798172,0.2455663620775748,0.5409975833251927,,False
2,E96,23.776740318449797,341.4355807266219,0.14412750905581534,0.27631945348436904,,False
2,E97,10.21311541955647,104.24888017280587,0.18951290573531915,0.7709079466380744,,False
2,E98,9.685982296697398,125.22413787114345,0.1991349684203024,0.8023922457215797,,False
2,E99,19.761516178716853,200.4223799690918,0.21252035207166006,0.6328864908112586,,False
2,E100,64.0118586966919,883.7837261588948,0.055281602861347645,0.07286017890674881,,False
2,E101,12.883641118572418,137.31549505630497,0.1906594033295441,0.3777869456751814,,False
2,E102,9.936957168936065,115.29968220861963,0.22146637504634703,0.6233386951966673,,False
2,E103,8.282069158799631,96.07877404989969,0.2118363707710329,0.6042350020693982,,False
2,E104,17.827042142261536,260.2932293473474,0.06173752620859903,0.71601031001016,,False
2,E105,13.824581791791308,188.2698948385882,0.019815116019315772,0.7832152484649653,,False
2,E106,6.878681025771043,86.42760529338602,-0.029021408320082435,0.5528274647921014,,False
2,E107,25.29596462174541,299.37283217324125,0.16155577464088217,0.3544001636774856,,False
2,E108,27.743767888111655,379.3385224489235,0.1506475494883945,0.35825742227106805,,False
2,E109,31.67991527196556,480.6662537845231,0.07426021403243827,0.49769773526964595,,False
2,E110,20.29654935373308,282.99446434853405,0.025668262333882624,0.940183442059039,,False
2,E111,24.072129602600874,334.05353401312436,-0.027681932638792147,0.9255367067176372,,False
2,E112,13.6785972908176,190.02355365097569,-0.0465450387130577,0.8601586227904395,,False
2,E113,27.88885053105623,354.1863655121937,0.15518975289537004,0.4903529868827857,,False
2,E114,37.127012563115265,544.4107632153908,0.097250168661805,0.29547664252654743,,False
2,E115,18.02098779540078,192.63523688424846,0.08938453093100115,-0.015782389519879363,,False
2,E116,43.797177333418006,642.4370428517648,-0.030519969606816275,0.8513093376465344,,False
2,E117,59.90151609467373,852.709112708825,-0.034794449778790607,0.8972219568283144,,False
2,E118,20.849767602789072,288.05061102096624,-0.02419716823429634,0.9104912735637583,,False
2,E119,22.842459248872455,287.79431378259557,0.15912365645123402,0.5485935225883288,,False
2,E120,14.561522637015049,154.62645969390508,0.14265171643795543,0.6390817905507824,,False
2,E121,14.442246695986446,165.37682830106186,0.151042915881286,0.7433919166103471,,False
2,E122,48.966263358265046,739.1226485917931,0.07036850111308728,0.2388066399220849,,False
2,E123,75.07173128874717,1086.3873882781702,-0.06281594489477105,0.8771104607561666,,False
2,E124,26.572556963445994,363.26681104478706,-0.024531454530877978,0.8880403952102164,,False
2,E125,15.847106079176157,178.96558955162294,0.17507999887215336,0.6234747712664809,,False
2,E126,38.538630991940565,470.94782297353277,0.09158441524699396,0.45056002503514836,,False
2,E127,70.81767813658452,834.493900835937,0.051728191310501506,0.11427447672388759,,False
2,E128,38.453065527675136,601.6595049194887,0.026911492036820514,0.09226105731029435,,False
3,E1,19.312121942539264,289.0910291405454,0.48889099819287585,0.6864983364709711,,False
3,E2,12.925856359375754,167.433159896233,0.2652726189530231,0.6871235466214577,,False
3,E3,12.420305986616015,143.08147583027647,0.03940445059178739,0.7771684600486477,,False
3,E4,11.383733433910493,195.54463718233887,0.13167461201567845,0.7215000626340973,,False
3,E5,11.794180661623013,186.26695149939727,0.07666321292587022,0.7393909878830869,,False
3,E6,13.239691717495411,221.92654111888442,0.34457176093324254,0.7866419494356566,,False
3,E7,7.9520680164075035,133.44119404895315,0.4461920872266525,0.5520222836986748,,False
3,E8,44.20354207581974,540.2702937632043,-0.06867132180695167,0.7325111373421422,,False
3,E9,20.199536477509817,275.65160770143007,0.12092089198778067,0.8946021053290181,,False
3,E10,16.15242518369035,218.67596607236626,0.17760510511675076,0.8785952414338629,,False
3,E11,17.324205742691415,260.33663944273206,0.31179299565727414,0.8970877266695662,,False
3,E12,21.333679284915945,371.928658057946,0.45172652297197685,0.87065770944546,,False
3,E13,9.713658240510416,182.86420240371174,0.4210569006021237,0.8209678928652724,,False
3,E14,40.54108165827382,1060.9958930568037,0.1435557798457155,0.7526542783504093,peak_to_peak,True
3,E15,20.975304875175947,320.99134711007935,0.2790415770949891,0.9147216165019912,,False
3,E16,15.133654022194783,227.92593255102287,0.17131995057126476,0.8741311811413945,,False
3,E17,20.970271877783432,334.11947881328774,0.06379980022604605,0.8967456666612205,,False
3,E18,16.003244747613284,222.0839667172026,0.2576327545616695,0.8519395890069079,,False
3,E19,14.0587924154859,210.50504898984218,0.3554229672476028,0.9009726746294425,,False
3,E20,9.233949903632839,164.16774327140027,0.31988178682186746,0.7536370136021431,,False
3,E21,26.100804980904364,377.65170535030904,0.1428399959394928,0.8989164820240316,,False
3,E22,21.177719657370364,371.0663395395442,0.27766304373192596,0.8591215822176609,,False
3,E23,12.86972801337616,175.78033586262728,0.2888614826251094,0.8103678838912305,,False
3,E24,13.00026469578893,217.24047794722048,0.4026748428335456,0.7849013188687557,,False
3,E25,35.877156331644976,494.17258608930297,0.06817024668151869,0.8009246092582138,,False
3,E26,26.273562831358124,409.07123304934134,0.039230928646344816,0.22609271318926344,,False
3,E27,13.178755943219961,195.98975433716566,0.2871749784032647,0.6298992184646992,,False
3,E28,10.532744048710939,167.22924449527946,0.07213938405007865,0.5143751175250761,,False
3,E29,12.555631813593521,214.32614117009248,0.2860557934657964,0.756907861934775,,False
3,E30,9.355448040225054,173.75519486278506,0.23736084713351324,0.7226038876103155,,False
3,E31,7.869477836446778,165.30227129547882,0.24851083502206095,0.4283803579322786,,False
3,E32,19.39555743854007,176.42246178708695,0.33463913013058727,0.535041234254408,,False
3,E33,21.20639934367869,350.9905922329782,0.4573026395001413,0.4935028725969586,,False
3,E34,18.713169291991875,326.7127317759389,0.2592381107492945,0.4029739229644369,,False
3,E35,26.53451366445309,428.22090137818253,0.39740540974116084,0.5254437139779735,,False
3,E36,20.927650806762557,349.81233344804275,0.4168230892335976,0.7830404101697492,,False
3,E37,9.193268505227877,161.47563410198228,0.30615417663570316,0.7704689640553093,,False
3,E38,19.55532571327574,204.9980089314399,0.3780170603990377,0.6759322913266712,,False
3,E39,33.16292864475028,471.69814406514143,0.420259552893408,0.5317829864063578,,False
3,E40,28.82228641309319,513.1594528747153,0.3263841721807907,0.6299964373097806,,False
3,E41,14.732451878675695,258.50413054231245,0.10994867946137075,0.5572873133294343,,False
3,E42,17.164751224729628,339.9558588549806,0.46754159237728005,0.8829401468173907,,False
3,E43,18.303159784469624,202.77215595579753,0.4498361825475267,0.654282212106424,,False
3,E44,17.29092859226526,213.0455890435613,0.4180456465894624,0.7195890038778123,,False
3,E45,61.336855259624464,1151.3650704914244,0.3096795361981042,0.6856839554596502,peak_to_peak,True
3,E46,28.657425640161776,568.7860944710046,0.3868239609482163,0.7510738480542893,,False
3,E47,16.66095674452397,309.6437730397368,0.40923102587759386,0.8298980298363439,,False
3,E48,18.441505480876643,205.74233249136807,0.3090402378681352,0.6497319990187364,,False
3,E49,15.561778781438273,202.93396803556504,0.39770393576596985,0.7431379923909345,,False
3,E50,159.60949276102954,1384.6131616035777,0.11533234636727112,0.2288065322730397,variance;peak_to_peak,True
3,E51,49.666156342937484,964.3153454704216,0.45891078252244705,0.7525799014793177,peak_to_peak,True
3,E52,28.14755368719165,591.6684738687158,0.4617935834259224,0.8630051538118924,,False
3,E53,12.53273521292321,231.57072767627812,0.449005900352303,0.8887527762659675,,False
3,E54,7.937736181544869,122.22734262899355,0.12992395330051315,0.5649631533045454,,False
3,E55,3.38392462422802,44.0276762470964,0.2208512420219659,0.2841700203459402,,False
3,E56,28.15139393654381,266.8536466195003,0.22310829409014424,0.3450392006874866,,False
3,E57,29.494021431233378,520.1453442873781,0.3224535350998513,0.42283615956530607,,False
3,E58,24.571516562248604,620.8054462740315,0.28664533801597825,0.5700408392804731,,False
3,E59,15.578910682427086,318.6573315953665,0.44235497431192944,0.8428730069069381,,False
3,E60,19.08395169848067,363.5898186137409,0.49531029971070983,0.9137457245889025,,False
3,E61,12.490961181191079,220.31237669790764,0.4508731613849978,0.845662656648563,,False
3,E62,9.740981756234453,108.79193474959159,0.32915213742215166,0.8353326110345711,,False
3,E63,17.661419025821186,241.52310951416837,0.24318465991083926,0.7081154303265016,,False
3,E64,21.45531668964734,452.99474290002644,0.19052409581888877,0.5425955675167597,,False
3,E65,13.003912407570114,209.90600651640497,0.39086625420361365,0.6769393840188305,,False
3,E66,13.203390408942676,235.23027233229914,0.4575917921261058,0.9043145881431982,,False
3,E67,11.85217782825994,166.1726840408182,0.4361467537106572,0.9048628130418725,,False
3,E68,19.188296006244,229.83981110816444,0.08754149440017078,0.6694072168662533,,False
3,E69,15.74703055369664,238.17880705916554,0.21479546155618784,0.7319379922822642,,False
3,E70,18.20898691234726,285.9052699981804,0.4910991015772979,0.7760914730421475,,False
3,E71,13.510164592309271,192.85617608288325,0.4810510496558888,0.9166760497443902,,False
3,E72,12.971190096697828,183.28238315054074,0.46908211418372237,0.8984996194092636,,False
3,E73,16.317813964045996,191.6691063726207,0.22248360542548712,0.7088864735492036,,False
3,E74,16.852827006418554,251.62221747369003,0.4271710352083725,0.7714016912607861,,False
3,E75,13.382035245736349,169.6445926743381,0.3894693736815374,0.8457744399846141,,False
3,E76,11.872953409125529,146.7463099200828,0.2750901270729433,0.8625750111711,,False
3,E77,10.879268179419038,122.05545348694258,0.36062672829718806,0.8888188309300324,,False
3,E78,8.292797868075281,110.34251491278069,0.3472547332122851,0.8068894911247213,,False
3,E79,7.105508910390547,95.15931026120364,0.19554381174754148,0.653680604016858,,False
3,E80,4.898008331503924,73.71213859382104,0.3193383360892351,0.5696532579187248,,False
3,E81,27.49296039782375,312.94305006108476,0.28240066069692227,0.549707173887388,,False
3,E82,15.594624458315078,205.08345996647512,0.4193007323044384,0.8432380822201602,,False
3,E83,14.270426499694894,197.10340804325008,0.45200674160227006,0.8894448375764505,,False
3,E84,13.166663069591163,186.7868640114777,0.44536958586585335,0.9274371271210429,,False
3,E85,10.75826521807938,191.32778548701182,0.42122371037436984,0.8640337072966157,,False
3,E86,9.258995239161221,158.63747564653562,0.47333934607408074,0.8675574053483222,,False
3,E87,5.760269712621897,101.9837924287568,0.10498212023879835,0.6106117894724099,,False
3,E88,16.18785345578312,197.03613246790093,0.39556283454029767,0.8223108911893244,,False
3,E89,15.641539865753613,283.64108790269137,0.45904696340792894,0.8568610734788991,,False
3,E90,13.035841897741413,173.044252418047,0.45323041439837036,0.9176728338307105,,False
3,E91,12.12463334909977,176.106442979427,0.4538406948368713,0.8967231404969371,,False
3,E92,12.241541981891958,241.407978443503,0.42421385906233167,0.7925754493477757,,False
3,E93,10.952370707339739,204.02361595431412,0.5148810493225984,0.7765165814266242,,False
3,E94,19.710125023881307,219.6786922370925,0.29908244427137903,0.6827538883284511,,False
3,E95,27.336183710952323,675.380442395387,0.3253231690970571,0.45037963445006574,,False
3,E96,15.580877583940536,318.8009447662006,0.40518704784008475,0.767133274213655,,False
3,E97,10.573686602185688,186.0969746975669,0.32824845220638194,0.8131679571773816,,False
3,E98,11.978559326998427,235.67016714147695,0.5240892062215554,0.8418955338811639,,False
3,E99,20.689173133314785,238.84788705990206,0.287186030135228,0.5237927538646652,,False
3,E100,22.715594899933365,444.6583361064421,0.38176841850300075,0.5431928569560138,,False
3,E101,18.755119965532312,457.3670059574963,0.43939809701182186,0.703814914572426,,False
3,E102,12.191820566639292,225.48680811482464,0.5098651139541959,0.6982293072850705,,False
3,E103,187.72746913200064,2578.4609306072866,0.0719135571414155,0.10699032636856395,variance;peak_to_peak;neighbor_correlation,True
3,E104,8.191105594542512,124.07085159625092,0.3696995969602009,0.6895886711226814,,False
3,E105,5.406706628874753,80.88753807536767,0.4386830158304963,0.7077819255991458,,False
3,E106,4.878298935394296,71.55950079060752,0.17978352694157365,0.5386963511186775,,False
3,E107,34.02277282240071,257.7102863976742,0.29185726766602166,0.3501289549803356,,False
3,E108,52.13562530705699,1044.3049134067442,0.39289010571830113,0.6411351435086765,peak_to_peak,True
3,E109,14.757283966276317,234.6297836744965,0.29170527789977935,0.5250074963171214,,False
3,E110,10.421640257917621,154.71611421206327,0.44117816269123633,0.746874736866404,,False
3,E111,5.937740594083958,72.69890097305063,0.37000212619634204,0.7269832897988651,,False
3,E112,10.40993187367736,170.674623586446,0.4127210014865271,0.6466541183979789,,False
3,E113,15.940440515006548,186.53296488887185,0.436760277119088,0.8131111619751408,,False
3,E114,18.889544998692106,269.54789553604945,0.5089807862037752,0.7310178813935313,,False
3,E115,38.982369116673965,615.5996023482467,0.45623665635965927,0.6602770635095423,,False
3,E116,14.215667082652745,212.52842669258513,0.45188052357662856,0.589092925016273,,False
3,E117,11.042352789655526,150.8973658424284,0.30016419218573626,0.6743232894354279,,False
3,E118,10.354001114213576,159.69421737796648,0.32447122263414696,0.7912677890203814,,False
3,E119,16.125163139940074,195.4159570233233,0.341574559399021,0.7838981593703679,,False
3,E120,14.781533314262806,162.32788377353347,0.38008418494641616,0.8608416161862208,,False
3,E121,14.882215687853021,160.00901227368905,0.39505239972619455,0.7542516773159829,,False
3,E122,19.214227864839117,299.50586676718876,0.45932714922226764,0.6376422383525197,,False
3,E123,14.039603074265367,198.90374240497482,0.316304531352947,0.6638560096109063,,False
3,E124,14.95072450458588,251.12971836910012,0.38472550316796156,0.7196048056561224,,False
3,E125,14.653130291200121,164.74794122093843,0.3379432254938132,0.6862497712835776,,False
3,E126,32.44360588412095,370.2964474858961,0.2125415902590937,0.43277461239298,,False
3,E127,51.48189116837332,507.1216616620272,0.1137799860763465,0.11381285641831954,neighbor_correlation,True
3,E128,21.903169483142555,338.04615839644777,0.3061132765120389,0.46804028573418616,,False
4,E1,22.3994458978822,381.897290610592,0.5617641830284622,0.8099315418749103,,False
4,E2,35.22746452992073,773.138536052274,0.5995022808881709,0.9117159962532687,,False
4,E3,43.256459194129306,968.3025627859344,0.5836358445129226,0.9729335024128649,,False
4,E4,27.008870231973557,581.7375377483576,0.5547977832231608,0.9774335924862552,,False
4,E5,13.51031919772301,254.26735093060518,0.5384137175134269,0.9270294854481047,,False
4,E6,7.260174952585065,119.36328798224517,0.44189170905203556,0.8035948696074358,,False
4,E7,3.6535790216712747,53.1258252797945,0.036076077705973306,0.5272182388473394,,False
4,E8,34.33645450360889,629.4469215515487,0.1625821234856496,0.5720257817170177,,False
4,E9,29.866522270929188,618.2020775270234,0.5379705195234055,0.9631230917994684,,False
4,E10,28.05193261552417,602.4464209595405,0.5622485660132447,0.982146675451375,,False
4,E11,20.06988967276323,404.72239412485897,0.5649984107513429,0.9718958022135507,,False
4,E12,6.287742061632779,84.9966081693442,0.10315446831363902,0.5001652433111072,,False
4,E13,11.821442650437008,223.150105567982,0.5678215036278151,0.6174849457748481,,False
4,E14,23.563193508585034,456.138211607844,0.4137065204700304,0.899590808426497,,False
4,E15,29.501085899399474,619.9378838565918,0.5547150410126375,0.9606692950424061,,False
4,E16,24.26747177988894,514.1115464668674,0.5559770828097501,0.9792352270061762,,False
4,E17,23.697336705280488,441.19578828646354,0.506319764608606,0.947657342735008,,False
4,E18,29.132851753707126,633.1576656879774,0.5526390707160354,0.973095230225532,,False
4,E19,14.55120852033344,301.9379474965484,0.5486900503880306,0.9622263821727193,,False
4,E20,22.97042414131921,504.50301455136463,0.5780249752493477,0.9609994749718781,,False
4,E21,21.294141095235293,400.04932740532934,0.3863103272117525,0.9215599875949514,,False
4,E22,19.07141422586056,353.21365870702255,0.5230553495844334,0.9204195992937587,,False
4,E23,33.46508578423037,736.2781134721529,0.5727463381324336,0.9607568984732797,,False
4,E24,31.337331786313808,702.314271903977,0.5764872451020056,0.9633779809378746,,False
4,E25,28.403557157767004,494.2710789929177,0.2371227536158157,0.7122351589207936,,False
4,E26,30.100572243472946,478.8438356108638,0.4918542027497616,0.7477311961341007,,False
4,E27,34.02400944067603,724.6339648339385,0.6031451346795629,0.8389501411978901,,False
4,E28,27.478261142655207,580.9232551978974,0.5671811875254255,0.8188362035122518,,False
4,E29,7.885879188963579,143.1579820632117,0.3443084177771702,0.6679524618116348,,False
4,E30,6.279423176625285,113.8154679572786,-0.04223446399021603,0.7157551888737342,,False
4,E31,6.5909308496378625,134.04896394635807,-0.3517493320818306,0.4697755064460945,global_correlation,True
4,E32,21.89890068750006,354.5040603669287,0.5440429046101107,0.6439545237232647,,False
4,E33,21.611860917633383,361.2468612130764,0.566431362302315,0.7671218321442128,,False
4,E34,24.365696867127607,430.4782296493662,0.5196058577896502,0.686426282061904,,False
4,E35,17.551554063896596,233.94416315062185,0.07122708622139613,0.14613955625060557,neighbor_correlation,True
4,E36,14.923479996678141,211.24442978411219,-0.22949997348117945,0.47445724456684596,global_correlation,True
4,E37,8.008702200829061,112.9183182536422,0.036537661692204626,0.5821442179180176,,False
4,E38,30.583307021521286,607.4871745637964,0.6342381510168847,0.832957829302087,,False
4,E39,24.444938437543854,358.22028006736207,0.510487191429359,0.7829221798055317,,False
4,E40,30.261135226094346,535.8810531987754,0.5276065721577986,0.7094994928174714,,False
4,E41,13.402289369287356,192.69503033729958,0.37726266069255815,0.7105676613000727,,False
4,E42,8.830040689596938,106.7229697866739,0.3538800795915977,0.630337372135316,,False
4,E43,17.460217959841252,233.306613765885,0.24591273738608152,0.5049548281650164,,False
4,E44,29.35249687829999,596.3202664912197,0.6595035590994104,0.7894562819665101,,False
4,E45,33.426617619105144,610.8637853452857,0.5286997112365723,0.7626998202760471,,False
4,E46,27.846777197004457,541.2660868742073,0.5640013618292661,0.7584466040583959,,False
4,E47,16.817681787370045,305.3172406542511,0.5943931408387163,0.8233981696952412,,False
4,E48,17.130649772322872,393.53974512340034,0.5202166840021399,0.6737041048046783,,False
4,E49,15.835855011833726,262.5168228505497,0.5103466375563248,0.7127628305240727,,False
4,E50,166.10151989370155,1201.3113349034184,0.159802014718119,0.21390950527099273,neighbor_correlation,True
4,E51,14.304045131687916,250.00360014548556,0.5605646730819991,0.6608439291090694,,False
4,E52,9.5418810538053,115.57133440772827,0.10745786070284123,0.7351617078772343,,False
4,E53,7.918315559348106,111.92480436895704,-0.11439376793211771,0.7553922276465825,global_correlation,True
4,E54,9.462668518564419,197.44747229011256,-0.38026663063076266,0.5260820801659778,global_correlation,True
4,E55,3.1703900118093227,58.03226052271434,-0.03287923455798787,0.21156274186858728,neighbor_correlation,True
4,E56,27.35044877023749,388.8706115213191,0.2538434270104821,0.47422705990110375,,False
4,E57,34.89174693962989,741.012637641832,0.6466075282205159,0.8584618900019527,,False
4,E58,21.26435506925143,409.8967659232212,0.6447665381730839,0.849424830564721,,False
4,E59,9.724634324176895,119.47229905673154,0.12536542018617847,0.7840426644877091,,False
4,E60,9.387865529847144,112.17369291577023,0.20558007135587608,0.8142940585905336,,False
4,E61,7.672050908091856,109.32056305104538,-0.0970539230568823,0.8607089628101826,,False
4,E62,9.133611212080833,136.37603492692577,-0.10278545105693833,0.8970899567883044,,False
4,E63,30.784126386620088,539.0390485318817,0.5708486560005098,0.8604138885184659,,False
4,E64,22.00152323675335,406.149711106888,0.63248009780227,0.8979128037508106,,False
4,E65,12.445558891268494,144.08181135995392,0.44028079158552413,0.7570203025148776,,False
4,E66,12.38434458679847,213.70089311512208,-0.1745424284164852,0.7991362338750736,global_correlation,True
4,E67,9.631498920543622,123.69224406813686,-0.02968090419449309,0.8815377195003329,,False
4,E68,22.79634346485677,397.3934107742606,0.4766537902165449,0.8231371031991346,,False
4,E69,22.087985741655014,411.27073321235747,0.645982693212302,0.7766282394580191,,False
4,E70,10.785438331612532,105.99134079867551,0.19401904226611613,0.7376546633406831,,False
4,E71,14.661837428167297,280.49559876694127,-0.29547447127427195,0.8722987349825106,global_correlation,True
4,E72,11.618648120590775,190.2740222523579,-0.05006424546953105,0.8813261649236913,,False
4,E73,22.954541817907884,372.7158945711409,0.6036407960319883,0.8183159954686461,,False
4,E74,13.97560223392229,177.69833145627854,0.012393763023926817,0.4584338025195121,,False
4,E75,12.516588733760027,137.1892075496632,0.435025564280319,0.3407246487102985,neighbor_correlation,True
4,E76,15.05709703247579,284.89950990265345,-0.31937015468850577,0.9636160236969,global_correlation,True
4,E77,14.87066938492316,287.8218028768516,-0.3459747044717661,0.862764716001465,global_correlation,True
4,E78,7.567859372376693,100.2572090243045,-0.09076475322721428,0.7798716550874334,,False
4,E79,7.314976794398089,151.39615902394667,-0.1869451006349443,0.5244449709986109,global_correlation,True
4,E80,5.1841191771308015,135.8729852762513,0.03531614344938848,0.6700530285710213,,False
4,E81,15.103450555789388,183.26083144982135,0.3743124136185856,0.7979328660283609,,False
4,E82,12.398113743093008,127.28966762879696,0.341568256018372,0.7366925268675043,,False
4,E83,16.650133883569936,320.94063785656465,-0.3027274739584422,0.505199872846655,global_correlation,True
4,E84,15.765703207733171,301.49411243436725,-0.29935358591890415,0.9066018352463037,global_correlation,True
4,E85,10.399417315343909,137.4235536726203,0.13735817051559637,0.7421587748643453,,False
4,E86,9.117402516781706,132.73776961151964,-0.151677913020099,0.7549893287247796,global_correlation,True
4,E87,9.141215191392345,159.19746535571954,0.3828626611317628,0.5434000506248038,,False
4,E88,15.482171237258239,222.68975646732514,0.5811605669257196,0.8130027718665445,,False
4,E89,11.581709249494075,121.66178243247049,0.381725496949925,0.8677812038827853,,False
4,E90,11.607237262403812,141.63677392099214,0.24408564001836336,0.6558000126245052,,False
4,E91,10.735591597995644,137.3902170984564,0.003387010638323182,0.8215242363854406,,False
4,E92,8.546353346405432,121.22903027807484,0.15502593772736278,0.8247225756842677,,False
4,E93,8.557076920590797,147.5132294719061,0.21629000302915793,0.5901231771949232,,False
4,E94,11.966510420924463,127.7873063975909,0.35612749481202655,0.8195155405843277,,False
4,E95,17.012229842600505,273.25815757466654,0.6000319619324104,0.8208371580864167,,False
4,E96,14.556695340530357,222.74076141410222,0.5297448243997441,0.7792571449267276,,False
4,E97,12.455744517147565,211.2208389370772,0.4415372831105231,0.8185413015643466,,False
4,E98,10.78764086602591,163.23977890102435,0.3946122560546181,0.8603093659772729,,False
4,E99,22.606248453154734,417.2484567899462,0.6623066152046694,0.8164492868493477,,False
4,E100,33.207672445167915,710.8525059058645,0.6546915164259696,0.8422467327416849,,False
4,E101,18.901509196137198,341.54472162371076,0.6471946794698283,0.8298910627768921,,False
4,E102,11.12855735841471,168.29914123681354,0.5080719878945964,0.7332698287728499,,False
4,E103,326.9355341532512,5333.250527045662,-0.03618899689940368,0.010253755683035395,variance;neighbor_correlation,True
4,E104,9.491843218522057,145.9172629972898,0.48590471776896754,0.7197360039355793,,False
4,E105,6.665180555234607,119.07416467674386,0.5056143881208578,0.7848652036732408,,False
4,E106,4.339283824257469,65.97626875106974,0.3150614652866073,0.4241131017276735,,False
4,E107,19.2751271418101,294.0419493943707,0.5263161031987359,0.7129600026075847,,False
4,E108,33.54246603640216,651.0231446195703,0.5730081046662568,0.7183632361622869,,False
4,E109,22.7844910942484,423.4300823248546,0.57580289799334,0.7312675825830165,,False
4,E110,12.705189675264133,196.7088106770628,0.5497682146861466,0.8049248711511454,,False
4,E111,10.816928058433724,225.70123477943986,0.6149511527483515,0.9101733789670898,,False
4,E112,16.20831084821525,314.90492600256164,0.5972681997814401,0.8695082398122392,,False
4,E113,23.88686924197336,432.7838577953022,0.6425603403635747,0.8383313544451998,,False
4,E114,32.04268690225943,685.9323104598936,0.662597856525142,0.893614267860319,,False
4,E115,18.521425082464532,453.54938098819673,0.2980817977595193,0.495881227825904,,False
4,E116,21.405736735294028,401.2639994489622,0.5353218419193815,0.7756091355494106,,False
4,E117,26.712331703985242,589.7277554567953,0.5898972244541764,0.9650315676209096,,False
4,E118,22.507573302842324,496.0907524569852,0.5929478417616281,0.9710294651337197,,False
4,E119,18.009897183049105,379.06292932779195,0.45875108153882943,0.7605682702761709,,False
4,E120,13.373930195117365,232.32872822448962,0.255216995322771,0.6031847847649419,,False
4,E121,27.2763037428273,535.3825390355968,0.6253204568312482,0.8790228050769383,,False
4,E122,26.93624085795298,567.4604765942363,0.6530678281874476,0.8762476178967737,,False
4,E123,32.924091392960065,731.1439791714809,0.5973693667669704,0.950324231498228,,False
4,E124,30.75323021828079,703.629162455896,0.5934086323249593,0.9785625316893515,,False
4,E125,23.90953012815075,417.7516038885899,0.5998019144740041,0.8638122616933013,,False
4,E126,36.31982093345473,593.937120412656,0.4322122169856499,0.5287573377671311,,False
4,E127,22.162494052561204,283.28466359928836,0.4387714500996503,0.6333361213522084,,False
4,E128,28.31011566594657,366.1870539040442,0.12727895530350408,0.26737819592108825,neighbor_correlation,True
5,E1,19.605739367398453,335.56439095523206,0.6780003417660356,0.827028256094672,,False
5,E2,26.222770140953866,436.60936901134926,0.6590765601982312,0.8933791952194496,,False
5,E3,35.982969929928004,654.0761890210239,0.723340599706004,0.9726860041155936,,False
5,E4,22.432031171475387,394.49297709972393,0.7041519551329873,0.9810162022599402,,False
5,E5,12.113664068214057,213.44852439857647,0.5969096323988957,0.935268377797368,,False
5,E6,7.48284843275327,126.72567301059681,0.45157264767736366,0.7156570210213666,,False
5,E7,3.6473834101509963,45.284555004978984,0.13922479710070598,0.39041440226123536,neighbor_correlation,True
5,E8,34.74842849407171,623.6366780325185,0.10043494854169122,0.5804265307022916,global_correlation,True
5,E9,25.193538477485586,469.4332382483819,0.6177688240676349,0.9466372680911801,,False
5,E10,24.52855674283349,447.51006761871633,0.6862142695168023,0.9745666747772097,,False
5,E11,20.360182020371813,388.26035152324386,0.6818212849299721,0.9625272859378551,,False
5,E12,6.683471277673322,96.82517107342944,-0.027551065352993852,0.5448972548579032,global_correlation,True
5,E13,6.861934174572463,108.32250130664292,0.057846057403580904,0.6629597091282424,global_correlation,True
5,E14,25.204823091799,467.2329435231635,0.43427443942027444,0.9215459381299184,,False
5,E15,26.291105622984183,468.0494165317836,0.6346384346814562,0.9481950130045451,,False
5,E16,20.424758889546865,354.11015073162116,0.603984086830181,0.9621135681062893,,False
5,E17,24.32529091237619,454.08782481747096,0.5594283341236884,0.9607305345458962,,False
5,E18,24.949419711452723,435.62321118831176,0.6805125852441143,0.9662528467973797,,False
5,E19,13.074622751750475,215.399162947104,0.5755588727692283,0.9225623712083932,,False
5,E20,17.566324764895178,276.8798447854312,0.7148270016736158,0.8688049855226916,,False
5,E21,23.5618493780637,433.75266241903705,0.4185465396644236,0.9213201400441471,,False
5,E22,20.76597697604052,363.30832770075847,0.47514652584634365,0.9068654703715484,,False
5,E23,28.286779055290413,482.2109180980619,0.7150197656391546,0.9492011098045445,,False
5,E24,25.814756807858366,410.20719509016556,0.7267878624140718,0.9777115196555963,,False
5,E25,32.57214887239971,527.7689773925662,0.23156630479229373,0.804813072206003,,False
5,E26,18.637097442039032,251.09094547270877,0.5380197411313279,0.8358838190281339,,False
5,E27,27.770538713406676,444.93373763086095,0.7357728908724078,0.897808901133693,,False
5,E28,21.9349627280421,340.41573974838,0.7237203467060325,0.8882389982229901,,False
5,E29,5.865759304136468,73.26779874701444,0.5032032711043437,0.7512602598202285,,False
5,E30,5.400374853513288,89.0652183135477,0.601034417741052,0.5358291309081066,,False
5,E31,20.893073471441486,482.1736062435591,0.6262539706387438,0.603096883208728,,False
5,E32,19.587920055592637,265.0990337186877,0.6894965137722993,0.6222611598751897,,False
5,E33,13.327775544601714,192.6806272544825,0.16396831710996132,0.41540532810623554,neighbor_correlation,True
5,E34,19.752465024139635,269.75645866450856,0.5941759131327262,0.6993882062405246,,False
5,E35,19.74647680877419,134.04435073404775,0.19655601734710285,0.2909426176124502,neighbor_correlation,True
5,E36,14.940467590408552,100.34280694151201,-0.049840528953230996,0.24108933589216697,global_correlation;neighbor_correlation,True
5,E37,5.532185779609285,59.358672481331915,0.2598255176147258,0.5915606890943806,,False
5,E38,16.271577617410696,224.04509768424234,0.1447244699018729,0.4949872851645518,neighbor_correlation,True
5,E39,27.398948720866766,481.97657520411815,0.6979957898572846,0.6411356158312963,,False
5,E40,26.08085881458579,442.89798669950676,0.7062529184541266,0.7588739201347505,,False
5,E41,11.885042870647673,195.44188065157755,0.651649421327853,0.8887809742262082,,False
5,E42,10.823857214764553,188.46895626101363,0.7039370100495816,0.9191251109002807,,False
5,E43,12.357977191536468,144.57280738213217,0.506442598845978,0.7440740229484688,,False
5,E44,17.84761081309803,199.91762346027744,0.603978197707202,0.6700318654100921,,False
5,E45,27.58065641405311,433.4964153943736,0.6887590371198062,0.8545161791357643,,False
5,E46,24.58714429892346,441.4477086786369,0.757499488210285,0.8991807825958585,,False
5,E47,17.152206223270458,310.33689210775003,0.7484295246290465,0.9400667447173032,,False
5,E48,15.232525469917165,252.1396404918461,-0.11101983752611276,0.4383881252253171,global_correlation;neighbor_correlation,True
5,E49,14.265722407902569,142.88652642495202,0.3820317082589917,0.5548579128737035,,False
5,E50,128.6901229453372,1080.368698058226,0.15400986462366165,0.2033766116412477,neighbor_correlation,True
5,E51,19.46557422518582,367.79323103031163,0.7696513143483594,0.9323763215083264,,False
5,E52,11.487956700725215,208.64670498751386,0.6406249845478426,0.9044969366576354,,False
5,E53,8.43030970554664,155.3566487096505,0.5824199823903478,0.9063574470909366,,False
5,E54,5.9010041511066476,82.42171271666587,0.3397989175443437,0.7468524861285428,,False
5,E55,4.699312721164973,88.40990848856902,0.666871416613864,0.6683363504144149,,False
5,E56,22.946053163163306,418.564213754367,0.6812071949073272,0.8253410686411684,,False
5,E57,22.921610030375305,330.6283349200087,0.7264959836962834,0.8884947451375392,,False
5,E58,19.51231808631906,317.74547752857916,0.7603446613884872,0.911380199043364,,False
5,E59,9.452510989963363,122.33993273870936,0.5127528290722198,0.8435534875917,,False
5,E60,9.413322215995443,149.68834972897054,0.5384663214451609,0.8953309201956483,,False
5,E61,9.847414741598634,193.71348883120433,0.5986002866624754,0.8275767003422965,,False
5,E62,8.044877939085877,95.43935022808095,0.4005647870483192,0.8001816272965613,,False
5,E63,30.26708818242397,555.6871714283335,0.7495111833549284,0.8852002213196739,,False
5,E64,21.32163886507104,368.2379535949368,0.7415739754851925,0.9198801038462195,,False
5,E65,13.133006796868962,206.3345569663847,0.6204079412261194,0.876380412461172,,False
5,E66,9.009556854543318,94.16893176674412,0.145155115506492,0.7693659436003276,,False
5,E67,9.844085852766083,128.53596821899538,0.49140323940681896,0.8236638130211318,,False
5,E68,18.967440628714726,296.88637426596745,0.6810468736692427,0.8964884552564705,,False
5,E69,22.033350188538165,357.7498236856011,0.7414920624671745,0.8886805151055346,,False
5,E70,12.724137469355409,142.45607575512304,0.28885597768902244,0.662787181322168,,False
5,E71,10.000894516894844,119.8780986876109,-0.025846682264654367,0.8147372907446538,global_correlation,True
5,E72,9.285137720885114,105.82531396379795,0.04355621242259907,0.8941507014387398,global_correlation,True
5,E73,19.45682657648571,282.75336566932054,0.6644665282560723,0.8474460469926518,,False
5,E74,13.557956607727096,235.17127688837496,-0.22712622862340195,0.22961619905804428,global_correlation;neighbor_correlation,True
5,E75,11.669838235749179,150.72255740136245,0.5331037384422844,0.6539518072857493,,False
5,E76,10.279174703108493,121.88975552856732,-0.01827473100076573,0.9246620893449679,global_correlation,True
5,E77,9.983445660491572,126.33563410606828,-0.11139760456305837,0.8025850741073889,global_correlation,True
5,E78,6.982883346456235,77.80078234815636,0.41592590496386794,0.8240856858061099,,False
5,E79,6.155519231742165,82.18740978666014,0.46181613456216886,0.7630199498991731,,False
5,E80,6.143835853671755,120.90602990274247,0.6996884331994346,0.8075856330229152,,False
5,E81,11.975077400289324,114.09064967992703,0.3552701793380029,0.6497552402674045,,False
5,E82,13.788851848727612,207.20858894577884,0.6403137649073481,0.7598256219134083,,False
5,E83,11.515303008277169,125.561295822142,-0.00308309375883919,0.7018676376559407,global_correlation,True
5,E84,10.864078466052199,121.69874798872107,0.007674246078167811,0.8546378431509076,global_correlation,True
5,E85,9.172374294948703,86.17582244819943,0.32128179794050854,0.8209195327872001,,False
5,E86,7.052670640522264,72.25297713178276,0.35207341349445814,0.8643344535324342,,False
5,E87,7.58348533165029,137.42641900486217,0.7072525503655477,0.8510051581287357,,False
5,E88,16.368643236392035,260.14585242609627,0.6957510089784154,0.9028338036298518,,False
5,E89,13.553114434598768,205.2878277447338,0.6498435495813518,0.917167394233595,,False
5,E90,10.947017560524552,129.6233105830098,0.4671590673767938,0.7969456919068094,,False
5,E91,10.00352414453996,113.61016651692513,0.45455024376798514,0.8374805816110025,,False
5,E92,8.6911235916078,117.15166416773195,0.5365470503312887,0.9307976372047415,,False
5,E93,8.058507384530976,99.27681344892328,0.5148161411525524,0.8472414052928751,,False
5,E94,20.466300878715455,399.97560528373083,0.6949849303776482,0.8790159022510624,,False
5,E95,16.390132267346633,240.20409437484494,0.6663249610825419,0.8695928538075561,,False
5,E96,15.03003358055133,234.94361677941066,0.6683629543002028,0.8783713209359659,,False
5,E97,11.869769096293094,179.5825515475021,0.6535573034687004,0.9245430263392993,,False
5,E98,9.701789900687512,144.15487907134616,0.639866472340715,0.9641402018658349,,False
5,E99,27.647712977371462,480.6864054351379,0.7277433162319534,0.8628191173319693,,False
5,E100,26.517338181981987,442.5512920723744,0.7550322265937272,0.8902761516351954,,False
5,E101,16.473345099015276,272.83934058737356,0.7474678675517987,0.9077015623664186,,False
5,E102,9.853703710469997,132.6212097186733,0.6263308469557628,0.8510481837330519,,False
5,E103,5518.149725659665,47089.36971034569,-0.012824693797998412,0.011301757619178697,variance;peak_to_peak;global_correlation;neighbor_correlation,True
5,E104,9.64984730952214,165.92254352979265,0.7197457407499758,0.924454607371226,,False
5,E105,7.725749489151982,135.96064358200155,0.738744052119393,0.94646966715709,,False
5,E106,7.152110144198071,128.12991475818242,0.6037817564127117,0.7454611633230853,,False
5,E107,25.518632121873324,513.991192395765,0.7379102932408178,0.9050151608889938,,False
5,E108,27.881372081551863,491.1265821256427,0.7362658382069905,0.8650963046275706,,False
5,E109,19.577753426249917,351.8010773531328,0.7358935389493069,0.8557870759469453,,False
5,E110,10.540771892618443,175.19277249439918,0.7362238757200186,0.9509209566231467,,False
5,E111,10.305742562945118,176.38389197107333,0.7353152724338162,0.9492121711946442,,False
5,E112,12.702876710925768,209.60739091231565,0.665585009695629,0.9089494979071874,,False
5,E113,18.488481338863956,308.24414082996344,0.721280966572607,0.9091053043005056,,False
5,E114,28.23205268752972,504.5846579404713,0.7443996489058622,0.9190158461970039,,False
5,E115,30.02965080772237,631.8290676789794,0.6760643454634278,0.8432633427483935,,False
5,E116,17.81285453013764,321.8370950241027,0.7731377387777124,0.9453010037199059,,False
5,E117,20.74436232867192,350.27810714212126,0.7161214607334601,0.9668773887078947,,False
5,E118,18.093773376277582,314.20227466380607,0.707305869132194,0.975284575699386,,False
5,E119,14.991316162315139,211.70090120515323,-0.10543609773920636,0.0819428720789485,global_correlation;neighbor_correlation,True
5,E120,12.242197229689245,153.49289171153117,0.4547955786775269,0.7121561136258344,,False
5,E121,22.248178736351566,394.91893057626237,0.7477800924855131,0.9335161597864574,,False
5,E122,19.772661609992745,328.3618357399698,0.7518287933609822,0.9212127622805135,,False
5,E123,25.920327847251997,442.4779125289708,0.727561168084778,0.958506930415008,,False
5,E124,26.776726113914926,475.061550721396,0.7292287092397994,0.9808155704582269,,False
5,E125,21.130047978429552,384.2652324308315,0.7306147071215681,0.9181714812877269,,False
5,E126,18.56952794463806,242.56699377362668,0.5558280675359415,0.7944366448325721,,False
5,E127,17.705656343372194,198.43312193719288,0.30197170603984935,0.42833066219476124,neighbor_correlation,True
5,E128,24.448102567843012,536.450128172397,0.6574941833851546,0.44857229187455794,neighbor_correlation,True
6,E1,18.72292561981682,154.43890992189236,0.14764804420832328,0.6522872079028657,,False
6,E2,16.86468859508857,193.79638442697654,-0.0685163445956507,0.752253814196798,,False
6,E3,16.899574723930048,198.8630223956517,-0.1349432687356464,0.8968976032612168,,False
6,E4,11.655201067137167,135.19371359613274,-0.1028730030020907,0.9291112978513889,,False
6,E5,12.0587578591564,134.74899381591314,-0.17688572559236684,0.9266484258655807,,False
6,E6,8.570341760114156,98.5529302930257,-0.17141351292364543,0.8215962254764821,,False
6,E7,3.618035853689477,42.51854029900733,-0.11039354339548656,0.7663477682705754,,False
6,E8,63.89882752128178,710.8867733645595,-0.26012129927754774,0.925522346768088,,False
6,E9,26.217784706088242,298.2881225774136,-0.20924964948404762,0.9815559534842582,,False
6,E10,16.580303466324604,191.48749073636606,-0.20421678668449403,0.9758021950942247,,False
6,E11,15.297115192215495,181.81951704879816,-0.19496313497583734,0.9696056102141146,,False
6,E12,8.418118649685685,102.90425889263996,-0.15693491743865198,0.9163581640978671,,False
6,E13,5.635413939186578,69.21507659579794,-0.0739098350663876,0.8343945302093887,,False
6,E14,35.65216504856551,425.7463701233973,-0.23365558443360235,0.9843304558525843,,False
6,E15,23.893875714141984,294.63460435992704,-0.21983584397689823,0.9746599965354066,,False
6,E16,18.961473233868734,230.3661122053369,-0.20950432231961222,0.9809898008737251,,False
6,E17,29.737665436607177,379.60770507880665,-0.2050017774992621,0.982587607793437,,False
6,E18,16.57170348744798,209.829142718156,-0.19472954924440955,0.9518898592429375,,False
6,E19,10.650003483351677,134.89803789089225,-0.16109673186180704,0.9368618142287854,,False
6,E20,7.606260859440817,94.85425531579783,-0.10725642273871211,0.8721954047630451,,False
6,E21,36.88547814448571,474.4361964872701,-0.22565962148210517,0.9716362210263019,,False
6,E22,24.60590686511022,306.94733152016533,-0.23182353022083715,0.9634598151181986,,False
6,E23,13.90578312155859,171.972127084986,-0.19954089413654494,0.8919750098646078,,False
6,E24,9.535966928305724,112.9346439025203,-0.10288043190703688,0.8301556793763457,,False
6,E25,58.401398534471284,759.447687907707,-0.263094759918484,0.9244394608918629,,False
6,E26,22.82435451572594,238.82036653259067,-0.12049341465784802,0.6362079476335405,,False
6,E27,11.352036739264145,140.89703155712397,-0.0470977475970212,0.6843802167016072,,False
6,E28,9.585280974802366,109.30625701216576,-0.046421268151721144,0.7281451606361493,,False
6,E29,5.592162636687311,55.661419269883744,0.051599474921276665,0.6905199718802952,,False
6,E30,4.500237145754515,40.97771156700753,0.07089017319216762,0.692992393122903,,False
6,E31,3.0011055970557767,27.076799352165327,0.04194390293770517,0.18261337092587693,,False
6,E32,18.661433764531743,176.18717236011707,0.1140837453777775,0.4595247575648401,,False
6,E33,12.85760142609278,162.82738837403474,0.15260920803168276,0.48899617530050926,,False
6,E34,17.47039146146785,285.7491077487212,0.06046986650086667,0.27597111804781516,,False
6,E35,20.133852782997202,173.7754553689515,0.051920441538301686,0.07348630882484723,neighbor_correlation,True
6,E36,15.592591794135997,133.37359953026152,0.06423654421875803,0.40277085101970656,,False
6,E37,6.4100830108400535,64.77359955252986,0.1977362516759151,0.6192109635912761,,False
6,E38,18.05751595088756,232.33858132991196,0.23890904072646887,0.7215646311878419,,False
6,E39,16.262825533772492,148.16216038673628,0.22430921617247615,0.629979493238104,,False
6,E40,18.12047294703596,257.4382928898719,0.13750821054575516,0.5812257022277922,,False
6,E41,12.05467926199653,137.1818868062897,0.14376719927222723,0.6559968455466338,,False
6,E42,8.994695798391827,88.74778105830524,0.3144154076376652,0.6701524882966161,,False
6,E43,21.72621686350236,242.74674922969797,0.25359206740470996,0.6495559522701013,,False
6,E44,14.313410049040304,129.9216366520828,0.33898801979396725,0.7168924138380716,,False
6,E45,15.840244431385246,182.58966113874177,0.2584958073990295,0.6024408124354311,,False
6,E46,14.746087037728445,216.46705191147177,0.19744498573602648,0.6766569662307873,,False
6,E47,10.225170943567928,91.04900525455501,0.23828790667834673,0.6842837718893859,,False
6,E48,18.684666725502375,200.1894976983308,0.3529454174918579,0.6597055492925551,,False
6,E49,14.165259074154836,172.41346115813622,0.40318143544442675,0.673649836288273,,False
6,E50,115.68124288649713,1067.231309569911,0.03232135278915719,0.06482482827714045,variance;peak_to_peak;neighbor_correlation,True
6,E51,10.157645264741074,87.46785171730869,0.39179866511569456,0.7789857101435115,,False
6,E52,9.85420472554139,87.0486344810324,0.3488967514189477,0.8577726878419287,,False
6,E53,8.354849955856857,74.43393090064734,0.29632070694523593,0.8340895451017776,,False
6,E54,6.305064639562664,59.318915678339884,0.23111853741780206,0.7436062401326538,,False
6,E55,2.913382577035885,29.545834306818705,0.2382879066783467,0.1582610466143423,,False
6,E56,69.42655518147808,1030.7748063611705,0.03793839127507974,0.004841043722128574,peak_to_peak;neighbor_correlation,True
6,E57,14.054420004740196,148.0270840840294,0.34583198982211105,0.5893393531299711,,False
6,E58,12.513440284249773,118.03285256894071,0.3824732864616131,0.7835835549679875,,False
6,E59,10.871565767769624,102.46435704767805,0.3707527092166421,0.9203202978671716,,False
6,E60,9.532812801171746,96.27319332327325,0.3232422842905925,0.8964777858327168,,False
6,E61,7.782347183110822,73.49415692597148,0.2927246881734389,0.8804611470404469,,False
6,E62,9.213987785434043,91.35574627940575,0.2960075825757278,0.8919839082706436,,False
6,E63,20.091257330042822,269.20037229224454,0.2542055112707457,0.6454515884290204,,False
6,E64,13.951468217163008,143.7572836760886,0.3881403889703027,0.7681320834522445,,False
6,E65,12.142823910163546,114.7065796088949,0.4001335662284508,0.8257300196606847,,False
6,E66,11.381984877485367,118.07934732597904,0.34695968059840765,0.9204862817556795,,False
6,E67,10.476801416663157,109.70489258058934,0.30248716909480433,0.8879877966639714,,False
6,E68,30.273795659701765,367.5751984266335,0.18042718550711268,0.5388516952575526,,False
6,E69,14.670134722855494,166.93831973928332,0.40317702784856707,0.7200502468867667,,False
6,E70,18.4789142296499,210.10759668729764,0.1655876340672673,0.604009007629454,,False
6,E71,12.675859470327953,128.20192250346983,0.2713516009614544,0.903108229335635,,False
6,E72,11.87632600062848,111.32320672274683,0.25143092919117255,0.9105013963239572,,False
6,E73,19.835772954609812,188.1140288084016,0.32486579005364985,0.6423941176539323,,False
6,E74,13.074499706671455,125.19356810097412,0.41789870134713936,0.7326306047571362,,False
6,E75,13.143157060971747,132.68060790974806,0.29889460517595073,0.8604481156365072,,False
6,E76,12.378223985806638,119.48792159709271,0.2789956596997202,0.9294555540917668,,False
6,E77,11.359763995014376,103.74756512262749,0.28898420384931256,0.9177653091526418,,False
6,E78,7.585383110192246,73.47993792715579,0.29932948849900753,0.849716626648195,,False
6,E79,6.320949327389817,64.81993367904948,0.2972383909144453,0.7980301796201039,,False
6,E80,3.7611245764014747,36.69260062556886,0.2787412542053893,0.6583013516797167,,False
6,E81,18.59072796138849,194.99957805818732,0.343845107403182,0.6822907309935173,,False
6,E82,13.322829009959799,128.50293931257593,0.3871660585361534,0.8195466003692311,,False
6,E83,13.233826354659367,116.89414772242688,0.28669465310781883,0.9061468628808834,,False
6,E84,12.26040930402324,110.17021665774126,0.29086368537806656,0.9269366960098129,,False
6,E85,9.901537983844484,91.91358201086952,0.2812160825063475,0.859039375560527,,False
6,E86,7.694715782748167,82.42143817969362,0.3430968785068294,0.8628034096112929,,False
6,E87,4.908552159527992,48.88290673832233,0.25436034834208004,0.7635117392203785,,False
6,E88,15.960265285739196,194.3014867193503,0.34658442839406484,0.7509998056445155,,False
6,E89,12.949385181920082,132.2678454632445,0.4068423684920183,0.8636892315288185,,False
6,E90,11.876895993628676,117.44479541810288,0.3471152357376843,0.9169812440264911,,False
6,E91,10.903173856183148,106.24374580168583,0.3006593343931402,0.8930323024364055,,False
6,E92,8.676552830914671,103.34211837431293,0.3206072152418795,0.898845077439756,,False
6,E93,8.259449905413538,102.09355344580116,0.36972658688328663,0.8271912121208598,,False
6,E94,22.62850130768191,316.53631923600693,0.24842380941888356,0.6698634056136172,,False
6,E95,13.640118319175423,131.25058639941858,0.4169200769975856,0.8197449314298302,,False
6,E96,12.164019641637248,118.69568048004096,0.3536116583395032,0.8311194053152128,,False
6,E97,9.844416211341402,164.57184698172026,0.30309028275128824,0.828252855949697,,False
6,E98,8.581537100065956,122.85244649368865,0.3688618923476236,0.9185427362492873,,False
6,E99,24.857737879427578,323.1043046481377,0.2054746898807981,0.6363171179875287,,False
6,E100,15.2833984487999,163.51127464362708,0.3949539670934179,0.6522319190507058,,False
6,E101,11.040251104130324,119.80622060280706,0.3702976737633046,0.7257633358320952,,False
6,E102,8.51128086757117,98.0591843396706,0.3422363541063823,0.6371571049934661,,False
6,E103,5338.9089741721655,35395.64897191839,0.02692094771478737,-0.037176690943884,variance;peak_to_peak;neighbor_correlation,True
6,E104,7.443155554095656,89.61137699089366,0.2867468751800496,0.6846680543405423,,False
6,E105,4.141244314290337,43.26014064374555,0.23325327691105419,0.7360158332309195,,False
6,E106,5.690954772713761,73.96662940193488,-0.04845886593869519,0.10271386140703193,neighbor_correlation,True
6,E107,32.744649153896354,473.8551866793656,0.15843374661693965,0.7168315142226944,,False
6,E108,15.33621964502625,258.3854855421173,0.2871695451903216,0.5310892053979737,,False
6,E109,12.044190653679978,184.4975293256453,0.2347673350018365,0.5522055334367483,,False
6,E110,7.559595086061783,100.58074655941283,0.2624970112946481,0.6857055518616479,,False
6,E111,5.115308474130556,67.2969181761128,0.15474355124541897,0.6148998677088002,,False
6,E112,11.787387114822936,188.60839605348679,-0.03240135127611681,0.3841607827796135,,False
6,E113,26.53042560405479,353.0038066506464,0.18490988535490666,0.6136369400955387,,False
6,E114,14.067694245634408,141.6494454717294,0.32302085719261175,0.714908882061484,,False
6,E115,22.3571133406983,303.9554968577869,0.17055848225846698,0.45391619825331253,,False
6,E116,13.443364442807267,239.34805533548968,0.16092406024334888,0.44568698699002696,,False
6,E117,8.856461466932556,154.31791761410165,0.0610175925926806,0.63000891696868,,False
6,E118,9.462983609214131,108.060792464629,-0.015886470233162458,0.819064522336839,,False
6,E119,58.60760153578319,769.0175069816419,0.033073434042169746,0.2510967787175122,,False
6,E120,15.48923509356883,175.08814507562658,0.37119845406353197,0.7538457835392847,,False
6,E121,14.22077088639814,142.07613256362617,0.30077158277890353,0.8031083981668712,,False
6,E122,12.698551674160353,143.28116634008924,0.17315217785460305,0.5226394999685317,,False
6,E123,13.699171639002582,176.1097427603347,-0.026877275178053658,0.6455902160420329,,False
6,E124,10.845831409874595,132.87104893658707,-0.029739441629124667,0.7885128987882013,,False
6,E125,17.188658969561157,165.78919777117136,0.323371191984701,0.7619917771662483,,False
6,E126,25.979561928604802,356.96101681588544,0.26732517379553844,0.5764150166648139,,False
6,E127,28.501784766546976,379.1381648932533,0.2490143161374126,0.41480150589330234,,False
6,E128,30.564909689510312,391.66413931891356,0.10583607890629361,0.4379712823202745,,False
7,E1,14.239206439685438,126.91976614597718,0.21307666271116854,0.7869739562248778,,False
7,E2,10.569790239986515,135.29225845881786,0.1298169335525194,0.7151767331907217,,False
7,E3,10.199056069407716,135.74087646257271,0.07852630188909215,0.733831524264247,,False
7,E4,8.808219662200402,112.3063801982049,0.054275034798771944,0.7362092660094024,,False
7,E5,6.990175254538416,113.45091087816186,0.03296009471337335,0.8492488035281678,,False
7,E6,5.6399483295982185,94.72414006296992,0.10042018931723881,0.7105526722470383,,False
7,E7,2.945674058086639,40.00239699043064,0.09906537411313293,0.7762057119209724,,False
7,E8,29.193464868919616,542.3332293308321,-0.05003725588100665,0.7999896101985994,,False
7,E9,13.452015231606886,245.40640360582415,0.006888685129624862,0.9448748485660894,,False
7,E10,9.246802421396835,162.79738024895855,0.03619942151454598,0.933761069731357,,False
7,E11,8.423866612391414,152.02918793163118,0.037936947936914586,0.8984219006751095,,False
7,E12,8.369031821517611,112.26657695232137,0.06762001940022583,0.510008257985668,,False
7,E13,4.452910116508395,61.31998456123344,0.06394155560619266,0.7599254533158089,,False
7,E14,18.357159013763038,347.30044778062586,-0.010233361024660818,0.9532467857881414,,False
7,E15,13.04158976118892,244.44157147453325,0.018655675561818404,0.9408894713361018,,False
7,E16,10.580046036184632,195.93959714228322,0.01672536130393337,0.9438419736978074,,False
7,E17,16.497623056540892,316.7488852140051,0.034145388488319946,0.9447065338273258,,False
7,E18,10.465275006037844,171.58723780526512,-0.00971144124385659,0.8798618700735847,,False
7,E19,7.391243626563682,111.53587955662084,0.0232117527949535,0.8102175508571512,,False
7,E20,6.069941824702922,80.24763223573217,0.049476668046388485,0.777225268023783,,False
7,E21,19.629391676292173,386.0233176403414,-0.03424161544357254,0.9398661448333951,,False
7,E22,13.858807350110787,270.0917036824319,-0.018131998469027553,0.9208898414068998,,False
7,E23,9.591929766555523,153.71005280627594,0.015880080896318677,0.7954423116608127,,False
7,E24,7.534601916470111,102.19094855179787,0.034282122597192356,0.8021215919711948,,False
7,E25,31.92865690075089,663.3121161400826,-0.07891976600716483,0.8216770107019887,peak_to_peak,True
7,E26,16.762154587487526,231.07727167153342,0.03419116268526607,0.6426115609667281,,False
7,E27,9.626862801247695,112.4373534404674,0.05340307834522055,0.6420040312306458,,False
7,E28,8.60046664872372,91.68485805513984,0.029268972567812995,0.7432893148586167,,False
7,E29,4.693401375780143,42.64778858402788,0.09544442439939603,0.7420961129592952,,False
7,E30,4.110736890397049,34.85941866993886,0.0741089607562498,0.7542806239974538,,False
7,E31,2.7892066623187426,26.127034615980243,0.12966214865526918,0.3297492299368029,,False
7,E32,15.940099347807294,132.14417102383487,0.18688651301487336,0.6193123100661297,,False
7,E33,10.789739845307107,84.5048655756888,0.2547113949901356,0.6964164393186429,,False
7,E34,14.8026671571887,119.569608949474,0.13499570999929725,0.3513118439078142,,False
7,E35,19.941248678444083,149.04705033459447,0.044772702410837084,0.10591123807936063,neighbor_correlation,True
7,E36,15.436156279898219,117.36949938237453,0.03922586165919124,0.44848182570136713,,False
7,E37,7.059766220620133,71.45274402153544,0.044891464930477645,0.5055220894303876,,False
7,E38,12.39290164735768,113.87713032281977,0.2841951617351312,0.8118896886664141,,False
7,E39,13.911224510590282,106.25704311063643,0.23264996042232186,0.6858457908654687,,False
7,E40,13.982239578046483,159.48205600140017,0.20826409441270716,0.48774490069194143,,False
7,E41,8.829501228513884,66.51545063952958,0.20303574192585394,0.3697870182388071,,False
7,E42,6.640202788374541,61.19789331784087,0.25775685919452673,0.7549924875190173,,False
7,E43,13.001777785482192,122.21445780834864,0.3000474778637788,0.6770506662358726,,False
7,E44,11.488517449976495,99.4766671709844,0.31512439057624636,0.7510884669441125,,False
7,E45,13.608028992997113,125.73794686876602,0.25793520114437213,0.5595032299445613,,False
7,E46,13.29374975936693,172.90875668570843,0.22471050199235704,0.531457866483044,,False
7,E47,7.904104369422418,66.8043691333699,0.27506199980993473,0.7369530882029709,,False
7,E48,19.910760142348774,241.71909424787833,0.2101591650183652,0.345910318138242,,False
7,E49,14.759920097870127,161.54008626396973,0.2956189192484684,0.6315481226772713,,False
7,E50,188.8181520049988,1882.8385033942359,-0.036264421492053174,-0.021508823917478093,variance;peak_to_peak;neighbor_correlation,True
7,E51,8.358971612092029,75.56016539399411,0.36669463975594885,0.8112660216510993,,False
7,E52,8.773137647495773,73.86873193942415,0.23624094397521322,0.7782194823721206,,False
7,E53,6.418246931286159,64.6929943743882,0.19842369470153923,0.7726525640420041,,False
7,E54,5.361548443647448,51.308678452202,0.1548319751155619,0.6021171681223426,,False
7,E55,2.9866100342807047,27.150033391631005,0.13182415688496352,0.22900223115322552,neighbor_correlation,True
7,E56,53.27580532202082,701.8668832216549,0.06943157351520944,0.5731229000079799,variance;peak_to_peak,True
7,E57,12.102420459410947,99.19321664960773,0.38225151233628296,0.6144710334250427,,False
7,E58,10.89135485916466,109.74332249120529,0.3633575624459639,0.7694374874271245,,False
7,E59,8.817597728518972,92.24509038038111,0.3190371839429358,0.9011540849682769,,False
7,E60,7.615813310206412,73.82311650273874,0.2802100429675313,0.8424414033735933,,False
7,E61,6.2677334252486,62.192962131302345,0.21934101621930774,0.7964609714339868,,False
7,E62,7.253164542343185,71.7714511832541,0.2279921882391004,0.8233820287036353,,False
7,E63,39.37613734691289,516.2115739624636,0.11841502112641465,0.7248444834091262,,False
7,E64,15.826413070366172,154.15527476581693,0.3054156157094568,0.6949195217568478,,False
7,E65,10.342610456759063,120.14340906706569,0.3825336402339186,0.8722692084075929,,False
7,E66,9.023914320110228,94.17013046198747,0.31696452085009297,0.8831298128959675,,False
7,E67,9.74836980287036,101.55831212741087,0.22137635769679825,0.73038133645978,,False
7,E68,25.631746881148285,272.89676927378997,0.1511599717090004,0.7003225547975123,,False
7,E69,13.129999456322354,125.84033059911096,0.3506094482816024,0.744322233750362,,False
7,E70,10.94090443024208,125.9445606800587,0.3452439113653218,0.8439163754937986,,False
7,E71,9.247972116409294,101.9006632478318,0.33676925289172466,0.9201671048681695,,False
7,E72,8.550311197290629,83.68544366678424,0.29780971756442665,0.8864802527202562,,False
7,E73,28.88781114405743,321.0114322278394,0.17539889874490244,0.5098241978500619,,False
7,E74,12.791659097756947,133.1520046081123,0.3997489967839271,0.7812954311020812,,False
7,E75,10.229663220780733,104.35731521332798,0.33367348099319893,0.8758954103995693,,False
7,E76,9.472329427039494,84.58850329219325,0.30281708820113606,0.92026306388245,,False
7,E77,8.678978450669533,86.7617036833943,0.29063785080354815,0.8746544023662874,,False
7,E78,6.198786231601615,59.96438484206673,0.20866124287346022,0.7597989117495156,,False
7,E79,5.207697011734254,53.00127311833468,0.22983228617617849,0.7383751371178093,,False
7,E80,3.207760750579094,34.37772592661868,0.1997825747192867,0.6211738663899944,,False
7,E81,15.904742875864766,160.31192625076577,0.34028633119274393,0.7177999014009828,,False
7,E82,11.606472200036626,109.6937987498547,0.3958664508781925,0.8061848222861796,,False
7,E83,10.873686793218983,107.80954327060033,0.35345407355841535,0.8959355440986088,,False
7,E84,9.986112248303394,102.38010384436838,0.3491182690610096,0.9066517956051714,,False
7,E85,8.186490566997788,77.91967956158162,0.2963580035654081,0.809082928938355,,False
7,E86,6.269813865312424,62.87890166298096,0.30551204457319214,0.8120385689854743,,False
7,E87,4.0877493967686656,41.02074176402663,0.2474902709645746,0.7771585331459598,,False
7,E88,13.347513574006495,109.26067028291587,0.3970735042638807,0.7446543998681843,,False
7,E89,11.459403739775148,121.40490050464312,0.43070002728749107,0.8696054646353318,,False
7,E90,10.334819638494698,114.81081279183432,0.411085677579436,0.9092434207776716,,False
7,E91,9.255406129307987,95.95554624826676,0.3751275610880188,0.8663213116365295,,False
7,E92,7.027486993912273,68.29018121075312,0.3117385729141242,0.9199664146985236,,False
7,E93,7.150979662271017,68.35989604309849,0.28702108930651726,0.8430157484651043,,False
7,E94,12.831401903128898,108.16303570521721,0.3973566166931207,0.7917495411300783,,False
7,E95,12.367760429463086,134.4042789814313,0.4216097822022535,0.8118744803503412,,False
7,E96,11.43186279241152,111.3644321946534,0.360809166725265,0.7872463677479637,,False
7,E97,8.849545093557458,82.06908023873831,0.27209859176460366,0.7906491727205351,,False
7,E98,7.470857958550917,68.9262856281762,0.29311355395748506,0.8914685090313026,,False
7,E99,15.863983366368997,129.99860058510853,0.32881261544840606,0.6359962336768016,,False
7,E100,13.101260315959378,116.96336453911218,0.3908264367058719,0.6224614367029205,,False
7,E101,10.681004439673732,104.00404623031272,0.37045746293978293,0.6688630629119683,,False
7,E102,8.390981925020972,75.92575273922346,0.28949536164207634,0.6356817429010216,,False
7,E103,6591.221647226016,49202.0552953607,-0.06214829318343907,-0.07767655840100607,variance;peak_to_peak;neighbor_correlation,True
7,E104,6.09409530400011,53.23785989700699,0.27953520962664713,0.7351291597178276,,False
7,E105,3.6481368988325267,31.32535744101319,0.249892792739765,0.8096477124068404,,False
7,E106,4.090965495335122,34.37241542317702,0.04063181294460045,0.2572580099949143,neighbor_correlation,True
7,E107,15.940820833381618,151.48218760040058,0.27550332139177836,0.5081438313530944,,False
7,E108,15.351587206091859,137.22726686287228,0.263428902172127,0.44383593546651184,,False
7,E109,10.209225327987538,89.38852175206108,0.234984595363645,0.4758961978189222,,False
7,E110,6.295232564820696,54.7592130465527,0.27506587518749986,0.6943225578979199,,False
7,E111,4.382317720227281,36.01834139939923,0.2008372515490658,0.744962534154519,,False
7,E112,5.141072923313842,55.1953276584743,0.08396800212466764,0.6830365560531371,,False
7,E113,12.493035724150767,125.40918256553901,0.38175892045359683,0.7678116550460186,,False
7,E114,12.692182254853218,100.78031534932825,0.2888332516129385,0.7298102118552405,,False
7,E115,18.01947584826113,160.95107807505713,0.18755312651557784,0.4470738236925442,,False
7,E116,11.264467704093576,85.39140082084498,0.20727066841862632,0.4808623739077139,,False
7,E117,7.5832481280051605,61.67890068327256,0.13771721415147792,0.6159553781298518,,False
7,E118,6.317614354991898,72.28787873462261,0.09549111880630572,0.848470890726401,,False
7,E119,15.147851826271014,150.89617244904855,0.3050519256092581,0.6038821772519679,,False
7,E120,11.755417973828967,117.69283312642847,0.34596254747766625,0.8249337129272287,,False
7,E121,12.208854915788526,102.72737069097164,0.30775048314459735,0.8140765983109353,,False
7,E122,11.267443007512796,92.26758801425292,0.22939573809885572,0.6025193757171358,,False
7,E123,9.73951665520415,94.8889429751308,0.1544273354479192,0.6337494840630999,,False
7,E124,7.373446943766311,88.86126000491015,0.12530734901368665,0.7363906174251881,,False
7,E125,12.456199319745986,119.82919158793362,0.3255613598037967,0.852996670119337,,False
7,E126,13.658408220347642,170.31366108417905,0.32573290306476094,0.7598363583705346,,False
7,E127,13.352413022076203,160.03384841888254,0.34448441250412243,0.6574112900863787,,False
7,E128,13.583344159605634,138.68534838602227,0.30551204457319214,0.7585183607841188,,False
8,E1,15.996644619691606,116.19425619022017,0.1620661650157016,0.6735994970257648,,False
8,E2,15.933508633149698,168.57675758489705,-0.102397488948246,0.8105593828461269,,False
8,E3,18.47446866713977,195.46922506464995,-0.21759661827061993,0.9071616027780136,,False
8,E4,12.063949747611204,133.8386554122838,-0.17842965478097197,0.9230745754561407,,False
8,E5,12.200172104902943,152.77590512014666,-0.25212844596048334,0.9372037171894707,,False
8,E6,8.670829144677278,111.81703966450013,-0.20106563635050703,0.8644827241830073,,False
8,E7,3.989193729215296,45.591866833209444,-0.12442983610113666,0.5245836000522256,,False
8,E8,64.92157488703648,677.7649856041077,-0.3050609154891944,0.933129805726653,global_correlation,True
8,E9,27.68695649795301,308.27503262020804,-0.2713405710659323,0.9764844177577537,,False
8,E10,17.424823918674097,209.7858987603363,-0.25339872119271306,0.9715486400709556,,False
8,E11,15.26678350730906,190.70423190910404,-0.25658318615168524,0.9693804649713774,,False
8,E12,8.656332303498864,113.38860957177617,-0.1640065809157204,0.9225194438126281,,False
8,E13,5.923803191561461,68.98995722043658,-0.03711939136041259,0.8553630739326732,,False
8,E14,37.19852063248096,414.43922892887684,-0.2779506764265621,0.9838538478811147,,False
8,E15,25.422772626369955,293.4136642880073,-0.2727844692771324,0.9764889550461024,,False
8,E16,20.59828017915934,241.89802759797362,-0.2603945081766961,0.9759243541320961,,False
8,E17,30.38432732929433,344.5386178913095,-0.23043314650774982,0.9812836714040727,,False
8,E18,17.362686602511957,212.4178056136669,-0.23155291915959197,0.954496637279439,,False
8,E19,10.292347020340504,129.0811260720809,-0.1687053466784293,0.9332817019900976,,False
8,E20,7.876256808769203,95.31677709665883,-0.04415707425552187,0.9128864202914947,,False
8,E21,36.62890137333337,385.9527929435553,-0.2738302468919334,0.9757430309257679,,False
8,E22,24.907659979732696,275.256529919695,-0.25877883575744826,0.9629989647356982,,False
8,E23,13.81691351775784,157.53222282236078,-0.1558018503064607,0.8945999948294932,,False
8,E24,9.65434549588004,105.24102778779698,-0.032854492364939314,0.8768891755240338,,False
8,E25,55.05994638972843,629.5229792813611,-0.27992088659872927,0.9154677599524298,,False
8,E26,18.07053654424231,205.1004181455315,-0.06419390370558686,0.8328484672808683,,False
8,E27,10.781528290812627,104.61107114830918,0.05568054236585361,0.7776363702334057,,False
8,E28,8.525446427130916,83.32663767908025,0.14227383001770091,0.7455817194169698,,False
8,E29,4.707801955616788,38.024089586833625,0.19525017036700956,0.7060046898690733,,False
8,E30,4.099307219063163,30.28629401962324,0.19831475468933976,0.634106387381169,,False
8,E31,2.936005276646036,21.008870570142555,0.1851802863365188,0.24780126933842112,neighbor_correlation,True
8,E32,20.75627831054148,144.52138246922823,0.1822711512499274,0.6524585285268214,,False
8,E33,12.6265161902737,95.38755169418826,0.1822873394727388,0.628769301627198,,False
8,E34,10.511735007133883,85.65120855747134,0.2201086976020161,0.5614008566625683,,False
8,E35,7.528025647400665,64.54834643170088,0.25160366532147027,0.5468007401362207,,False
8,E36,6.974932649328836,57.8324396959667,0.2741669165993689,0.6450233954481114,,False
8,E37,6.020031321650972,57.104972281551795,0.33040831112175745,0.6864854043733574,,False
8,E38,15.813490732770365,122.5575726159393,0.35532303684968347,0.8401378005346487,,False
8,E39,12.07926987600442,111.12102234592533,0.3710598325615472,0.7518970561133135,,False
8,E40,10.71480296390917,80.22675075508405,0.3130614259444969,0.7002665138623361,,False
8,E41,8.076742526408196,72.34709397309342,0.40649379208126485,0.7749331764700075,,False
8,E42,8.806298508441879,85.40510397054325,0.46460441210856,0.7472570970217624,,False
8,E43,17.242104992016937,141.04900646625492,0.3903720132071958,0.866530506072377,,False
8,E44,15.227133560076819,121.81190107701264,0.38490320895263497,0.8512360035679081,,False
8,E45,11.802446242876258,120.76848785871448,0.4642933775609191,0.8499509791956872,,False
8,E46,10.275258088472961,95.94578189263893,0.39591149798694913,0.8085500367717939,,False
8,E47,9.116202852350021,85.08542893966444,0.3922980848912312,0.7870593435873112,,False
8,E48,18.337706944433062,162.08142254911945,0.43214659659477206,0.8535851169368884,,False
8,E49,15.625785428584315,148.77415934564283,0.4639421930510786,0.8741102892033299,,False
8,E50,415.7393712732113,4624.26290375652,0.019289016982207613,0.015450574735949362,variance;peak_to_peak;neighbor_correlation,True
8,E51,10.57291434914328,102.30654415743396,0.5152420825629398,0.8284930566688951,,False
8,E52,9.980320841540452,93.34374180289828,0.5056004415002925,0.9050015568809016,,False
8,E53,8.26015150305975,71.12444216136424,0.43406140608964777,0.8867954010100683,,False
8,E54,7.0063796769880335,57.64218358842125,0.34252829300793847,0.749557339608047,,False
8,E55,3.375978071581568,32.51594800468582,0.28270035760183343,0.287870136766126,neighbor_correlation,True
8,E56,42.62694602278209,562.0552623500978,0.1402207019991765,0.3122760393561437,neighbor_correlation,True
8,E57,13.773367162235601,120.7042524776067,0.4948832901616656,0.7587810373182229,,False
8,E58,12.439420659335884,124.41891982097138,0.5185836234810557,0.8766185943487943,,False
8,E59,11.330097856038309,106.8446681304549,0.48203896263123874,0.9116384382080123,,False
8,E60,9.871640742099839,81.4860630658894,0.4469201721400516,0.9135838844016639,,False
8,E61,8.616926100616928,72.13783836103673,0.39799809465643493,0.8709841979383642,,False
8,E62,10.04719316023242,84.87092906054775,0.3711408166823127,0.9104557600182142,,False
8,E63,23.226458822920954,227.11068168431314,0.33954802230732034,0.6653120603343332,,False
8,E64,14.824542652255332,152.80472335897014,0.48402068227919015,0.8304503079047498,,False
8,E65,12.928132596618592,125.08453801814676,0.5046126864294684,0.913246460182594,,False
8,E66,11.575642920821736,104.20575690562534,0.4554195621002124,0.9387910713963393,,False
8,E67,11.291413971553453,100.58935825246317,0.3890364086040881,0.9257220316586038,,False
8,E68,20.213196010002772,190.09041314520965,0.42704544444437137,0.7269304196397792,,False
8,E69,14.31921850335572,148.08278554658784,0.454817659310787,0.8456100782512435,,False
8,E70,12.461782807153066,120.36884814071433,0.4779095451122282,0.9212169203507619,,False
8,E71,12.021965421153192,110.21819734065699,0.4432993982999808,0.945120685925319,,False
8,E72,11.623897028120073,106.16603254342348,0.4247884214835992,0.9416103512196714,,False
8,E73,20.068873502421866,211.53982941759295,0.43733237553193754,0.6982810031793648,,False
8,E74,14.248301181281118,152.73965033698252,0.5120643922937981,0.8215670844904668,,False
8,E75,14.103157495574974,133.1758344731419,0.3905243033345187,0.9050980303244205,,False
8,E76,13.270748711813084,123.39513274515267,0.37668663162484517,0.9358935912744657,,False
8,E77,12.027828833935367,108.91271460475554,0.35505146081274264,0.9080727621818673,,False
8,E78,8.450031972420394,67.93471838612435,0.3223272016831367,0.8375688813505617,,False
8,E79,6.605323427581712,56.84134681454893,0.3395480223073203,0.8300481757994482,,False
8,E80,3.7521017995185293,34.33209523298133,0.2924902261866612,0.6608970743258239,,False
8,E81,17.78331893968577,174.37004834365706,0.47965900338182715,0.7438131763502777,,False
8,E82,15.91496858728544,144.41419399119673,0.4525914423154199,0.7494351661465073,,False
8,E83,14.590248554312346,145.93378399101874,0.41483397177142906,0.9163099787079416,,False
8,E84,13.914512100810889,135.36307346694306,0.4017471125484223,0.9151338007120373,,False
8,E85,10.509828166496334,96.70489738170886,0.4440989055870706,0.8914838770495295,,False
8,E86,8.338271795508046,68.28148960824694,0.40524251397393213,0.8955481639785359,,False
8,E87,4.68678595600341,39.04024424434048,0.30153596700807206,0.8231148598978204,,False
8,E88,21.946586679552592,280.39686944430645,0.3979070578396074,0.7358893548975707,,False
8,E89,15.21389554017801,158.80713697545494,0.5184884600876603,0.8202701506500759,,False
8,E90,13.353426753103266,141.8026135523454,0.4976911673062653,0.9230073995966279,,False
8,E91,11.84184263066791,117.25695912700104,0.43225162742156875,0.909588322839709,,False
8,E92,9.495171066887902,83.13259871896496,0.4355968377928273,0.9083032236448471,,False
8,E93,8.517540259915526,65.07880703362702,0.4284872865831103,0.8742864165929842,,False
8,E94,37.42363773089565,487.42721379210064,0.2577808762101104,0.7235072296953089,,False
8,E95,16.734983943291194,169.95156229615094,0.506519744330668,0.8234780408616926,,False
8,E96,13.300196332028696,135.3537082237549,0.47144758086892435,0.8447092409539667,,False
8,E97,10.042637015777789,84.31986765687503,0.41733949843913143,0.8650642700570081,,False
8,E98,8.86773253726021,66.2001045219726,0.4316303070517198,0.9247266762658357,,False
8,E99,40.72016655324305,519.3423065681029,0.24589387502481666,0.68438571834389,,False
8,E100,16.819289576249062,172.97730904711625,0.468970251618337,0.7036793608681478,,False
8,E101,11.54993652900797,105.92157514372138,0.4874884867005833,0.8166027748032434,,False
8,E102,8.725208579371976,68.00220235149482,0.42244663398225435,0.8111166955912785,,False
8,E103,6884.0215088099585,55304.9305137779,0.053255225640027874,0.028873428670762643,variance;peak_to_peak;neighbor_correlation,True
8,E104,6.1135611975627455,46.71258225730048,0.2898263099541233,0.783827398135124,,False
8,E105,4.026169429609255,30.946138765827143,0.19279192541872606,0.7190059196973102,,False
8,E106,4.90067718648221,45.83850953159132,-0.1462428778493484,0.3732718878399973,,False
8,E107,36.52690019263143,501.68713610917484,0.2193703372873941,0.7044108646051648,,False
8,E108,12.604639665209064,130.72244471590489,0.4329720808048982,0.6897225846367667,,False
8,E109,8.560241230393602,69.0570851176558,0.2776114134934639,0.7065587128067736,,False
8,E110,6.147919524033556,49.152096568601884,0.2949231059239858,0.7773188344389896,,False
8,E111,5.300397543867351,44.64178655744362,0.17863881370269127,0.6913536323838716,,False
8,E112,7.303617671248764,91.7811898247603,-0.14649151830230547,0.814111343519941,,False
8,E113,17.636425473699813,191.2473814848536,0.4076320592428438,0.7728720827479567,,False
8,E114,12.96562138540563,117.9704179774887,0.3991922693699519,0.7871758795713524,,False
8,E115,12.918318476333965,131.94814156778693,0.3362447969048859,0.6406190658635069,,False
8,E116,7.980077916210445,65.44721949624295,0.2379980430871448,0.7120083270970814,,False
8,E117,7.628326437440427,68.90254484287141,0.06597796091670433,0.7179083372964192,,False
8,E118,9.806405330493945,118.2948550042178,-0.0929947528559028,0.9236406783423761,,False
8,E119,35.2474864661752,444.5318488228499,0.21979360710999155,0.4608981018218251,,False
8,E120,14.727907944720549,142.28928101255877,0.4344861005372636,0.8201664956745824,,False
8,E121,14.044254963940228,124.55378214203168,0.32571716582564325,0.7427633219194867,,False
8,E122,10.595664428385273,88.46747776695884,0.22030007452510597,0.6127198833789904,,False
8,E123,15.327421879369433,143.19998659974388,-0.07989811329299631,0.5905551628132181,,False
8,E124,12.018424387829786,129.76815152031992,-0.08589332378664537,0.8077838518435501,,False
8,E125,15.577049076805023,144.03117174439535,0.41496449692874865,0.8380691268487533,,False
8,E126,20.228484212385222,193.06842111238075,0.3923171760103251,0.6061059541920957,,False
8,E127,19.696758583751095,180.22944024271703,0.420621015936617,0.8513745165928205,,False
8,E128,18.48396560720798,162.30286019453752,0.30320444745939207,0.7222754097083488,,False
9,E1,13.513904689606223,117.54678197202098,0.27068261387123443,0.7508489154145959,,False
9,E2,24.728400443704512,320.68739630255413,-0.03764692861997798,0.26258775250630306,,False
9,E3,14.457826515712632,196.19233211465448,-0.10583905496964638,0.5536187556122119,,False
9,E4,16.78553686785569,199.02396649031084,-0.06036154652611945,0.6612455286016573,,False
9,E5,10.496132759985143,138.01125179812962,-0.1299652448766387,0.8594657311145335,,False
9,E6,6.952142178400956,91.24972225465487,-0.15086077290986,0.8374508095231209,,False
9,E7,3.3628161500896243,49.61982233395989,-0.07849844474070948,0.5204942794938371,,False
9,E8,134.18729243732776,1958.3562478334593,-0.0747521288605786,0.4743520711508932,variance;peak_to_peak,True
9,E9,22.873024496253112,328.07337530876845,-0.1792096943569385,0.8838413910825799,,False
9,E10,13.819777723753296,189.36230910930848,-0.15349379089863666,0.9312496950263371,,False
9,E11,12.263412237165287,168.752335076047,-0.16887039626988684,0.935510592610024,,False
9,E12,7.201034116617759,92.33945085552168,-0.12267517351555339,0.8983506237570581,,False
9,E13,5.359484736508717,87.966725018756,-0.06930220151678973,0.8574973115948317,,False
9,E14,51.89207042266379,801.1013855390278,-0.12433685009694108,0.7248331731245164,variance;peak_to_peak,True
9,E15,20.178043734110204,289.79086463844783,-0.1870262992359503,0.9134162409189355,,False
9,E16,16.296580283433652,227.53523542836618,-0.17752901127848802,0.9393891812342847,,False
9,E17,24.954159438216816,354.7551959991238,-0.1564365796073475,0.8536101381899479,,False
9,E18,14.957222174309788,207.6276824605951,-0.16143538163890686,0.9102815146634538,,False
9,E19,9.133339619643653,123.40119641648636,-0.15053267747825835,0.896448805195968,,False
9,E20,7.3956572348120755,122.94601256925023,-0.08101813173373784,0.8834548269019872,,False
9,E21,45.53026182030315,684.5905300770328,-0.1261725902176156,0.8136693918379154,,False
9,E22,22.948059638109665,325.52892215445274,-0.17929964726468522,0.8500447006013803,,False
9,E23,12.420402050915184,175.93579875282563,-0.12047634220142057,0.8133462205823379,,False
9,E24,9.069462631533831,153.6741908780814,-0.0402644922641662,0.8408620537171732,,False
9,E25,75.49766898913275,1115.0188913985255,-0.1239591324800986,0.621715540644183,variance;peak_to_peak,True
9,E26,20.950250200364746,342.23602811088665,0.026874422094644815,0.618504070042996,,False
9,E27,10.816505719208264,158.86648331711646,0.049428070219035294,0.6261314948976564,,False
9,E28,15.252543239021692,240.79228882539792,-0.001685380978420596,0.265126178542916,,False
9,E29,7.486915746245123,126.58016949454627,0.006446421778812967,0.3647392646243783,,False
9,E30,5.542161427905479,109.30892306431919,0.019050701116363426,0.4697966864297396,,False
9,E31,3.2017829621977048,51.57348034103657,0.058499751423025825,0.3081946028749233,,False
9,E32,14.103877738180365,199.19670402827364,0.23894432513833527,0.6214444129285928,,False
9,E33,14.031410132525876,266.1402974866688,0.217639499530049,0.5105462314501368,,False
9,E34,20.720217892014087,423.7772803558622,0.16883257029507764,0.43611766297856036,,False
9,E35,22.47976306538943,308.2269505187634,-0.02032175420543144,-0.18662078726773432,neighbor_correlation,True
9,E36,17.047273960553404,265.7164191863053,-0.01422617829429799,0.4004970557585594,,False
9,E37,6.430943616719319,116.93512144638012,0.12602527716818754,0.6226954496545875,,False
9,E38,14.568376975007409,206.08877683713524,0.35690910372325213,0.7425587067388747,,False
9,E39,15.63088779000641,343.00451064709057,0.3474932403111921,0.6783241127179626,,False
9,E40,18.889570563008437,413.13071274341223,0.17780586670768267,0.7494634990973934,,False
9,E41,13.676446969446875,227.13823928057988,0.17219515956926926,0.7059090394348254,,False
9,E42,8.52501861137842,112.90259177754027,0.23782628581987078,0.7895413910883066,,False
9,E43,17.062665960540613,268.1909793850092,0.3133860080322961,0.6684882791340614,,False
9,E44,15.739647661312693,232.18836769779261,0.35673566981932014,0.6624673650599053,,False
9,E45,17.744886918975,369.21601203645287,0.3465859087093084,0.7282287383338486,,False
9,E46,14.731216165327822,278.1621535743178,0.23120842457489524,0.7736217999954571,,False
9,E47,9.667563314648367,122.18378822433317,0.25094274660004195,0.797853273788806,,False
9,E48,20.550696095250114,426.52668946103574,0.3392057644679181,0.674250987610399,,False
9,E49,14.981570938585497,256.21466573903814,0.42980387096484196,0.6656800292683751,,False
9,E50,242.6206929262951,2433.9801931264647,0.007228536125270408,0.044257052681922746,variance;peak_to_peak;neighbor_correlation,True
9,E51,9.693440206067347,97.46421817472371,0.40962958368808783,0.850548010132162,,False
9,E52,9.249562790976617,128.9938674082858,0.3577830696273556,0.8777207671945018,,False
9,E53,7.429879422601095,103.53205899842939,0.28400545804381144,0.8729046525197479,,False
9,E54,6.350981545147259,86.74979685721556,0.24112099961845593,0.6914300112987077,,False
9,E55,3.0488305207604114,31.203576361340097,0.20713696803772774,0.24740020796060935,,False
9,E56,23.46441790384424,327.7089433022795,0.21068491345035492,0.31850997032479067,,False
9,E57,12.199838005201887,173.9058922642114,0.5069242970585813,0.7359134871002425,,False
9,E58,11.29863518474451,115.70450369460778,0.4901503221330677,0.863919465076411,,False
9,E59,10.016021721512644,136.1633304875958,0.4262087055028814,0.901787417167959,,False
9,E60,8.773615866414053,120.06092017295883,0.39220438532328467,0.8982836458663512,,False
9,E61,7.757734971319402,88.35286852143099,0.33054260729496404,0.849645010660606,,False
9,E62,8.757957589985121,103.44646144028357,0.3688166072750829,0.919212173437618,,False
9,E63,17.40528723338843,168.18938424481286,0.4252817150978714,0.7472779016779841,,False
9,E64,13.730296483896693,171.23814119954085,0.45642799303659515,0.8341864813533131,,False
9,E65,11.745902958224736,114.88811579573013,0.4804960622173695,0.9211543654700448,,False
9,E66,10.351165309773288,109.46353635157645,0.4294052890006192,0.9462227844479718,,False
9,E67,10.09765301666156,110.75401522649767,0.37640080688076644,0.9210556277782569,,False
9,E68,18.34763764765995,261.4498785119026,0.4020617305790568,0.7475567178251578,,False
9,E69,13.135323988984947,150.7099149431354,0.4900623627117905,0.9101003135120637,,False
9,E70,11.53936298356364,128.6262234549115,0.46625345221951814,0.9268637788814593,,False
9,E71,10.753274649046574,121.79300612077671,0.4170595271317451,0.944872236231575,,False
9,E72,10.319623778153366,118.45874284168903,0.4106561236143726,0.9471277345946643,,False
9,E73,13.59131749363489,166.02278679967435,0.4883691354161936,0.8646447220365536,,False
9,E74,13.182636938173207,148.25230576599634,0.49823629507703643,0.8942428010957977,,False
9,E75,12.303676957465756,133.82578654181634,0.40679051750899997,0.9057320258013517,,False
9,E76,11.545270560404553,133.38699693598744,0.3847742295338768,0.9409981970623381,,False
9,E77,10.541786405313697,125.62677475953548,0.3814061501107018,0.9284742323802133,,False
9,E78,7.623745029194437,81.94514623096563,0.3252978618559759,0.8456571567734192,,False
9,E79,6.032922412569791,78.39874039585267,0.3256542943789078,0.8321998221709086,,False
9,E80,3.7415078057647095,39.91028645502368,0.28966880909945003,0.6685583048627195,,False
9,E81,14.046680183102396,179.0083697505349,0.48769778499190547,0.8597158711649819,,False
9,E82,14.014852864830623,147.69502273497778,0.4821092986715767,0.801880934116733,,False
9,E83,12.408248266497676,137.39966949148823,0.41332314724763913,0.9243136666047935,,False
9,E84,11.818828261457954,140.32475756183499,0.39832086741913,0.9357129665781642,,False
9,E85,9.418144780692964,107.07869552348902,0.4442251749766824,0.9222582217617191,,False
9,E86,7.808672620718731,90.14567474437013,0.4249635278591088,0.8888732404987187,,False
9,E87,4.70247682929067,49.758211118352335,0.3527638443525432,0.8007270077605404,,False
9,E88,15.030318744269241,168.9963692279046,0.4806685560722194,0.8203493031860944,,False
9,E89,12.603784074983746,142.54955291694884,0.4987868880128189,0.8743136353704586,,False
9,E90,11.811645676032324,132.2725500081861,0.47815097522594563,0.9400261049766325,,False
9,E91,10.779490794398967,120.03718010394053,0.45885233272501535,0.9183475550815272,,False
9,E92,8.62735558220957,102.44220038918225,0.4085179448742547,0.9551769585856642,,False
9,E93,8.485507767958866,112.66425031895389,0.4299885121103213,0.8710614732517044,,False
9,E94,13.840997175905194,169.14941348934667,0.5056068154195592,0.8588106406825659,,False
9,E95,13.671078167600735,154.559321241789,0.504711812628602,0.8451638869797053,,False
9,E96,12.449766510419124,138.03441336907315,0.43818529250029953,0.8027565430019148,,False
9,E97,10.02454228648749,116.53198798022,0.38203232514081514,0.8661863050397565,,False
9,E98,8.813978747507434,120.14775412646873,0.42052792502019504,0.9461234995894513,,False
9,E99,14.788489898779979,193.53666076111278,0.4736676751391099,0.7965710028923356,,False
9,E100,13.95867340820635,158.6210374199256,0.48029393654461305,0.741345842340542,,False
9,E101,11.447022245966515,126.10158484680179,0.4896930298291427,0.775952788151355,,False
9,E102,9.13848651036125,117.82737926295772,0.4280388252156202,0.7280744683989802,,False
9,E103,5752.783672559069,40195.663281203946,0.017112997392481046,0.016376251193638947,variance;peak_to_peak;neighbor_correlation,True
9,E104,6.902477337061786,86.25394441358088,0.4334234903981938,0.7280121891347293,,False
9,E105,4.392386391414097,49.95546392178297,0.2822622737737905,0.7321728293846625,,False
9,E106,4.284535948126056,43.197483446098744,-0.021630919734784284,0.421591412014085,,False
9,E107,16.430643923908857,190.24851214372006,0.41191986699751393,0.7135178344257143,,False
9,E108,14.444673289481775,248.69953406792638,0.37667217361614586,0.6773382442935072,,False
9,E109,9.958648264314615,154.80286490638787,0.3961986551548642,0.6260579654792455,,False
9,E110,7.191511155896719,92.53514466009705,0.41856955361829684,0.5070858951131845,,False
9,E111,6.027826209915093,62.808267854878025,0.22115049180928398,0.6498157503285564,,False
9,E112,9.75557223549696,103.21230922724055,-0.04162910748182078,0.7121622835283942,,False
9,E113,14.746123688328561,171.9515149415713,0.44643380501302843,0.8073337097717277,,False
9,E114,13.314692760133784,151.84231844360966,0.3808817934530501,0.8069622209567161,,False
9,E115,15.410910554724277,260.57057682564187,0.2919402585060505,0.6201477486874425,,False
9,E116,13.54141737049308,191.81758145723336,0.2160442129477657,0.2758470864352267,,False
9,E117,7.599411247583497,111.55499437789035,0.17604820793348275,0.48551483779134685,,False
9,E118,10.396901957920997,106.57945981107991,-0.0029154167148916265,0.7913047380240721,,False
9,E119,26.779833281591163,481.5337465613175,0.2981263433562691,0.6113852282463543,,False
9,E120,14.2426919290021,166.82764419080868,0.41224379948738393,0.8494055380009731,,False
9,E121,13.580058778289194,135.23964570475144,0.36091231367823867,0.7905299204430469,,False
9,E122,12.094757542132117,162.03032210245624,0.24300521324797494,0.49112186928832435,,False
9,E123,21.29407068518654,201.1770478679689,-0.008453260795117237,-0.030666430128353662,neighbor_correlation,True
9,E124,14.803400528168556,177.87954317566385,-0.0022929687756837853,0.29946809994034895,,False
9,E125,16.470603548355694,172.52627391429473,0.37766817359331617,0.764407292290898,,False
9,E126,19.157364892557155,213.67051609908515,0.3948458415659601,0.7277254994215689,,False
9,E127,17.041798896787466,206.85100693791296,0.44521429023050146,0.7025445392098033,,False
9,E128,15.205267205747234,195.6766131376109,0.4182761880737247,0.7629392555979297,,False
10,E1,16.18985367178847,285.499163160149,0.20331942215237173,0.48018487127581333,,False
10,E2,74.74207647980876,1240.0391179375306,-0.0034363030055669236,0.21015761345853942,,False
10,E3,15.90596417628011,234.82366093633107,-0.05771298189273325,0.5653753120885358,,False
10,E4,12.959082408026097,197.91487745586832,0.048748484209960544,0.7341386566696482,,False
10,E5,9.615344174999814,165.67530234477948,-0.016935325617367426,0.7598275121223408,,False
10,E6,13.275002202090675,171.6678392633022,0.025945439065326394,0.31934620658477686,,False
10,E7,4.319932137859419,42.419753711056515,0.027360808065488764,0.4316873221693407,,False
10,E8,47.53215020322747,660.0975519914791,-0.0721287170568536,0.8552111945952708,,False
10,E9,20.989806568461557,303.18644207007526,-0.06310993891710212,0.956558937366299,,False
10,E10,13.25487875323241,202.61232086110783,-0.048444842827969924,0.902899805540494,,False
10,E11,13.466296478834343,191.08548350024216,-0.06363621822023995,0.8317357779163111,,False
10,E12,7.971163230687841,105.54727395102185,0.024228644484232505,0.6465139569524126,,False
10,E13,5.8318817114469335,85.3242066513088,0.00210241062489595,0.5449796514049605,,False
10,E14,28.292017662073295,418.79788981664433,-0.057187833985664065,0.9658917174336137,,False
10,E15,19.533659040680583,288.0588430872733,-0.07430199806616415,0.9670537330725089,,False
10,E16,15.788208983231222,238.33400352992112,-0.061404732028296626,0.9546955505624374,,False
10,E17,23.796942012770103,357.3545700251029,-0.023202273219347678,0.9597546551153067,,False
10,E18,13.963641005000396,213.90181252467085,-0.033176982929887494,0.9084561035224883,,False
10,E19,8.832501897620649,129.57629987259241,-0.013709341637994957,0.841709766597541,,False
10,E20,7.7132549023839845,110.63060328416152,0.004356624529141896,0.7431446825564155,,False
10,E21,27.95552603070593,419.36655831614786,-0.06924585860634672,0.9654995674600182,,False
10,E22,19.81632574816668,303.23218252079175,-0.05295282700871377,0.9478563970301789,,False
10,E23,12.09770049901293,170.67481941991701,-0.03861599757759188,0.8455952083407172,,False
10,E24,9.642911740999901,134.96552334346313,0.009947720808582724,0.8016652127763102,,False
10,E25,40.51789424544083,552.0591424755362,-0.0822207915568118,0.8537655515224736,,False
10,E26,25.373569749324712,360.61971777694055,0.008044137143206202,0.5346177786496454,,False
10,E27,12.628161388894265,191.33335335799134,0.03866430142778042,0.6115943776050263,,False
10,E28,17.01068511193993,278.3008721245869,0.022896200403094254,0.36113739287462804,,False
10,E29,9.333617911931686,128.58163641190674,-0.032143715296399866,0.2844323767537864,,False
10,E30,6.80144368488137,116.88981523508052,-0.013414035730211701,0.4721815188107268,,False
10,E31,4.217000188810999,65.23546504930343,0.07175072984082319,0.37914339171174494,,False
10,E32,17.933984705922004,239.0247094540664,0.19250992925715052,0.40195117869281716,,False
10,E33,16.814094918209946,310.17469607189014,0.16081323609729808,0.5547661194929782,,False
10,E34,22.4181029423783,494.88899880948634,0.13589559004362115,0.4643886203696066,,False
10,E35,29.74564070962182,357.40040489045134,0.024407019629520285,-0.18733837440509193,neighbor_correlation,True
10,E36,22.856057398032057,291.92401092374195,0.02178661697329754,0.27424208292851815,,False
10,E37,8.223079010991206,137.4101063160669,0.037384878416216134,0.6261271450084914,,False
10,E38,16.162759151295912,247.0449144147151,0.14373233522575868,0.7124056591649379,,False
10,E39,20.58713614226935,433.38160416815754,0.14084547037717288,0.6197238090624428,,False
10,E40,22.793905738223593,454.7975060942922,0.15183087978200333,0.6291234610640595,,False
10,E41,17.047051787053107,249.80004452183292,0.054088746102091335,0.4650681501726842,,False
10,E42,10.905886184874845,171.32760951591263,0.10948467750046485,0.6747446354755491,,False
10,E43,25.209394775069576,284.2632015046637,0.14262784850916269,0.5015103053254504,,False
10,E44,15.406096998202946,216.0186943947257,0.19650939523655317,0.6767394358440156,,False
10,E45,22.346580833586902,389.0524378549125,0.15954145173020776,0.6240684732958746,,False
10,E46,18.88936566799987,333.73575841885986,0.13084822691040332,0.47528338175970725,,False
10,E47,11.64788010563664,172.04102125097927,0.06323687509885446,0.6052135142673848,,False
10,E48,25.84955854112517,364.727380158233,0.15236738932924931,0.542927056921258,,False
10,E49,21.162216000895842,248.04418908425143,0.21453574662754252,0.5485594439086423,,False
10,E50,170.17584161851303,1422.4633137243209,0.0008764383135271116,0.06097131328022136,variance,True
10,E51,10.734296736876829,149.02770609049546,0.22530652352622374,0.6984014462824397,,False
10,E52,11.230440755933945,165.59908808356445,0.10935421879404164,0.7174095532400857,,False
10,E53,8.677766914302955,125.87737509822887,0.11319255078006545,0.8204250950417205,,False
10,E54,7.552818735271943,94.18937552404267,0.07677418466984991,0.6726812418180023,,False
10,E55,3.6032857328338173,36.84564739373044,0.12524459078599218,0.25468726612431225,,False
10,E56,65.00651573714791,639.7539657018451,0.034956214573341055,0.12307509131749338,,False
10,E57,14.764479274409839,175.16448709416878,0.2993473099507703,0.6791993397368854,,False
10,E58,12.338935452792802,157.88040963026026,0.2919406691124184,0.6920399155880427,,False
10,E59,11.794797503300464,134.3260767725214,0.18478250512034436,0.7030721195702784,,False
10,E60,9.209356497683178,116.2296615506833,0.18985363034362543,0.8451001160391045,,False
10,E61,7.949290432935696,80.04561143071729,0.14062304801385814,0.8307023452831244,,False
10,E62,8.80488144124398,81.50310496112924,0.20434549845786548,0.8782200202391466,,False
10,E63,27.915777118953006,258.4724143785776,0.22661609129316068,0.6243653660649193,,False
10,E64,15.801103548551788,164.5641373390749,0.2866949440097473,0.6625411483994117,,False
10,E65,12.25175025420771,124.82463665636779,0.2826217791991551,0.8340248128325161,,False
10,E66,10.372928257293415,107.02945396700848,0.254379004797003,0.9015239564723228,,False
10,E67,9.668176610628223,87.34864213828271,0.20817423059403786,0.8979747511605995,,False
10,E68,31.2770973258983,335.6547288035042,0.21928992394031385,0.5569826874936685,,False
10,E69,16.53217931906289,152.08714968890604,0.21558835978475147,0.6969263537167685,,False
10,E70,11.71084329192163,117.95730304308407,0.2561319530416801,0.8643277278810608,,False
10,E71,10.597772557982099,106.95983198667051,0.2472877338521,0.9220024420580957,,False
10,E72,10.07997007103492,99.81440346170228,0.2189093686865604,0.9205706166494549,,False
10,E73,22.182408252110832,242.0313996377375,0.243775731136348,0.6382589496233766,,False
10,E74,13.604578660312628,129.61814924390788,0.3200834182501671,0.7568803332365636,,False
10,E75,12.213658306435276,114.49774023391396,0.2597978690928809,0.8587138836253975,,False
10,E76,11.309074869134358,109.66036363905968,0.2354095791715141,0.9264779941271897,,False
10,E77,10.405985601540982,101.35531876146177,0.20736867310262524,0.8808270389793396,,False
10,E78,8.159091430705706,82.50254679076579,0.14012104912789433,0.788665084222163,,False
10,E79,6.760176560818534,89.61068682088911,0.1795238554623378,0.7777836891704497,,False
10,E80,5.177591830201222,95.8633840262693,0.13225636353643325,0.6315365139267107,,False
10,E81,20.861652057217952,195.49097660947575,0.2643724697474755,0.6910580630446904,,False
10,E82,14.391504372717478,121.30981139320534,0.24621141160822407,0.7506750524086694,,False
10,E83,12.539978555497845,123.2008759680852,0.2416408171681223,0.890583701864737,,False
10,E84,12.185688269757575,112.95962753370964,0.218405030088925,0.8619239587213963,,False
10,E85,9.679951671758898,113.9401844652525,0.20325906813772618,0.8556660452488267,,False
10,E86,8.806863005609355,183.17181914220728,0.15950397193180785,0.845104862342672,,False
10,E87,8.69662047336827,148.78646394050392,0.15392096098351588,0.7754585898426595,,False
10,E88,20.250745998568075,175.47966366742122,0.26441531679741015,0.7318227339855445,,False
10,E89,13.867229262982885,122.27155664359645,0.3001645560225562,0.8293726449859296,,False
10,E90,12.008516743536221,117.26565481095426,0.26104118118106256,0.89174116359268,,False
10,E91,11.158610451638541,136.43096885233803,0.200482906590922,0.8510643237857256,,False
10,E92,10.935931271365266,252.59419344829686,0.15851329575778755,0.8522083064529646,,False
10,E93,11.059009008992357,280.4713855402955,0.20769698257298425,0.7508553937890367,,False
10,E94,22.884888510943163,228.38657006839466,0.2544839212710549,0.7480000288647048,,False
10,E95,16.528206327391924,175.23156299550976,0.2795981722652103,0.714312732007661,,False
10,E96,14.01379898600787,197.02827167076282,0.2357711153682542,0.7139528797113559,,False
10,E97,13.269858141743514,364.1273708897117,0.13670725931177194,0.7817928964311889,,False
10,E98,11.987426984818088,310.601659300924,0.22413727880024797,0.8463401733461724,,False
10,E99,47.14177761468499,526.7477846026295,0.1781959656130933,0.512185106263538,,False
10,E100,20.982017300827703,211.01606784716734,0.2953736910782572,0.5875470673618646,,False
10,E101,14.528681259142344,195.02356487013205,0.23294936044161813,0.569806417911102,,False
10,E102,11.964452451252356,248.1464700957093,0.15582261998985297,0.4199349735891187,,False
10,E103,9237.093744465687,89916.967408987,0.05056668995674172,-0.08477488067986919,variance;peak_to_peak;neighbor_correlation,True
10,E104,32.59056558339424,461.7281967672548,0.03815550446960158,0.7251276611007638,,False
10,E105,9.227204613252779,167.74601837658588,0.0891986542726409,0.7844047336677139,,False
10,E106,4.758960234304268,55.439997210745304,0.04248466113298076,0.22739125178464903,,False
10,E107,60.35945293244816,791.4435669235477,0.08796411002025269,0.47364437688273986,,False
10,E108,206.7565813459009,3205.3223729543142,-0.017458192776673598,0.3081559524174847,variance;peak_to_peak,True
10,E109,65.30980707659063,933.5070324420627,0.019745631342578538,0.7954978166452762,,False
10,E110,34.97696946670409,498.2905298983758,0.034268599657900876,0.7625657952229544,,False
10,E111,9.711151367566789,195.66965458483975,0.07833982404394985,0.6719159627392776,,False
10,E112,7.390140747989628,101.33408978484502,0.07386059817717539,0.7027453415127233,,False
10,E113,28.684691373921915,315.3248737890276,0.1959079197940831,0.6327793321636815,,False
10,E114,26.21012941100937,442.2299927527712,0.14356721484862514,0.606465047824595,,False
10,E115,134.7799530002982,1978.3533311274382,-0.011644659954678742,0.74621053800268,variance,True
10,E116,93.71424380289908,1346.485714976346,0.03244711674649127,0.8080832004112893,,False
10,E117,11.389342186274803,289.74061657810216,0.04988108335222771,0.39193637474655657,,False
10,E118,10.795227684350076,136.31746553720026,0.08965295440997086,0.8059811828870553,,False
10,E119,25.071269475115493,382.28760680688396,0.1852453849461111,0.6960902343759123,,False
10,E120,18.397008156750523,324.12733444278194,0.17100504178959117,0.717461905832758,,False
10,E121,16.58762728987279,344.6497918761231,0.22219000714115594,0.6858524628040645,,False
10,E122,55.978189046215554,850.6850499393108,0.04321494621096709,0.47450764145402713,,False
10,E123,25.669516015998934,306.9929682794807,0.017580810285588735,0.2204763772004612,,False
10,E124,12.778055646555543,178.43001443777555,0.08065774297794175,0.6261054339007781,,False
10,E125,18.037917132132698,245.6901953067562,0.15333979310723891,0.5373491226883182,,False
10,E126,35.08393700750614,596.1619358519148,0.1712568854186569,0.2481849139612572,,False
10,E127,28.699226025627837,414.8380358658053,0.1444500202632464,0.42684065355691303,,False
10,E128,22.637240333392914,296.28594494809863,0.12004747004057847,0.4008690389623819,,False
11,E1,22.474557150218274,340.16814055386476,0.14710524639658154,0.4658918491797167,,False
11,E2,27.169013797148978,357.7299381451411,-0.020624814116726856,0.30952703666236037,,False
11,E3,16.52552362126445,211.2550484916501,-0.06801545678966797,0.5525212268551811,,False
11,E4,22.16598640682028,242.00231141555236,0.03407004940341472,0.5103146588489147,,False
11,E5,11.677394207823795,136.09984483653733,-0.057420235370305495,0.7716268252716574,,False
11,E6,10.668254767351344,158.67188973282987,0.08806171530130472,0.6818009002981522,,False
11,E7,6.016038984235905,57.74887057766024,0.17255191393072686,0.597270154413369,,False
11,E8,68.18876379920647,955.1996052844947,-0.13035364658365378,0.7788398341154652,,False
11,E9,25.21584833652915,329.2847616284506,-0.10587074631081317,0.9532099149117439,,False
11,E10,15.81253926203052,202.60623704450484,-0.0717676740763239,0.9489813053999379,,False
11,E11,14.146886726557756,179.494510328599,-0.053917351590247055,0.8994833369907418,,False
11,E12,17.15170266639961,182.48771869171875,0.18824063510040176,0.5886592813647222,,False
11,E13,7.305879982753133,81.72228291271074,0.09903314933936573,0.6759800189752718,,False
11,E14,35.75111849785973,476.5178540608515,-0.10529644789512692,0.9260410264508097,,False
11,E15,24.65597176849976,328.56313923963853,-0.08616618243453188,0.9337696632753869,,False
11,E16,19.892926101971153,268.06664217954506,-0.0686965559995691,0.959082085618981,,False
11,E17,30.04462115284848,433.26023709728054,-0.07325402482520467,0.942424763060136,,False
11,E18,18.152117383509736,239.70112454691537,-0.06668445532577191,0.9182155865568518,,False
11,E19,11.910086149567949,147.76394121851706,-0.05542086311189144,0.7217382333915432,,False
11,E20,9.341099858251559,96.4467543615699,0.120482800738476,0.6643242101206586,,False
11,E21,50.21857312420709,714.793463071014,-0.10366823316659315,0.7341405455371933,,False
11,E22,26.41342834779364,357.5030836285779,-0.08914706556515112,0.9039980334606904,,False
11,E23,14.367002734269622,186.0303078630319,-0.00571330585488894,0.8264237535290924,,False
11,E24,10.771925210556521,133.74239343798354,0.03145922198757182,0.7836215528148078,,False
11,E25,71.40879159245421,1067.5970242682315,-0.11273323545333924,0.7240087385615164,,False
11,E26,23.19753263962364,321.4608375804613,0.003937655024979349,0.5871471292936286,,False
11,E27,13.536326079930081,150.09175266600346,0.09737502679181347,0.6933606561007308,,False
11,E28,13.953957050050589,158.4286519606107,0.09802643702244072,0.5264620472801584,,False
11,E29,8.20484309085013,86.41304785475211,0.15725632417408478,0.5193197171391406,,False
11,E30,7.042644172863693,71.08262162014955,0.15982722336936092,0.6229081472126932,,False
11,E31,5.662498130382005,50.67642657292585,0.19816675196284883,0.5134045658465811,,False
11,E32,20.638862979404728,207.04961981975748,0.21243139316132245,0.4709547392195007,,False
11,E33,14.930057136566946,183.36600730792088,0.23860697983726142,0.6386393534293671,,False
11,E34,16.085989609915853,222.03459468045003,0.19039656354594198,0.5347303399350374,,False
11,E35,26.28434060948109,258.7343676355236,0.10650644656266603,0.06206550940003551,,False
11,E36,20.242647943213775,212.51981867051336,0.1266572608359339,0.299048721806393,,False
11,E37,8.652885767724102,86.92290149701272,0.17255191393072689,0.6256709121416067,,False
11,E38,16.76757328681103,206.7047488312437,0.31142169391834856,0.7074458073116062,,False
11,E39,17.640153580793967,320.0601442896452,0.28659280758243333,0.700799221784955,,False
11,E40,16.477167224892973,254.4422906326281,0.17033352198704005,0.5730015502271053,,False
11,E41,13.540101413986136,160.7549499810953,0.2221835684624095,0.3500953909893345,,False
11,E42,11.650165763469957,114.39239071896361,0.3098772673179404,0.6288396204866882,,False
11,E43,31.78144057519441,397.6065723062443,0.20680171679032178,0.5017152480165356,,False
11,E44,17.473473111970375,242.70706327880225,0.32633502586056357,0.676337577419893,,False
11,E45,17.00466376339808,318.92219146808384,0.2785278739053046,0.6821217314109601,,False
11,E46,16.424749393745547,248.9509621225725,0.2069823707593812,0.5119121828854991,,False
11,E47,11.353915604388522,104.75714103601098,0.21982772998125424,0.5164951272225582,,False
11,E48,84.77051223294269,914.318892967272,0.18732761900068082,0.37279779834295573,variance,True
11,E49,30.95547863322707,368.27535146391114,0.29054021171115274,0.6134432145919031,,False
11,E50,181.5834827449815,1604.4683070330884,0.04718706614738892,0.07614185632752163,variance,True
11,E51,11.443857901291384,107.55999947921543,0.3917985215280472,0.6516404995432702,,False
11,E52,11.57011349132649,122.56303518230243,0.27344688737557354,0.7319300490145826,,False
11,E53,10.409834196716046,109.58198199814649,0.22172902397786876,0.7634972862548861,,False
11,E54,7.602933516690284,83.14454660082018,0.2511872768919735,0.6822238562895959,,False
11,E55,5.564516934613831,56.194757582026284,0.31776534060252576,0.6051112449224801,,False
11,E56,105.54474429113849,994.8020920267612,0.139195509544327,0.32008653878417953,variance,True
11,E57,15.583713182993819,189.83442186894627,0.369008656673304,0.4512770865650959,,False
11,E58,13.677367577332273,130.94085638406744,0.34915063096391896,0.6384541045234629,,False
11,E59,13.488496303794571,136.03966886352387,0.23252115243537694,0.6920913604405604,,False
11,E60,10.222897991883727,119.39737397703087,0.2675701949708467,0.8107041392971217,,False
11,E61,8.484314282332857,95.822021779333,0.3247408073121767,0.8036618268072279,,False
11,E62,10.442168182444002,141.2903925001728,0.33929743302289633,0.8871551370585434,,False
11,E63,84.34951641925693,965.9974618599193,0.22935314626791736,0.5356646551013979,variance,True
11,E64,32.247627477538295,410.7445196234355,0.3445426196957212,0.5107706676718982,,False
11,E65,14.25826128967724,144.15576654828646,0.3157935394697093,0.6919960875792321,,False
11,E66,12.795387500880476,134.2375309295711,0.3896243542086103,0.8275338260587233,,False
11,E67,11.45148516940513,143.1279858221813,0.3328884333716594,0.8832512419917458,,False
11,E68,73.94951497822458,726.5375362886987,0.17293252220140193,0.666055793149734,,False
11,E69,19.033669508991444,199.09077707147623,0.23728261789234142,0.398543905490092,,False
11,E70,16.776457331248743,189.20475325203438,0.19810068124522606,0.5503738028818385,,False
11,E71,12.330700852023028,172.781781458529,0.28864675864781664,0.8786212710517127,,False
11,E72,11.388356535578692,163.91631004691516,0.28463419612416124,0.9186434176785538,,False
11,E73,24.668334017352194,218.59977262247853,0.32679425166168935,0.5536949622054183,,False
11,E74,14.712507453728033,160.61604154782435,0.3560136423331319,0.7275624063769801,,False
11,E75,13.614051706081293,165.65657838506758,0.2762090725275702,0.8358358427475299,,False
11,E76,12.566232966837598,160.98473021841065,0.25569423515026335,0.9358139621500443,,False
11,E77,11.39149473256491,147.78228019583014,0.27213390020613015,0.9227708403819426,,False
11,E78,8.956644132626144,101.59643706800121,0.32638597844172196,0.8334432498460825,,False
11,E79,7.201003877245473,94.88579194417423,0.33328624951796526,0.8254466689135802,,False
11,E80,5.804023505207163,83.12475929488664,0.2992678098271446,0.8048817894846938,,False
11,E81,20.28262406015436,231.78228554096142,0.3546596450553122,0.6673319787383534,,False
11,E82,14.486759669866176,165.33649175457936,0.2726631327763423,0.7870684527245039,,False
11,E83,13.696785733497022,156.22820178271573,0.2588620914726068,0.9257844076623736,,False
11,E84,12.802440674618861,148.14670893978445,0.2533911457296874,0.9384949194647799,,False
11,E85,10.235368297421708,139.6936192702796,0.2995351686206395,0.891881709030856,,False
11,E86,9.040859167573572,224.73259749392926,0.30454623440692846,0.873816945477058,,False
11,E87,6.213770867191488,116.17275129006316,0.28598544397378023,0.7495022302313257,,False
11,E88,18.09669824260208,194.27141556024384,0.3581007441125328,0.6891742035911117,,False
11,E89,14.119891103490742,144.9237016787459,0.3612610797189466,0.8590500476286388,,False
11,E90,12.990997236153433,140.4289858467631,0.2823317045402057,0.9332892243380961,,False
11,E91,12.003236395792674,169.6128373460375,0.24669386142114794,0.8596532687634444,,False
11,E92,11.406326669442043,314.5682908564421,0.26786211018463935,0.8707560776037848,,False
11,E93,10.794286282900108,349.0117099611899,0.2757941605991038,0.8199066961978034,,False
11,E94,21.99265280963258,217.17354880007701,0.2850340329363534,0.7061806327183682,,False
11,E95,16.33469349697601,169.1156426040397,0.3367303569275973,0.8072552278863958,,False
11,E96,14.255596360567008,253.58534444053203,0.24919798173510332,0.7130933024329832,,False
11,E97,13.268769133029725,465.5772982636055,0.18188702368976234,0.7759074891846307,,False
11,E98,11.59327399218658,392.00723472694267,0.2688114693264669,0.868527550806862,,False
11,E99,45.02495350724367,446.75155460660295,0.2617230595099883,0.6034377418145525,,False
11,E100,17.54614234314971,239.8836493673134,0.3730727720699151,0.6600554194099462,,False
11,E101,14.511157754765039,228.72693495368594,0.29836633646063493,0.6303193126669576,,False
11,E102,11.826354180781523,359.8513298136347,0.23164419788422708,0.47008822939864714,,False
11,E103,6708.341024838627,44977.80451902487,0.0193274181157268,0.02227419363240043,variance;peak_to_peak,True
11,E104,9.887117965809635,218.56627769311007,0.19527957149522443,0.4667574909509052,,False
11,E105,7.614939054367051,144.65191176481096,0.20426191405573876,0.7047422359920557,,False
11,E106,6.3410069562793066,52.227534543807465,0.09411500132596956,0.4381967451605704,,False
11,E107,36.01730125639076,361.1574448023175,0.30006547854344434,0.6893481023868149,,False
11,E108,25.466648598765158,658.3447169219894,0.11651493100190931,0.4822050593720145,,False
11,E109,15.384063465242146,389.5876640841275,0.14933034479223753,0.39162308675388174,,False
11,E110,10.846802368149362,250.06383029692054,0.168833059293884,0.41298877871152073,,False
11,E111,9.777279693942488,219.80972516882252,0.15959126089231104,0.7998835015947618,,False
11,E112,12.697886687220732,142.22869666019798,0.05681415372825651,0.7625894622371765,,False
11,E113,27.361987424546207,436.0514889746087,0.31689219547877057,0.6790538800301493,,False
11,E114,16.454764436013534,470.54652672443945,0.2956064222019094,0.6847650555784671,,False
11,E115,26.045583451814,768.9908316995184,0.09563261041882419,0.47469133311205797,,False
11,E116,33.72726903677337,425.16429297537627,0.06769512708567045,-0.012463657266348925,,False
11,E117,12.384445119578183,360.86800374313725,0.1279936899015302,0.4237371602653848,,False
11,E118,14.668444686940152,152.34846165910471,0.09741075158855553,0.8283532165244158,,False
11,E119,42.48408569548819,458.45178045582657,0.23327860478273982,0.572920702551084,,False
11,E120,16.780681067309203,428.78394381001283,0.3155280390115032,0.6922021292567231,,False
11,E121,20.92600151100353,310.8837567801311,0.243187360545054,0.6054238108844825,,False
11,E122,16.133957266522486,385.0725609962019,0.14773205134288545,0.42884005056012897,,False
11,E123,36.780528081025544,396.2805871892959,-0.04970473190472324,-0.018542418159992025,,False
11,E124,16.693692324727746,194.90208485047438,0.0678269372053307,0.3583674053275092,,False
11,E125,19.492813893941587,244.31007823947994,0.29710038581671133,0.6623591650331732,,False
11,E126,35.92885056294779,603.9601798352331,0.21275164403674948,0.3184583619884161,,False
11,E127,367.5152268978178,5425.598764889513,-0.043104877268960985,0.15956558811057414,variance;peak_to_peak,True
11,E128,37.531462293313204,570.2180587839912,0.03105517036061896,0.2110367906171182,,False
