trial,channel,std_uv,peak_to_peak_uv,global_correlation,neighbor_correlation,flags,flagged
1,E1,24.560053956572478,261.34037741712643,0.22326715900018534,0.5128505054381647,neighbor_correlation,True
1,E2,35.57752412138101,406.41256881217856,-0.0468638264448742,0.8519804848970447,variance,True
1,E3,26.572016178300043,261.23617946324066,-0.035459289189198204,0.9540083030677713,,False
1,E4,23.238633419146534,228.02287537753867,-0.0056627230183720085,0.9577485752131683,,False
1,E5,13.957569815177774,141.64491855639278,0.08535205954127884,0.9222747058251248,,False
1,E6,10.087567390422443,108.9800925505238,0.17842382513436628,0.8424170482045052,,False
1,E7,5.949443656271862,64.94683245052433,0.3976428802840823,0.778450501607318,,False
1,E8,91.95043654561826,902.2151600568982,-0.1957281739796161,0.9552864056616484,variance;peak_to_peak;global_correlation,True
1,E9,57.00562666039665,705.4814247472057,-0.15455884352141025,0.9718141298042956,variance;peak_to_peak;global_correlation,True
1,E10,37.01752069120116,317.074262715841,-0.1399056148636174,0.9793692141162731,variance;global_correlation,True
1,E11,25.63250432342506,223.121796902742,-0.10284543589418282,0.9685056879923153,global_correlation,True
1,E12,11.866398058945924,119.74679106443791,0.11624013045051836,0.9406627603382521,,False
1,E13,8.633169210100638,90.64376164369679,0.2793014468493154,0.9284578479026633,,False
1,E14,80.34392282025782,1037.2709579637453,-0.1739883126092228,0.9639887335658769,variance;peak_to_peak;global_correlation,True
1,E15,51.45321552329719,395.48320795382807,-0.18363938689146228,0.9850759439758484,variance;global_correlation,True
1,E16,36.92663897022552,301.5029941524373,-0.15916655614984404,0.9912380321220108,variance;global_correlation,True
1,E17,65.07810100928599,562.2482541986535,-0.17521404407093116,0.9779484988041136,variance;peak_to_peak;global_correlation,True
1,E18,28.87510467144176,238.30546435634818,-0.10080110068089022,0.9903683709151028,global_correlation,True
1,E19,13.159393618240246,134.36925002283516,0.12497885389802812,0.9598922777470796,,False
1,E20,10.714178161694452,113.97192963121776,0.21544940191279707,0.9745870039943878,,False
1,E21,82.83171246433166,1036.951817227569,-0.18981690673526475,0.9714979487487398,variance;peak_to_peak;global_correlation,True
1,E22,45.704072191017126,374.79204171896936,-0.16973725365892042,0.988446934631092,variance;global_correlation,True
1,E23,24.33821030128799,207.97245846921265,-0.04302639624229849,0.9575643221899941,,False
1,E24,12.603336119016177,129.91803846565665,0.15819332861200602,0.9679686052688595,,False
1,E25,81.79169966397181,630.1805711915167,-0.2241617111218126,0.9572613115231798,variance;peak_to_peak;global_correlation,True
1,E26,28.394435822294998,243.72822894003082,-0.062288563721273456,0.8982359488247919,,False
1,E27,11.712543968394833,136.47865989948474,0.24404048291325964,0.9091392045619406,,False
1,E28,10.233817012839014,117.17772529583159,0.32309929929590014,0.9584967222991844,,False
1,E29,8.332327234865984,91.2683525304474,0.38328049465446745,0.9360168916218932,,False
1,E30,6.125967844010155,74.11865452483038,0.4949311581996602,0.8888339368530197,,False
1,E31,5.246391361659343,55.5667075330394,0.6337635809753049,0.6855006252896885,neighbor_correlation,True
1,E32,17.587977881767337,216.23241146714295,0.28196272717629384,0.7279308922109158,neighbor_correlation,True
1,E33,11.905591479114632,146.09863835835358,0.39674398677952794,0.8859784003997947,,False
1,E34,10.361987065984112,125.41940185693667,0.42667776622237336,0.9418519173987254,,False
1,E35,8.459903511603166,100.51241588146,0.5004205346610204,0.9004692242223856,,False
1,E36,6.925320178698979,89.43473803760565,0.5808472409562238,0.8801600987905526,,False
1,E37,5.6509547530343465,59.98088025415963,0.6303736954531036,0.9224481366235335,,False
1,E38,14.350025772496624,195.64229368680546,0.47257065352830163,0.8847305183482255,,False
1,E39,11.344926342721251,141.94922881559054,0.4866301332193518,0.8090410226960831,,False
1,E40,7.811413871644866,87.56299154233528,0.5581970918686332,0.8916737315084294,,False
1,E41,7.679166938828306,117.6236705614644,0.5977563660948026,0.8932736920712949,,False
1,E42,6.789375872280164,78.37826911557191,0.6208625963874316,0.9338575087201437,,False
1,E43,15.38100385104794,209.12004575083438,0.5692143306883515,0.8748669106094786,,False
1,E44,14.23137434329757,188.9693889729864,0.5666725945168273,0.867857027558701,,False
1,E45,7.960651032571715,88.82863794436571,0.580223570340663,0.9271428499601675,,False
1,E46,7.648987665461863,99.44174644183471,0.6026370788591173,0.9253380989457967,,False
1,E47,6.83656241903998,75.76775134525874,0.6149782019196368,0.902233860897049,,False
1,E48,19.33408695599364,355.2206253765897,0.4440141351075179,0.6946934983631461,neighbor_correlation,True
1,E49,15.955531263613533,182.11285474427422,0.5908168459737155,0.7444307433310873,,False
1,E50,9.167980708020924,96.21857559234489,0.573605331486137,0.9072988708870591,,False
1,E51,8.169228190060906,90.84957212856946,0.6193435683757503,0.9380197057052377,,False
1,E52,7.6240804395161685,83.11578693204308,0.6107025675862036,0.9350921803521479,,False
1,E53,6.951544607263265,70.42050173424806,0.628450733418224,0.9383687512402754,,False
1,E54,7.298804943971406,71.85952749525043,0.5956148127356057,0.9118381942821265,,False
1,E55,7.22865072527452,69.30557563129545,0.3075875945065479,0.5834486721830476,neighbor_correlation,True
1,E56,10.565471173053387,111.19082283964329,0.4777488407656904,0.7789547877879068,,False
1,E57,9.812314900575908,103.8595860123224,0.5261079646801012,0.9078118626819868,,False
1,E58,8.452108839140555,91.09342485039143,0.618379407258365,0.9340561110929009,,False
1,E59,8.541370318654499,84.87042603595225,0.5896092542607118,0.9377399975618779,,False
1,E60,8.019533293434181,82.86560103727693,0.5982684922491363,0.9599375082810646,,False
1,E61,7.405354443589818,72.70208305553308,0.5895073517334846,0.9527499176557795,,False
1,E62,8.160711410990697,78.9655289224307,0.4163840030770041,0.9028152970848965,,False
1,E63,11.570291318864546,128.35415664940697,0.5665000412167357,0.8845704539860257,,False
1,E64,9.65636086629329,101.63113676268293,0.5986535635993003,0.9253598084705013,,False
1,E65,9.670453085181375,93.9633657910694,0.6304479135047857,0.9525571946532836,,False
1,E66,8.829347067354231,85.52121260130856,0.6352298020320999,0.9673942722480773,,False
1,E67,8.464805236957416,80.89226776632675,0.5623745883151955,0.9502376992314744,,False
1,E68,12.991056742302979,157.6895272669097,0.6275132229713521,0.8960575316663211,,False
1,E69,12.572904096363231,145.41802879583008,0.6228592173598329,0.9301675490891215,,False
1,E70,9.48649518878786,92.41092990787223,0.6271270145311092,0.9726641539370859,,False
1,E71,9.260826354058592,87.0336314136679,0.5741042157948839,0.9583877946063342,,False
1,E72,8.197381862649328,77.03739305580115,0.5380149821430569,0.913838745304971,,False
1,E73,9.69140595225489,96.29076684414437,0.6494760952442923,0.9226679229935306,,False
1,E74,9.406555531609602,93.92367037544864,0.6383225057017321,0.9467660612444408,,False
1,E75,9.123016705364341,86.4457439204644,0.5906517525618467,0.9635036840214073,,False
1,E76,8.258721225354114,86.66715978750761,0.5138182681857669,0.8679021936028714,,False
1,E77,8.282022162617302,88.0913991401933,0.4895878225198728,0.9073935646313918,,False
1,E78,8.30215654966113,87.3410757090216,0.4358361658490352,0.8773907537680781,,False
1,E79,7.8343059440017315,83.89485782310581,0.4482154992635127,0.8175440916079486,,False
1,E80,5.603875379289107,63.0966751837173,0.5612328568341443,0.7342771719718104,,False
1,E81,8.643994521397245,88.59419392256369,0.6126025933422878,0.9309364190670988,,False
1,E82,8.433758662889204,87.7432856701331,0.6049770379218962,0.9300030304141751,,False
1,E83,10.675461806319165,104.8350160782033,0.5739528845530296,0.9337484320537937,,False
1,E84,7.989230186710496,85.5976163272575,0.6146942193016453,0.9667740441160704,,False
1,E85,7.222945166454358,80.67545669777306,0.6311154927206918,0.9554186171317369,,False
1,E86,6.74983742754471,75.67244208046006,0.6139323033624084,0.9359716685416104,,False
1,E87,6.244326404579228,73.0261232993781,0.5743416642849813,0.8878167130654959,,False
1,E88,8.937198706523306,87.23543142838817,0.6369833476240336,0.9255497947103439,,False
1,E89,10.800129605670318,121.53530231868892,0.6558294364683197,0.9358742009990083,,False
1,E90,7.996672107615035,85.63623963436376,0.6499551777920365,0.9695558025148168,,False
1,E91,7.926082722689664,84.23719064721519,0.6447095222680463,0.9730190901760069,,False
1,E92,7.701452968309578,86.37876026721396,0.594798705738798,0.9507217440990675,,False
1,E93,7.10123391164345,75.37383434759204,0.6611799900559956,0.9426966960289317,,False
1,E94,10.189345739156304,106.29189647146057,0.6683061913816948,0.9178000225453828,,False
1,E95,7.854955885463418,82.42682357591099,0.6685952652314254,0.9287029542834331,,False
1,E96,7.729193430112243,82.27120558304094,0.6697227446304469,0.974289416773789,,False
1,E97,7.540948777928073,80.27412587098536,0.6471872613251357,0.9738466955425011,,False
1,E98,7.3166300066062195,76.5490169522007,0.6656065540339633,0.9483370314491912,,False
1,E99,9.160785947258178,85.59304689336199,0.6623195835614412,0.916768150664452,,False
1,E100,9.719832260381414,96.5107850023916,0.6301014061692028,0.932946302232937,,False
1,E101,8.545687462484736,79.78665087924888,0.6409167814729491,0.9447322847912002,,False
1,E102,7.289236128225044,76.10424095695731,0.5896092542607118,0.934982519056824,,False
1,E103,7.057067032170207,77.36635771691721,0.5719044325240863,0.9333052945430467,,False
1,E104,7.191277283346578,129.13654710371924,0.45991566387388183,0.8497308018195293,,False
1,E105,6.6539558516741915,76.25655064785398,0.5205181662857004,0.8523156125105185,,False
1,E106,6.191841405974355,71.36161213459079,0.3989953272771729,0.7403659437092036,,False
1,E107,26.110568200324558,575.4925874316449,0.3846508251923644,0.38828610279016057,peak_to_peak;neighbor_correlation,True
1,E108,9.51113716823789,101.957465443626,0.5105399507394259,0.9225801485560954,,False
1,E109,8.347770891846581,94.89962187933983,0.4837028298954696,0.8739981166307551,,False
1,E110,7.701907082859045,90.62333019431946,0.4591628682133603,0.8624017713124955,,False
1,E111,9.037682236365663,108.43108247262266,0.2962642159043145,0.7480871497072088,,False
1,E112,8.225479591383007,102.37418190102267,0.38665708769900115,0.7961996797427127,,False
1,E113,18.72194536402854,297.329396653789,0.48624189267282725,0.7033006619312846,neighbor_correlation,True
1,E114,15.427231129223918,247.02184863439152,0.5059366384639635,0.8915831551086166,,False
1,E115,11.245799871671473,158.7074191779455,0.5162340948275893,0.8392829290225641,,False
1,E116,9.80857213074938,143.7396029082279,0.5327226643705074,0.8075386887633307,,False
1,E117,8.968134606614349,127.21311631966151,0.49249290110122285,0.8000214926744452,,False
1,E118,11.062128293235185,114.6747342815155,0.308096488136828,0.8513279721571568,,False
1,E119,49.900846665000664,915.0699026459661,0.06543917956990601,0.2951690420810387,variance;peak_to_peak;neighbor_correlation,True
1,E120,17.62648549677273,246.25663066322574,0.5483761143398964,0.8434593543392501,,False
1,E121,17.105563864344727,252.33665205391804,0.46574227517037237,0.8636193887889136,,False
1,E122,16.942302085012603,244.18420360925933,0.3667794998111659,0.45972670074571914,neighbor_correlation,True
1,E123,12.604265977934105,136.0801456600019,0.3693856739807088,0.7990894667092057,,False
1,E124,13.141986025849873,126.90582572501623,0.2880992457714788,0.887610701641723,,False
1,E125,22.30671385173049,305.84575464317766,0.4835926349641102,0.8641078067013936,,False
1,E126,25.409620847771848,381.0686209809899,0.5557250418890513,0.5757205177680689,neighbor_correlation,True
1,E127,42.88826265969919,632.5214090064437,0.2709041700886992,0.38992981682322114,variance;peak_to_peak;neighbor_correlation,True
1,E128,17.18631491900142,240.485606376846,0.47001371970206407,0.8721758225701224,,False
2,E1,19.08983124938101,170.83000720537706,0.4193277826737887,0.6723887094431131,variance;neighbor_correlation,True
2,E2,20.04760682208014,217.8984544281629,0.27836985225012373,0.8153659309683148,variance;peak_to_peak;global_correlation,True
2,E3,15.963295596133616,166.6431732063267,0.36022045769871486,0.9487578066616447,global_correlation,True
2,E4,14.401327339898872,146.65192053022247,0.41765790794270663,0.9397525476835523,,False
2,E5,10.855400295086648,109.14446470506395,0.5747860276680157,0.9226500472870659,,False
2,E6,9.785581001404644,108.37813047048753,0.6280358024571719,0.9021434031701351,,False
2,E7,8.465626439792484,101.7616961387333,0.7168122625023206,0.8948458388987259,,False
2,E8,48.802084169508085,584.9957124697717,0.021586454742930788,0.9036966000741856,variance;peak_to_peak;global_correlation,True
2,E9,28.561447644920495,331.0531182266569,0.13051689322099105,0.9776868198537636,variance;peak_to_peak;global_correlation,True
2,E10,21.08144491867214,240.14064162304834,0.23426443271144828,0.9721344325882302,variance;peak_to_peak;global_correlation,True
2,E11,15.859775388338154,168.81679246694773,0.3562867806660813,0.9589727654822396,global_correlation,True
2,E12,10.455876450576417,110.4762954885997,0.5971864446565456,0.9577445247370513,,False
2,E13,9.386357321795831,107.05975016676261,0.6682438081412349,0.9539415771731574,,False
2,E14,40.94812626497373,499.24098075437996,0.05995594600922193,0.9658158538553124,variance;peak_to_peak;global_correlation,True
2,E15,29.428369639186645,354.34768659385765,0.1422761708565025,0.9781890685185153,variance;peak_to_peak;global_correlation,True
2,E16,21.42120691121465,244.75425473809605,0.2275969609895734,0.9785511108802473,variance;peak_to_peak;global_correlation,True
2,E17,44.90405532268746,481.3318150384504,0.09913616512946383,0.8214809097541277,variance;peak_to_peak;global_correlation,True
2,E18,17.45373995981877,191.59662031870056,0.3176193597428572,0.9739588403655952,peak_to_peak;global_correlation,True
2,E19,11.028034002320823,116.19109542847255,0.6028877453552912,0.946440646036026,,False
2,E20,10.133144005165438,115.47588373955023,0.6556641233585088,0.9821891136775679,,False
2,E21,46.62597941671754,546.662409956987,0.034128031205565915,0.94039953076149,variance;peak_to_peak;global_correlation,True
2,E22,26.007918825310462,314.35249199834027,0.16443562933267608,0.9689654332670896,variance;peak_to_peak;global_correlation,True
2,E23,15.107710686591723,166.69026610858947,0.38556548090747095,0.9213319178834195,,False
2,E24,10.844716659131196,115.3208542051193,0.6180702124228974,0.981125090552931,,False
2,E25,49.53510028742027,598.70484904563,0.04410400308293507,0.8746319525844346,variance;peak_to_peak;global_correlation,True
2,E26,18.740552885406426,206.499408268857,0.3634657307143442,0.8549684487802891,variance;peak_to_peak;global_correlation,True
2,E27,10.525561948989877,115.57406705336227,0.6520119890981103,0.9353686586566741,,False
2,E28,9.994402494315953,115.71259026055225,0.6851686073980577,0.977600830209564,,False
2,E29,9.451763790005387,112.6335450789697,0.7071694321410426,0.9542413829113117,,False
2,E30,8.943189609276343,105.41395431304645,0.7598485949746877,0.9182785903116941,,False
2,E31,7.189859568321739,86.52677757994233,0.7930840915225855,0.8854750888675421,,False
2,E32,16.62178549563273,201.51637289290835,0.5454387105444709,0.7399234818342993,peak_to_peak;neighbor_correlation,True
2,E33,11.475921648631456,130.54651847230463,0.6940947289981565,0.8767190263015261,,False
2,E34,10.291834848431362,117.09424460871065,0.7153674387927581,0.9159454615387704,,False
2,E35,10.289333340417656,117.55148498485116,0.7508795288946658,0.9217912776387762,,False
2,E36,10.334188876237887,112.61064623552866,0.7757552675290197,0.9147574498600246,,False
2,E37,7.632292632666178,90.47814032954656,0.7907724537980964,0.9655282985819127,,False
2,E38,13.366770426073714,138.228318001609,0.7472338999472988,0.9001617490075378,,False
2,E39,11.677219172995695,119.09081748296714,0.6787675355229892,0.7730733583758547,neighbor_correlation,True
2,E40,12.361376679158132,137.3415145361903,0.7003836419206612,0.9039310822294586,,False
2,E41,10.16304015470355,114.79427783045705,0.8123158994892042,0.9343021889780232,,False
2,E42,8.642370589780633,99.46876942882487,0.7722379219836186,0.967461277318379,,False
2,E43,14.259402228132265,146.3440951468666,0.7355624283289571,0.9445844299534005,,False
2,E44,14.110065643686179,146.33552350100487,0.7393114506472622,0.9197162694853104,,False
2,E45,13.433967584066744,149.80723997335642,0.6651039403694297,0.9028952055601642,,False
2,E46,10.53385909745481,114.54541195698476,0.8123335056978745,0.9351098244756377,,False
2,E47,8.757302286813072,98.57227566144027,0.7696576050717033,0.953256324842005,,False
2,E48,14.456438453676634,154.99635901937307,0.7228931976326384,0.9411328570074223,,False
2,E49,13.606078359459156,141.90135735479038,0.7422516938549141,0.9140701543963674,,False
2,E50,11.299742908270327,126.12709381549394,0.7862201622225515,0.9550945148477501,,False
2,E51,9.940177872481334,110.57266854039688,0.792243529476749,0.9662685286846693,,False
2,E52,9.75134856870319,109.41962969463349,0.7697916925215383,0.9689081612864373,,False
2,E53,8.917781727162852,103.26549906383303,0.7610022917690463,0.9688512113084486,,False
2,E54,8.714455272088516,106.56488533406065,0.7705533304981856,0.9582405516170186,,False
2,E55,9.378439663947551,115.18778350248678,0.5168708792414157,0.7391674166749389,neighbor_correlation,True
2,E56,12.275080617787447,136.4416483926351,0.7185232745538619,0.8997699265725829,,False
2,E57,11.866197358727367,135.4663623857732,0.7379024103456608,0.9506825962882752,,False
2,E58,10.076220203513738,112.06941232748316,0.7962225052029598,0.9608159696959316,,False
2,E59,10.225110815919987,115.65633861830766,0.7417766673675866,0.9568602884513563,,False
2,E60,9.671215502060287,110.01048324151124,0.7508795288946658,0.9690811117030189,,False
2,E61,8.82579078386723,108.98373434330858,0.7577399824203791,0.965088641913501,,False
2,E62,9.818694441959629,112.65510916187887,0.6042960369770423,0.9178964107201921,,False
2,E63,12.445388294113862,132.73691966315968,0.7335486550533804,0.942335760684846,,False
2,E64,10.649168792958188,116.72435060762585,0.7684868744647106,0.9575044351170872,,False
2,E65,10.470384434727372,120.9223597967719,0.7798980450597485,0.966000728445163,,False
2,E66,9.944318854262258,114.6818739490415,0.7726469758805032,0.9750799502941405,,False
2,E67,9.821023866980932,115.8362619761362,0.7054966429993393,0.9634327056340615,,False
2,E68,12.124882572674867,133.3927292690111,0.7597298861083531,0.9329617153870131,,False
2,E69,11.634550152459227,129.24652714750897,0.7555547710199536,0.9580512543864049,,False
2,E70,10.337942743948854,119.76187081551114,0.7537411646760913,0.983277465795372,,False
2,E71,10.329989971292441,117.78696029260612,0.722707546035864,0.9726484495880626,,False
2,E72,9.571722517134123,112.94884629229628,0.712053820318012,0.9352486261482056,,False
2,E73,10.419377330635614,117.9937244639284,0.755921221727408,0.9457747056080186,,False
2,E74,10.279176552525634,117.88349912022639,0.7586638071351043,0.9709865202560647,,False
2,E75,10.235673428653932,116.96083593336982,0.7614464633833647,0.9749259223778206,,False
2,E76,9.79230568730563,118.90142672971525,0.6962095493623994,0.9020687382351873,,False
2,E77,9.917949249546798,119.48674923474138,0.6772479398959427,0.927912806323909,,False
2,E78,10.011568926953672,115.51798373079907,0.62172432562653,0.905849212362974,,False
2,E79,9.625144839221008,113.32050916952565,0.6452836062216034,0.8762234252349541,,False
2,E80,8.155649448406285,101.02140232349694,0.7568752953960662,0.8815541413519123,,False
2,E81,10.021741028015065,115.02013965023849,0.7866106735989918,0.960586343510745,,False
2,E82,9.915583666513125,115.80830106742215,0.7794115479423335,0.9549351216016524,,False
2,E83,11.38063927136966,131.89320853067434,0.749118971618476,0.9521590016715111,,False
2,E84,9.661793664560406,112.80899062841266,0.7978591245065983,0.9749066701416742,,False
2,E85,9.20106374165734,109.26227868592092,0.8003162626217938,0.9744681060694886,,False
2,E86,8.914329302329612,105.91817339858282,0.7924219211853964,0.9648802800103424,,False
2,E87,8.605969124664774,103.62006165958287,0.7827153580882106,0.9512703900650932,,False
2,E88,10.196450458148208,120.05274698947892,0.799140181360686,0.9487773143610085,,False
2,E89,11.652978106857388,134.14997944499964,0.8073781496678945,0.9498641287468983,,False
2,E90,9.90182341776231,115.13791256872534,0.8094750193809644,0.9788636832743002,,False
2,E91,9.883036421408832,115.17883402982439,0.8057066982416443,0.9853007633023894,,False
2,E92,9.620507755374735,110.74075377077307,0.7806436498103416,0.9711581044479873,,False
2,E93,9.636752745580093,111.4400705746366,0.805322009683286,0.9688528264479953,,False
2,E94,12.224334409590599,133.4683234412376,0.8125583808816765,0.932083181970616,,False
2,E95,10.506217761718744,119.17418287786874,0.8098169593525136,0.9734270655106614,,False
2,E96,10.258831641461649,116.14650395296141,0.8116789718123635,0.9819795284956623,,False
2,E97,9.889754748516769,112.26740896690245,0.806624810959699,0.9845920970517914,,False
2,E98,9.879769172134335,112.6972802266964,0.8078206132801065,0.9780751317029746,,False
2,E99,11.955353739798133,133.3129817286046,0.8001799234559493,0.9411962719713322,,False
2,E100,12.238413809757427,132.8195216263682,0.7940498150934848,0.9673228149269365,,False
2,E101,12.147493386025529,142.01413674087084,0.7751248279664257,0.9540047348949582,,False
2,E102,9.910415249978442,110.72049466687534,0.80446545063581,0.9567492553748705,,False
2,E103,9.643612209172488,107.82083203257977,0.7996366828009618,0.975247161439591,,False
2,E104,9.22027858380754,108.09405179337867,0.7809374565431879,0.952071532619227,,False
2,E105,8.922710200494656,103.23058571419023,0.7862201622225515,0.924239737471662,,False
2,E106,8.355949213807095,99.67712296163663,0.7189639096688127,0.8925740415686166,,False
2,E107,13.160627764618477,154.21716462885138,0.7227075460358641,0.7989869706875973,,False
2,E108,11.49912814767255,122.02758645135663,0.7257589831440499,0.8602666453107188,,False
2,E109,11.485845296863998,120.39558619546892,0.6087624431152405,0.8487249588563563,,False
2,E110,10.386035265035778,112.5211430096858,0.6657536296455265,0.9100714352083799,,False
2,E111,10.604159728377516,117.82414588284051,0.6370320144541425,0.8999682140760008,,False
2,E112,10.127108221722834,117.68607231595452,0.6713490517505201,0.9030033139226731,,False
2,E113,14.859292329384836,157.83951687282823,0.706954404740363,0.8377385353862146,,False
2,E114,14.136036472168675,146.06310943468742,0.6605195069043094,0.8202681859927137,,False
2,E115,13.03464736428202,135.39592979288182,0.5773999667747516,0.7248835599938923,neighbor_correlation,True
2,E116,11.566295877624,126.29195146077579,0.630850628928127,0.8602406032764116,,False
2,E117,10.504820121882222,120.20975181962035,0.6670449070039549,0.9169510934144418,,False
2,E118,10.077762968655374,111.22770439695906,0.6548323107090396,0.90597709037832,,False
2,E119,15.429682679031705,166.54029821052933,0.6653836972720283,0.8600374099967362,,False
2,E120,13.89786719118613,151.70724832326593,0.7022569451087467,0.8984766283696698,,False
2,E121,14.930936303294557,166.94827883257182,0.6413022291395498,0.8356988757724853,,False
2,E122,11.759925785880075,129.13317025983585,0.6492900746872097,0.7311752636237329,neighbor_correlation,True
2,E123,10.563701427693092,114.40037281978053,0.6638002373678692,0.883058554685721,,False
2,E124,10.683864570782253,113.41185362508588,0.645505424344735,0.8910448003250971,,False
2,E125,16.087493206632214,159.57559044811782,0.6143596816014294,0.8454407170305571,,False
2,E126,16.935930171772863,186.21145624427172,0.6331788095959316,0.8494600887499655,,False
2,E127,17.34776528024063,196.79980981132158,0.6590241645579475,0.8915464924858927,peak_to_peak,True
2,E128,14.267912178489635,145.20244077084539,0.7208540396914049,0.9226359295776534,,False
3,E1,31.85567527082813,270.05565356324865,0.10186095363979186,0.6508724332101419,variance;neighbor_correlation,True
3,E2,25.57573015401881,264.4776345216977,0.02011496202417406,0.8651051616898329,,False
3,E3,18.178379395090204,175.14774702304643,0.012006638513672422,0.9480107904876558,,False
3,E4,15.971660987381295,153.4042679103689,0.03671172788969749,0.9225235636627724,,False
3,E5,9.802200789496144,91.11038596053253,0.07734456203624686,0.8313274708673737,,False
3,E6,7.615298484228232,78.81123583047804,0.0878221992850681,0.7717046422186671,,False
3,E7,4.770655520787229,43.15376623143891,0.20994597764765632,0.6872593554590274,neighbor_correlation,True
3,E8,62.29633341455786,631.8549846608416,-0.09886760262293391,0.9515693135534364,variance;peak_to_peak,True
3,E9,35.22437234710986,345.9821618755698,-0.10915231504749834,0.9758284463082194,variance,True
3,E10,25.044377024896736,247.58458929232614,-0.10210776732092428,0.9613843698736847,,False
3,E11,17.849886201027807,186.52789188927704,-0.03263960367665422,0.9194115104634053,,False
3,E12,9.236230628872343,98.39985649581251,0.05454165560565036,0.9321988702477211,,False
3,E13,6.759533885197013,62.05685858279103,0.14419042610385627,0.9096285340883988,,False
3,E14,50.455554466530785,544.5699858160395,-0.11797626158489352,0.9836131612216567,variance;peak_to_peak,True
3,E15,35.660508942783714,372.61546940780323,-0.10597842694575792,0.9857597184186722,variance,True
3,E16,25.31689754111701,266.3724342199222,-0.07669158783091876,0.9754944243808423,,False
3,E17,44.79759841291742,464.2965515333756,-0.11124391308046194,0.985408615763127,variance;peak_to_peak,True
3,E18,20.012348828592753,217.59106489034366,-0.05390983985072429,0.9735513943696721,,False
3,E19,10.055766758052036,107.95435208664833,0.12720005436143303,0.9585787882362556,,False
3,E20,8.553261206033772,87.3026480345832,0.15243748253284245,0.9695252582168054,,False
3,E21,52.86096505526451,537.4211138045471,-0.11749372999062915,0.9795926968043296,variance;peak_to_peak,True
3,E22,30.47432450359155,325.9007964633496,-0.08327997560081844,0.9758816583849682,variance,True
3,E23,17.006598545326074,187.85026884356074,0.02044470526143414,0.9420025339179339,,False
3,E24,9.786241873669507,104.37920276415795,0.1326497673324178,0.9749472428582875,,False
3,E25,63.43004624293972,734.347143502137,-0.10352369640856728,0.9233341257315164,variance;peak_to_peak,True
3,E26,24.847346267817645,292.8092884887526,0.012389065319833732,0.886062146940205,,False
3,E27,9.287681367854914,96.97576308130849,0.16666224446730676,0.9235231063508162,,False
3,E28,8.146179767356989,81.550288687659,0.18879505738818106,0.9652618134311952,,False
3,E29,6.727085330212473,63.15857171942527,0.19174992898189916,0.9240038433437423,,False
3,E30,4.912612744676218,44.034920253835,0.2765316959550248,0.8658166859284079,,False
3,E31,4.018595388122078,35.82115225296679,0.47570475933744977,0.4755725244926686,neighbor_correlation,True
3,E32,22.926855155099076,225.749920774261,0.07353627332058287,0.8493980056316521,,False
3,E33,12.085610580346383,117.13241356941633,0.16364282299637223,0.8945738482207739,,False
3,E34,8.326688033926844,79.5703459516869,0.23008617551924393,0.9505908306898474,,False
3,E35,6.832250102155076,60.53534830248778,0.26938234781612524,0.9346256529948759,,False
3,E36,5.822786827493366,47.76712128212927,0.35926751090017656,0.862895043273999,,False
3,E37,4.439034938917051,39.77954301589645,0.4800140072448656,0.8770199938166956,,False
3,E38,14.83259509036208,123.43010677136613,0.1802349062696766,0.9019908646684888,,False
3,E39,9.201500547401935,78.99093875789426,0.2351944885350441,0.8685228407539972,,False
3,E40,6.567438714496094,51.9167300755649,0.3706531772287256,0.9395268164047341,,False
3,E41,6.715680414644384,50.58478097009291,0.38073072156926213,0.9079595658909798,,False
3,E42,5.433381306971319,47.24874045954063,0.4670046980568414,0.9219345351187758,,False
3,E43,12.679203789084767,106.61932284541774,0.35425677500767006,0.9055063294034295,,False
3,E44,12.292138072529205,99.77642752083784,0.3640113172178748,0.8470865709116843,,False
3,E45,6.777444623980608,62.63802311320242,0.4193634168558331,0.9307419062798867,,False
3,E46,6.791132849665247,51.07253975989673,0.4271400397273667,0.9450617687747951,,False
3,E47,5.478137397325437,46.8406208374182,0.4711251151921758,0.8735999580708965,,False
3,E48,13.093916419548584,118.00113183437935,0.38735172444684485,0.8121377680814167,,False
3,E49,12.485280851053526,107.12011188685679,0.4123829673576082,0.72731620797,,False
3,E50,7.5344987696938865,66.1931713947124,0.4865589611149536,0.9236848283667134,,False
3,E51,6.8191844444989345,66.60721055423805,0.4674436104311832,0.9262777609776416,,False
3,E52,6.5214825035045,54.17092574738124,0.47491379980072884,0.9129511108547499,,False
3,E53,5.480391980131589,48.8145027403469,0.46880010152412854,0.9091258508062091,,False
3,E54,5.524669526772733,46.51052210004432,0.49006127587227816,0.8604243010174797,,False
3,E55,5.737249094714815,51.368239038838155,0.13428672365775832,0.36047549805354273,neighbor_correlation,True
3,E56,8.271597824379077,94.69616663403811,0.431181714153384,0.8989512046730872,,False
3,E57,8.013203060447147,89.19473841391664,0.4390566037967992,0.9260933633859185,,False
3,E58,7.10871982511738,73.40234201644027,0.4619003709945257,0.9209083069625394,,False
3,E59,7.281465739924516,61.83478721867914,0.4473355397944492,0.8857705902353578,,False
3,E60,6.539253930835299,60.569369948703816,0.46445119169871646,0.9301010668097639,,False
3,E61,5.7560412207880525,49.51099319408673,0.4639445633995089,0.926687013271492,,False
3,E62,6.933437756844765,60.95469658060756,0.3028995500944772,0.8514741502497687,,False
3,E63,10.95285415823754,135.6548606955108,0.3792148756839637,0.8967297144191035,,False
3,E64,8.366600783230016,99.99146338557347,0.4213070965808839,0.9197851484256547,,False
3,E65,8.135228734545226,88.53325824543603,0.4934817198065768,0.9203765151564813,,False
3,E66,7.209880050881628,69.93253184456125,0.49749531409622005,0.9353488209736032,,False
3,E67,7.312725718280385,63.43424151796163,0.38176391630737516,0.925205703147834,,False
3,E68,10.01486174556925,90.01922183347111,0.5014693785357591,0.8622292128042083,,False
3,E69,9.416745545179614,84.02994593836596,0.5058079858009996,0.878804545680756,,False
3,E70,8.047464351186,75.32783581879625,0.4679241989815944,0.9617804162022687,,False
3,E71,8.207533357939528,75.6368277278369,0.4058339532100772,0.9443919858512786,,False
3,E72,7.118405927825919,60.469376658817,0.40474916742642186,0.8860059256155037,,False
3,E73,8.018534644646547,80.22866335381228,0.4870737717473341,0.8895791170227053,,False
3,E74,7.820199062332391,74.0581939645538,0.4684955376173933,0.9398185820695417,,False
3,E75,7.760402637749699,68.50389390884717,0.4834559705683131,0.9525067021840978,,False
3,E76,6.416263351275052,56.099548725823425,0.4429335425338179,0.839119296294166,,False
3,E77,6.372083107996317,57.8171302200622,0.42457854812803225,0.8660839053107362,,False
3,E78,6.458764847212488,61.67015995123219,0.3498632382889241,0.8253508174692561,,False
3,E79,5.984742813181604,56.31998037054616,0.36751104938989265,0.7641136328659158,,False
3,E80,3.7587823547017627,34.317059052733384,0.4131195829303724,0.5999765610366288,neighbor_correlation,True
3,E81,6.975898111023989,60.009353745354865,0.5521057821834033,0.915296224088741,,False
3,E82,6.6693156174016135,55.531546526306855,0.55487364085353,0.9423294814969915,,False
3,E83,9.210228249245187,77.2472932942692,0.49831138594818897,0.9233035047875471,,False
3,E84,6.432257453090943,49.45042561643422,0.5438886524638721,0.9535820499604017,,False
3,E85,5.557157499800441,42.610776483188204,0.5412162219537315,0.9385727038922993,,False
3,E86,5.118241909101078,41.17723161811911,0.5370829599379836,0.9023716140770766,,False
3,E87,4.56694472004528,39.34912549565601,0.4608819111398582,0.8267366787663356,,False
3,E88,7.13446949743755,59.79190970464664,0.6071556251678716,0.9341626274248748,,False
3,E89,8.793924951459937,76.4409998361786,0.5883265142693448,0.9277159330117926,,False
3,E90,6.372954082161015,52.51142773281597,0.5831561025532328,0.9532491125176825,,False
3,E91,6.288162373695379,51.59851118347977,0.5946471002454464,0.9668671853920474,,False
3,E92,6.06094811775268,51.707116475518234,0.5485643317596998,0.941466807434495,,False
3,E93,5.732142951800436,53.53586757322856,0.5537513628936436,0.9250398072024444,,False
3,E94,8.79021859563058,109.10169849173039,0.5465220020524,0.8560884447754564,,False
3,E95,6.464406765618293,61.140667861272185,0.5633316524569312,0.9444909588112622,,False
3,E96,6.273483950614323,58.34348402207747,0.5732880665533655,0.9660461516340015,,False
3,E97,6.12310949017728,55.96500184428433,0.5657208438609282,0.9655210952775474,,False
3,E98,5.909733039278766,54.684648492094624,0.5546605434746993,0.9488789720879203,,False
3,E99,7.5753471252210565,73.48693596911968,0.5523116241656454,0.91704106157321,,False
3,E100,8.005031474942484,76.06733453875026,0.5071001823729959,0.94512260167252,,False
3,E101,7.232241747125887,67.60141968433769,0.5198269510150698,0.9675960556010177,,False
3,E102,6.197299970226953,59.11081787486697,0.4599093538676318,0.9700286596207894,,False
3,E103,5.887094733667919,56.74919834238918,0.4325675283944856,0.9493184454639233,,False
3,E104,5.384259923564777,48.718861280583894,0.3294721550384715,0.8618192709232153,,False
3,E105,5.122746656181601,49.527549520921866,0.3789268625043269,0.8247158491448038,,False
3,E106,4.641506387055781,46.779983825778686,0.3245618578232482,0.6128066405995929,neighbor_correlation,True
3,E107,9.722414919927923,94.51966333581393,0.4503476455220297,0.8615112776339291,,False
3,E108,7.990511216777,77.83303106775415,0.4643018751556401,0.9613136271726961,,False
3,E109,7.156956071933803,69.15977037148366,0.4074321628385006,0.9718421382198243,,False
3,E110,6.559237867771721,60.090993187846976,0.3521938491904588,0.9049380940669534,,False
3,E111,6.7763838915911006,53.01736900263934,0.2573465778153827,0.843940030856688,,False
3,E112,6.517486123718811,49.520264082208996,0.30175640347907784,0.8222331450727901,,False
3,E113,12.415266918389468,117.66445566397505,0.4131195829303724,0.7492361661867887,,False
3,E114,15.978938693804858,129.42166639396703,0.24606535767404442,0.6856450670650198,neighbor_correlation,True
3,E115,8.811275872900294,77.07758354171949,0.37630126882368925,0.8730385258495014,,False
3,E116,8.074848324081712,63.79022177886356,0.3368074844835293,0.8974424228401225,,False
3,E117,7.563066678532712,55.175351208203544,0.2924172743317738,0.884517604184146,,False
3,E118,8.2358348800393,74.32720148071166,0.27612813033126626,0.8855576858855861,,False
3,E119,13.868735676721899,142.4208809653996,0.36938576320305716,0.5872558621140276,neighbor_correlation,True
3,E120,13.999630903709042,141.27041357247697,0.3316544571645245,0.7730261229087042,,False
3,E121,17.820164299291513,145.94768197790606,0.20090334583351302,0.8010322789497863,,False
3,E122,9.414402019526023,74.90469075792635,0.2818892953011245,0.8253360826455949,,False
3,E123,9.10538969391777,79.89016821310662,0.2937792802138935,0.8879760810711768,,False
3,E124,9.514716028105003,87.38146358245565,0.2765316959550248,0.8990323179418803,,False
3,E125,83.45719535086556,1173.385363677382,0.056902528880361763,0.4537531618302583,variance;peak_to_peak;neighbor_correlation,True
3,E126,72.44576493277447,1250.501425401113,0.07727971814716107,0.2891244548339826,variance;peak_to_peak;neighbor_correlation,True
3,E127,60.99358818977125,909.2265488294576,0.08529180891643023,0.22571875094443458,variance;peak_to_peak;neighbor_correlation,True
3,E128,17.175669268021124,139.64750123284995,0.17353156430126987,0.907058487613801,,False
4,E1,21.860384449556715,197.35689618425386,0.19769072412797342,0.7516218143068614,variance;peak_to_peak;neighbor_correlation,True
4,E2,18.816883630965346,232.69474468243638,0.22950353055081457,0.8518576064488478,variance;peak_to_peak,True
4,E3,13.818042377069329,176.7053065718969,0.25578223751003276,0.9084376309111661,peak_to_peak,True
4,E4,12.40223815528841,156.5197104241178,0.2975660315336104,0.8971927518539656,,False
4,E5,8.66434479310545,95.0037246787198,0.3817390492009474,0.8503402591045923,,False
4,E6,6.800495309356226,71.16502616923772,0.32282389044914256,0.7829992328163378,,False
4,E7,4.560390532436458,57.69630337649034,0.4457099934988628,0.7135719007948178,neighbor_correlation,True
4,E8,43.128152556926125,576.1268814636395,0.017203324560075017,0.9019199722342885,variance;peak_to_peak;global_correlation,True
4,E9,25.03193452826642,354.4282955819534,0.052456751466912845,0.9560099310376144,variance;peak_to_peak;global_correlation,True
4,E10,19.305157007890188,251.84670408814895,0.07505188132068212,0.9031702693275234,variance;peak_to_peak,True
4,E11,13.088992302073402,177.78748971745858,0.1805272353311858,0.9007644787744045,peak_to_peak,True
4,E12,7.821025655793713,87.19278072398279,0.3083278141699507,0.9050076198253455,,False
4,E13,7.526020579233959,100.78608264632412,0.3186168891642152,0.7838957680562193,,False
4,E14,36.998834598069884,515.8052501701152,0.02953635108489362,0.9289222855981145,variance;peak_to_peak;global_correlation,True
4,E15,25.17082375973787,358.1469607639782,0.04192108212174828,0.9555455970789624,variance;peak_to_peak;global_correlation,True
4,E16,18.104578756321764,256.9371376163461,0.0960509830885139,0.9675696342643618,variance;peak_to_peak,True
4,E17,42.33727404949811,613.9052957202515,0.06608037736031072,0.8266875257392906,variance;peak_to_peak,True
4,E18,14.505132466072846,196.6912938224052,0.1633427827238247,0.9712154711283347,peak_to_peak,True
4,E19,8.297942523411455,99.16921599976156,0.3672824038784577,0.9444672241529377,,False
4,E20,7.376452873194937,80.0961298745994,0.41596144379950134,0.9676383418808867,,False
4,E21,41.64612975963007,605.3508856897888,0.0266957051036854,0.9289913038202853,variance;peak_to_peak;global_correlation,True
4,E22,21.870606582494336,302.0382985651756,0.07915833213809306,0.9621508512398533,variance;peak_to_peak,True
4,E23,12.632310781204703,168.21016177270525,0.24230699614823029,0.924977342848738,,False
4,E24,8.133758183245693,96.23457579326403,0.3923291797776883,0.9743647178459252,,False
4,E25,45.66287011765754,580.4264418583056,-0.011119410300816314,0.8872790373957097,variance;peak_to_peak;global_correlation,True
4,E26,17.246259676024756,205.55139238394975,0.20984991296467165,0.8550191620391502,peak_to_peak,True
4,E27,7.968223543535931,86.43211767236959,0.4562913516311211,0.9196618563222336,,False
4,E28,7.253809845995093,74.89498284186217,0.47704702112732456,0.9681487866633611,,False
4,E29,6.456135730269395,73.70109456961052,0.4696460630395177,0.897418173260905,,False
4,E30,4.845018059546456,58.304942358202794,0.5509287798904856,0.8011828374195089,,False
4,E31,4.311371903129409,47.679734779019284,0.6093665297489672,0.6504325624764367,neighbor_correlation,True
4,E32,16.414556539764366,178.752892042163,0.27665138475667633,0.837657003865153,peak_to_peak,True
4,E33,9.995924905249666,93.90817545795773,0.43537338885445936,0.8956554792169742,,False
4,E34,7.439487674734833,76.63000084915419,0.5297944231719485,0.9532777369873009,,False
4,E35,6.512065188570842,72.98081094621509,0.582116211292319,0.9366980286380717,,False
4,E36,5.869741952488625,66.80548334314398,0.6449738621402215,0.8824922441408725,,False
4,E37,4.787216377266628,50.49972185458625,0.6045586329654797,0.9148239152067366,,False
4,E38,12.264383922734265,130.62472076447204,0.45230290287051095,0.9240955139880431,,False
4,E39,8.359848264250704,79.06353222383306,0.557740151509117,0.8916173257384199,,False
4,E40,6.621604744006053,72.76974652720358,0.6609730652639926,0.9487413348625063,,False
4,E41,6.697570077787546,71.0920700210254,0.6295450180322841,0.918473908826107,,False
4,E42,5.861385791685484,62.54869334754406,0.6332006668531162,0.9450188026676034,,False
4,E43,11.563590381475107,108.13578859369782,0.5476832276746999,0.9184726989307612,,False
4,E44,11.138992984049239,104.06762422907194,0.5811216661762996,0.9086590874873894,,False
4,E45,6.8427632498981925,72.46702247825964,0.683557312371112,0.9615398418866961,,False
4,E46,6.834406919590322,72.45373723298405,0.6620641780529274,0.9577585659403907,,False
4,E47,5.9129621512191175,64.31339615235983,0.6206892040407045,0.9138502354854725,,False
4,E48,11.857635218511094,104.63517348438143,0.5535196138006088,0.918360744534019,,False
4,E49,11.175848693085586,92.44349985558715,0.6288302908129004,0.8689517790675702,,False
4,E50,7.679153589699857,77.81188125021168,0.7134725171594658,0.9488700335519016,,False
4,E51,7.160958535149746,71.51830105215609,0.6471921448170049,0.9434362548027906,,False
4,E52,6.728014494096854,67.20989921089704,0.611361674301289,0.9329662573220419,,False
4,E53,5.925862827525069,58.514413935191016,0.5841231668956987,0.9301118359096474,,False
4,E54,5.820556313200276,59.23212491918247,0.613382401932786,0.9026259529205716,,False
4,E55,6.9956501358251595,115.10114134668596,0.2328585696230422,0.4586134399952234,neighbor_correlation,True
4,E56,7.998887179261304,80.30622869673587,0.7159822100488308,0.9392062429496066,,False
4,E57,7.866305602701476,77.89486820556729,0.7126742634103361,0.9597987819994573,,False
4,E58,7.3252671374762,72.0269211561196,0.6624134315095941,0.944192315880401,,False
4,E59,7.520493974319868,63.06592041917384,0.5730795217796152,0.9186858010378147,,False
4,E60,6.735968872252633,64.78927811236296,0.5963393397327752,0.939581785072138,,False
4,E61,6.058776694539328,62.314028568544785,0.6271096676180871,0.9296645635524601,,False
4,E62,7.784560422399089,94.61572963757236,0.42840302388502927,0.8531518191548462,,False
4,E63,9.679183101486908,95.80092364346287,0.6861784754905997,0.9584430195071467,,False
4,E64,8.010057401712704,78.59376146765521,0.6719880219670104,0.9643641126909284,,False
4,E65,8.172228907607073,76.34774050210555,0.6446473471839217,0.9608692498189945,,False
4,E66,7.341108163233224,70.25862158682571,0.6454692549916511,0.9553972355778034,,False
4,E67,7.281420688188222,63.85923620462303,0.534533618058156,0.9268838014659337,,False
4,E68,10.022176790209622,98.36530470016118,0.6606385280413921,0.9257307394932568,,False
4,E69,9.454738754261765,92.67212727715608,0.6718514017825803,0.9539340131462634,,False
4,E70,8.092642930656115,74.93378615020873,0.6185046051612599,0.9709794731408738,,False
4,E71,8.161072557171956,71.04485242218497,0.5825321321913611,0.9550866931700008,,False
4,E72,7.306422971433732,70.94608746521257,0.5626239086430017,0.8963408149527748,,False
4,E73,8.044422655589278,76.4241723763758,0.6434531825701834,0.9360457596188909,,False
4,E74,7.839594871952512,74.12104376220856,0.6416304095061237,0.9585108301994878,,False
4,E75,7.890583135800785,75.75593714123823,0.625821886764832,0.958439214827371,,False
4,E76,7.30679033276179,100.71422094307154,0.5468221967839965,0.828134695032871,,False
4,E77,7.269126658761004,101.63296769324896,0.5082438106307042,0.8485663549373144,,False
4,E78,7.621270047415147,116.79497343511736,0.4370009097839245,0.8095611139384686,,False
4,E79,7.043472645147385,106.40839713869764,0.46614384177915535,0.7677752007720224,neighbor_correlation,True
4,E80,4.520326466617811,56.01689477202274,0.5978965932346534,0.6493373014129341,neighbor_correlation,True
4,E81,7.343286116306723,71.87568604328925,0.6909451531457611,0.9413154006013793,,False
4,E82,7.133842333260994,72.11297150863061,0.6689777979074215,0.9386046730634738,,False
4,E83,9.157636176023694,85.54817064681376,0.6026498035737478,0.9210003722539194,,False
4,E84,6.8100857876000855,69.10994727641841,0.6901393731746844,0.9594733965393809,,False
4,E85,6.172469519185323,66.10597357391669,0.7192471593420705,0.9473265524868274,,False
4,E86,5.755434814755,63.30656790725877,0.7300986345541295,0.9295302100170457,,False
4,E87,5.129720962615029,61.62617862566428,0.6386561508529834,0.8800060144286757,,False
4,E88,7.569084041984102,76.93847201904624,0.7216237447863001,0.9549301344784287,,False
4,E89,9.081421649229533,84.72372263352992,0.6739931595678622,0.9382624098285705,,False
4,E90,6.974071282064211,71.23767394694478,0.7134619340608397,0.9672080420085644,,False
4,E91,6.942589461924477,70.13919113566018,0.7119457488994396,0.9759779370018813,,False
4,E92,6.789173758635521,72.44660440165165,0.6826306563353564,0.9569324213380981,,False
4,E93,6.472984746351019,72.89111416554692,0.7187109157979675,0.943838233724151,,False
4,E94,8.732595567572965,87.93951346612099,0.7161824651551079,0.9382620646289128,,False
4,E95,7.193498491216297,72.34516791597233,0.7238764933971389,0.9681062642213686,,False
4,E96,7.01724018122316,73.03702454203378,0.7263153301920986,0.9753153071796266,,False
4,E97,6.828859832714858,71.95117050691275,0.7279299899624891,0.9742992582767838,,False
4,E98,6.6575353735583285,72.29912913729584,0.7166514668195475,0.9655303275590083,,False
4,E99,8.153304900694641,80.32160747797802,0.7244960258997074,0.9676267120173259,,False
4,E100,8.5204468078859,82.03065218909441,0.701215767578253,0.9766975730730965,,False
4,E101,7.8257032080076865,77.99604583619717,0.7001651698725985,0.9775716787397345,,False
4,E102,6.887850538934155,75.05310556841769,0.6726074987969708,0.97890454644099,,False
4,E103,6.647290271458009,75.21319638136342,0.6574125139024689,0.9657222723755932,,False
4,E104,6.00894666211169,71.75172383488977,0.5629999363239246,0.9091304199122621,,False
4,E105,5.903872776982716,69.61573183439398,0.6155497390916598,0.8792255455264129,,False
4,E106,5.640094828686007,75.55834719376047,0.4237543818732901,0.6634400706384297,neighbor_correlation,True
4,E107,9.667920485326361,90.22503794111971,0.6620641780529273,0.9164965542169985,,False
4,E108,8.452705891942914,82.49981328685962,0.6721241912601283,0.9796181232715581,,False
4,E109,7.735679443238914,80.64986148572055,0.6394738807289011,0.9817071154708886,,False
4,E110,7.279637232934999,79.1781290741134,0.603985363544727,0.9560604284297356,,False
4,E111,7.451761953540358,80.19906719379433,0.5157519534015904,0.9056187106529652,,False
4,E112,7.215502575852126,80.2556265553468,0.5561091116554783,0.8787741910461018,,False
4,E113,11.983762957993532,102.62636371965652,0.5906909200531202,0.8568434754362803,,False
4,E114,12.58976611117004,126.53596981710068,0.4761571783729381,0.8797274039488203,,False
4,E115,9.019547857608611,90.5367231383976,0.6177138721049122,0.9448380180180864,,False
4,E116,8.45369821733132,86.91182348546312,0.5936997207888182,0.9629907640044599,,False
4,E117,7.995848371044715,85.89929434771499,0.585991771933037,0.9415397917595913,,False
4,E118,8.147616899781246,91.06191285280244,0.5050630957052668,0.8974961555953063,,False
4,E119,12.897415601301379,122.24533488847997,0.5434551982140157,0.8324979455666148,,False
4,E120,12.395628911910547,108.42454838126099,0.5289866603304734,0.8898326136775585,,False
4,E121,13.785305146853434,128.99263415213545,0.3830645171405699,0.9039171148900177,,False
4,E122,8.993795591286078,88.87720833180705,0.5313140085051671,0.9012902121206908,,False
4,E123,8.681293418008858,89.76727136793558,0.5481212177028572,0.9370061439709543,,False
4,E124,8.820314058567643,88.68639730166473,0.5219309058166304,0.9154188099865508,,False
4,E125,17.122636827592316,149.53222354297614,0.33338014953624207,0.8698700421396922,,False
4,E126,14.825388303914638,144.38541067928213,0.4649282265015793,0.8288788717955342,,False
4,E127,14.939212780112731,156.54023193962712,0.4588420617583705,0.8565356316806574,,False
4,E128,13.617735116865513,144.14223965687813,0.4230988805800054,0.9177499049665228,,False
5,E1,22.944620595476028,241.95472618925487,0.5637090386094404,0.8024248235858208,variance;peak_to_peak;global_correlation;neighbor_correlation,True
5,E2,25.16712132760821,285.683158728859,0.412014098987267,0.8452507110490699,variance;peak_to_peak;global_correlation;neighbor_correlation,True
5,E3,20.707679043678674,226.07879311357442,0.5046154141854687,0.9437848095570411,variance;global_correlation,True
5,E4,19.265537987474385,215.78526583088242,0.5468866134345416,0.922234164122821,global_correlation,True
5,E5,15.92567431713404,213.37000160669078,0.6950629535642971,0.9260653045894942,,False
5,E6,13.900245793762998,200.75709941314472,0.7557426368883989,0.9370109752702933,,False
5,E7,12.760901588256663,196.09663354164945,0.833437510858962,0.9465528370053177,,False
5,E8,58.19461432135473,706.0806079275723,0.09570007993033477,0.8871571740511498,variance;peak_to_peak;global_correlation;neighbor_correlation,True
5,E9,35.303176120080835,403.8901412843427,0.23383865854494126,0.970664861562837,variance;peak_to_peak;global_correlation,True
5,E10,26.411605347087345,293.5906843504737,0.35065689390746513,0.9664973009171942,variance;peak_to_peak;global_correlation,True
5,E11,20.179149326030487,225.90233910308464,0.4907561578675224,0.9590901458457429,variance;global_correlation,True
5,E12,14.754637162697888,203.36592700988885,0.7305304634296865,0.9729592551058862,,False
5,E13,13.607110189488512,199.2649354187712,0.794841229830088,0.9707749193793426,,False
5,E14,51.20923555468222,610.7115093771135,0.1284657984080193,0.9590742586233268,variance;peak_to_peak;global_correlation,True
5,E15,35.940006557875215,421.3159405981306,0.22259052938632926,0.9759544383947293,variance;peak_to_peak;global_correlation,True
5,E16,26.385290182283946,302.2420956987693,0.333310708794384,0.9792608481096954,variance;peak_to_peak;global_correlation,True
5,E17,64.53212385873437,727.7402271865308,0.12674931892358296,0.7294139776204579,variance;peak_to_peak;global_correlation;neighbor_correlation,True
5,E18,21.56350848959786,248.68110914865264,0.4564045822011322,0.9744081856026638,variance;peak_to_peak;global_correlation,True
5,E19,15.125776563869149,205.8557374285653,0.7383519861202422,0.9611265714201473,,False
5,E20,14.278207732322308,201.54732851043713,0.7805893060244438,0.9841948783377148,,False
5,E21,52.723298317084655,624.9230251175978,0.10845571608987303,0.9562451520828766,variance;peak_to_peak;global_correlation,True
5,E22,30.34825347004713,357.43891521049534,0.274129001070331,0.962935247168089,variance;peak_to_peak;global_correlation,True
5,E23,19.002357310346746,211.32936315907637,0.5558997879449428,0.9323403567569359,global_correlation,True
5,E24,14.98401815450335,204.97044662157356,0.7529441584485376,0.9859876279317263,,False
5,E25,58.390901107848414,770.667164454957,0.07685298553311519,0.8355568356534215,variance;peak_to_peak;global_correlation;neighbor_correlation,True
5,E26,22.906781309398703,262.47527677106535,0.46454782933216177,0.8422790367452144,variance;peak_to_peak;global_correlation;neighbor_correlation,True
5,E27,14.786475349102655,206.4488569309682,0.7851356367712193,0.9572044407221156,,False
5,E28,14.231511860381023,204.17879931258963,0.808794883025554,0.9834510086562567,,False
5,E29,13.665367439236281,201.17374454328797,0.8378747585110322,0.9715481398690569,,False
5,E30,12.851493087894735,199.1851921658188,0.8718536697998336,0.9669994340058992,,False
5,E31,10.625287197805866,160.6733297421385,0.8850649151732992,0.9322838229100276,,False
5,E32,18.771084094956993,214.63413620718418,0.6995228736376498,0.8750968578606808,neighbor_correlation,True
5,E33,15.835488486927177,209.15703590323741,0.7881834657439281,0.9194572318433796,,False
5,E34,14.533754524400731,206.26281962570783,0.8333944418192059,0.9733416069053036,,False
5,E35,13.841945761163913,202.05898864117125,0.8726655652851947,0.9767299151195472,,False
5,E36,13.419569972429164,203.5192004092794,0.896422225115528,0.9679719351276179,,False
5,E37,11.263277824911343,169.9659830100063,0.8787020172770502,0.9779664460481001,,False
5,E38,17.235997138009996,217.68677201484917,0.7972609949487276,0.9465990516461831,,False
5,E39,15.531329254448295,207.508152901019,0.8105512988434751,0.9234545734714468,,False
5,E40,13.898891898281333,204.35771584946747,0.889601801102743,0.9783066166885475,,False
5,E41,13.919486679732909,206.26653713739492,0.8854833855003281,0.9669753587285163,,False
5,E42,12.442419028672715,188.15419140234962,0.879018145527484,0.9787104075814781,,False
5,E43,18.223074218516413,240.6003898141773,0.8035521522497112,0.9541071621844341,peak_to_peak,True
5,E44,17.731324548084668,236.96119565046223,0.8208325717638769,0.9242561049427495,,False
5,E45,14.016574763748432,205.09322359316977,0.8893265544840325,0.9842698337565308,,False
5,E46,14.002393708797149,205.66180351088445,0.8944489771474172,0.9825283902794716,,False
5,E47,12.513908183470878,188.80241259651052,0.8791992863738275,0.9745548172396652,,False
5,E48,19.660423501281137,249.47494040581012,0.7517753247374974,0.9259626295905494,variance;peak_to_peak,True
5,E49,19.57128320809885,244.74215032252727,0.7544529881185837,0.8731918012857931,variance;peak_to_peak;neighbor_correlation,True
5,E50,14.516334350935576,205.9588408023999,0.8820564618453806,0.9789864036201199,,False
5,E51,13.915638506597936,198.98869589116399,0.8692786407492916,0.978217147787013,,False
5,E52,13.855342008694137,201.2198411605154,0.8701492950036763,0.9784961084304296,,False
5,E53,12.942280575418243,192.35282623267045,0.8753357063153776,0.9783791885034017,,False
5,E54,12.936942269876655,190.31754029916732,0.880534329965687,0.9758730998397181,,False
5,E55,13.436928663737609,206.44981176625956,0.7398571140396035,0.8624406178111077,neighbor_correlation,True
5,E56,14.816772045112316,205.57524257850542,0.8642049865655066,0.9606397185290679,,False
5,E57,14.658858702328512,205.82530976034138,0.8702014323623287,0.98370570944052,,False
5,E58,14.074717559017937,199.66361202467334,0.8636789835170896,0.9793263054770417,,False
5,E59,14.481741100282072,208.3792760248499,0.8530368634017292,0.9667139320857356,,False
5,E60,13.849289828905421,201.69440634711802,0.8679173940828723,0.9796734550289271,,False
5,E61,13.14389416670142,193.09001710538587,0.8748747194691407,0.9772939329744781,,False
5,E62,13.99821909193523,208.6284872743792,0.7926627518679374,0.9611565098582002,,False
5,E63,16.31955145612355,201.58046748629965,0.7790340956868274,0.964795693717374,,False
5,E64,14.651239979102602,201.51186441091008,0.8368943309664126,0.9767070238900657,,False
5,E65,14.742750931794212,208.1763492572033,0.8541984562987158,0.9782062168897268,,False
5,E66,14.24272006013053,206.1650472286845,0.8738128300004333,0.981928038137921,,False
5,E67,14.03688589854479,200.47080713610427,0.8447981655160826,0.9770048973618649,,False
5,E68,16.254112197051064,206.84070022543608,0.8023156630714431,0.9516117780277549,,False
5,E69,15.907388175517367,209.41789853796385,0.8056888983046854,0.9639090267423074,,False
5,E70,14.63452222748041,208.39165921906488,0.8598558463855648,0.9885068953778924,,False
5,E71,14.630664036264333,207.59263845174166,0.8495149465248766,0.9817048073391501,,False
5,E72,13.90597569464043,200.8312850741209,0.8568297087981888,0.9643072218502269,,False
5,E73,14.591237028533097,209.73857256303307,0.8652472406820804,0.966049644094054,,False
5,E74,14.413668023713821,206.5581645242521,0.8677291284552554,0.9828938446254055,,False
5,E75,14.298857516808486,203.66827286225845,0.8788133096554325,0.9846271330213905,,False
5,E76,13.87278762915821,205.98996702516888,0.8357461264492428,0.9433298831864937,,False
5,E77,13.867723909279123,208.2717857957207,0.830007097343736,0.9616781471475897,,False
5,E78,14.021574097416057,211.24245383187753,0.7968516466571802,0.9488811596503197,,False
5,E79,13.66674388564368,208.21011947567754,0.8128755419219189,0.9382380043542666,,False
5,E80,12.975807310888452,196.01257964993155,0.8802440776284479,0.9403283247813663,,False
5,E81,13.961675963906877,199.20593110002696,0.8996581593665569,0.9760631424106267,,False
5,E82,13.82878224145605,198.67638124519956,0.8928348055332003,0.9758738293661354,,False
5,E83,15.243283824108483,215.4304348599827,0.8576738661763978,0.9671112323061815,,False
5,E84,14.029902605234096,207.2078964091991,0.9034876364763786,0.9823110279541813,,False
5,E85,13.611796223948893,202.58248841210116,0.9039462313820219,0.9836051882911414,,False
5,E86,13.404560684125817,200.67817883789974,0.9036015310220488,0.9793731162548049,,False
5,E87,13.393998084086789,207.3068653986417,0.8817994840968485,0.9629274148780413,,False
5,E88,14.222802770070011,204.4006791674404,0.9040335694425237,0.9791310046865299,,False
5,E89,15.433289384170868,215.8262909750623,0.8747870590175117,0.9645809778064758,,False
5,E90,14.108224499884946,203.49467198367165,0.9007746643621678,0.9865580391703306,,False
5,E91,13.919768702936757,204.03146057179202,0.9059084349598562,0.9920773063046593,,False
5,E92,13.949726146514726,204.13386542779574,0.8962037044264408,0.9873666523766492,,False
5,E93,13.82156098188413,204.86283465992628,0.9118042322921648,0.9841726194298701,,False
5,E94,14.734395826257527,196.1902092204643,0.8563381764772126,0.9424685511444878,,False
5,E95,14.289584878239484,208.94430689963474,0.9043810763696417,0.9846251814099927,,False
5,E96,14.06209026676285,206.41044790384024,0.9066002449541211,0.9904165051352847,,False
5,E97,14.010141683564258,205.98205592583875,0.9089189342519314,0.9924128226891142,,False
5,E98,13.921206467561152,205.39106086949454,0.9110380534440635,0.989343443827586,,False
5,E99,14.820799651939385,212.5830316372507,0.8946434148342541,0.9724381711916495,,False
5,E100,15.213293756900258,217.24110459991488,0.8816204198926656,0.9880410629334866,,False
5,E101,14.700239822519379,211.31956452277103,0.891419619693407,0.9909610426144535,,False
5,E102,14.133441092022512,207.86270549425046,0.888805903366893,0.9906844857815951,,False
5,E103,13.927906922605684,207.42033446972627,0.8858088085931727,0.989585165862912,,False
5,E104,13.55804632741624,204.38118679385252,0.871692831212661,0.9729826156849259,,False
5,E105,13.482291271413418,205.09580512870312,0.881049884405302,0.9697729694189601,,False
5,E106,12.912262828641255,194.7492886473068,0.8369126484657002,0.9538960768363876,,False
5,E107,16.429705747816808,223.83377744626006,0.8417524839150986,0.9492739132908383,,False
5,E108,15.16767629195822,213.90904720933838,0.8717260523139366,0.9910161074509554,,False
5,E109,14.535586358803434,209.34279941182746,0.8747843340781886,0.9927700267215187,,False
5,E110,14.18680542262811,208.62598198893204,0.8648473791280932,0.9819368651780391,,False
5,E111,14.163537907303628,209.6932995975938,0.8348979841596813,0.9667465205481784,,False
5,E112,14.073833230859877,208.36712059926043,0.8430533520596647,0.9594521135234709,,False
5,E113,18.223018634077256,233.2846051686544,0.7978448022331205,0.8991236001388788,,False
5,E114,18.447663795074753,213.57784480084902,0.7434017342781155,0.8955830575351058,,False
5,E115,15.53454921184722,214.19202269950435,0.847990601281504,0.9696832317540824,,False
5,E116,15.049573010158717,211.77218504360027,0.8468813745713224,0.9830270841623616,,False
5,E117,14.636587736273711,210.07053332811427,0.8456157534336903,0.9698380921514503,,False
5,E118,14.831587545209436,208.2248403671681,0.7708242090438687,0.9537088262743603,,False
5,E119,21.41893068629087,250.10660020539962,0.689450464063372,0.8753619739261789,variance;peak_to_peak;neighbor_correlation,True
5,E120,19.0805181947458,236.63347637009787,0.747636465663644,0.9191976977838511,,False
5,E121,17.907901357757403,212.18089726495322,0.7235550742725462,0.9191752983287562,,False
5,E122,15.430770278185626,213.29189941539545,0.8067297321680813,0.9323287398956506,,False
5,E123,15.229691110109902,210.75099266204398,0.7826367722551507,0.9627775635867235,,False
5,E124,15.41926033178655,210.0737376921474,0.7586300081139634,0.9352011389194417,,False
5,E125,23.316449694042696,262.9350012884096,0.6121972018261503,0.8559096412478887,variance;peak_to_peak;neighbor_correlation,True
5,E126,23.11579990802603,294.36764777400134,0.6556321482220339,0.8446332930945181,variance;peak_to_peak;neighbor_correlation,True
5,E127,23.460683083192865,276.7407532930116,0.6670196846534627,0.8671443020078229,variance;peak_to_peak;neighbor_correlation,True
5,E128,18.68644740234066,227.3505251595587,0.7622348133383634,0.9377369012816597,,False
6,E1,34.344361538631226,404.01619935883605,-0.0029884047822001376,0.5163599616024348,,False
6,E2,47.62542708046424,449.88260119919494,-0.06265986023594146,0.845086838156418,,False
6,E3,36.58138947603606,496.78215651156916,0.16995272554616908,0.91741242049827,,False
6,E4,28.22332416385376,325.8554251393298,0.08119662685576018,0.9189871779599963,,False
6,E5,20.873475620036434,306.44889180225476,0.3253504694089711,0.8778154379381157,,False
6,E6,13.275804029708834,179.77321247438562,0.2694232283633222,0.7564693618512033,,False
6,E7,13.990896528813423,155.02635455506837,0.2179377070703773,0.5587938767383784,,False
6,E8,119.44953901133981,934.327365928875,-0.16875052588740988,0.9479992858854684,variance;global_correlation,True
6,E9,70.50645439670137,761.6501509607475,0.03250865768166649,0.9717737476108674,,False
6,E10,45.32661083966082,376.8387223515089,-0.11059862496675166,0.9542485538885708,,False
6,E11,33.21028384662822,457.177784795334,0.1747176527393758,0.9328612189802761,,False
6,E12,21.58341158934045,380.53694824142815,0.42594981378405133,0.8875089083404064,,False
6,E13,17.242964550597836,288.70115502438597,0.4335996574457134,0.7973455132787642,,False
6,E14,96.36281246190933,925.8883666420843,-0.05147688120842734,0.9752529146129262,variance,True
6,E15,68.15090783840827,585.8729953333352,-0.08605353733914252,0.9677231544085099,,False
6,E16,47.98164062828146,563.1727461004706,0.042342086223099366,0.9606686800318345,,False
6,E17,81.40863875782289,676.1977985512278,-0.15143602207265847,0.9577920065067856,variance;global_correlation,True
6,E18,39.16936929620526,557.9796698454924,0.14815627006856805,0.9501118419799832,,False
6,E19,38.249058355718816,793.9000711166922,0.5322500696400776,0.855119190470924,,False
6,E20,19.580062179256057,202.671526620321,0.06889573436445301,0.5889911892769988,,False
6,E21,98.56725920724203,754.9599646249163,-0.16161741415486522,0.9629855040792739,variance;global_correlation,True
6,E22,55.65390100006889,459.81658164924187,-0.23483079327734657,0.8725982109015941,global_correlation,True
6,E23,36.09263655509268,562.248541402779,0.23326525861417302,0.8862227235238551,,False
6,E24,24.046901348615954,382.05476673735575,0.27506525173352664,0.878348734501191,,False
6,E25,105.79015124876383,1019.9525324040432,-0.2386945568489574,0.9173253038651272,variance;global_correlation,True
6,E26,43.22865149876358,433.1833267181456,-0.06099346665423083,0.8947583522348438,,False
6,E27,20.292466609744928,216.80006959159354,-0.0564331083882802,0.8664151893884271,,False
6,E28,15.812049949235716,266.86253053422143,0.37713328914545596,0.8460683385451893,,False
6,E29,11.553937758467656,214.7103058977725,0.5001837563876947,0.8716118220191049,,False
6,E30,10.766710430666896,235.16371422259985,0.6600655463286886,0.8220946872549464,,False
6,E31,8.698959694544117,195.34849891232537,0.6686436727224506,0.7605467530507999,,False
6,E32,31.85769531729798,337.19436970950517,0.1359255404950237,0.6363923392383735,,False
6,E33,19.07404825853879,233.743894075085,0.07414260344564162,0.753182144762125,,False
6,E34,14.929548152300564,173.64859396297476,0.08769152872210487,0.6034187903721304,,False
6,E35,12.29786005758035,227.9678141111022,0.5848578250720041,0.8823749028932446,,False
6,E36,18.861214108827948,437.79929682413353,0.7266005847623485,0.8838651456814943,,False
6,E37,13.956110588766034,322.4289888618687,0.6622636822481465,0.8671303185052148,,False
6,E38,29.654508841840965,467.9937880948902,0.4819698418960494,0.7448863729341746,,False
6,E39,21.089730236111034,365.1645558445648,0.42161667667943986,0.7045860169084108,,False
6,E40,11.32717139778665,208.45049754260864,0.6058429642476124,0.8801799904598977,,False
6,E41,16.468503196231385,354.823793446012,0.6571509150371606,0.8787035419816287,,False
6,E42,53.80028853890022,1344.897674000428,-0.642220882424896,-0.8532367620732053,global_correlation;neighbor_correlation,True
6,E43,22.221814151009372,276.1710464191593,0.46329649538223594,0.7271973114666221,,False
6,E44,57.00552699861603,1143.296477383401,0.3238816378869384,0.5099170705390859,,False
6,E45,14.366378777230823,302.40285479603034,0.6949858729592162,0.8783631389765677,,False
6,E46,13.446104921577511,285.0724895442364,0.7175944281827595,0.9246437184034679,,False
6,E47,16.027037311909638,376.19961432087496,0.7214352265652348,0.8291124806079309,,False
6,E48,31.163155404978887,548.4550269521782,0.5581471575066428,0.7804515673740691,,False
6,E49,43.29650605271659,840.4226689743928,0.599496862159796,0.7271254596872243,,False
6,E50,13.017512447650288,203.87662303187602,0.5054275721425033,0.8209774765665675,,False
6,E51,8.435751923614651,98.7784911034656,0.38895683408463005,0.7107858730092997,,False
6,E52,10.889032310593814,193.24772901079507,0.5746558290465851,0.8209175612282396,,False
6,E53,13.668456979095641,305.5530829830067,0.7097271169771073,0.944938357401349,,False
6,E54,9.354764332333202,202.7072923396822,0.6522741134842334,0.9430255569092831,,False
6,E55,22.51495816479173,529.4453866421953,0.451449822323706,0.5657041232675593,,False
6,E56,19.666276464972267,348.8875878799281,0.6230993073166045,0.7835312117760258,,False
6,E57,17.8471864077337,361.6711238274299,0.737851740207074,0.9181664164772165,,False
6,E58,11.548556299083728,222.52986473304006,0.6583228145631713,0.8794241200409301,,False
6,E59,53.38996806232221,1330.656699952158,-0.6259131231221913,-0.4999849746512357,global_correlation;neighbor_correlation,True
6,E60,16.862525280624137,380.01867802051885,0.700628250957659,0.8954792121270521,,False
6,E61,9.710361711858036,211.41917187764534,0.7037553071380814,0.9702354266650075,,False
6,E62,10.541247620793378,204.5980061062989,0.49638647565805,0.8058477070784633,,False
6,E63,18.258743322637116,345.64734038350997,0.6958382146216375,0.9110426242438749,,False
6,E64,13.605841423859468,180.42454713814794,-0.005661069790482211,0.4090765060338144,neighbor_correlation,True
6,E65,13.020155473000397,206.45454029872195,0.5099429234320735,0.6972195294840658,,False
6,E66,11.256091104528494,181.69920463101948,0.5364871362855027,0.9188053283906883,,False
6,E67,13.343413190222837,262.6967844900468,0.6461286574550031,0.9347186989802154,,False
6,E68,25.02159451250825,542.0502310476646,0.6956943398885923,0.8561543395120796,,False
6,E69,28.881161014886523,688.2731492038181,-0.5132854169909832,-0.3583172041224707,global_correlation;neighbor_correlation,True
6,E70,13.330918374639314,241.9404093898645,0.6164134594032137,0.9655277930649273,,False
6,E71,14.537381016367975,279.1733088950673,0.6371692716452341,0.936304184536228,,False
6,E72,14.554251040961569,299.32196604144406,0.5711115125828738,0.8510502383401986,,False
6,E73,14.82303877686017,284.188908229968,0.642412965606739,0.7608907261286655,,False
6,E74,13.384548045222356,251.8868376830716,0.6547385843803958,0.8765892340402052,,False
6,E75,15.341181059969024,307.87205596983597,0.6924795489090798,0.9351121212646906,,False
6,E76,11.218314547789944,167.11886078968894,0.3890459429976782,0.7412944933484736,,False
6,E77,20.812360336246755,461.0132408613245,0.4780336752794915,0.8697814494649433,,False
6,E78,25.11201905015773,484.49845113860863,0.27286055719653296,0.821010765689413,,False
6,E79,17.597417080664535,324.2946311331957,0.25535676937775637,0.6637575360542295,,False
6,E80,19.834189972491764,488.6422068657815,0.6771434899181593,0.7874969355747743,,False
6,E81,17.511797892051547,375.20148144703285,0.6618781352107197,0.7980093615351713,,False
6,E82,17.455055281361393,386.35122856589743,0.6749778151790541,0.8750095165988656,,False
6,E83,17.398077142153628,338.1395084339187,0.6570379551343568,0.9322026148853231,,False
6,E84,11.980682823865786,224.51658046441673,0.6406873374375337,0.9033787589446898,,False
6,E85,13.72170540789336,302.573805378646,0.70483462517817,0.9549914836375916,,False
6,E86,11.154689243057923,242.34389658297698,0.6990438964863427,0.9144819140843421,,False
6,E87,13.236431447034597,320.0677092823564,0.676804819403266,0.924796816954762,,False
6,E88,10.923279191346909,105.10752926043442,0.09255773418610677,0.3109690461849101,neighbor_correlation,True
6,E89,18.060966418674994,359.29472897408897,0.6789003442952409,0.9311591108771394,,False
6,E90,16.810865363654337,365.26318455754983,0.70022634024414,0.9170629261088499,,False
6,E91,16.3974428553449,361.77388382210813,0.7332478265146877,0.9715007354317955,,False
6,E92,15.28486210190289,339.7970779651936,0.7109572223012727,0.9764599089776542,,False
6,E93,16.07397177224498,367.88908375182837,0.7340709233192332,0.9589826136705955,,False
6,E94,19.238384575115735,407.01685625161736,0.7126916849662095,0.9400006327378625,,False
6,E95,18.052289828391274,383.04103302780436,0.7062296695616819,0.9675960778932836,,False
6,E96,23.20883425366117,528.7686578138939,0.7305212125733995,0.963356320574926,,False
6,E97,17.54440926279336,401.7675786475109,0.7193571078211293,0.9832966294624421,,False
6,E98,17.317722412731005,399.32146122189994,0.7290627605378442,0.983995804942775,,False
6,E99,17.218094968465742,360.44744758340903,0.7239413268078397,0.9649155065362498,,False
6,E100,20.115300254130833,434.18724723979483,0.725164579853922,0.9734663444562908,,False
6,E101,16.14040697278369,349.9709782957028,0.7345028870992446,0.9802276545155085,,False
6,E102,14.975141247322503,339.7622732022787,0.7007789724576634,0.9739636676846275,,False
6,E103,17.33019343375421,411.53618881638795,0.7234659562185222,0.9394083583595418,,False
6,E104,14.26519165903764,308.54932311748905,0.6303415056070399,0.8966428112023294,,False
6,E105,22.014291840668616,541.7855501881276,0.6741787523767688,0.8616183736595575,,False
6,E106,11.412054790440889,240.98302467830703,0.5877687461778837,0.7579299264846646,,False
6,E107,21.3289009107578,311.18671693706165,0.4170692161347741,0.5853276756987065,,False
6,E108,15.569180571689122,318.7492546904006,0.7217418809505057,0.9513260848753136,,False
6,E109,13.556098487177684,272.6306037801555,0.6432321095321546,0.9135536317555131,,False
6,E110,12.642009898438925,265.89425756439437,0.6329600063330822,0.9264635375504934,,False
6,E111,9.761602795834367,193.1791954361726,0.6095248962816051,0.9294890164251686,,False
6,E112,10.905303240069374,216.6009854128628,0.5682964383035002,0.8007170167171198,,False
6,E113,32.280521046872735,677.1106586088791,0.6860492936976175,0.8003042916567373,,False
6,E114,27.281896306448722,453.60773925989866,0.44694954655484365,0.8323987181537198,,False
6,E115,20.494481655809086,431.876356155505,0.6730952545656962,0.8790869020705211,,False
6,E116,19.69190347136303,448.46410478485586,0.6791660911840166,0.8730463413873522,,False
6,E117,13.801558029481795,283.5946680119465,0.5876452491656405,0.8912302453998531,,False
6,E118,14.27367154454562,157.8936589073433,-0.24490892219330185,0.4473128743365391,global_correlation;neighbor_correlation,True
6,E119,23.992175816345018,368.4621071639182,0.6148275270898089,0.8276769941188079,,False
6,E120,23.372968314517678,365.47844860107205,0.5386558715344583,0.8829086517654229,,False
6,E121,21.284210564258636,274.41847219791316,0.2491604555891198,0.7911930360427608,,False
6,E122,23.84931379112671,482.5377880618287,0.5662141498036494,0.740859416576041,,False
6,E123,18.566579511014385,317.7880224480874,0.4409749253223911,0.885814035952027,,False
6,E124,19.811420518387038,210.33436944102485,0.1722541987242134,0.7870461157175788,,False
6,E125,29.308314789797944,374.35191599408483,0.4437594273656293,0.8316702580400603,,False
6,E126,32.241800419349524,489.73801361305897,0.5711046033178541,0.7276411431696062,,False
6,E127,30.004360179796766,397.780337463165,0.5174734906549376,0.7541211444817237,,False
6,E128,26.00976212500328,357.50969678204024,0.501843633383488,0.7617414721703613,,False
7,E1,73.81090112796981,1278.1804986020607,-0.0748009076120411,0.8701877437309447,variance;peak_to_peak,True
7,E2,55.37789125559537,831.3246427691957,-0.18778710599056644,0.9333160841342012,,False
7,E3,31.140933134148696,418.2008202167377,-0.20120048435954865,0.9809743050718055,,False
7,E4,24.842547455384636,332.5510600533781,-0.18436149340388075,0.9751198194714394,,False
7,E5,15.871203048033939,200.2573349479115,-0.13209968091965937,0.9055315907167552,,False
7,E6,8.375127582220173,89.86074272437423,-0.1305286850115244,0.8382831026025028,,False
7,E7,3.6224485272056834,31.287086221509817,-0.04254595957816194,0.6643457231260577,neighbor_correlation,True
7,E8,312.1253003632888,5377.79454630082,-0.21118321267315723,0.9290576763062947,variance;peak_to_peak,True
7,E9,174.47229353429464,2996.738258590014,-0.20342360126658335,0.8769207482908941,variance;peak_to_peak,True
7,E10,36.46154866508435,454.2126407579277,-0.21091404738471056,0.9803748407758159,,False
7,E11,21.35949696509666,238.31514673705252,-0.16915863029389155,0.9609463485671148,,False
7,E12,11.841498774904604,122.7608259669688,-0.1169487680238701,0.8982063671968273,,False
7,E13,5.82140490546127,53.02890462359005,0.008546556149649172,0.8916862651640027,,False
7,E14,220.37888087482446,3722.036815782164,-0.170910634257281,0.836996083474812,variance;peak_to_peak,True
7,E15,60.133399082770296,763.8664328162487,-0.2256988743796455,0.9616247052919191,variance,True
7,E16,30.97785781231364,355.6042147577242,-0.18575535720485206,0.9769514737049965,,False
7,E17,133.13988315509084,2200.774068622113,-0.19533913548857162,0.8256201891688189,variance;peak_to_peak,True
7,E18,23.731608518807157,279.27055816199595,-0.17885810929474885,0.9836399438559872,,False
7,E19,13.945808997430891,161.396487191261,-0.10786274902482013,0.9685736815026915,,False
7,E20,9.199470883417904,94.61262796610458,-0.015545823448664411,0.9517935188485458,,False
7,E21,102.07216014253666,1367.0209569270878,-0.21742703039791683,0.9284855681344613,variance;peak_to_peak,True
7,E22,37.34727984316142,474.3837779097644,-0.1981842775898141,0.9594990803804202,,False
7,E23,20.309598710355562,235.6932932538727,-0.14489120053275087,0.9737341499373671,,False
7,E24,13.202218099512644,153.2250380678936,-0.09175575140823033,0.9701483758291758,,False
7,E25,95.34749398612013,1227.4902972222494,-0.21182611372486934,0.9137672997450218,variance;peak_to_peak,True
7,E26,25.785419321668325,296.49543992897554,-0.10072433811179579,0.9119371019907596,,False
7,E27,11.522849273542375,124.25578771870076,0.04251419095003256,0.9269088060904876,,False
7,E28,8.277170202828586,84.26691705767449,0.10710530820237366,0.941679591142671,,False
7,E29,5.613006597557004,50.83840883420308,0.21928515691693176,0.8943170798559668,,False
7,E30,3.977355037340705,33.11879130682283,0.26187791463772864,0.7415113191454558,,False
7,E31,4.5251703359131445,40.92074502128709,0.2806201982675312,0.19942914159226763,neighbor_correlation,True
7,E32,20.49819870915499,284.8932844803928,0.20200283592152204,0.673146628395089,neighbor_correlation,True
7,E33,12.207212451118558,125.86275128310766,0.19439587031983435,0.6550637109590995,neighbor_correlation,True
7,E34,7.557128169409303,76.21322046695037,0.24387648509141563,0.900411625264244,,False
7,E35,5.635666302695597,47.64963667964173,0.3088831341572124,0.8964653045693496,,False
7,E36,5.094569539110431,40.47256350484301,0.4300223145636848,0.8434172161981469,,False
7,E37,4.962933034146289,38.30446350593959,0.352379348847171,0.6243027384943436,neighbor_correlation,True
7,E38,13.25299821896625,141.77460097963507,0.42821236707343163,0.8877561180972038,,False
7,E39,8.220558533790001,75.51657796106858,0.3253219744551316,0.769238989907636,,False
7,E40,5.610581104587246,46.25675821463822,0.4171600849061328,0.8943638295154763,,False
7,E41,6.15435090508285,52.06899000101076,0.44569995577667754,0.8630777503331939,,False
7,E42,5.119769865923141,51.1943558524831,0.5348010342858001,0.824072377077713,,False
7,E43,14.52091144451181,153.19792580765338,0.5023821628793499,0.9459296890009322,,False
7,E44,13.357869345961209,139.11156443412256,0.5171991384134754,0.9381888410532744,,False
7,E45,6.038738608026082,52.80196472132589,0.5344000705930624,0.9114141806617342,,False
7,E46,5.96522352205149,55.86562517132269,0.5267895513453037,0.9190251498678361,,False
7,E47,5.485252177596469,56.077240043625046,0.5403286321153565,0.9201578038249391,,False
7,E48,15.048596912307195,158.70627230269992,0.5282409029623143,0.9428752594167404,,False
7,E49,12.96179724543383,129.39444797003847,0.5412427539556857,0.9216568653698367,,False
7,E50,7.941793180584201,87.19974345782475,0.5939183430444208,0.9371619530547712,,False
7,E51,6.957788042783255,79.1127074798139,0.5910210725984884,0.9353198163664007,,False
7,E52,6.499721286001634,72.90884138747867,0.5375399439726557,0.913393717459277,,False
7,E53,6.055466576999771,65.71839046808516,0.44998100392272894,0.7501220939438723,,False
7,E54,5.340684406146634,60.80653025319832,0.3912437551551462,0.6518314676287587,neighbor_correlation,True
7,E55,4.996225149111783,55.99127747906438,0.14015381348912967,0.20687030308039553,neighbor_correlation,True
7,E56,9.519266136197915,104.68092957272816,0.6108355743506436,0.955932659223714,,False
7,E57,9.30238086253012,104.91606074794635,0.6036653575835911,0.9660925662026582,,False
7,E58,7.343037049717918,85.99990496228268,0.627062241426445,0.951481479155568,,False
7,E59,8.120718831772303,97.20990211576702,0.4954290264070448,0.9146652136206929,,False
7,E60,7.504422132022633,80.04376081456999,0.4646051779219637,0.8799764154046803,,False
7,E61,5.5646367231111595,59.72200552414787,0.4717766426016764,0.8670280921520291,,False
7,E62,6.285791634100845,64.31438743532252,0.40453957417616526,0.9239015255386596,,False
7,E63,10.097891323159674,114.10145901749765,0.6126090315731806,0.9695135972319602,,False
7,E64,9.85508751049132,112.40469608066603,0.6270573805529742,0.9755811743638554,,False
7,E65,9.254496177656172,112.86604332966928,0.5908669682199799,0.9583296756222162,,False
7,E66,8.628721217771618,104.77951407505336,0.5278786378385618,0.9623886226941292,,False
7,E67,7.657620137286652,82.66798606898013,0.46917863115140945,0.9453613390623337,,False
7,E68,10.467266012658966,120.27379652618879,0.6183688204907194,0.9621798408007376,,False
7,E69,10.125862333277837,118.93801237679001,0.6069841822046619,0.9629242717028854,,False
7,E70,8.707467633694952,99.9680625689409,0.5187177851730076,0.9790135203947796,,False
7,E71,8.581167294406262,92.84340203866532,0.4746000691431246,0.9688089716725212,,False
7,E72,7.312429312293792,80.82693878879023,0.45327821135457075,0.9600963219742238,,False
7,E73,8.706350442577351,100.1821303861165,0.5733279987273848,0.9592004736527633,,False
7,E74,8.379976383167563,95.16208853630438,0.5544813567478645,0.974579899063766,,False
7,E75,8.486565955452868,94.58957921667121,0.5198836467482499,0.9744721362562097,,False
7,E76,7.835750088561713,85.373104750205,0.4897495248239785,0.9598934369802286,,False
7,E77,7.108975444126608,80.27471803740211,0.46399601641573535,0.933360813784767,,False
7,E78,6.863464949773324,86.87880993336383,0.35962307965395296,0.835244424032965,,False
7,E79,5.750898377886875,68.18030388150311,0.4109226354851119,0.7565932947601137,,False
7,E80,2.6542998269452363,20.46272886090995,0.36201166068471946,0.3697744483544554,neighbor_correlation,True
7,E81,8.15490323003169,91.01286113049731,0.5484901082956049,0.9626336199276575,,False
7,E82,7.933522917257715,86.02466478488093,0.5524826626580597,0.964649859726322,,False
7,E83,10.252776966040239,111.09118504188424,0.5045366975562209,0.9526059691884166,,False
7,E84,7.474768350362594,76.70845552957624,0.5338423857668766,0.9284334965358781,,False
7,E85,6.465499892664857,65.2839542628703,0.5231370057868611,0.8887953772935859,,False
7,E86,5.284776099557402,53.375241907490356,0.5273475538775527,0.812813187416378,,False
7,E87,3.5842407072435045,29.166654729566662,0.3523611186825747,0.6597166573672073,neighbor_correlation,True
7,E88,8.818562789358742,91.99112507655987,0.6133218172180823,0.9625459869275084,,False
7,E89,9.705809615124082,102.55640391608947,0.6068572930522348,0.9464709484484997,,False
7,E90,7.033651958976781,69.4183310634944,0.6087244429642622,0.9274525660127388,,False
7,E91,6.900641099087412,67.23157838396101,0.5951305150486986,0.9532437798448665,,False
7,E92,6.690269499488994,65.63980723946466,0.5184875398522817,0.8785777363385732,,False
7,E93,5.531672920816389,49.662561955475766,0.5773964326446358,0.8376774732049787,,False
7,E94,9.262444652897365,94.37805658618123,0.6228613774097644,0.9375276332474669,,False
7,E95,8.217018058929515,82.19188850898942,0.6325301046833303,0.9393925562693131,,False
7,E96,7.205363540795914,70.04843742398742,0.6347417860668366,0.9474964830819766,,False
7,E97,6.40252726601608,59.3108700287313,0.5903986738098885,0.9523412868687295,,False
7,E98,6.00004554212867,54.56782939656058,0.5940123259585127,0.8745680080931133,,False
7,E99,7.888797070655266,67.45696210905119,0.6008001608074935,0.9211628271288015,,False
7,E100,8.163465057000701,69.5829941327333,0.558154418128638,0.9434735851505318,,False
7,E101,6.888521787781943,56.38029726645216,0.5184893943360986,0.9415176848738496,,False
7,E102,5.749624374934865,44.63851527002018,0.4043138654082567,0.9585434030441793,,False
7,E103,5.411898510611319,44.60713006823859,0.3691099525275332,0.9037372622740214,,False
7,E104,5.157067377095225,47.5755247191713,0.29420999975722734,0.8457595243447329,,False
7,E105,4.559757693612385,46.609380500329415,0.2943596921154285,0.8264618519400773,,False
7,E106,4.235394778547975,45.96998298026328,0.05645931362877004,0.6805123068547752,neighbor_correlation,True
7,E107,10.873243118396863,105.11907895990194,0.440759484819824,0.8260457396776142,,False
7,E108,7.872789609077655,63.21003027144244,0.4402250793735978,0.9492833976937558,,False
7,E109,6.9757573783606714,64.83006734424971,0.3516640686375983,0.959205990378561,,False
7,E110,6.2951650766619185,64.94228362217294,0.37940955808409393,0.9209387973899991,,False
7,E111,5.919599821777478,68.52845553656302,0.3059024539188101,0.912239841183849,,False
7,E112,7.333847866130519,95.17371300284574,0.19298175022769087,0.8614089134372105,,False
7,E113,12.544618180611598,112.62125143768489,0.48100829122506145,0.7654899958380159,,False
7,E114,13.112236807698123,147.80051566670835,0.23803994257643588,0.789666917617092,,False
7,E115,11.316648526681345,152.66753849992256,0.3100993714150162,0.841216860673875,,False
7,E116,10.729149682649963,151.40624843368107,0.26513663489704253,0.8907309655599112,,False
7,E117,10.485318451412114,149.0971291220149,0.1437678068626745,0.9358979080295405,,False
7,E118,12.458160562347045,161.32285152714007,-0.06013265180390608,0.9463353900371326,,False
7,E119,14.966174516239883,147.68730350703646,0.4849975186785862,0.6827319389790807,neighbor_correlation,True
7,E120,12.960613519112801,118.33382826459984,0.35661935167964354,0.6978368990317136,neighbor_correlation,True
7,E121,23.530474787361495,382.4017601615539,0.11931964832952147,0.8437640522039638,,False
7,E122,13.080251476599457,245.559329023378,0.14220305809470138,0.783938668988398,,False
7,E123,15.556481376615867,216.0757038658579,-0.0367308325083083,0.9555701007871924,,False
7,E124,17.662630999443003,241.72296806678617,-0.07966665139694493,0.9830361004180975,,False
7,E125,35.44736357122253,572.3357072983006,0.07076534919278878,0.7194966808483105,,False
7,E126,17.714645800945206,163.87828619755692,0.40339319874768065,0.3048005751405305,neighbor_correlation,True
7,E127,20.50367255149805,232.44354599620786,0.47539438217764934,0.8955067019258969,,False
7,E128,16.831995129744676,193.09097066472034,0.43606731306637553,0.9395621405929936,,False
8,E1,63.850872997409475,1061.9091312074934,0.06148277730863559,0.7037499554006363,,False
8,E2,45.549964906375784,420.5356661339197,-0.19366187494264436,0.8220418860011565,,False
8,E3,29.438062183116088,234.88019009407856,-0.16380995151466252,0.9507061442856717,,False
8,E4,23.179992182793463,187.53112869414113,-0.13616149871889363,0.9528383620241092,,False
8,E5,15.206712998757899,122.72974764437883,-0.13530934363799965,0.8888357609671771,,False
8,E6,9.003273243842218,71.20628610929236,-0.13038851280130256,0.8480636357002949,,False
8,E7,3.995664439936183,33.20155276727756,-0.00856274679774934,0.6508846652890409,,False
8,E8,197.6427468155387,3074.9447092048454,-0.163955377594147,0.830935075848308,variance;peak_to_peak,True
8,E9,117.91486105459596,1939.5270185574684,-0.1378770357248856,0.7633135665135853,variance;peak_to_peak,True
8,E10,38.346277126727344,302.8370355698888,-0.23030231664929457,0.9748136849847722,,False
8,E11,25.11047091307093,202.982708997226,-0.20356193652490126,0.9648929126248764,,False
8,E12,13.048456655455034,104.19057495504356,-0.12117296582026195,0.9347045294822425,,False
8,E13,7.048690606094129,64.96208505944166,0.016526945946370254,0.8982717645643454,,False
8,E14,139.7252615847508,2194.252689580408,-0.18879746356965357,0.8754887818565902,variance;peak_to_peak,True
8,E15,61.76052694398616,526.251000706206,-0.24292531485434923,0.9478499311893508,,False
8,E16,36.688042811487,297.0276801741884,-0.24009569496926123,0.9710233880458038,,False
8,E17,104.81004160046186,1489.5285005956089,-0.20484576317227765,0.8182249556354155,variance;peak_to_peak,True
8,E18,29.067544384222916,237.510825377733,-0.16890343477515515,0.9811654880664697,,False
8,E19,17.29896465670595,142.8334640739281,-0.0797707996374127,0.972889052183695,,False
8,E20,11.249897303873174,89.48742949753478,-0.010893426399833218,0.9456497509850205,,False
8,E21,105.55246779289405,1183.0875642338178,-0.1989958102587978,0.8681485212352751,variance;peak_to_peak,True
8,E22,44.25112725062975,366.1955113321433,-0.1995762437551437,0.9608553527703713,,False
8,E23,25.646517962403266,209.97907337851177,-0.13045699408201059,0.97868173535072,,False
8,E24,16.736718218700464,135.681558356036,-0.053338890374317195,0.9798857614206985,,False
8,E25,114.37570995210498,1171.8837729142056,-0.17086151819252857,0.8862360509540093,variance;peak_to_peak,True
8,E26,37.51471505278247,352.7282430400645,-0.07469493617885178,0.8944916381403076,,False
8,E27,15.30066885476382,120.95278825158309,-0.020879311160955757,0.9187851399071216,,False
8,E28,10.268563891341245,83.47616438134807,-0.017901539027997525,0.8990425404795781,,False
8,E29,6.9262579304641685,55.66140993445285,0.1442110148371127,0.8969006748505042,,False
8,E30,4.7375934709863206,35.4565311854976,0.2466154576534782,0.7525718275590083,,False
8,E31,4.217159181829489,33.18739769572021,0.30865159838245204,0.2346228040349218,neighbor_correlation,True
8,E32,44.014045887883526,628.7909334108093,0.15009633703065656,0.6574765474199341,,False
8,E33,16.511281426140858,149.56207795650278,0.21456438076074627,0.769179278084672,,False
8,E34,9.813093906971144,83.79711967813115,0.16114643802510728,0.8862893627928505,,False
8,E35,7.146962012884571,56.61652679481382,0.2539321322533163,0.896879929187917,,False
8,E36,5.907121244352605,41.44292887586487,0.36706884199798473,0.8689550719512872,,False
8,E37,5.100715546196221,40.478684835383405,0.3437738076992361,0.7386399706076339,,False
8,E38,20.480498639456602,277.6086727918012,0.2921563826239616,0.8339418814423698,,False
8,E39,11.0250986434444,92.82535350283285,0.21829849226852774,0.7116316694942575,,False
8,E40,6.840162456929139,51.71699616505848,0.3545773213393929,0.8963498597806517,,False
8,E41,7.012306994170457,47.232134137277924,0.3852292244974749,0.870931238130922,,False
8,E42,5.602399634853595,42.832755250816945,0.4695271947827523,0.865720674511178,,False
8,E43,16.03740969825252,136.62438507695248,0.4696980927532399,0.7323945504770317,,False
8,E44,19.325223895866593,260.80527059057624,0.38467749849419686,0.7180941583144586,,False
8,E45,7.075818189765017,58.36953085947226,0.4767119623246115,0.88057019708155,,False
8,E46,6.880497074349495,51.47979602586598,0.455877249540043,0.9092646595138885,,False
8,E47,6.148315303307085,47.6673619310598,0.45938377026288885,0.909267348383328,,False
8,E48,20.306488874912603,260.74388971746106,0.4251145246232292,0.7288614304193219,,False
8,E49,16.128433327299874,123.97427085283331,0.42676060276816596,0.6527280796830913,,False
8,E50,8.693755515242467,75.23104038824829,0.5607585587423117,0.9232880243936359,,False
8,E51,7.2762398806783,66.26617441097238,0.49390745251049456,0.9210893334084647,,False
8,E52,6.606054464961775,53.79079253437179,0.48164083906909383,0.9187059362653779,,False
8,E53,5.614105859348258,42.6459416658936,0.4453940156725888,0.934959277465067,,False
8,E54,4.427213055911105,33.400630864041986,0.4610002891077098,0.8510740967681737,,False
8,E55,4.473888783751243,52.94237188079403,0.09971288368465149,0.17757739186027593,neighbor_correlation,True
8,E56,11.39312250342419,121.31337745869001,0.5398142786393672,0.8923376189690104,,False
8,E57,10.285844360995048,105.16318405609894,0.5596172056121793,0.922654499833673,,False
8,E58,7.932845315324659,78.04191197116555,0.5297270260178749,0.9347541549347693,,False
8,E59,7.831688478811893,63.20067863899362,0.4774059552575615,0.9152265857465662,,False
8,E60,6.932965331858939,52.331938983636654,0.46207202383603335,0.9440650235579807,,False
8,E61,5.2257267199212025,38.317492048718904,0.4632359207944057,0.94903542792345,,False
8,E62,6.391075590959645,49.94351064050028,0.4220742441915697,0.9142757859179308,,False
8,E63,13.365322897108364,163.21659358320568,0.5384363427041876,0.8858264448005964,,False
8,E64,11.714651244101846,138.3896420288296,0.5642544827491957,0.9442704192291391,,False
8,E65,9.3742922992634,95.38048748412882,0.5202130716721192,0.9488709545407161,,False
8,E66,8.343774224821988,77.88411102397465,0.49139287593922076,0.961057613259116,,False
8,E67,7.445661990833768,60.047831309250384,0.4647829113164546,0.9501946340730383,,False
8,E68,11.701130661078002,114.5319398281357,0.552941458532869,0.9403779101908849,,False
8,E69,11.106460359037104,108.25570648553685,0.5548394548378155,0.9590027562331727,,False
8,E70,8.619795643375072,77.83390742867626,0.508385741175643,0.9762974640654088,,False
8,E71,8.28809321016155,69.19728693465143,0.4664380967685174,0.9645388450644461,,False
8,E72,7.344347583145928,67.37346804531916,0.4814429630416175,0.9533948052520103,,False
8,E73,9.322393550290274,85.05696000579167,0.5277273940773795,0.9425641835613302,,False
8,E74,8.766748079619807,85.6438614400096,0.5378801062961022,0.961561689456166,,False
8,E75,8.659052423198705,80.64968032218171,0.5204490168604949,0.9648370178606832,,False
8,E76,8.128363634470011,71.9665787065082,0.4705655353508242,0.9549043816007703,,False
8,E77,7.4289854078913935,69.89019618777164,0.45258142943152097,0.9340406255575637,,False
8,E78,6.999036489950056,75.07249575094968,0.34520136071438506,0.8186880645926573,,False
8,E79,6.004175163115807,55.7139991055761,0.3845342286295806,0.757715662078736,,False
8,E80,3.0720562130200366,28.621609616587463,0.3018411887622979,0.4078595755984916,neighbor_correlation,True
8,E81,8.994774365888091,91.44008543287515,0.5370081820923122,0.9433046413753261,,False
8,E82,8.859263030754404,92.79196391799718,0.5303157456718918,0.9610447515236433,,False
8,E83,10.194716380002554,86.27790931658677,0.49480392641678517,0.92342586597487,,False
8,E84,7.564443033991676,65.440403442899,0.498694534617747,0.9406182197681185,,False
8,E85,6.59469691997898,58.43301573641255,0.49841135471978726,0.930799020775228,,False
8,E86,5.659903615501272,51.70117404189439,0.48659073617185244,0.872944978032105,,False
8,E87,4.180965926118431,29.68132028827287,0.36461045709287004,0.6861171437562599,,False
8,E88,10.836726683501153,125.97040341945029,0.5575375599663961,0.9653924381133934,,False
8,E89,10.99662740973697,109.98007407900658,0.5543980657163207,0.9458742712167154,,False
8,E90,8.234136087053372,79.4851830862485,0.5293653739371896,0.9331795068258331,,False
8,E91,7.9497412857225775,74.74889054204318,0.5238651422809517,0.9475994470028064,,False
8,E92,7.113355306516043,60.879712095384974,0.47671196232461155,0.8894661658498576,,False
8,E93,6.788184356291423,65.15776855796018,0.5574961329085051,0.8529826612352418,,False
8,E94,11.699414322995784,133.3658325014577,0.5542313860135607,0.9409595079897958,,False
8,E95,11.657861071295548,141.31745413251798,0.5431788784693273,0.8421767283547048,,False
8,E96,9.240651048478728,100.50090741064473,0.5757907694330119,0.9518633036270385,,False
8,E97,7.7570827133600115,80.00602713812108,0.5633464523332093,0.9466638615711263,,False
8,E98,7.613004335152761,76.16711234174448,0.5697391492477756,0.8431630404849468,,False
8,E99,10.01428638100293,78.8362244286522,0.5301167790881369,0.8677354468354386,,False
8,E100,10.621720350742496,85.69200897545933,0.5214516904208684,0.8964913608584019,,False
8,E101,8.581951030558399,67.89047166729793,0.5393587313696336,0.913972879217938,,False
8,E102,7.138679778706684,57.379100830719196,0.4925113821790749,0.9449961311127902,,False
8,E103,6.416964741261314,50.13605080678358,0.4540979812483695,0.8591763770367631,,False
8,E104,5.358099119509054,53.222194120376244,0.2548368706047331,0.6335513784234763,,False
8,E105,4.315577218557818,31.138389667480016,0.22079528039731636,0.702468383160232,,False
8,E106,4.288570743324968,34.4613830592001,0.1235007679986865,0.5860235708974992,neighbor_correlation,True
8,E107,39.261302769811,460.69035665967095,0.19015499495572402,0.26131724841186527,neighbor_correlation,True
8,E108,11.142864569849346,99.57464133197567,0.46857726774756486,0.9455245909377457,,False
8,E109,10.077620314641113,101.46612766243476,0.372005173253442,0.9227169027797044,,False
8,E110,8.243214059742796,82.62380892950372,0.34209445440151137,0.8355019254048741,,False
8,E111,8.42510093806464,93.66897826997152,0.2773461138485167,0.7150747838423969,,False
8,E112,8.949133579732106,87.49001710320508,0.26641533166719766,0.7223651104001609,,False
8,E113,15.361740276379525,184.17630622088123,0.46952719478275234,0.5174204776738645,neighbor_correlation,True
8,E114,28.31430143653512,362.6696219531483,0.23238928480312607,0.6050804461664873,,False
8,E115,26.365373458027555,286.47683787689834,0.2173335584381424,0.6392718772074496,,False
8,E116,21.01222297513387,226.16679204287516,0.17274966484428186,0.8360753526601556,,False
8,E117,14.837555394344673,157.0049002613581,0.19712098834737282,0.768325748534364,,False
8,E118,12.001620226361693,102.00786249631088,-0.022363492200863817,0.8212859007373663,,False
8,E119,21.710112338914925,252.18548121453824,0.39524700521514095,0.48200723153577485,neighbor_correlation,True
8,E120,15.776224584379607,149.83047458546994,0.4127727560619267,0.5811272362177998,neighbor_correlation,True
8,E121,34.69012306724941,456.60327586017183,0.15033594991557242,0.6532043499808399,,False
8,E122,15.57272290985873,214.59398105013312,0.1736856325297075,0.6865038491017712,,False
8,E123,14.914584935385736,142.71307433727648,0.04528035709751891,0.8203395839382294,,False
8,E124,16.00301693422466,137.28684552643023,-0.04794729600169128,0.9391945064990219,,False
8,E125,96.74489588253807,1023.2601832159742,0.07206967659140243,0.6554648553690179,variance,True
8,E126,89.7883799328819,1173.2435540429494,0.14414553647837647,0.4356171433616427,variance;peak_to_peak;neighbor_correlation,True
8,E127,135.24461868818503,1858.1958033901665,0.12041889571976026,0.6089985037318428,variance;peak_to_peak,True
8,E128,34.76581062162945,469.5516886741284,0.2561619719424771,0.7963712458686135,,False
9,E1,21.4776790284227,212.77940994340872,0.1443690938890861,0.6954223304623999,,False
9,E2,26.50881032427251,289.9647872275975,-0.08777431691564481,0.9001358216167021,,False
9,E3,18.705076739186673,206.9885464134023,-0.13166341912395682,0.9607781112794119,,False
9,E4,14.941260920547862,160.45391332877216,-0.11022934010585343,0.9514027208230753,,False
9,E5,10.612412357571923,108.79332516194927,-0.10792794880843418,0.8686330437681822,,False
9,E6,6.703525991875694,74.9961820034302,-0.07973445062959934,0.7982384345760056,,False
9,E7,3.37610426742683,35.03500719237883,0.05098165539787281,0.598475068833394,neighbor_correlation,True
9,E8,70.70265215590541,801.5410753164313,-0.19572716968805318,0.9513066892083457,variance,True
9,E9,38.62328817971116,431.3085675948514,-0.1707718628729879,0.9802559331697314,,False
9,E10,24.821783139149154,277.1822858979522,-0.16112743599261506,0.9721371120440421,,False
9,E11,16.79532359717687,200.12037964904044,-0.16242921535176932,0.9472407917277856,,False
9,E12,9.22929674802351,112.89034864085082,-0.07918246933538688,0.9020756209818277,,False
9,E13,5.291421460186706,62.17117005669934,0.07143807551878091,0.8515914433363612,,False
9,E14,55.516253453956786,636.0429793819612,-0.21819985614622361,0.9662910114126806,variance,True
9,E15,37.73639785910276,434.4224886427457,-0.20790822974536435,0.9791760962160991,,False
9,E16,24.19616798454298,288.01534852176815,-0.19885898682790354,0.9777904802254973,,False
9,E17,49.75567216910661,554.2084535362557,-0.2004415470528911,0.941367608278356,variance,True
9,E18,19.12321202011761,247.64414639871825,-0.139322277833774,0.9770619659595504,,False
9,E19,11.747155686539164,155.67877249429876,-0.03417574109741367,0.954694691295718,,False
9,E20,8.1443544912648,103.54427486457186,0.05134285400978635,0.9334678860105854,,False
9,E21,62.755373953690466,765.7610435124643,-0.1953880128242236,0.9148960540851853,variance,True
9,E22,28.975622298551407,364.85770507335366,-0.17465499781112484,0.9744849236414759,,False
9,E23,17.013402012564804,225.72910337291546,-0.12208860010663573,0.9649094254914836,,False
9,E24,11.346124520852829,152.82751030505793,-0.016063574729719355,0.9643578557773478,,False
9,E25,60.977448450514146,838.625120725508,-0.19000757424505738,0.9286919359612551,variance,True
9,E26,22.691799136294097,327.62182123405785,-0.07767972875896392,0.9218465402355338,,False
9,E27,10.720771747384452,142.92438355290304,0.07946855204011889,0.9149101201501931,,False
9,E28,7.839550091193173,95.05962451676045,0.1215512522514954,0.9311805099827133,,False
9,E29,5.577226088282445,63.00493390353295,0.19205003828209197,0.8811856130754554,,False
9,E30,4.107981549132933,40.896633918339234,0.3221148634340687,0.7650640775281302,,False
9,E31,4.025033220188402,32.43566703448766,0.3370002087230443,0.2098979038783379,neighbor_correlation,True
9,E32,16.833090782169492,214.37005708006154,0.19968677571095858,0.6876519662040725,,False
9,E33,10.333611543914966,125.96722344385091,0.25255463558414115,0.7714794160546128,,False
9,E34,8.82878975945331,96.46500974708319,0.19449715483077612,0.8503348652001324,,False
9,E35,5.990111457140958,57.14460485796943,0.3165762860214948,0.8795650597938063,,False
9,E36,5.325854462102152,44.342578068653935,0.4625818652805201,0.8377429705981863,,False
9,E37,4.895281322922822,39.93789166059462,0.3801231874024453,0.6764294636428185,,False
9,E38,11.196768508947152,94.95632841969939,0.3972349908993021,0.8416639925173277,,False
9,E39,13.300052483891497,132.63664737808253,0.1947776297125407,0.5863005214303548,neighbor_correlation,True
9,E40,6.063961025610409,51.69784605685206,0.43239089967223354,0.8697867764658485,,False
9,E41,6.38812446628809,52.24385403723804,0.4289088662822325,0.8290182668638615,,False
9,E42,5.232582905662818,38.7858866894494,0.5066585027928643,0.8271978593141291,,False
9,E43,12.466482311517849,134.23263606716606,0.5057133034748869,0.8809505075129429,,False
9,E44,12.235299131480058,136.40490741782435,0.4823299340066817,0.689488062088047,,False
9,E45,6.495725920768055,67.09777690327593,0.5409246846119095,0.8853122821308153,,False
9,E46,6.140711471575308,51.49263841768377,0.5030639929247358,0.9005119128052068,,False
9,E47,5.8723486486344365,48.29420433953487,0.4615593646731529,0.8424146029805525,,False
9,E48,13.668898101393792,150.20244917260322,0.48943753054494715,0.8214476505799977,,False
9,E49,18.20023206664097,198.99495453962447,0.33786364344089864,0.5878200703364396,neighbor_correlation,True
9,E50,7.638690396477209,74.31779513246465,0.604647207463937,0.9188819522943147,,False
9,E51,6.599532846847763,54.6858919477223,0.5593288557548093,0.9141157610240018,,False
9,E52,6.096659658518781,47.17862103859821,0.5340073534757797,0.8906199616330741,,False
9,E53,5.164563040698397,40.252809012661956,0.4647287361161373,0.9136704348399944,,False
9,E54,4.036430938396474,31.347214731783296,0.4809118852092839,0.8126225906497386,,False
9,E55,4.654589304237678,43.85667376712389,0.06560731258538095,0.17619147200166738,neighbor_correlation,True
9,E56,10.257220619935808,157.30354579801565,0.5447420860193285,0.8761843728258298,,False
9,E57,8.937975605918544,110.99031530574325,0.603951964908991,0.9047594897145848,,False
9,E58,7.058650114702346,65.90512504641468,0.5964391285446385,0.9387715957265825,,False
9,E59,7.048172202217081,56.4414086047409,0.48203681340411353,0.9025493663331444,,False
9,E60,6.379334498769783,52.66590292360971,0.48230860865615827,0.931660062410818,,False
9,E61,4.712159998232292,37.01219806959975,0.5114908558074657,0.9273066348124159,,False
9,E62,5.585028960885922,47.390767767250246,0.41987949478936837,0.8808442595316419,,False
9,E63,11.406785978671317,145.11128629647536,0.5868038402786762,0.897625142487831,,False
9,E64,10.19528095002719,139.20815163281213,0.6188095402383212,0.9387653373887537,,False
9,E65,8.388098740777535,81.5902358188805,0.5886977750636163,0.9483581071993774,,False
9,E66,7.566548887853627,64.04022149412879,0.5557903013379834,0.9436313410660824,,False
9,E67,6.746057980995633,57.37858854388095,0.4821121768257793,0.9310231905557607,,False
9,E68,10.121210765963674,150.60835646925534,0.6131549403752697,0.9055338410858662,,False
9,E69,9.865117282104286,130.1730818482083,0.5991731884388567,0.9536993638480383,,False
9,E70,7.7595921878903455,71.86462730225071,0.5597019376378652,0.9575909591382201,,False
9,E71,7.631865383533972,65.6089600923853,0.4701399847620978,0.9265177121671442,,False
9,E72,6.642377378492395,61.31986817125734,0.4794782760497652,0.9172377424215163,,False
9,E73,8.466262949993638,90.97116241614049,0.5571382082220995,0.9232246222147109,,False
9,E74,8.087262371208503,83.58401738494666,0.5550525227276947,0.9451989565743354,,False
9,E75,7.727683427093128,71.79078992127683,0.5355058977851511,0.9417415647918894,,False
9,E76,7.455969454368162,69.67917609881601,0.4431324226581886,0.923313387672742,,False
9,E77,6.8590854989015195,61.69540944607684,0.434510071929773,0.9017179806979805,,False
9,E78,6.885136124590233,62.37845209197744,0.31545468524802506,0.7686744741780652,,False
9,E79,5.709221610044408,49.05662247598532,0.37693535870488026,0.7429032015995573,,False
9,E80,2.9124986432422206,23.626974249404043,0.4050770544986125,0.4831676060368395,neighbor_correlation,True
9,E81,8.183495271103277,82.70965818220878,0.5593642930562408,0.9348736479156243,,False
9,E82,7.9748262116573105,81.65169957938451,0.5620230667259569,0.9485055752740175,,False
9,E83,9.236883492675938,85.60799703378193,0.5164305219552056,0.8943957424430542,,False
9,E84,6.884436208968761,62.894950416044196,0.5209542012005604,0.9068915218393578,,False
9,E85,5.953951181299838,54.41786402816919,0.5344272698574948,0.8877175800813181,,False
9,E86,5.11193827117614,45.60056336150616,0.5292149163318953,0.8307434932152971,,False
9,E87,4.737976894586549,48.32342897141156,0.3397463665084843,0.5914650288023331,neighbor_correlation,True
9,E88,9.470729238272794,97.73457529705888,0.6138226342563379,0.9583107968194187,,False
9,E89,9.749326307234979,110.5400637353564,0.622306317947486,0.9210372198921358,,False
9,E90,7.243148594900779,67.47359668175639,0.5867841064181217,0.9007419899610248,,False
9,E91,7.125467832239159,67.12865816273278,0.5751363716065947,0.9317543849178356,,False
9,E92,6.7726742090335215,62.60599950840367,0.541253464535617,0.878626195972489,,False
9,E93,5.909347054400954,60.24791171166842,0.6228613832330924,0.877029161031428,,False
9,E94,10.413886555726068,109.65862183828918,0.610123348092017,0.9245139540877043,,False
9,E95,8.621277719287535,86.5574345198251,0.6007488401324066,0.9095561777357155,,False
9,E96,7.547667412269732,75.23303055982367,0.6204494746061061,0.9468957228759601,,False
9,E97,6.666002910078537,67.62463623281333,0.6045156434644035,0.9437085332022569,,False
9,E98,6.401360550763088,64.21842852449552,0.6208202521345693,0.9249311893400043,,False
9,E99,8.58847710940663,85.77863876015758,0.6189319648109299,0.9043142137489436,,False
9,E100,8.856569734884456,90.59499144809078,0.6047038192504125,0.9580615672680921,,False
9,E101,7.411272669737233,77.0128026987638,0.6003780225815191,0.9621381465560617,,False
9,E102,6.121113822543779,63.614092662058816,0.5522551804030379,0.9702592531295011,,False
9,E103,5.671178453359885,57.34619166732679,0.5166324615848015,0.9394258365049428,,False
9,E104,5.005853173806166,45.11134503722462,0.3168469150107976,0.7841206075917249,,False
9,E105,4.046941312440782,30.734019643547562,0.286146018556145,0.7479652552160153,,False
9,E106,4.109490429985579,45.14039783451199,0.18994025916112856,0.4797300509095693,neighbor_correlation,True
9,E107,26.48500056626553,554.463877055795,0.12634265151604884,0.27986740289363765,neighbor_correlation,True
9,E108,8.458179479379774,88.10683560309948,0.5561728596242345,0.969615882323025,,False
9,E109,7.01341212781374,70.65242004468945,0.49894129909361756,0.9715480402388688,,False
9,E110,6.0410375048407445,54.45066615510895,0.45617551271055307,0.9219592436006329,,False
9,E111,5.154770659856114,40.43323361759457,0.32773914176827096,0.8838212467858617,,False
9,E112,5.486303553207845,43.03399070873388,0.3581481434541638,0.7554031314355435,,False
9,E113,12.958954824825762,143.7108746369428,0.4858435291196124,0.7655628086299542,,False
9,E114,16.87278474589383,163.10902364339708,0.2583468758392963,0.733312603775438,,False
9,E115,8.896088091935187,87.81898097119132,0.4414194295091051,0.887740011476844,,False
9,E116,7.758201698663386,64.5544515516106,0.3997771968020435,0.925526787800998,,False
9,E117,6.811914235246264,51.00279953761465,0.3572313331886244,0.8570975883337013,,False
9,E118,8.34412312398109,81.75536300813349,0.08816390359753283,0.8586560192788388,,False
9,E119,15.157531527271185,192.4782081784477,0.45410445810344174,0.8042559726021004,,False
9,E120,13.343852750382688,161.17084318659923,0.4326591711798314,0.8655432886765184,,False
9,E121,14.144812787968807,153.4428273057946,0.2853081935908378,0.8614521778791768,,False
9,E122,10.469209635847918,126.51797879527545,0.2890290639883138,0.7173867020707153,,False
9,E123,9.101191895998006,87.82257909848698,0.19277493105253155,0.8618214257560268,,False
9,E124,10.388202967880195,106.77920819248928,0.07799185390672854,0.9563135642615819,,False
9,E125,18.3952728101603,231.92513089988813,0.32746427728373695,0.8288121433941584,,False
9,E126,18.408894991406523,240.57461018506385,0.40295906319174885,0.7933736479778997,,False
9,E127,16.796338940453218,175.55286250343806,0.44471222213121975,0.8297636557341785,,False
9,E128,14.08143587035834,126.47980086748359,0.3892082878976434,0.8620259729238777,,False
10,E1,15.974613202567257,192.34072970526768,0.28453493843456795,0.7314960694360607,,False
10,E2,19.81379645360202,257.90325685110463,0.10138929253495986,0.7894010846790531,,False
10,E3,14.082083856672163,185.7982406757842,0.10041307460856902,0.9463560195645899,,False
10,E4,11.6409440683476,150.633498202469,0.1420580832284703,0.9401730271172679,,False
10,E5,9.0985710848806,107.74944257554532,0.1346874446350535,0.8684245983615624,,False
10,E6,6.54777475609638,68.09726981838836,0.1154164056992091,0.7818774497810981,,False
10,E7,3.3546218558406404,32.79382262433836,0.16124651803714973,0.6310832608626469,neighbor_correlation,True
10,E8,57.293237467433,834.585536097798,-0.047595960952624645,0.8540541606035587,variance;peak_to_peak,True
10,E9,39.419344658596565,529.2517935430244,-0.001031781939561613,0.7461091410230862,variance;peak_to_peak,True
10,E10,17.84780025052008,248.34710084121002,-0.014436876653336714,0.9544519668051968,,False
10,E11,13.375564128617933,170.7067294154227,0.04925003948269159,0.9421689681575467,,False
10,E12,8.048995258227901,91.02341901289856,0.11924287966011508,0.8872081923720898,,False
10,E13,5.032149779242507,50.95905215100453,0.24881479004806678,0.8709876420406895,,False
10,E14,46.97258723092915,679.8829649647048,-0.04324662627958455,0.917372920599073,variance;peak_to_peak,True
10,E15,27.77973363765039,389.7672694590934,-0.04037651542687278,0.9452693266232863,variance;peak_to_peak,True
10,E16,17.889548329773717,240.65193696387766,0.009201022014027905,0.9642591699765819,,False
10,E17,53.036322665864816,652.8915279490493,-0.03151281267740559,0.8889190147283732,variance;peak_to_peak,True
10,E18,15.076436174400772,194.85779945479382,0.06591841091916623,0.9617920706292775,,False
10,E19,9.693654252711246,115.42727120085365,0.2069044903010692,0.9578297116684795,,False
10,E20,7.23234503020955,76.51561946218737,0.3065734090077843,0.9481347524225486,,False
10,E21,80.67460140241084,1068.0698084862963,-0.019246092630970796,0.817974785255981,variance;peak_to_peak,True
10,E22,23.620444649730505,316.44710522515334,0.011353021507617892,0.9220343095222596,,False
10,E23,13.509196035386498,173.86259105359233,0.09744108547556059,0.9554656109487187,,False
10,E24,9.46184466664741,110.34441977408841,0.2471927463100544,0.9649698502959194,,False
10,E25,52.842466767715436,713.3024459213823,-0.035696418670246935,0.8698876376421167,variance;peak_to_peak,True
10,E26,17.6426746394746,221.6569417516121,0.12367059141286607,0.8811826486709936,,False
10,E27,9.291159468098082,104.79178462506678,0.3032058705922711,0.9152615079614326,,False
10,E28,6.971460285092424,71.04157148050697,0.33804677837187824,0.9455910861894483,,False
10,E29,5.30749979166071,48.56424329943634,0.3778627322270029,0.9019837213577467,,False
10,E30,4.075020710716088,33.56404184251605,0.4211254498439597,0.7967772995885722,,False
10,E31,4.470341924906815,35.83537820662508,0.25124051307053286,0.17443973250178962,neighbor_correlation,True
10,E32,13.665074274728296,134.0876620950084,0.3346618951638316,0.7832901201720731,,False
10,E33,9.649796736646362,82.55672358716492,0.4303158447327211,0.8446988179463626,,False
10,E34,6.806076711577897,60.95193024129742,0.460441676887535,0.9199639401636637,,False
10,E35,5.578753339539872,47.705606768779546,0.48429254761028634,0.91640187088137,,False
10,E36,5.082347047800501,43.47699652231629,0.526606449044214,0.8356178946074108,,False
10,E37,5.0373323381257915,41.20304028197722,0.30624702556386096,0.6560022821932827,neighbor_correlation,True
10,E38,10.554704007409335,96.13610941276971,0.47913888237306396,0.9000872812634165,,False
10,E39,7.538159208396588,59.058080532029365,0.5266390453729297,0.8862872029770223,,False
10,E40,5.645424411056579,48.082594572215754,0.5523220101219858,0.9245277605519251,,False
10,E41,5.971852298725526,50.755315601886224,0.5203084537155098,0.8822539569955432,,False
10,E42,5.7637802859282825,53.537101667772006,0.45192588996318644,0.7490437500036573,,False
10,E43,11.225226571407534,118.95861007981159,0.5055906029924853,0.9328797804170161,,False
10,E44,10.610818635107485,101.76061688362711,0.5131348038302488,0.9032966281026978,,False
10,E45,5.956752259951107,54.55642069114681,0.594994451195781,0.929673617255077,,False
10,E46,5.918385038311055,53.29104382460646,0.5699670085229908,0.9315250346829786,,False
10,E47,7.736208597792249,81.1038850040536,0.3655067229646533,0.6276606297320501,neighbor_correlation,True
10,E48,11.989701991750179,132.81194153647817,0.5042048883547364,0.9120190205688118,,False
10,E49,11.063824255891925,112.60294374229869,0.5196230820877098,0.8710353056759572,,False
10,E50,7.163853443781035,67.63899728055819,0.6350470297492455,0.9267016962772043,,False
10,E51,6.215245326152529,56.07447572352087,0.588134931510629,0.8915235411043054,,False
10,E52,5.796428822455046,53.56353575970098,0.532056619481918,0.8849611424774783,,False
10,E53,4.938971186907647,44.16414276776965,0.4539528706153737,0.9139468995443283,,False
10,E54,3.9345061743559913,36.19099161761983,0.42563945535195274,0.8054282930916046,,False
10,E55,4.777336827184687,49.0047120073148,0.07984727822551618,0.13800789400490487,neighbor_correlation,True
10,E56,8.80387230186932,80.77984745050267,0.6299788410458723,0.9143245976789911,,False
10,E57,8.186841925656374,71.83422717325536,0.6447593041330261,0.9522766381869825,,False
10,E58,6.397268682806472,60.089818511629375,0.6174612690185227,0.9274057023022402,,False
10,E59,6.814230671255517,66.46504461540931,0.4956407296934545,0.9069501607584388,,False
10,E60,5.956624283372228,56.96000699713386,0.42754777734466165,0.9368426289024282,,False
10,E61,4.517198058963363,43.39097386111439,0.4479321946948851,0.9379419757312216,,False
10,E62,5.579199222362822,46.26847620906034,0.3198801800304947,0.8871668220273567,,False
10,E63,8.922975940520647,81.88948811420889,0.63587281041934,0.9511015225892423,,False
10,E64,8.48152017311778,81.56199592597545,0.6550836915135958,0.9592625389994516,,False
10,E65,7.552205605068931,84.0104553233316,0.5464751729442447,0.9347126392035965,,False
10,E66,7.010960552868682,72.09789419977025,0.507331776827525,0.9473748702892952,,False
10,E67,6.567509055285844,57.35302401758102,0.39208010217392225,0.9281333205563187,,False
10,E68,8.984410607958962,85.20732077469268,0.635926571858551,0.9444640416415038,,False
10,E69,8.845162754264303,93.23589832131478,0.610531380436317,0.9427586908438883,,False
10,E70,7.09168504040423,79.67676224552645,0.5008366436334616,0.9684293434779581,,False
10,E71,7.068669776798493,67.85115771965945,0.4339408556374348,0.9525706347075759,,False
10,E72,6.293941042126306,55.166870877196914,0.39988887376592036,0.9154768441660719,,False
10,E73,7.44475259714869,69.65004039918583,0.5496422616214776,0.9186884965769138,,False
10,E74,7.0715353137019825,66.92401140847144,0.5316793329603924,0.9379128458497488,,False
10,E75,7.0642840216037035,66.0518539122112,0.48742056761187597,0.947115434129328,,False
10,E76,6.958252738026766,58.43994476186377,0.4118277155011333,0.9077560101125071,,False
10,E77,6.314059010219061,58.73441033269589,0.40967653563990236,0.8887578528954332,,False
10,E78,6.554899363174609,65.75522580167396,0.30793179940202675,0.7590473325776443,,False
10,E79,5.373351748548962,50.79638027525135,0.366191516936592,0.7335220655654184,,False
10,E80,3.2055158616544674,27.710830457737003,0.41968044166905927,0.464829737277461,neighbor_correlation,True
10,E81,6.8534710386851785,62.73029538585564,0.5537669075922957,0.9244675218802065,,False
10,E82,6.731543506349712,60.23522107586004,0.5518220118979822,0.9408706828301252,,False
10,E83,8.44135323251195,73.85069308894032,0.46488686488699954,0.9063167666659611,,False
10,E84,6.299851633752771,55.415098697521955,0.4873743218578602,0.9050262219508359,,False
10,E85,5.478483859542131,45.96648037146566,0.502768715242125,0.8887029120089414,,False
10,E86,4.730369077425448,37.803844583912166,0.5064555530964095,0.8358138949462253,,False
10,E87,4.082174648997314,32.33345811645049,0.4170033892867463,0.6558339520497244,neighbor_correlation,True
10,E88,8.006418524428767,65.74135288878512,0.6393273035894593,0.9399175715551698,,False
10,E89,8.412467590375996,71.19761794533153,0.6363500470493687,0.9305737785926171,,False
10,E90,6.495091442332323,58.25697568426622,0.5884123166621394,0.907120221671706,,False
10,E91,6.440425033834316,58.35577501015667,0.5731906709467166,0.9452015377871726,,False
10,E92,6.326111163310274,51.28742192263779,0.5196230820877098,0.8775875071646593,,False
10,E93,5.4426051350187015,43.96197520608395,0.6523010793604441,0.8766151892801989,,False
10,E94,8.658837134103669,70.39675723767769,0.6426361251554359,0.9260671856559419,,False
10,E95,7.414039316384728,66.73162306042357,0.6421858821104139,0.9226499641565276,,False
10,E96,6.673013196029619,57.5681260661587,0.6616614977190375,0.944531973646936,,False
10,E97,6.036636593093084,49.460256992637184,0.6317097933036598,0.9483870356955382,,False
10,E98,5.85322194985865,46.15002889342826,0.6563046942921952,0.9254367583264392,,False
10,E99,7.7827168792160615,64.07100529049885,0.6492819601741041,0.933880990470817,,False
10,E100,8.08435741590875,67.40773736627332,0.6417671619717583,0.9587174418366637,,False
10,E101,6.925346828598965,55.82186148199026,0.6291954568152976,0.9585952972636096,,False
10,E102,5.958910507030098,46.45071094295465,0.6251356513119359,0.9687290994618751,,False
10,E103,5.50927781161007,43.06969626967867,0.6039969216812004,0.9385549829814934,,False
10,E104,4.909939233569038,38.42624437589497,0.44260169468570754,0.8237876308354037,,False
10,E105,4.263092055150345,32.32264099999597,0.413936497292903,0.7549880483182556,,False
10,E106,4.217472473993657,35.06166003327712,0.2695345180850606,0.5397636457444112,neighbor_correlation,True
10,E107,11.261122751890738,108.80038205132124,0.48279512740458547,0.7044259741491092,neighbor_correlation,True
10,E108,8.040340642282306,66.39891332392227,0.6085911172252378,0.9682880148604562,,False
10,E109,6.984055985850182,55.19190379933261,0.5761816138382314,0.965471513288194,,False
10,E110,6.205117259196783,47.97529073553436,0.5732056389980769,0.939089563517338,,False
10,E111,5.229483328054278,37.51939516343003,0.5239811486888601,0.8991629547980718,,False
10,E112,5.684382881550557,45.655420652184276,0.5013648596232061,0.8000141088517785,,False
10,E113,10.882493045883912,104.2406950374359,0.5302203933601395,0.8118467348093366,,False
10,E114,11.269712774760249,90.69603133582902,0.45022133270465653,0.8134102986164347,,False
10,E115,9.899892532322083,104.80544187811167,0.4949302457750922,0.8422307941350923,,False
10,E116,8.571959663388133,84.02884895199549,0.4830820061559972,0.931317639186712,,False
10,E117,7.310466152194464,65.72809260142662,0.5029571385041756,0.9105699286153869,,False
10,E118,7.436275004523223,81.73436691754091,0.31170324531748617,0.8796234724702839,,False
10,E119,12.562539602779006,138.70666957127708,0.4628699186672883,0.8451461402412124,,False
10,E120,11.183119952360117,102.39307999240353,0.5031549087109657,0.8897509722407517,,False
10,E121,11.51605658729153,89.7920333799515,0.41703884684063897,0.875107898193821,,False
10,E122,8.435921028222225,83.88720678685503,0.4773441792504013,0.7953981657054663,,False
10,E123,8.167748571022674,89.18519034537798,0.4030763320190569,0.8860580105948912,,False
10,E124,8.851972988948962,101.89570393391833,0.32237879741978276,0.9465813130602245,,False
10,E125,13.86454498892702,133.70193925189312,0.3762384840005408,0.853599071355009,,False
10,E126,14.213268821658845,165.5361867149424,0.43205726908264036,0.8075958225806363,,False
10,E127,14.07676416780234,178.01319312774908,0.4119932853611199,0.8796068586717205,,False
10,E128,12.46846498357197,132.53547531259926,0.42465003949778096,0.9229164429644611,,False
11,E1,16.301465302156533,214.62741036734045,0.22996031537932723,0.573931580184428,neighbor_correlation,True
11,E2,22.271576476504745,272.5958359139519,-0.03361332992280607,0.8946541147708446,,False
11,E3,15.913559991759792,179.3692864027058,-0.05870814846938644,0.9650115869169671,,False
11,E4,12.662505453789963,146.2936154509517,-0.03222956958153185,0.9495096046828053,,False
11,E5,9.374296166942512,97.71466332882567,-0.02341889237182786,0.8829880164561166,,False
11,E6,6.57896476008177,69.51636861568859,-0.015542953954095991,0.778672346879205,,False
11,E7,3.3464375828417956,31.03337509399701,0.09118239526327403,0.6277373098927672,,False
11,E8,58.82300471858867,666.0429631725673,-0.1427522540551127,0.9501992250999096,variance;peak_to_peak,True
11,E9,32.970238953719345,361.2901693540306,-0.1387915805308399,0.9839463743849574,,False
11,E10,21.105509660560962,231.67664224554895,-0.12011286000922583,0.9746625403290204,,False
11,E11,14.832482419781451,166.61008156028348,-0.08820136437803126,0.9463622842841627,,False
11,E12,8.607844762710412,100.14982723636913,0.011864900010459709,0.892617400174099,,False
11,E13,5.156148543217105,53.96828754893029,0.0980811645471838,0.8653824312623191,,False
11,E14,46.307561676357786,561.4431337371319,-0.17533347415565775,0.9823387093213639,variance;global_correlation,True
11,E15,33.16369979793479,385.4374563994454,-0.15367870058692146,0.9824974139446235,,False
11,E16,21.16321660713153,233.45848233897163,-0.1043383546603493,0.9757110386272931,,False
11,E17,54.64712805801761,570.6000032605923,-0.18474998290600017,0.7171075064048905,variance;peak_to_peak;global_correlation,True
11,E18,17.174505558541817,205.93726948063227,-0.05629450864888016,0.9735400154081106,,False
11,E19,10.608573516480757,126.75593162029956,0.0518721661612239,0.96496800763473,,False
11,E20,7.516084413904859,87.0173161108093,0.11906867272935247,0.9542294933797721,,False
11,E21,48.87616211528275,568.6150860904921,-0.1674547087002829,0.9698139172696785,variance;peak_to_peak;global_correlation,True
11,E22,25.797804551238492,314.64909152715984,-0.1002713198046669,0.9767924012405045,,False
11,E23,15.42346448080638,190.98634192718163,-0.03476437046827949,0.9716676488862215,,False
11,E24,10.253542928849528,122.2757736780924,0.06662017890398796,0.9685794461146698,,False
11,E25,54.059407556130736,770.1384011895053,-0.16849101921188253,0.9439302343397447,variance;peak_to_peak;global_correlation,True
11,E26,19.996146796795646,307.3839050827331,-0.025529872651063837,0.9226954340846226,,False
11,E27,9.71193807802431,124.5908617173088,0.11752556766278321,0.9137381958842763,,False
11,E28,7.130070943178108,82.37233309076372,0.21177963560410523,0.9311375833436201,,False
11,E29,5.283851237515802,52.58120076720796,0.2984081904244395,0.8929779551531648,,False
11,E30,3.9174037019174657,32.469533116662255,0.3648724213874727,0.7746217512851601,,False
11,E31,4.208715808977669,32.47338305907106,0.2918556514326484,0.23400111925339734,neighbor_correlation,True
11,E32,13.958803642581127,212.57837775198516,0.2789815406538255,0.6679872642604239,,False
11,E33,9.9161928475136,119.70267703107672,0.35754731179002947,0.7695867789076025,,False
11,E34,7.300642453484586,70.21986750324041,0.36320271150774486,0.8612145329801707,,False
11,E35,5.602777890709281,47.30442308500004,0.41678594120978274,0.8878994309967421,,False
11,E36,4.9988082389132416,37.9832897692054,0.503639729477917,0.8264157451935579,,False
11,E37,4.663148752646249,40.278477760637585,0.3683531022373835,0.6636768763464482,,False
11,E38,10.696368031797748,88.20502097361482,0.4407607527496105,0.7661170131978818,,False
11,E39,10.208316749304641,133.58056599427846,0.3706161580583514,0.7304633050916121,,False
11,E40,5.749349439255373,43.35117209793306,0.4924320216093345,0.8647778608859036,,False
11,E41,5.979628053302063,42.918852735257495,0.4669942966052155,0.8169614954571621,,False
11,E42,5.104334172321001,43.78432103424208,0.4980749774404418,0.8005687973875737,,False
11,E43,12.13964482743111,113.22402073668394,0.4637271705533581,0.8405846032460819,,False
11,E44,12.148155170130691,133.22402290864838,0.40858407901759713,0.6637558460405302,,False
11,E45,6.148418723876416,55.34023383116383,0.5621379770590442,0.8854380410353533,,False
11,E46,5.791397546086593,45.45620908419035,0.5444434550837457,0.9014960495384445,,False
11,E47,6.047840592625143,51.03185353311997,0.442627075532762,0.7643563575577136,,False
11,E48,13.670035525540108,167.86985610861774,0.4743326629937337,0.7703328797284639,,False
11,E49,11.566069596789722,114.68277758194537,0.5155306631238026,0.807905113277386,,False
11,E50,7.428319253319637,63.604114621041106,0.5868977804751389,0.909139523175011,,False
11,E51,6.318329337008846,55.26824888953408,0.5769408023257274,0.8920391827586266,,False
11,E52,5.9478413673823,49.42975215859778,0.5191579988256546,0.8599094253501374,,False
11,E53,5.128365951822563,41.62196368124944,0.4440167166156104,0.8796715395692991,,False
11,E54,4.055150150199926,37.64694172383999,0.4612153910444787,0.7859658687025098,,False
11,E55,5.107877736966208,55.691552985005615,0.0750472708938805,0.18110967606835177,neighbor_correlation,True
11,E56,9.24802192809218,93.04110092510723,0.5805002505474036,0.8605245385401241,,False
11,E57,8.664497107768646,76.9842933347599,0.5991680665998989,0.8946970242154322,,False
11,E58,6.643829484205832,58.41430203368567,0.5867242387968045,0.9150685929394973,,False
11,E59,7.044882578627574,59.59866116166609,0.5063915104118133,0.9070825307440372,,False
11,E60,6.460714784477142,58.24387161854102,0.46979170328442743,0.9051893580949864,,False
11,E61,4.731893228745637,42.42364775226138,0.4820267727645757,0.9096829896873599,,False
11,E62,5.708239643826562,52.84474809529489,0.3716355799239656,0.8732320941681335,,False
11,E63,11.057775195838648,120.81124275374555,0.5048187856176296,0.834194707954391,,False
11,E64,9.561271067523814,93.91627576047514,0.5759554554363108,0.9205971574510041,,False
11,E65,8.127194307585999,74.54169559303162,0.5297885526687699,0.9349905848507627,,False
11,E66,7.483945962316205,69.24750298326256,0.510305578744676,0.9460928689631538,,False
11,E67,6.850254508832963,62.01643174017538,0.426094222467991,0.9182304091755443,,False
11,E68,9.628642119789639,94.02093092398307,0.6027349056217683,0.9065145896409246,,False
11,E69,9.163776748009806,91.44882653190021,0.5917265945333837,0.9387658583083487,,False
11,E70,7.599150298504487,71.94874849107714,0.4914644521115552,0.9646498638899632,,False
11,E71,7.62065043027679,71.01849627007441,0.4424103066470195,0.9472097931667852,,False
11,E72,6.598355983001703,62.29686675790956,0.4274750609741278,0.9158829186486215,,False
11,E73,7.838715000211618,76.26998004323008,0.5486633985673257,0.9200177619767277,,False
11,E74,7.536386448176342,73.32318386891785,0.5273565795006746,0.949183235071728,,False
11,E75,7.619876024323162,70.81423893028702,0.4860076045189606,0.9538797702933832,,False
11,E76,7.499845312367729,67.12902185908219,0.4124055620956229,0.9150750301677707,,False
11,E77,6.927486637359567,70.95806883230517,0.39184492524081654,0.8805306786907237,,False
11,E78,7.310529423522919,77.19531647543147,0.28022576665598564,0.7421844339190891,,False
11,E79,6.185728567035606,68.89646568390468,0.3310361780191753,0.7423024731170517,,False
11,E80,2.8434172602613157,23.521038651501623,0.4064592638087838,0.4251442978111763,neighbor_correlation,True
11,E81,7.66214493570364,75.59882901234542,0.5165813630016141,0.9284306981009552,,False
11,E82,7.562277641109769,72.79913866505768,0.5075047357668476,0.9392241908868132,,False
11,E83,9.463063348633751,82.94486901198309,0.4645347846807388,0.9122854805425548,,False
11,E84,6.978800389385636,63.73371108508912,0.481677826569447,0.9079794842692412,,False
11,E85,6.052043228399842,55.103252866831085,0.4856198773712562,0.8820894422178212,,False
11,E86,5.235490160578398,47.632314394913514,0.4777268720766084,0.8164610878974456,,False
11,E87,4.247882241429764,32.842754407157635,0.3751424769159871,0.6548955303416666,,False
11,E88,9.021135632476136,90.18000015420586,0.5612562703530597,0.9424331042887202,,False
11,E89,9.33368104056114,95.11150903802766,0.5815327623757022,0.9302361494104281,,False
11,E90,7.148800262002587,65.8230680016004,0.5720266412487673,0.9178065518099069,,False
11,E91,7.073942957708362,65.23139493110196,0.5623549597316738,0.9484589890234476,,False
11,E92,6.982098036512377,63.41187322400025,0.5049152843415385,0.874310798586126,,False
11,E93,5.85461672228125,53.9463749486991,0.6205691908020916,0.8683987801533809,,False
11,E94,9.66146315249214,96.15020881810649,0.554950321393935,0.898541583145837,,False
11,E95,8.25476175394501,77.58784211166653,0.6099593532650819,0.9267579795048122,,False
11,E96,7.374562560722009,68.37526514326098,0.6234945294553115,0.947982866558279,,False
11,E97,6.6297750877180555,61.70131800211692,0.6060534085344074,0.9467452227575903,,False
11,E98,6.314317210379999,59.78526693273774,0.6195312543587451,0.907054788504843,,False
11,E99,8.30910199714683,82.04945229620127,0.6223636736712429,0.8896926742215623,,False
11,E100,8.509967271250241,82.9844184904455,0.6204997869174945,0.9471980435697056,,False
11,E101,7.293378974899627,73.28948661432719,0.6256573074827025,0.9494422185655302,,False
11,E102,6.2889224424294,61.640525927676116,0.567680037961524,0.939936007755667,,False
11,E103,5.741940825239606,56.58476295507378,0.5346438592136259,0.8992960654654284,,False
11,E104,4.717243010835582,37.87376692598373,0.3921425121551489,0.7786143892971706,,False
11,E105,4.148406043863035,30.205616768953227,0.3594917600143906,0.7578386545427858,,False
11,E106,3.390362742584502,25.934270836641375,0.20885857278899794,0.5428753583179942,neighbor_correlation,True
11,E107,16.63514538898874,179.2090437577075,0.38600990969603366,0.5658447020529354,neighbor_correlation,True
11,E108,8.628551274105536,84.90674560002668,0.535650784206839,0.9332197917046268,,False
11,E109,8.511686141732342,97.93670097377716,0.4532225091582578,0.8821531351321814,,False
11,E110,6.853798988990627,73.58266819713795,0.4463592243857136,0.8310197510700814,,False
11,E111,5.247237893149118,48.721915418365704,0.41080219510862254,0.8643424614995523,,False
11,E112,5.622338329584382,50.33539244742704,0.42976419446672304,0.7551078092752401,,False
11,E113,12.498128132880057,144.9663577590774,0.4993494112394066,0.8029059893751884,,False
11,E114,11.734984921807172,127.51282799379374,0.4208658307763889,0.8067232352200645,,False
11,E115,12.454285846855589,139.83436993807743,0.39119197936620453,0.5119714629035819,neighbor_correlation,True
11,E116,10.246159251034705,111.56565455520244,0.3819199538735124,0.6550414866585537,,False
11,E117,7.865710657251527,77.94564874296736,0.40404523377819135,0.7408784058138693,,False
11,E118,7.635206533789972,80.11528762480594,0.19679004629847394,0.8520253607255359,,False
11,E119,15.897446298698776,210.62166091225862,0.40121110800740317,0.7948077618616505,,False
11,E120,13.473845484169793,150.54596654715021,0.43962772484834267,0.8196553474771537,,False
11,E121,12.015137524287123,146.1545537802628,0.35441202892946955,0.8359289824619545,,False
11,E122,12.777612645382447,159.47240000103702,0.22213153198440372,0.48962290185731255,neighbor_correlation,True
11,E123,8.092350052537837,85.26995245520523,0.2732486325856625,0.7550998033645838,,False
11,E124,9.006245287249548,100.60132279053306,0.17533347056848533,0.9432070727451543,,False
11,E125,14.684086143318135,202.38569522663727,0.39953236558520927,0.8513631154942343,,False
11,E126,17.362813557897134,230.3500995344616,0.41307916031600395,0.7966187631331609,,False
11,E127,20.845902756651334,351.0174774705364,0.3233355582517687,0.5381818320623569,neighbor_correlation,True
11,E128,12.341556892705835,122.68578503627332,0.44518349225029624,0.7237347958873841,,False
