trial,channel,std_uv,peak_to_peak_uv,global_correlation,neighbor_correlation,flags,flagged
1,E1,32.65625698975786,391.9415124539007,-0.10092445613416529,0.6257538119007384,neighbor_correlation,True
1,E2,31.725884963615048,252.2046319692057,-0.15929085556307002,0.9089188392780838,,False
1,E3,19.051247193158474,142.59339538411388,-0.20377572869692107,0.9599716121502946,,False
1,E4,12.936665776424398,103.15780406777851,-0.20969645343029722,0.9724997984415353,,False
1,E5,8.625879372159421,72.19115807215859,-0.21383255855024705,0.9473518258236322,,False
1,E6,6.244438823164635,50.27203895947817,-0.1782560961809335,0.8345141859356087,,False
1,E7,2.315748618836642,19.271839775307427,-0.11597880055778396,0.5099466464763616,neighbor_correlation,True
1,E8,92.10325867586897,699.3671268332977,-0.24569082625289665,0.939649666990132,variance;peak_to_peak,True
1,E9,35.255768419790904,261.6035943229747,-0.22915204674595707,0.9799000234337425,,False
1,E10,19.92312475382099,153.09161501121025,-0.22065561163296954,0.9801732328301682,,False
1,E11,13.47379438280497,107.61311763729339,-0.21098553910518916,0.9737296841097411,,False
1,E12,7.951919434739055,67.22394399614797,-0.19523115940930896,0.9289291886088356,,False
1,E13,4.75284267347726,43.43728262428183,-0.1434825698234805,0.7771227407799695,,False
1,E14,44.43326830420991,309.74644233462186,-0.2195940218685488,0.9810732919712565,,False
1,E15,30.072221954540225,208.6171814993671,-0.21615879174023822,0.9853608449574454,,False
1,E16,18.367011671577824,141.93014571306367,-0.214563197175304,0.977951756316229,,False
1,E17,29.78707933195487,223.63001908712513,-0.1657222637846278,0.9670955034181441,,False
1,E18,18.88528480909828,143.42661948398296,-0.19038872457234443,0.9790317295793236,,False
1,E19,12.649502181257953,104.41642285537037,-0.19976755327301624,0.9660583774201272,,False
1,E20,9.382849333178363,79.89166244659587,-0.13309419655546256,0.8996793177683857,,False
1,E21,41.58150565951815,295.2478406586454,-0.21212018226332383,0.9789259958307608,,False
1,E22,31.209493030071773,230.3080075631844,-0.19699828946135942,0.9767143734237002,,False
1,E23,18.753897241118178,150.36289779301578,-0.17899038945087975,0.9654763877238306,,False
1,E24,12.194231831039005,99.20495389585508,-0.12589730035533137,0.9524101143080553,,False
1,E25,84.44173156737506,647.9751591868614,-0.2154072557530538,0.9426857288416011,variance;peak_to_peak,True
1,E26,30.936279384799228,266.9505334770265,-0.14251734412377465,0.907766810549278,,False
1,E27,13.025925737655367,113.9933258364406,-0.05622271167749706,0.8885845285600456,,False
1,E28,7.947043367467065,70.81376184216879,0.05975987418046471,0.8775976224193145,,False
1,E29,5.103020808047195,42.76229632591257,0.0843497413922512,0.7662792410263437,,False
1,E30,3.5634548865878894,27.553071918633208,0.15173037937749154,0.5961360397910151,neighbor_correlation,True
1,E31,2.617871785097607,21.202520834451917,0.2930434206565545,0.4842694767429516,neighbor_correlation,True
1,E32,24.601997605671674,249.16976811893522,0.03504136546994198,0.6362045473507361,neighbor_correlation,True
1,E33,13.255238563531869,113.30217043619517,0.1572624338878161,0.7447696816402929,,False
1,E34,9.911666598313516,76.10278639619366,0.1866675524477379,0.7672189260658137,,False
1,E35,6.584521619147903,52.401295702418636,0.22855567742320995,0.7857918134020392,,False
1,E36,5.051319067107725,38.95292005839203,0.24994017197824528,0.8043601193954593,,False
1,E37,4.355020623690523,31.58346501313764,0.3339148303639887,0.7628943675812692,,False
1,E38,14.684977111347099,128.82775441244073,0.2825709255456225,0.8591758548310875,,False
1,E39,10.024666213909011,85.68599781715204,0.35450623850080004,0.8305804367658639,,False
1,E40,7.756308558867321,61.890186490623364,0.32565951664384335,0.8908843692158066,,False
1,E41,6.8153752456714995,54.85350375862981,0.3622251079350887,0.8791619087826301,,False
1,E42,6.340365177769509,48.19259806710261,0.4195697033390386,0.8807605735948584,,False
1,E43,15.16724373414552,131.44866296308697,0.3979818963755455,0.8922872372176449,,False
1,E44,12.737301621455302,114.71918763792775,0.4230799080886664,0.8835280337751186,,False
1,E45,9.909793143099273,91.48549517165557,0.48807855796686017,0.8518746903286971,,False
1,E46,7.894109201854204,63.105269458398794,0.4731085635712615,0.9019763095767281,,False
1,E47,7.338349516742115,55.66116507168613,0.46521136586699147,0.8894758637765301,,False
1,E48,16.673570245393112,158.34692295620917,0.4223501046846538,0.8768064604792225,,False
1,E49,13.863250934593792,129.96492415521254,0.46481265670023436,0.9001157900941804,,False
1,E50,9.536350974063323,85.77097086206486,0.5530598580862908,0.8913106810903862,,False
1,E51,8.316460643333018,68.74533755829721,0.5059283272568699,0.8937967558574632,,False
1,E52,7.185787043861612,57.161173711493845,0.4764216190757658,0.8853435274238404,,False
1,E53,5.890208101626981,43.67180931164541,0.4235726667419154,0.8644157110676435,,False
1,E54,7.200075102873733,87.53102494738533,0.2797665036878933,0.5233663768147674,neighbor_correlation,True
1,E55,3.0272740060466026,23.610311338990535,0.359214315935612,0.4699761840279043,neighbor_correlation,True
1,E56,13.525261503201577,133.6822752892149,0.5152250047479519,0.8778839590332452,,False
1,E57,11.591469739404976,106.62485500038352,0.5322730301225804,0.8818562340521068,,False
1,E58,9.977603748833303,86.71752705299404,0.5649296795870562,0.8715678689581335,,False
1,E59,8.65301490956722,67.04549394569592,0.522964473637055,0.886366576987247,,False
1,E60,7.357563279291627,59.84167736622645,0.48704246170445176,0.9091401260748069,,False
1,E61,6.338787106517669,48.67158387291572,0.44514873284217543,0.8820341506330527,,False
1,E62,7.382200773667763,58.1795989258449,0.4223501046846538,0.9142797058769079,,False
1,E63,12.672114764877735,115.06684808948627,0.5186616677561563,0.8863271158408036,,False
1,E64,11.705575803272813,108.858669602428,0.5607107682289906,0.8955154064947933,,False
1,E65,11.706467685606043,110.46281677885784,0.4853594890902194,0.8588496727805468,,False
1,E66,9.214110741402264,69.93194983780987,0.4926392413409397,0.9285559734251607,,False
1,E67,8.088179646962741,62.979071061425934,0.4620026966013923,0.9351426186438041,,False
1,E68,12.522787463038329,123.10093349175722,0.532132414269946,0.925427543818574,,False
1,E69,11.665734948295666,108.64960221361113,0.5254636479229776,0.8889759848350112,,False
1,E70,11.431318194250265,98.26506444128292,0.5164174598107804,0.9052439404108318,,False
1,E71,9.27590093548892,72.27498931780923,0.46837733317714714,0.9329928036756279,,False
1,E72,8.059319143227857,59.942918715623975,0.43122649737817126,0.9380862272800652,,False
1,E73,13.336395311800997,115.77831354235688,0.5064170263852827,0.8628050646587653,,False
1,E74,11.953834432481248,102.00396722782884,0.5124673859943346,0.892248332241643,,False
1,E75,10.95395577867786,96.3959318201778,0.5323016667697139,0.9204761006934044,,False
1,E76,9.311575991403293,74.6004935022319,0.45847629237296994,0.9317591221517184,,False
1,E77,7.93516094779772,59.62030854482866,0.4290790948492429,0.9359912282027534,,False
1,E78,6.676193443985194,51.916745011357015,0.4349935889043174,0.8907651020374066,,False
1,E79,4.733990527681181,38.403846752522014,0.40084803062169855,0.8000314187284664,,False
1,E80,3.607247676140966,28.764242004368374,0.24015445951887332,0.5719068870493417,neighbor_correlation,True
1,E81,12.516516881479541,111.30298719424398,0.5233602121294552,0.9241494555627483,,False
1,E82,11.398749296114316,102.68437054422465,0.5297835581011558,0.9264590074510609,,False
1,E83,11.757441894526858,96.86624929560462,0.49010510395796153,0.9147394190173319,,False
1,E84,9.662042936645426,74.40376790584828,0.4784159953589694,0.9420821899598828,,False
1,E85,7.802970053862702,60.151066706433255,0.47251032254451697,0.9289256439630341,,False
1,E86,5.938047337668263,47.29603973906875,0.428430788646071,0.8839236872849474,,False
1,E87,4.6536903047975375,38.86931750869661,0.3163667096955163,0.803438351530862,,False
1,E88,12.680345712712462,116.05617705329095,0.5039199089606382,0.920528365716539,,False
1,E89,11.45784127023403,98.0887012180379,0.549177146989558,0.9389790416594697,,False
1,E90,11.430297852323783,99.78848905977497,0.5049990180509497,0.8895143953257035,,False
1,E91,8.766492836045584,72.08325519030879,0.48938119752858467,0.9056468273094922,,False
1,E92,7.053553255308924,57.44459744513209,0.45539199014835746,0.906546802545027,,False
1,E93,5.968204115900882,48.161162240559975,0.43231245468413626,0.8880142138144925,,False
1,E94,12.18802619941101,114.0490472433394,0.525810964637723,0.9471776508547691,,False
1,E95,11.170498084223642,96.37937309685753,0.5693305441592751,0.9308098187551241,,False
1,E96,9.95881236023684,84.76250666630989,0.5584804561695228,0.9011963871852474,,False
1,E97,7.843342138334719,72.30000805298334,0.533314521841404,0.9046296896905179,,False
1,E98,6.720855122318003,63.25763564805459,0.4893227843489861,0.8763901866315811,,False
1,E99,12.164346011314807,108.65305918194406,0.5235672605575226,0.9132947322239499,,False
1,E100,11.179238283939652,94.85752579509858,0.540638409775808,0.8825796555597236,,False
1,E101,9.62076797388088,83.35972343580285,0.5682139699106752,0.8956497342195426,,False
1,E102,7.691560848606186,65.26618416936456,0.46333324733572007,0.8546762845426974,,False
1,E103,6.502512654785711,55.53568933647036,0.3396328854794003,0.8472865975781079,,False
1,E104,5.38584378274571,46.59508287044623,0.25045202605527134,0.8386441223315498,,False
1,E105,4.07445393586049,29.998115827847286,0.1864208638215548,0.687142671163746,,False
1,E106,3.754438688079297,35.63576397999917,-0.028018303312201266,0.5455853317173589,neighbor_correlation,True
1,E107,13.236349570168796,121.58508447495893,0.45671379026275477,0.8288043599338158,,False
1,E108,9.307687116452234,88.54399800243571,0.5096950665927047,0.8455949314499798,,False
1,E109,7.362651924139469,62.42026878051344,0.3529316367116572,0.839606421884164,,False
1,E110,6.37994708590873,51.78825528822358,0.2696829701110269,0.8506607678553677,,False
1,E111,5.64754249375267,43.86264231368206,0.11660978633850974,0.8447966482997613,,False
1,E112,5.89441435716324,48.829289855832805,-0.1110982260758311,0.8721387868558331,,False
1,E113,12.840541886306093,109.75477186103348,0.48837070463744686,0.8489707280221174,,False
1,E114,12.229683792345513,97.31581767103779,0.3991328687590042,0.8069294596185266,,False
1,E115,10.775849617974348,80.45891323008341,0.32984594125436534,0.7477370453434309,,False
1,E116,8.942002613604048,79.5555274177168,0.20413917911690105,0.8482490597872543,,False
1,E117,8.048763654003151,75.01651079316827,0.026270435811759432,0.9166959671766314,,False
1,E118,8.319930057180587,69.27257127745199,-0.10887355462777883,0.9368401283019953,,False
1,E119,15.22591230033336,126.37797716257273,0.44700554550256355,0.8421059476907743,,False
1,E120,13.350273340860307,104.5574104067783,0.4142093668789732,0.8774636466272612,,False
1,E121,13.297142226582176,97.83263523619064,0.2917881912518152,0.7603253774005774,,False
1,E122,13.59256299258822,114.06076493009891,0.14443801057399439,0.7562223724743351,,False
1,E123,12.298372653727096,109.48392824015605,-0.07159857450694448,0.9093251416552701,,False
1,E124,10.94323939136342,93.29076572074439,-0.11147404667817072,0.9486581400425329,,False
1,E125,17.401298097839604,138.42214988942143,0.31443202392120084,0.7814845778972161,,False
1,E126,20.71111931026646,190.22187015711336,0.4028424016248173,0.6197033038827414,neighbor_correlation,True
1,E127,20.430419174632377,183.8594260431962,0.4051903285478458,0.7102074261156539,,False
1,E128,18.615527932556404,170.5369234372971,0.24643596844799415,0.7861010794328975,,False
2,E1,22.491424831550848,255.2996708404416,0.1454124600272648,0.4794707662689892,neighbor_correlation,True
2,E2,68.81744224980892,515.2620266099023,0.340707172253814,0.6989688860986433,variance,True
2,E3,15.885419029184892,157.5774193489662,0.17058458781931018,0.881388175993077,,False
2,E4,16.71867954441125,133.19113751908847,0.3038665877117571,0.9091092851308846,,False
2,E5,10.474794693860405,93.12181949940015,0.3065966534812908,0.9439018603886529,,False
2,E6,8.238488515389607,75.3694898487716,0.29586695544118796,0.7370510677092609,,False
2,E7,2.2879578759114083,18.39254178910619,-0.0453479749653385,0.2894029939350744,neighbor_correlation,True
2,E8,77.95830918456593,745.9031735777178,0.07105665187175865,0.7524945355698399,variance;peak_to_peak,True
2,E9,80.86164026060638,618.4104916678066,0.3596200262871212,0.7045710378239125,variance,True
2,E10,16.475861969374453,162.7858386077832,0.1324992634281075,0.9084061442505478,,False
2,E11,10.750750254603284,99.36110256884591,0.07788252602144716,0.9314862875749305,,False
2,E12,6.520094060442096,61.31635589253945,-0.014890494720869384,0.8419469919259019,,False
2,E13,4.163751253065488,40.37104417758742,-0.04448719631636897,0.7164221719450786,,False
2,E14,45.21411396130266,389.42853518215014,0.24049708849781193,0.8960560704423274,,False
2,E15,38.05743413292188,316.27213489040605,0.2818844287385632,0.8139516626254866,,False
2,E16,15.221792982051335,139.16885701912773,0.1392858044736961,0.9342503449817299,,False
2,E17,39.84433898037885,335.637876764103,0.25113853846913325,0.7789004992064819,,False
2,E18,15.463148243298363,140.73254480091265,0.041629445876000905,0.9511369517568871,,False
2,E19,10.812795904163798,100.92529670836554,0.04337649084630044,0.9311333156397432,,False
2,E20,9.332702697033534,85.43525893816867,0.12729117154035544,0.846864347623653,,False
2,E21,32.228606954073044,304.12320942247055,0.004274717430758362,0.8921868572227496,,False
2,E22,24.33980136315633,222.32053665488485,-0.009901407832965035,0.9637530990048528,,False
2,E23,15.405516516693627,141.5396933429106,0.024488131170750594,0.9521904970287884,,False
2,E24,11.202817325584107,101.86979256051234,0.13567485872113216,0.9222953199705639,,False
2,E25,65.01199957106819,597.16628724725,0.009064734744519212,0.9162712968240664,variance,True
2,E26,26.35954378436782,249.20452403139163,0.09989609268510728,0.8733980496047371,,False
2,E27,11.261411740087393,105.58809151495268,0.09504497794591243,0.8563603876434769,,False
2,E28,7.6015009063377805,73.39201441541087,0.144009913087772,0.8468561405796056,,False
2,E29,6.263204987070739,52.39818327598175,0.2609655811751056,0.7656697251978337,,False
2,E30,4.176254363706368,35.998610127513416,0.2148419085368435,0.6078157449155225,,False
2,E31,2.5219039100097707,17.799548355681374,0.1666163344259118,0.580572881428084,,False
2,E32,19.038604706800495,159.56725394610027,0.08140868086162992,0.5927045236867168,,False
2,E33,13.47216829765566,100.07234737612882,0.34827014324728894,0.7124428899190735,,False
2,E34,11.072116249292543,89.46207951486417,0.37275702223600093,0.744419236131487,,False
2,E35,6.313351643929752,50.34788433690542,0.27658711091799204,0.7768492659484929,,False
2,E36,5.04938768905136,43.51128580613825,0.20593866305814967,0.7539482417189787,,False
2,E37,4.232543361143457,33.06015459407013,0.22061027108049716,0.7961830967059966,,False
2,E38,13.003790424598558,95.18177487484382,0.14777431463582041,0.7601555217829403,,False
2,E39,10.778294034616405,80.86632420095852,0.4103810258943354,0.7390423178727554,,False
2,E40,7.6480152625095625,62.383686219083856,0.29755120904307825,0.8291731899027963,,False
2,E41,7.414750794416876,62.2070798387567,0.3882673254258982,0.7974754202083449,,False
2,E42,5.911588765647791,45.14032785711629,0.3611633798168312,0.8066949604038209,,False
2,E43,12.971317976598895,100.09301155353131,0.26856962874204465,0.8672240222525514,,False
2,E44,11.911607614854448,86.78849498913462,0.24731096821997076,0.8497792255726984,,False
2,E45,9.775660955359633,71.10892271349951,0.35865029415403693,0.8035945948818297,,False
2,E46,7.753178336534759,65.01550814970453,0.37022877596280823,0.8556410700766672,,False
2,E47,7.399209953766944,57.64001568991392,0.4411447222175419,0.8615957369144781,,False
2,E48,14.379881185144558,122.38833378144011,0.22835020731622668,0.8191773457465046,,False
2,E49,12.505132193827935,95.36668196179858,0.3070277420279441,0.8218065048458167,,False
2,E50,9.708845990114268,72.2170531382738,0.46374835777796714,0.836733126239777,,False
2,E51,8.254686612848113,63.76068120134845,0.4512881476726822,0.8341179099874663,,False
2,E52,6.72280749942342,51.44991244313872,0.34176483252139567,0.8144858600377991,,False
2,E53,5.110199113477089,40.21977099322143,0.3041484574334272,0.8244713135610304,,False
2,E54,4.266690968306156,35.21643305495541,0.2590464959493331,0.7983170091838911,,False
2,E55,3.0911601163500375,23.117844740678024,0.20188849761282363,0.5994196062596533,,False
2,E56,12.636307476354444,94.88897335239417,0.33120276105784463,0.7927379437112492,,False
2,E57,11.521934772089558,89.92503428477309,0.4860807594048426,0.7971584571430328,,False
2,E58,11.771977927251267,105.14566110391364,0.4749889421811823,0.8024188274300568,,False
2,E59,8.549519290782412,67.57378998892347,0.43934025666732207,0.8473896125144894,,False
2,E60,6.634304977962165,51.96123433772138,0.3691327937202728,0.8339676643830654,,False
2,E61,5.705563916612225,45.29747419867429,0.28925908289133145,0.8253335857855975,,False
2,E62,6.7723348153028535,57.55393697471111,0.3234041459277717,0.8447003937079107,,False
2,E63,11.945424362529746,100.32238855324219,0.3976026822435224,0.8431760391873,,False
2,E64,11.11371415785863,87.41655641246217,0.4194706261923321,0.843673951418723,,False
2,E65,13.00875322018163,119.78575860231875,0.4447437130331693,0.8766831241688969,,False
2,E66,10.628080866418596,93.33720277148129,0.3816446375744072,0.8866263833385903,,False
2,E67,7.850065696010143,62.777884255886136,0.3351418295474331,0.8844186390638096,,False
2,E68,11.965898570455543,104.97658703036538,0.3838007442162551,0.8977489460970405,,False
2,E69,11.442992797382463,98.02401942513916,0.48297458441421753,0.7941035870132389,,False
2,E70,13.283014980560063,116.36440164608764,0.3989209221843215,0.8736425741279096,,False
2,E71,9.456197598169048,76.30612760913425,0.3744781983334694,0.8808621960285816,,False
2,E72,8.074317270500948,78.11540618853905,0.33441204425891025,0.8986587566318918,,False
2,E73,11.691600361743323,98.65843763096791,0.35713551192024867,0.7920499143340772,,False
2,E74,12.423829963873434,99.04255026420995,0.47176195114803543,0.8351408168855763,,False
2,E75,10.932451913001861,96.7213615413294,0.455506608002424,0.8453316093546397,,False
2,E76,14.770323889191374,157.45874096768847,0.38826732542589815,0.8567739150210959,,False
2,E77,9.2479220503626,103.46399390910585,0.3487427820076386,0.8917210635357358,,False
2,E78,6.559740672551423,67.23760563259918,0.37916968130367734,0.8450013334100326,,False
2,E79,4.402834547519312,39.23781448254745,0.28404279018401063,0.7703072586962583,,False
2,E80,3.3906856547218553,28.447237350289065,0.25861412796856736,0.6494855403492369,,False
2,E81,11.786325404849798,107.21629149691506,0.3600260914933488,0.8909126318732723,,False
2,E82,18.851122032672414,189.05530441403477,0.4170636014711425,0.8014866476793313,,False
2,E83,23.935652212940496,256.67368179035066,0.36965374791356265,0.9173203343087628,,False
2,E84,13.253111860889039,146.69758269034168,0.4415120683599372,0.9167660672125191,,False
2,E85,9.046734726346507,97.5692396898909,0.41101627859982665,0.9001930858302023,,False
2,E86,5.95020305591533,51.33553598689032,0.35842376849167873,0.8057374767904106,,False
2,E87,4.696745499721665,40.156851767723424,0.3169124189572267,0.7733526220439695,,False
2,E88,11.420738364653547,101.63305343826437,0.4216035279960446,0.7861366595400754,,False
2,E89,17.686011311982057,195.00409276712102,0.4514934484196137,0.928460610662045,,False
2,E90,25.640034689902688,274.74511736460215,0.3731945588762022,0.9197834409614664,,False
2,E91,9.246895479005955,96.32321564779066,0.4296677910096159,0.8844735600916434,,False
2,E92,10.945388886024041,117.29988286500735,0.39150805144957423,0.8063039130731176,,False
2,E93,6.508455975525563,61.84508691318905,0.3921401870927977,0.8228606951334595,,False
2,E94,11.683509996522698,101.38005890293363,0.405482905077217,0.7219589847308405,,False
2,E95,16.805145167070002,181.82979993696995,0.4249513420405952,0.858579537676949,,False
2,E96,30.458843666070614,296.2478248322579,0.3723703341566523,0.7595596240395468,,False
2,E97,8.038433840833694,77.38096038703729,0.4804768573373911,0.7971101478115019,,False
2,E98,7.080830705593888,68.91167993819585,0.42758243151984554,0.809109458365075,,False
2,E99,13.799710054691879,144.4065401832471,0.4363200451579831,0.8162975021791958,,False
2,E100,11.294836334904936,118.84435259705003,0.49888578954528306,0.7859593118492925,,False
2,E101,15.245017738453003,157.571337280363,0.4354289740825711,0.7923790468221115,,False
2,E102,7.4648663975494065,61.44154749030332,0.4168335676548426,0.6064852691721585,,False
2,E103,9.627095508385734,95.50254458464394,0.40467288121707545,0.8067747659016996,,False
2,E104,6.658585147349898,59.95890323204296,0.3850229907822476,0.8230616650990794,,False
2,E105,4.359009905484564,38.178503509524006,0.32405933115704316,0.7456802440698986,,False
2,E106,3.9855979887192228,39.663938091759775,0.2828078260920322,0.5768328591359625,,False
2,E107,17.698733299263836,180.61450561251894,0.419838591774528,0.7452942340899097,,False
2,E108,14.044426497128562,142.55311505150527,0.4410739918564847,0.789964540226253,,False
2,E109,12.162139232117093,101.06847799115495,0.3982371112755546,0.8128185616218326,,False
2,E110,12.007083459329444,106.83627728478558,0.39730056036224626,0.8575277251902893,,False
2,E111,6.441652749034224,54.51947465311268,0.39771059277673854,0.8869606447428926,,False
2,E112,6.986498104139372,62.57340583672661,0.3145708956578278,0.9071604963042208,,False
2,E113,11.557746181581619,104.82319893566614,0.4528713995692046,0.7617121735144441,,False
2,E114,11.965191928758362,93.66081712274757,0.3784527583176855,0.7332688862301495,,False
2,E115,60.84754246270896,513.9383953450006,0.2970949401810188,0.5407730358994145,,False
2,E116,8.244621118084314,79.16645145733946,0.3809674890523651,0.7297546994788748,,False
2,E117,9.036035348721953,81.34450080972194,0.3891649795362543,0.9377990506576189,,False
2,E118,9.715709556933954,83.13650232951005,0.3215585938413905,0.9483220739538598,,False
2,E119,13.536263576811848,115.49843430637674,0.2069280802002312,0.740002086582138,,False
2,E120,11.507443269148446,101.22902211916022,0.28822463330305576,0.8388656647975253,,False
2,E121,11.887516572829565,99.80157954473304,0.18360033660729536,0.6494299477484153,,False
2,E122,13.563859160561881,126.88884951026216,0.3868070890808392,0.6827982789451286,,False
2,E123,14.432306089781632,131.2720468905912,0.3596991013875587,0.8781362144091671,,False
2,E124,10.788088593645814,104.69719866511036,0.2705103046064101,0.9362693414717189,,False
2,E125,14.36790974510156,115.0395216013502,0.224581176599628,0.7289554271148633,,False
2,E126,18.609024635285497,179.7136857601596,0.17382612132601788,0.6547045519768202,,False
2,E127,18.467182764194945,155.6391186033735,0.17749104862449025,0.6770952686438749,,False
2,E128,16.01953538188193,122.80979022109295,0.1708803003442713,0.7609869075773155,,False
3,E1,50.890736083806836,990.4843403217192,0.5915416903839229,0.8687690515503129,,False
3,E2,99.95131479246271,784.8082398473568,0.20012015990829532,0.5418973452868048,,False
3,E3,19.42312386499075,291.65812834480647,0.4852604603732199,0.7596748453557918,,False
3,E4,18.34704348659676,167.95264668696888,0.15205350070587664,0.7389389930196667,,False
3,E5,10.015454518895396,94.9503294111711,0.25369318529234797,0.8337200795395701,,False
3,E6,7.323303118683068,76.70032277897805,-0.15575134784147773,0.6990532570040711,global_correlation,True
3,E7,5.216588812222114,85.12709149468166,0.5139562129425106,0.4405199186973447,,False
3,E8,85.5906381454598,1582.8758320327704,0.4933841169126229,0.6439778004332273,,False
3,E9,111.42791955296629,915.7727340726226,0.08326984405995572,0.4702345186174304,,False
3,E10,21.831402677612022,352.56076568837005,0.5040441475025523,0.7273661900122274,,False
3,E11,11.414594796679458,118.71946253437679,0.2132812561962493,0.7934125508162704,,False
3,E12,6.923009437653027,75.65283000325866,0.18199952192307103,0.7147209183087506,,False
3,E13,6.288231144601507,99.11126296428982,0.44693762306193957,0.7143336635548873,,False
3,E14,52.32872747887029,452.20172086368433,0.2550697822122611,0.7821084034465746,,False
3,E15,44.41640437626998,361.4165958266704,0.1983852785688158,0.6703423651547213,,False
3,E16,26.621364358968734,484.5615000378221,0.5554690671012309,0.6149535426485012,,False
3,E17,52.39919534970861,458.28081077829927,0.269161992831787,0.6775747154535299,,False
3,E18,20.04209058174719,196.633059706332,0.13357867573191784,0.8318343727093584,,False
3,E19,18.74703201645776,293.28412155312344,0.543972952670437,0.7250623436668284,,False
3,E20,12.63457697898281,134.49850051585298,-0.09702436534354987,0.21556147056668448,,False
3,E21,33.572659353411936,454.0397319968381,0.3445725498419316,0.7278101862546118,,False
3,E22,26.411965805131032,340.7739144907456,0.324297154609394,0.853803846345571,,False
3,E23,19.043068404154038,208.86609327732933,0.31570881165807724,0.9175858313961268,,False
3,E24,15.206526882969788,163.2894646567855,0.33421145008103686,0.5987836763074852,,False
3,E25,86.35909553933215,1414.3444808900708,0.41034182607808867,0.8326140592743362,,False
3,E26,35.27388948051931,357.94765996515423,0.35795711066116026,0.7038869895781141,,False
3,E27,54.39375709437855,1052.543203780599,0.5624916742457994,0.44968370592451334,,False
3,E28,30.90668952511903,577.9963829113112,0.5559975931364547,0.48664736149391974,,False
3,E29,43.90371893806415,848.7968352578463,0.5623103558805107,0.5647188920733119,,False
3,E30,41.15995156753244,794.025800104024,0.5464251120578727,0.8023721888932942,,False
3,E31,3.843453171740037,55.1373049876004,0.4153446500701087,0.5746054618603466,,False
3,E32,23.540008355661005,345.12395485041804,0.4776796729678103,0.6959424401110037,,False
3,E33,34.90735207452175,620.4006956538896,0.6052447854406796,0.8390608786084934,,False
3,E34,20.191346510350446,213.09964736175363,0.4313758124092226,0.48272639799318606,,False
3,E35,7.5733368350462325,84.70763418438864,0.4104616017731398,0.5219163077284124,,False
3,E36,5.947297810040649,67.96639902519398,-0.014510392085413253,-0.31798136211286643,neighbor_correlation,True
3,E37,32.25004414128318,626.0304000468175,0.5753783554147436,0.40596393349474347,,False
3,E38,31.730243914687534,530.5948443906137,0.5949849251312612,0.9174788838126098,,False
3,E39,22.747560099730652,385.496793503708,0.5597542245646143,0.876830452814332,,False
3,E40,14.168984372220416,221.44190897633186,0.636455949469533,0.810532091429738,,False
3,E41,44.03059657798243,844.0342947735479,0.585170688249638,0.8010592255673105,,False
3,E42,142.17275931452002,2806.155087665299,0.5549658179021475,0.5490988927807707,,False
3,E43,22.44327235377244,359.0050394393751,0.5930227528537653,0.9355571211696367,,False
3,E44,26.188035480888882,414.7175106663284,0.5320987707233151,0.9358322105212339,,False
3,E45,11.640432966343473,140.60058157795646,0.4198469089689643,0.7625676846919989,,False
3,E46,11.269830777069696,161.83746802018482,0.6244352089019862,0.8606578983532914,,False
3,E47,91.47736980437243,1810.250938168429,0.5690433508625867,0.8141641236328735,,False
3,E48,23.855929262548475,385.59535441760517,0.5344940968897893,0.8759587061341865,,False
3,E49,33.20073288921293,584.0614150423996,0.604388988708302,0.9042081757564704,,False
3,E50,15.286321263391608,223.4464418216357,0.6456903708160378,0.9000718409807458,,False
3,E51,13.947186897712166,224.55286244038362,0.6378745697105968,0.8540897748238134,,False
3,E52,8.115670126241055,66.4194052524982,0.10228006630434362,0.23675343350896175,,False
3,E53,6.496933407370326,58.99742556962618,0.205858638193706,0.7570702106000451,,False
3,E54,4.831555977447886,42.947006376461324,0.022741146728780345,0.6060495384109488,,False
3,E55,3.5841548279526916,26.900979465049307,0.2254093101246722,0.547712967892438,,False
3,E56,36.048659488049545,531.6536578169739,0.36749283321468545,0.7530294448668944,,False
3,E57,20.930515646473594,357.2023493481888,0.6196604135218556,0.793436042458276,,False
3,E58,17.75430994483109,244.03653273929405,0.608301591654343,0.8180149591244943,,False
3,E59,39.200816591049,696.2597377295233,0.60564469885265,0.5180599958867798,,False
3,E60,8.988664864900478,119.00566681608949,0.5236769194433614,0.6514897239666924,,False
3,E61,7.323382300511321,74.98171629851524,0.3155118499022355,0.787566908588835,,False
3,E62,9.60106947500913,139.91659247177654,0.5363332285693053,0.6919399889078748,,False
3,E63,20.303032082960886,228.01446824431412,0.33403118009984245,0.7679174686018462,,False
3,E64,54.67544409986768,1058.1664500874535,0.5872138602200304,0.6999434796656698,,False
3,E65,15.65946482003057,135.5860447594095,0.3486420136658635,0.5528829930748269,,False
3,E66,20.358365846514037,217.02610414568892,0.08466156290072675,0.5250270764558921,,False
3,E67,55.31523033455561,1058.9576616920335,0.5934152047203872,0.47446714829012815,,False
3,E68,18.136931957083178,236.9919632000902,0.4869145697287277,0.8840311292242483,,False
3,E69,23.588840010903265,388.599011084318,0.650051397797798,0.8780807687682675,,False
3,E70,16.684339937215874,158.06185935834884,0.2924315734832441,0.8039839093263713,,False
3,E71,15.986527713428723,189.11926945922175,-0.014150975409540219,0.690160422829799,,False
3,E72,34.611504500047765,658.7433931536586,0.6019429170748021,0.32139561677028783,,False
3,E73,20.868109249402604,340.4339055638321,0.5343970032482459,0.8512479977691376,,False
3,E74,18.51001161393229,291.1754458616794,0.6272944636693157,0.7344595141391758,,False
3,E75,14.296969389973107,158.65689043213098,0.3968629552104673,0.7453697148648595,,False
3,E76,19.145052709184522,187.48803746774144,0.09679080929490072,0.8101772193347314,,False
3,E77,71.37768123280726,1397.3475054676815,0.5869497116629577,0.34187160817163526,,False
3,E78,11.89335428469329,189.61808985960494,0.5999616003800154,0.8347318224672085,,False
3,E79,5.48128188849767,57.8292936353115,0.2849080526688835,0.6326882731172287,,False
3,E80,4.495432879545863,56.175588154372576,0.3711011757924537,0.4941607828809287,,False
3,E81,22.002663036107666,351.164279241808,0.5365958186334445,0.8867096488949777,,False
3,E82,18.08869203491312,184.04556692962575,0.4315993826162082,0.7557910090377749,,False
3,E83,23.51921340637525,230.23888385060252,0.17570000703620506,0.8145286696672676,,False
3,E84,15.190069752868293,146.2616057730409,0.18188034532138844,0.823506877265217,,False
3,E85,10.340631581456586,91.20864177907117,0.2232173563590582,0.6623391018834269,,False
3,E86,8.660518939864904,129.90686974183757,0.5929986780936924,0.7374064825263185,,False
3,E87,32.059645752592836,621.9619437156616,0.5907310228527909,0.5401286681635942,,False
3,E88,47.49210141739395,902.5853558619673,0.6056995127127662,0.7931855502395779,,False
3,E89,17.588279626785756,236.65293103641713,0.5989629405228553,0.7000678909188431,,False
3,E90,21.371339780962355,188.884025195993,0.326060694087414,0.741796714428962,,False
3,E91,10.868214293624941,129.1679894229357,0.4308202426522442,0.7647913173503,,False
3,E92,11.544428373553973,106.62017611644075,0.35956347253227927,0.757018711500344,,False
3,E93,41.74974138866982,818.7106966582644,0.5917306267674853,0.5955875296432063,,False
3,E94,24.295503730753435,363.33297324389645,0.47038390802709973,0.7795603281765879,,False
3,E95,19.93374948231711,298.0008104756594,0.647858398421069,0.7326844554292125,,False
3,E96,30.179717983965908,266.43191111380133,0.2626979475474249,0.5520813778805669,,False
3,E97,9.4868809672975,97.84532370743689,0.4081693657105648,0.7949969539159323,,False
3,E98,9.582441699022572,135.9059629287181,0.5595221548151276,0.7751717235603166,,False
3,E99,18.120916190924145,184.30377624292464,0.31714368070798926,0.6509673500412816,,False
3,E100,34.160289075360566,623.6181853975502,0.6221290535067803,0.6734883464520245,,False
3,E101,16.271760642645177,211.75023524582866,0.545079212618364,0.7210830925776213,,False
3,E102,10.422619539715487,140.15678984735288,0.5503974352667024,0.7417135814395712,,False
3,E103,12.500863055795977,155.4041911725901,0.48794981021851747,0.6273490457384043,,False
3,E104,7.820233913464315,86.46263142376756,0.029686031323761134,0.44902739051386287,,False
3,E105,5.303962632305355,70.98911021577675,0.468780094826303,0.5687027576464045,,False
3,E106,4.730984887065229,57.18761619288294,-0.20170574436507308,0.15163243723561315,global_correlation;neighbor_correlation,True
3,E107,19.437443334360044,257.67912711655356,0.4881209591746795,0.7816121165429071,,False
3,E108,16.768161044876855,222.40295122233397,0.5163545629151552,0.46748700711847463,,False
3,E109,15.706547202840948,144.55101147294567,0.17898742001969406,0.4898516408364413,,False
3,E110,15.011971453753493,137.32923787715163,0.060161376056989804,0.7026656686988686,,False
3,E111,7.991850687655355,117.69323809081428,0.5241240875423623,0.6667329927511594,,False
3,E112,6.648894503139126,58.16584754317712,0.07697149695972143,0.7028627943569474,,False
3,E113,46.72433142016605,892.0093017141652,0.6215456645484946,0.8913876403969221,,False
3,E114,29.145314811754492,483.05671881287265,0.6107369558232437,0.9289599354101233,,False
3,E115,95.8985063343305,886.6663437820434,0.07911077714765911,-0.04163835114233015,neighbor_correlation,True
3,E116,29.151452592113582,538.5195791765834,0.6501136806693136,0.27801349593437585,,False
3,E117,9.536442812049236,101.61571552422593,0.3755782751122034,0.8038991088248352,,False
3,E118,53.88570203075444,1064.4669924082768,0.5590217976486518,0.36997779889365484,,False
3,E119,21.45504686300137,319.04626643908216,0.4980178704077149,0.809448244774176,,False
3,E120,18.322898494796743,253.03996180715848,0.5538818217252878,0.89224613207955,,False
3,E121,30.530748997063412,513.8264338517665,0.6218985101480455,0.9179381662152031,,False
3,E122,21.0516979205069,334.3856115271535,0.6229334609525514,0.61760739665175,,False
3,E123,14.757093273890565,133.4921155221947,0.34395710411890185,0.8231783088084174,,False
3,E124,12.836106164362317,172.1738021279675,0.4879011354152675,0.8941905766553611,,False
3,E125,30.241463649640217,515.0106587687469,0.5862472560615891,0.9081041866927732,,False
3,E126,22.072502113661898,302.7452135973555,0.5270070994815086,0.7922170684050595,,False
3,E127,26.451082155916062,400.178333915087,0.5824754585043699,0.8886227271119256,,False
3,E128,19.707288007406923,256.90215090686644,0.5575258306967568,0.8609018087732492,,False
4,E1,25.17924848846593,468.09166438877537,0.29083032831349526,0.40677964801944055,neighbor_correlation,True
4,E2,111.05996886471327,968.7201309483321,0.39217690440419795,0.8155094612324139,variance,True
4,E3,17.443012848534064,169.47806966934854,0.4515148580835978,0.8937177134564214,,False
4,E4,21.20664425408389,167.56709087815,0.5266024699093921,0.9092056217837894,,False
4,E5,11.33562411026802,93.30678585136891,0.5108051190203898,0.9253193965883308,,False
4,E6,8.448250995496487,62.871294710737615,0.4365329382419952,0.7643432089452395,,False
4,E7,2.5192604518343398,17.80387274164098,0.1466684362050479,0.46422213637364856,neighbor_correlation,True
4,E8,65.15996888232313,741.468175691137,0.44046905378555656,0.8091150974381882,,False
4,E9,133.58783082476862,1158.0581396672858,0.48524402016503826,0.8480779282679636,variance;peak_to_peak,True
4,E10,16.037692774231232,164.9519015453933,0.4559918851741104,0.9151386293633483,,False
4,E11,9.323952492487798,94.37414003664202,0.4046880831302836,0.8360265440520775,,False
4,E12,5.859261416130921,54.85729039233543,0.2959763138205915,0.7627600149839724,,False
4,E13,4.543687097790097,34.393435332891954,0.1595648605564007,0.6494458975068411,,False
4,E14,65.37278818850818,597.042488026096,0.4814624729846263,0.9178172411952049,,False
4,E15,52.67427249486664,454.8167003131616,0.5144414639326347,0.8893658369722632,,False
4,E16,14.50425266358322,154.18252143066337,0.45155280247296387,0.8733983441717186,,False
4,E17,53.59562562824354,445.23407347004724,0.36254036986975163,0.8317719305783879,,False
4,E18,19.809016416511167,201.0834694100859,0.5359278507082719,0.9053190929757166,,False
4,E19,14.288990022627047,145.65288332555315,0.5358893266568386,0.9540415152668307,,False
4,E20,15.63571738494284,157.0579586338231,0.5520555363080349,0.8689447568499584,,False
4,E21,33.822200841070824,363.27672249932107,0.4764813983611444,0.9007182195662424,,False
4,E22,36.782527552897044,371.79905065606897,0.5289018903663508,0.9110977152747572,,False
4,E23,22.540698068860788,211.39101205685003,0.5576175765834551,0.9627797710517275,,False
4,E24,15.690487455614305,144.39641844812658,0.5724140167963501,0.9443392562474258,,False
4,E25,68.59857047789187,694.2580630121206,0.4572547733163548,0.8713103081512896,,False
4,E26,63.7267442612175,686.7560836498619,0.4800467049702766,0.8667621406279835,,False
4,E27,12.371076816477366,107.20468742960657,0.5029103991030558,0.8681382287809365,,False
4,E28,8.74853657431853,71.52555764450767,0.4656136402510508,0.8399496268572758,,False
4,E29,12.025892239398312,100.13216356432633,0.5051674963332046,0.7590861272156137,,False
4,E30,7.283527519377821,60.18107367453558,0.4798270997839417,0.6114011986945382,,False
4,E31,3.164208788855706,23.894662099263105,0.23959361243979344,0.592778156269143,,False
4,E32,17.440740884954245,196.8333923809944,0.28498917216658803,0.4676495788385092,neighbor_correlation,True
4,E33,25.727581987250854,210.78367602994348,0.5658251268489892,0.8380285952323099,,False
4,E34,20.799923180990262,226.00397013379035,0.5629024334555868,0.7401044765396825,,False
4,E35,7.806840125587861,67.12369197551635,0.39579052962751077,0.7147244836151907,,False
4,E36,6.215554834026993,52.3262621287013,0.36225822069395247,0.788580940603849,,False
4,E37,4.717985701980635,32.84772133481951,0.2638154252934921,0.7998367570168641,,False
4,E38,13.594400400478285,111.31412851554278,0.08207799873556607,0.5550239139957772,,False
4,E39,25.245773704093818,267.6757834642267,0.4342478849407368,0.3710041861613887,neighbor_correlation,True
4,E40,8.85671362534831,69.67760055746469,0.3479076983820791,0.6044287388708074,,False
4,E41,13.156126689840914,135.2172108387888,0.5809679044148138,0.6525737920420241,,False
4,E42,6.260250201415345,46.33995397309559,0.340936068090382,0.8242666731018496,,False
4,E43,11.704332076008615,94.38716613200043,0.12873715186634713,0.8633899437148123,,False
4,E44,11.706399179773966,89.68532679683193,0.13127213796911613,0.7702154832623612,,False
4,E45,9.929776262357372,80.1431155629457,0.3689483437523032,0.6192154290274827,,False
4,E46,8.046471909831968,62.23846226668668,0.4251004665324367,0.755634440025782,,False
4,E47,9.106243025544414,80.69931660289717,0.535217746903621,0.7537053565177723,,False
4,E48,12.089299922652316,100.51855530359819,0.09186416359000035,0.8374175016749885,,False
4,E49,10.862831938526357,90.33402688800544,0.24875747583575253,0.8447066680502368,,False
4,E50,12.703343428580835,108.28728933316296,0.5905857884251582,0.7409574150407681,,False
4,E51,8.458280209348226,75.49177613598142,0.44691961498346977,0.7960946858346245,,False
4,E52,7.453578754232497,61.637801092141245,0.36639818874427194,0.8000133807981152,,False
4,E53,5.5256822256478415,50.92802600253535,0.22975850299007353,0.8148771612848819,,False
4,E54,4.52976434717165,34.95498985100615,0.17800589740463907,0.7987274796047187,,False
4,E55,3.1757647100489517,22.633426834233475,0.15071317909072462,0.6183329478248748,,False
4,E56,12.105442894270956,92.92498260034091,0.059120131585545826,0.6287898122992801,,False
4,E57,13.069594757326927,115.82845784448887,0.5448269045726709,0.7684161349995213,,False
4,E58,18.44602789219446,198.17129721681962,0.5803992975635955,0.8468886413857197,,False
4,E59,11.062581489232484,110.32692734091006,0.5384589350649217,0.8124153020323772,,False
4,E60,6.596332353390315,55.234085245939795,0.3439265012804696,0.7582609109813823,,False
4,E61,6.0544078007222994,47.428100304929856,0.24070620118262248,0.8237801116318393,,False
4,E62,6.53040480048753,47.53141505353324,0.26813840078609946,0.8228330243511801,,False
4,E63,14.687344944084034,123.91776787452903,0.4610100253782958,0.7852828745244127,,False
4,E64,10.766770103869094,93.92032599651085,0.41043441679860476,0.7626039294180271,,False
4,E65,18.865089371345217,196.15216805323405,0.568395039685309,0.8432084438749239,,False
4,E66,14.256771434539743,156.5490272689621,0.48927553866668033,0.9002819102113981,,False
4,E67,10.472092518421503,106.3230147685997,0.431358948994432,0.7070300392070298,,False
4,E68,10.751652876373134,85.8187230900185,0.4331841083811781,0.8359176809405804,,False
4,E69,12.984792056014141,109.4695338133001,0.5326107341801685,0.8187684534036296,,False
4,E70,19.701550826079963,200.21372774153986,0.549305334058974,0.8904239083600052,,False
4,E71,14.49852761524401,157.70011624099973,0.4946632598148201,0.8863352221755159,,False
4,E72,7.3992856810656935,54.90399471375861,0.3272065186212799,0.7046086163180059,,False
4,E73,10.981717297161573,88.23568155671516,0.3160102908871334,0.6719091343307928,,False
4,E74,18.027170506652272,169.45069900606808,0.5870834664768493,0.8500171328250257,,False
4,E75,11.065552527471771,102.03298113060436,0.4409749078248249,0.7956337465790726,,False
4,E76,12.377089891673323,115.46853152270448,0.5272982814169719,0.8719320771631833,,False
4,E77,7.893587461058762,63.647592416316,0.4088403531413952,0.8671925327775567,,False
4,E78,5.926582286094953,46.0736958073154,0.3275952919332267,0.8296344932507913,,False
4,E79,4.505569178019948,35.13031666922242,0.17029118992915962,0.7106236162692486,,False
4,E80,3.7557476385794923,30.674699739501087,0.23851826742401427,0.6301125732874023,,False
4,E81,10.449594662579912,89.1611843842734,0.3252412270117979,0.807736320749957,,False
4,E82,20.207944057212483,191.28425718728658,0.6580935206328019,0.8322017927068794,,False
4,E83,21.181885038762072,198.43916906830432,0.6256196738473816,0.8881946710669667,,False
4,E84,11.688291457305178,98.66302080993059,0.49007090729396036,0.905992327005116,,False
4,E85,8.444524700420772,70.36349151137105,0.47903651701026106,0.8811858870207885,,False
4,E86,5.7036368015503545,45.15113169051123,0.2855711043239102,0.8074564565962887,,False
4,E87,4.732397987651648,36.15294254979841,0.3162456275862895,0.7690337232617099,,False
4,E88,11.5316453775738,89.25689894556811,0.4495690929861498,0.7605063296885858,,False
4,E89,19.18560864773078,171.9138707572317,0.5848328436961691,0.9095945333292106,,False
4,E90,26.985645565770923,241.77707730028604,0.5749058729866784,0.9293482249303889,,False
4,E91,9.257465086895522,75.34910128696517,0.46679016480014385,0.8351320233744174,,False
4,E92,10.876021856414898,90.95137697023469,0.5413910611877659,0.7509378274200031,,False
4,E93,6.401952664744768,52.12508525280134,0.3852386592743733,0.8013950462177271,,False
4,E94,11.608879668662855,93.8516986747566,0.4436439091913098,0.7988382934305764,,False
4,E95,20.11622945541095,169.8178250779981,0.5603193748414749,0.8588312293218074,,False
4,E96,35.915080959776006,301.48533382034526,0.5807419659475289,0.7799219870853706,,False
4,E97,8.264642987584205,70.33989718378119,0.49306102905942356,0.8119640679841678,,False
4,E98,7.024775863388638,60.02361522974766,0.44929039063405174,0.8173137842330881,,False
4,E99,13.381146167566031,104.97463083125606,0.5475755606201599,0.8378599364345551,,False
4,E100,11.264863030277215,95.21219413218111,0.49792671712547887,0.796295186143098,,False
4,E101,21.904200852735425,186.74550617499227,0.5723939029953153,0.7862855337066685,,False
4,E102,8.345470893705702,76.5618666283238,0.42262819852599115,0.700170295455625,,False
4,E103,10.363809213949107,86.81558341947445,0.5978196895745722,0.7578537721764567,,False
4,E104,7.482266250485138,55.979003930879244,0.5658899894598615,0.8231618634075272,,False
4,E105,4.7706225162322315,36.248299315861274,0.33249299706754043,0.7527670572645146,,False
4,E106,4.028365094589014,31.650153312958516,0.318109352380191,0.6014222020313628,,False
4,E107,11.902747400773011,102.25283039017063,0.5068789685086834,0.8286179038745939,,False
4,E108,13.107170151207113,113.19049216759261,0.5403511172854374,0.7151042627471194,,False
4,E109,17.840931179606507,156.54722180953124,0.4913204100454048,0.6651722442384479,,False
4,E110,14.8015287897957,126.0423886109102,0.6212122567026219,0.8376592552564712,,False
4,E111,6.83200389360572,51.97076049323004,0.5068073049768794,0.8799210058256881,,False
4,E112,7.305151714989418,57.76228243385224,0.4335533083276848,0.8923548092786209,,False
4,E113,11.36137187383988,89.80161440965702,0.4210228888574922,0.8193607298711847,,False
4,E114,13.901947209070643,112.48461411240564,0.49965104899170165,0.6839655463410501,,False
4,E115,84.3730444155291,663.5196295262626,0.3463850026793766,0.4465647435443825,neighbor_correlation,True
4,E116,9.568552822386849,75.50398207593739,0.4592861943585171,0.6223860099046707,,False
4,E117,9.83946176992528,78.9494498902732,0.5650610185544181,0.9260502545091306,,False
4,E118,10.640562944281177,90.4036130855813,0.509995285792185,0.9359685501001367,,False
4,E119,12.164270952819825,106.19512161034442,0.14671511253981975,0.801036226886864,,False
4,E120,11.293996589873155,102.72896979552183,0.24818764658070283,0.8594114966996579,,False
4,E121,11.91313765192888,114.83592628321037,0.23608056381373035,0.5621111315336803,,False
4,E122,31.428814567699497,288.53220821929347,0.47890427022201687,0.6991053532507283,,False
4,E123,17.394295686815134,152.740902185848,0.5845347307478946,0.8539321523041677,,False
4,E124,11.254033853005467,101.21207099924905,0.4824127737835532,0.9238824547763438,,False
4,E125,13.842522332992287,148.50749330210041,0.23817909991519431,0.7218266403767135,,False
4,E126,14.808929988615153,139.48334313892315,0.20504255833545765,0.6846999466441988,,False
4,E127,16.16202597961505,155.76053743333773,0.13755701546772095,0.5795270823773127,,False
4,E128,14.10430706989342,139.61431839572936,0.23179829553363313,0.5936210833697724,,False
5,E1,26.567975713343678,519.9410069052003,0.20103586125489106,0.23519523878006213,neighbor_correlation,True
5,E2,94.01685078747107,873.6115556119445,0.37297340280752317,0.6372080640021357,,False
5,E3,18.06272711359255,157.6374373178063,0.20855319134965644,0.8294572049080001,,False
5,E4,21.743282311371917,191.3803744919628,0.4548900776663034,0.8867080687761091,,False
5,E5,11.841687100901126,103.51016865714672,0.42673449120526696,0.8956445510783557,,False
5,E6,10.09946808308482,82.76288911449821,0.33664881157706555,0.7516715913164645,,False
5,E7,2.764957533194905,23.08801985403247,0.14421501495349495,0.4778687480461872,,False
5,E8,71.4107317238808,680.8619900419085,0.12573970701417073,0.6933905072391143,,False
5,E9,132.13104564114028,1177.7024816227326,0.4330764007368513,0.6723406636721366,variance;peak_to_peak,True
5,E10,20.264856290705975,170.6502217859808,0.25389865858890587,0.9026679207666122,,False
5,E11,13.93759594902215,117.3433464017546,0.22860191173966515,0.8683642428752523,,False
5,E12,8.299165405347955,72.0484825537867,0.13314113236219755,0.797676542052842,,False
5,E13,5.31397384782206,45.664953381683596,0.12885502623315584,0.6399617952594758,,False
5,E14,59.19419299785135,525.1650171008554,0.31035454905275284,0.8802067828338849,,False
5,E15,50.594919574799256,483.5928744175678,0.3683891517825942,0.867483349007633,,False
5,E16,18.499372629540193,151.97388884387587,0.2206519933390976,0.8710688048942816,,False
5,E17,48.6147516566407,381.7190990969012,0.16993915669662527,0.7358327339295881,,False
5,E18,29.93850834466361,276.6556282643737,0.45371618521435225,0.8690005784075945,,False
5,E19,19.345658454862033,171.99773404205183,0.4384251252960382,0.9489777025344067,,False
5,E20,16.03496881496464,143.75948081148087,0.4436925941786532,0.872474545298026,,False
5,E21,42.60009472327344,349.81720686915423,0.21335027059214579,0.897217181785797,,False
5,E22,36.16822050275502,308.37557433178654,0.2266143664157853,0.8699455302204279,,False
5,E23,31.348820029958812,303.1360619111831,0.46640225442395894,0.9059052714393356,,False
5,E24,18.7981204553707,165.3210090137239,0.4300291722583676,0.9167450613062165,,False
5,E25,90.26686521179225,773.3327780968241,0.1614105654990006,0.7978985092003352,,False
5,E26,73.24552761279055,690.7867255895137,0.3654214503626086,0.7377542463046713,,False
5,E27,16.031111210354744,155.44243741888846,0.316336193910076,0.8252886660298758,,False
5,E28,10.633620121439895,88.78176287885844,0.3645246760047768,0.82595398795158,,False
5,E29,13.41588727740844,128.84086889801688,0.4708321050274045,0.7930450766238867,,False
5,E30,7.667381270028012,71.25434364111334,0.4557004280826478,0.5130096032261551,,False
5,E31,2.8453551945640845,21.938016961112197,0.16228078988150546,0.4819512649241944,,False
5,E32,21.77068292202732,309.786064784079,0.06455859983544417,0.4039521725447114,,False
5,E33,24.654007448246627,223.8869748533682,0.5324392882255428,0.6217142973709515,,False
5,E34,24.896341509353235,249.76927779875615,0.5281209139207048,0.7081217730627718,,False
5,E35,7.83384106393729,64.45544234063514,0.43388956962472,0.7355669513382181,,False
5,E36,7.259368773180845,57.24607866594346,0.43091670957672185,0.7971386246618481,,False
5,E37,4.540916581949758,36.8833320532608,0.21061699513031779,0.7468168045584624,,False
5,E38,16.728095375990126,181.83630325416937,-0.08857057263908628,0.4852372173046108,,False
5,E39,16.79036020854873,150.27360664225793,0.3215965762160346,0.45200970985606675,,False
5,E40,8.071634777812271,79.40081435275164,0.3018358705077685,0.6679795241179497,,False
5,E41,14.906022140275248,148.89267986337677,0.4985637830015653,0.7077684326756474,,False
5,E42,6.848584341973055,55.059198858733,0.35804920742364404,0.7888885326244928,,False
5,E43,15.711515085732358,147.98417143065288,-0.0376851687778733,0.8012178362199651,,False
5,E44,20.537333753516602,208.7951797751455,-0.18867566365658872,0.6694437023677862,global_correlation,True
5,E45,10.616582875164884,85.94236796437428,0.36665944322437394,0.5708048256085703,,False
5,E46,8.130367813861918,69.7666641652013,0.36245528875434296,0.793350576818888,,False
5,E47,9.173656582126293,76.25552457003562,0.4214615375169324,0.7591129272821602,,False
5,E48,16.096752515047225,153.18486222209225,0.05961006433235558,0.7367678221133822,,False
5,E49,15.047347466055593,134.70802858101956,0.019004324858120966,0.7828566684735774,,False
5,E50,15.421635139814935,118.66804190382376,0.4844047786484911,0.6525627842815971,,False
5,E51,9.158103141145912,75.45073600524074,0.39438766195000513,0.7773174274041739,,False
5,E52,8.679616970260039,74.73455684860248,0.3812749219502945,0.7717739256425558,,False
5,E53,5.65827418583457,42.20392180265395,0.2641812535157707,0.7778844839310447,,False
5,E54,4.693087278706868,33.83174402788561,0.19864213659523425,0.755845541791208,,False
5,E55,2.965839686658829,25.11223680396172,0.14783208082332125,0.5431747814959798,,False
5,E56,22.619667046135387,229.1429590708864,-0.20723040207414917,0.610306933605913,global_correlation,True
5,E57,31.22708306605397,323.1825082698857,0.35702015339674364,0.5479669609601979,,False
5,E58,20.999999532306873,194.5375284481596,0.49277040265659733,0.7999927775647646,,False
5,E59,14.146054826575865,132.21097231846238,0.4993174948608149,0.8371308565195001,,False
5,E60,7.500434495617839,65.49049320234954,0.33012212193382034,0.6854898004802704,,False
5,E61,6.227753037007314,46.388934883412716,0.2584895657704751,0.792960594491654,,False
5,E62,7.4752725707418115,59.729490708148504,0.29177564754752705,0.8240827690266244,,False
5,E63,17.377466393285598,156.75071843226903,0.36240649644214823,0.6552265260039254,,False
5,E64,12.026277785789791,118.94912398579805,0.28731996605907106,0.5199937816832447,,False
5,E65,18.929254097497367,160.65270187287206,0.4769969539788105,0.8425120236566835,,False
5,E66,25.01813647800098,236.51964129492836,0.4529219432474752,0.8909811983165125,,False
5,E67,14.401131750654839,111.85777973107884,0.39207171523945705,0.7862607452167447,,False
5,E68,13.736613968903596,138.0721239502055,0.14734482267595117,0.7297459810924228,,False
5,E69,13.045355174859136,129.49001008237025,0.41195200705738844,0.7540571093921693,,False
5,E70,20.563431557338685,176.1253880106474,0.49166301333054996,0.8737694664391479,,False
5,E71,19.5704599184787,193.46031383761044,0.4339635191425449,0.9090031233308897,,False
5,E72,9.643996444844527,81.17316881374015,0.34370654050652705,0.8416273596605802,,False
5,E73,14.472689529680098,161.41120721002505,0.1556002002804478,0.6779913593299678,,False
5,E74,16.277077077083135,140.642732692779,0.32524231928382236,0.7139849519790279,,False
5,E75,13.507220540583074,140.48728045397732,0.4140764006793127,0.8042555627207846,,False
5,E76,21.69324627016811,196.5741648250177,0.4596458503155359,0.8668875220865118,,False
5,E77,9.551673343893329,83.47417136252443,0.3418621183744622,0.8573694239791452,,False
5,E78,6.985149533592609,67.06895825005705,0.297742168388303,0.8162573703574062,,False
5,E79,4.827245448912617,40.460338256698854,0.14471719481608597,0.6934598279729491,,False
5,E80,3.4100621658181383,28.827021119361927,0.11449207840376494,0.5669226830799912,,False
5,E81,16.51149860972654,157.20415942558418,-0.0997769727227621,0.8565185420341531,,False
5,E82,18.5065616492158,165.21496509031678,0.4481325164361321,0.8344238999076703,,False
5,E83,27.303373963755234,245.319948305437,0.4796697716216994,0.8978046708660761,,False
5,E84,17.252098086808136,153.63586881148203,0.42192550948593377,0.8791420854994259,,False
5,E85,10.454368727732337,98.3802320494177,0.39114538542569527,0.90081386006275,,False
5,E86,6.202326583048477,56.289214239214296,0.291289996678708,0.7909404411992567,,False
5,E87,5.137383069497269,40.24138600476232,0.2499851687381581,0.7316564760510147,,False
5,E88,14.803417586784715,159.44391896444722,0.021118088578021825,0.5706839207073291,,False
5,E89,15.522995901227747,147.32053662742987,0.35231359351261476,0.7510348627303611,,False
5,E90,23.439343555616055,201.9932983228906,0.4490227877887082,0.8295778789574897,,False
5,E91,10.621575401962007,111.06513818599316,0.38105818740689185,0.8066074529363811,,False
5,E92,12.610900805068267,105.97964612492947,0.40824809533383993,0.7672170720641408,,False
5,E93,6.679467079281737,58.22988694585524,0.37480810952567123,0.7860802575990744,,False
5,E94,18.311609119433562,180.7287690425735,-0.0713608095229724,0.48582811464077624,,False
5,E95,15.479278842476756,143.7236651737149,0.4367896061808156,0.6870240281601774,,False
5,E96,30.15238162776601,281.83204135195996,0.4450838631859844,0.7245867963008672,,False
5,E97,8.668125868858375,90.21364726320373,0.42410820286479417,0.7507981832778106,,False
5,E98,7.775203790280907,66.00251222722298,0.3903055237142978,0.7865293687020869,,False
5,E99,16.64420945710662,158.1770462292446,0.06946892971446562,0.6525939497252532,,False
5,E100,12.368349260341473,123.95917807196705,0.27505533413756555,0.5564462048643579,,False
5,E101,18.19254212740866,138.95625312058155,0.43091670957672185,0.7435762018454884,,False
5,E102,8.536254923965885,73.92742629834771,0.3430630217926955,0.6076953443050112,,False
5,E103,12.452194552609043,102.89547501293026,0.47798054139736307,0.7467818336359695,,False
5,E104,7.949829910484576,72.97986432096931,0.4735202985626435,0.7878940992489112,,False
5,E105,4.352379578396532,36.54289777285892,0.2604339058571678,0.699495876438593,,False
5,E106,4.733488275719602,39.19401090403286,0.33191162075437525,0.5711635711770763,,False
5,E107,14.744519992404646,143.43884217446927,0.28651235491718,0.636067800684389,,False
5,E108,13.690083871807344,114.75005724087413,0.4053726638497854,0.5999563119462985,,False
5,E109,14.358146451277804,131.99346166765883,0.4328246432124214,0.697784336072819,,False
5,E110,16.3309454330317,159.77607257667185,0.511462802330755,0.7972545142868138,,False
5,E111,7.037413195616194,60.51426481146663,0.4550186821408648,0.836821346588087,,False
5,E112,7.8351724155754185,63.00662548632158,0.33603951019241823,0.8267351641658475,,False
5,E113,12.515071165388191,114.39920889997705,0.2816962540488481,0.8112605178148403,,False
5,E114,16.68437196590614,172.75863531968298,-0.09076358024510567,0.6968108457907354,,False
5,E115,106.87421150303473,1005.349990872802,0.39866075322401534,0.4170042910779663,variance,True
5,E116,9.522288754365492,82.03277121197232,0.4431167960797737,0.7583325726287176,,False
5,E117,9.772712558965324,81.43667122202541,0.46123022609624265,0.9119765669234918,,False
5,E118,11.811753896169215,102.91528666081331,0.46965853987805584,0.9149397535087923,,False
5,E119,15.948926317205585,140.01100581988487,0.05923947927285537,0.8183329241956194,,False
5,E120,13.665227435688717,123.78398602561072,0.14747625657763552,0.8627365784476189,,False
5,E121,13.432408910598543,136.07809147001194,0.040371931648801,0.5661660668987071,,False
5,E122,14.428420501914813,129.94698007243346,0.43780290466703353,0.6192057646192981,,False
5,E123,15.003211372785305,132.9231090795388,0.4852469104855497,0.8315524689539523,,False
5,E124,12.676220138048356,106.72017836190987,0.39884041147443083,0.9184909723782657,,False
5,E125,15.042112267031554,170.40056425165437,0.24787877916777884,0.7236026014724511,,False
5,E126,19.604795506281462,173.91481602428863,0.1925261570550476,0.7132696506719738,,False
5,E127,17.46145136730719,159.81211078030606,0.16410148567796334,0.6034652208156148,,False
5,E128,14.51998297337198,194.91949023941066,0.15575448556351681,0.5417930841582574,,False
6,E1,59.06414351437723,1105.9020253779327,0.08194530352371483,0.604754271623055,,False
6,E2,51.19692153892426,669.0647961660775,0.1665123996232642,0.5735085646624472,,False
6,E3,21.508872981286643,328.7883945472873,0.32492057285364706,0.8711885309115581,,False
6,E4,12.395834246000195,132.58316117297088,0.06357071772521923,0.8706906534107548,,False
6,E5,8.683095876920092,100.77725209375814,0.1483328026420959,0.8565869789258411,,False
6,E6,6.420528839348084,55.3415887112507,0.014574118039356366,0.6202989857585461,,False
6,E7,6.956895257960279,127.94699916837345,0.34080723444017,0.310069476866702,,False
6,E8,100.38077843037145,1835.9674604603492,0.04361674224849849,0.4925650311557017,,False
6,E9,39.94788983600477,379.2142412542749,0.11843827035516324,0.7507898887035116,,False
6,E10,20.82474979446683,264.0239452872448,0.23263271527568383,0.9071371064276306,,False
6,E11,12.669813770283453,151.1663764961092,0.1182456116972099,0.88833124290665,,False
6,E12,8.116016849163675,94.82142077357906,0.14691004046034545,0.8362430329008245,,False
6,E13,6.963048296290943,106.09445845025124,0.37516773033851997,0.34804813673922347,,False
6,E14,40.28720472000537,423.5436807403627,0.0639611131392708,0.931245516601137,,False
6,E15,27.362683524492112,280.73058538488954,0.07303628755526649,0.9297286973097518,,False
6,E16,23.2918948292723,370.5748081449443,0.09765077332474507,0.6661802522123138,,False
6,E17,33.98983415605315,333.3172989112171,0.14334267062028522,0.8929788948399224,,False
6,E18,16.656392961468026,144.51505528718727,0.025666148423521017,0.8998271591202389,,False
6,E19,15.291826619702567,178.17310758245333,0.32571002984998515,0.8524575059037454,,False
6,E20,9.248349388811771,79.12231950165551,0.028869228509126047,0.445409803312801,,False
6,E21,38.564130833520856,451.4760169802875,0.12612152870927373,0.9082554662030298,,False
6,E22,28.58664248174835,295.0114370793364,0.08020486826973172,0.9360076393286347,,False
6,E23,17.09890008210053,166.33716554518327,0.09248342741728707,0.9167261119906986,,False
6,E24,11.765304342575444,109.43670066722365,0.11263822298830324,0.5456414971906287,,False
6,E25,89.09122575429512,1337.2545519081616,0.06852269328632538,0.6490630487527819,,False
6,E26,32.74025175691554,319.1794137626602,0.1473293367210758,0.7099422987043189,,False
6,E27,49.74135920937034,1168.4079859002914,0.018393047885269912,0.263984145548364,,False
6,E28,25.618571427687545,566.21862729807,0.08447949547355307,0.4082244801363465,,False
6,E29,41.16139675701792,974.2145901156426,0.004028982158138976,0.34956560161052486,,False
6,E30,37.58036447337838,888.170504935061,0.00811521494238577,0.04221121304941766,,False
6,E31,4.645598220591121,70.49059742651309,0.30382592506602946,0.15623860732332667,,False
6,E32,30.10473849010408,272.7881145518499,0.21945808709762146,0.6693915785599935,,False
6,E33,29.201483332719047,566.695496713672,0.14918452185070055,0.4872671067153604,,False
6,E34,11.523685373743639,90.1520780742327,0.3125177264812024,0.6457444774194042,,False
6,E35,7.865607189968674,82.68728215624961,0.36064586209267085,0.24803976397520033,,False
6,E36,6.266687379946778,80.38881442139231,0.005918626033970347,0.4102658881684976,,False
6,E37,28.823127134901394,679.2014838901825,-0.035110135193116364,0.31383122148675563,,False
6,E38,22.06229326278935,230.37236732933383,0.3506023945733231,0.8571080519570718,,False
6,E39,18.147493186829866,227.03653697862265,0.43865375948180974,0.825179023420379,,False
6,E40,13.578562032310028,189.20762334637791,0.44617807243925284,0.8198818071406979,,False
6,E41,39.51979787345083,931.2775188642208,-0.021407723962225466,0.1880494480037781,,False
6,E42,153.14275006846722,3732.1115644339257,-0.11054442604096133,0.6901457323280464,variance;peak_to_peak,True
6,E43,19.095139342000756,216.86747038562305,0.3251295057133951,0.8767105486569764,,False
6,E44,21.66975875936281,308.39508903536756,0.37493289321370454,0.8446233360402957,,False
6,E45,11.257146610573965,122.01431015936116,0.35646059127120455,0.8149947862141296,,False
6,E46,12.358108247709959,178.99744530932924,0.4060860664136816,0.8978183114861424,,False
6,E47,94.74754866963869,2308.68698072506,-0.11021996575887552,-0.010066065055284124,,False
6,E48,18.22561320228669,190.55857814342568,0.32908118387110663,0.8594173562827394,,False
6,E49,20.24139545361719,288.93673216657174,0.37422328394627535,0.5648837380033068,,False
6,E50,13.322484749381681,180.4941340589714,0.3871964699641635,0.9258964448399905,,False
6,E51,12.780912052198868,177.6495700868241,0.40638564060344806,0.58479847128126,,False
6,E52,7.515128320825886,85.15518113274436,0.10577261612966728,0.3695997139261191,,False
6,E53,6.148504144099168,49.33034404024836,0.15171837664962726,0.6647979477975103,,False
6,E54,4.949630089849262,36.45401256638576,0.1389066153875843,0.605786422901718,,False
6,E55,3.801637857041681,40.50393288702715,0.21540516980763447,0.6335387370231104,,False
6,E56,19.94587940810634,307.9416582344242,0.35883478268069696,0.9137718204026654,,False
6,E57,18.54562314580494,287.13668851672105,0.40581294070518376,0.8873244010418602,,False
6,E58,13.578392583589292,170.525096606498,0.3883908075605012,0.8099208879082574,,False
6,E59,23.027672057275925,431.21745763247503,0.2088645948896922,0.39806790648115786,,False
6,E60,8.164481351933762,82.97096771379336,0.38894960601007167,0.5037697694797021,,False
6,E61,9.25074494364432,117.43956655102234,0.13083678856460434,0.5371796808953511,,False
6,E62,12.884964148484135,231.41664547644078,0.2905461236324052,-0.28456094538448035,neighbor_correlation,True
6,E63,23.368589484537605,462.7596925562258,0.21940518227113578,0.8734614828441607,,False
6,E64,45.87446764227864,1081.9963244435116,-0.023020709319543187,-0.17172086870363706,,False
6,E65,11.267937068278352,88.74613156166961,0.36488330701313687,0.627698597454278,,False
6,E66,10.68043781060653,159.15800644055255,0.005157735133107347,0.5985250802502946,,False
6,E67,68.52439594408351,1661.532600539746,-0.08418031331755628,0.4446543984658745,,False
6,E68,14.95015621458557,199.254223696705,0.3671752421759243,0.9149464906702431,,False
6,E69,18.73556091202684,262.51439561259684,0.39766112032788903,0.768625409550709,,False
6,E70,11.987165091185066,95.49471330878748,0.25166987969557136,0.7445021251972285,,False
6,E71,11.14797642222974,156.581237533734,-0.05557804531293765,0.5910301109271285,,False
6,E72,33.1361633365986,787.384829889789,-0.04602529329977022,0.5761308148036932,,False
6,E73,16.969095013881475,238.2415258188595,0.36549733565268927,0.9317242592337789,,False
6,E74,16.126273878407215,215.57391254597428,0.4000999126597694,0.9126588166532,,False
6,E75,12.234018697537087,119.85483371529438,0.376079688285995,0.8074061207784315,,False
6,E76,11.804278315270565,180.07105912251586,0.02772156403978696,0.6773221806124807,,False
6,E77,69.76351954544936,1688.5897795239002,-0.07180343799220129,0.3108622867418749,,False
6,E78,11.019183031056254,160.2419067779454,0.3601962738785725,0.5796902881551566,,False
6,E79,5.370429971236869,66.24853640870508,0.2802321340664833,0.7545937606600353,,False
6,E80,4.687066128019569,60.78290351953518,0.29914714907485934,0.6447129784160195,,False
6,E81,17.74446307405585,265.40150763126945,0.36128059893191117,0.94238345431736,,False
6,E82,12.868164931029854,133.96992289864303,0.3934188409775101,0.8567338046929495,,False
6,E83,13.376355416443822,118.35663721051964,0.2309941051997466,0.7834913033350432,,False
6,E84,10.905211150409176,135.72370367408308,0.11436531829279721,0.7345683688428324,,False
6,E85,8.005939812813718,67.79498481316259,0.2340944370951019,0.6325277922050634,,False
6,E86,8.19759651121204,113.80526378173141,0.36800325131995876,0.6653519959823853,,False
6,E87,27.238994239765066,635.7700553980121,0.0023907376292590845,-0.16153073034580015,,False
6,E88,40.79433456960457,942.5912126442515,0.003670808899606044,-0.10664830397332273,,False
6,E89,16.110392303138784,225.57813550434383,0.42553779078146114,0.852988208089758,,False
6,E90,14.093034902971814,132.57784276725064,0.3589792114801618,0.8170392305216743,,False
6,E91,9.879306835927862,99.32957898506821,0.39297696335716215,0.8333974256863919,,False
6,E92,8.047447136689087,79.9413652558098,0.3671508046369314,0.812428389361346,,False
6,E93,39.556205434607904,948.0506472669958,-0.026170532811098355,-0.05888005292717027,,False
6,E94,17.470925484295947,256.3100120690871,0.3321567701163907,0.8625997650009954,,False
6,E95,16.943809266325665,243.17555002635441,0.4002825628590713,0.7627132332369642,,False
6,E96,13.246059437421222,125.25007527550287,0.39202283146741995,0.7901419773613249,,False
6,E97,8.89020506186015,92.00002283459924,0.38791560651924584,0.8540439047133346,,False
6,E98,10.284284164724836,156.14018594473987,0.4345390777951159,0.8287273485228355,,False
6,E99,11.4505265816559,99.31155837121342,0.3595735966560743,0.6302927965102645,,False
6,E100,18.402975765610897,232.29011611063032,0.4463318582325999,0.6009019280789152,,False
6,E101,12.24991211337993,149.42012873274538,0.4272820054428973,0.8579564453530079,,False
6,E102,11.046835298856083,147.0946963151491,0.4303225887573427,0.8545291315016978,,False
6,E103,8.935323906785506,111.0109296378816,0.4534342633550654,0.6463814800348102,,False
6,E104,5.501415904283219,42.7558801647652,0.1800993914258704,0.3776647796863528,,False
6,E105,8.742911360612037,153.35434342947417,0.376079688285995,0.29592397285204153,,False
6,E106,5.300409501408284,62.346877732282834,0.05046478765008132,0.07164399876716222,,False
6,E107,24.239545070983986,470.8892663537618,0.32285427162541336,0.5632643407935599,,False
6,E108,11.588707080106055,126.74630299785369,0.41990169962079565,0.6921294943349234,,False
6,E109,9.140672777794782,71.5443760613275,0.30829084130278395,0.668397526584162,,False
6,E110,7.704421026089777,65.44682770529559,0.23203310805085292,0.5765591601540622,,False
6,E111,9.182297151927639,140.5383211620413,0.4318695439467443,0.446810371056954,,False
6,E112,6.030070443062902,54.08141978527763,0.10038797083094354,0.5618828451232174,,False
6,E113,42.67704830212911,1001.5011833575115,-0.024990861259234592,-0.007556035308230208,,False
6,E114,19.029837835451858,222.9100009584725,0.4578868459459591,0.7560371820276511,,False
6,E115,29.078468857886694,431.3091875906714,0.42044972929269137,0.6221030892870489,,False
6,E116,23.07473548588026,483.2222587435246,0.17835043946215906,0.31792686753433674,,False
6,E117,9.733263386380653,123.31212736685177,0.35883478268069696,0.7458725211826953,,False
6,E118,55.589674919421945,1344.2674814752759,-0.0491776298982713,-0.08428019618880506,,False
6,E119,19.7773555732781,288.61943635754994,0.3731196095189323,0.7004084355381857,,False
6,E120,17.968449414459055,244.33205920426727,0.3850287115003453,0.6293297742129464,,False
6,E121,20.938440861701448,243.31201145552095,0.2980682524457543,0.6832327713696149,,False
6,E122,17.284818212260934,215.2851354120609,0.3926723161811823,0.5180642964795681,,False
6,E123,13.386704024368507,164.30060758742135,0.2560752953047898,0.8989065973586094,,False
6,E124,12.65735079125717,178.27379516304038,0.34039533688482493,0.8980583765286829,,False
6,E125,22.427868412266562,214.39041587393626,0.34256154008519235,0.6808308943311809,,False
6,E126,23.834097298819366,312.6273584198532,0.29168297521835734,0.4502994760039304,,False
6,E127,24.776590292680655,325.37941357760076,0.28871470147565925,0.8105829367162569,,False
6,E128,23.20813156859491,210.8889356538386,0.23681747711096637,0.82062859799455,,False
7,E1,44.968721154672735,1372.4002839042016,0.06320652705832717,0.222473652910175,peak_to_peak;neighbor_correlation,True
7,E2,63.795081146861094,744.0064792085454,0.282052743222042,0.6648918277056679,,False
7,E3,14.737773321525074,175.79551944000997,0.2182649504137984,0.8440083312493256,,False
7,E4,14.828968169614075,165.34631998157806,0.3488984490461308,0.861092142433298,,False
7,E5,9.052175096814295,95.18708392898702,0.28932140157676534,0.8876143798024929,,False
7,E6,7.166296755409512,68.19264161494274,0.2505008109316491,0.7166208954359343,,False
7,E7,2.8721789054794784,21.089272386436555,0.023219087960001994,0.35331545162117795,neighbor_correlation,True
7,E8,57.09107159456929,832.7575632178662,0.11712704942291748,0.6706971158133453,,False
7,E9,65.47556188893412,864.4596747404026,0.30013996536635307,0.6474071094908036,,False
7,E10,15.373909923439678,189.59403742859757,0.20061547330559387,0.876437609233792,,False
7,E11,10.021927637912073,108.60488762740572,0.11446751383144511,0.8526607818303453,,False
7,E12,6.927271132670439,67.68555465638188,0.09300128164396798,0.7534644928707347,,False
7,E13,4.74413260209121,38.49527879272123,0.05244040923953989,0.6728011914873747,,False
7,E14,43.456688930632964,605.0355270591973,0.27578700047664845,0.8870575959385006,,False
7,E15,31.670558588652476,414.561716810966,0.3478821431381018,0.8496679792197173,,False
7,E16,14.013647730108241,163.1489757138801,0.186838172613805,0.9188352719575954,,False
7,E17,35.762359034618264,419.0445201311196,0.251458128402686,0.816743667129217,,False
7,E18,15.755914174404653,197.85279296307732,0.23929797245506304,0.921359849404386,,False
7,E19,11.896649369093705,133.5016756293409,0.30384322047291024,0.9241209124219953,,False
7,E20,10.293146891969823,110.89531662734993,0.3388347202441422,0.8397329175622632,,False
7,E21,30.373458367773235,375.7030877876809,0.1487069258909304,0.8693191164684186,,False
7,E22,27.04260226946558,356.0028635704038,0.274250762375145,0.9108027680880091,,False
7,E23,18.640784488634427,226.36005081592873,0.3418574006654203,0.9322349875709264,,False
7,E24,12.106094123645358,137.5564728975897,0.32410874982445803,0.9114750578376625,,False
7,E25,57.189376144861285,711.8210008554495,0.1001910961102995,0.7890732898025119,,False
7,E26,39.70027046918493,500.8584913544071,0.3373360891676899,0.7866098976171485,,False
7,E27,11.900590469827746,137.02089802997529,0.3426338813759257,0.8332632668927202,,False
7,E28,8.122774576522644,85.73333051449308,0.23483685325958903,0.7985961425031494,,False
7,E29,7.995682112210938,91.20186586797496,0.36483478972270744,0.746248168469504,,False
7,E30,5.190076677562053,50.08506685829701,0.2801487458307892,0.6175653489299344,,False
7,E31,3.009667304267845,22.27002058888294,0.20936957506728926,0.5839466850792709,,False
7,E32,20.113657651777128,265.0195480683461,0.14726033737693378,0.48629477873016247,neighbor_correlation,True
7,E33,19.94031832649193,231.24274851414356,0.42376267905617354,0.7776566099556615,,False
7,E34,11.477198360655482,112.0506819792897,0.4796201542830736,0.7694070225130573,,False
7,E35,7.132139821130104,54.36198143158006,0.34309125938856855,0.7891768809783357,,False
7,E36,5.999849079172201,62.71600252395996,0.24947316790623272,0.7906799826905273,,False
7,E37,4.97571743799897,43.65853401208307,0.23053031087568265,0.7901766916598059,,False
7,E38,13.64284943941164,141.94891034425166,0.20504644389004328,0.6678361721763452,,False
7,E39,17.26433381076388,200.60999340114228,0.41575666199735656,0.6130729870833871,,False
7,E40,8.355735526738354,58.9405941725617,0.40079636860932216,0.7973466548483288,,False
7,E41,9.548278556606157,120.48555208271073,0.45294378325262924,0.7645301438310348,,False
7,E42,7.142997771518007,77.36875242780604,0.3256080162198372,0.8303039869255997,,False
7,E43,13.666099465394478,111.00213260563278,0.2942759152209262,0.8247140609843588,,False
7,E44,12.995031522331681,134.51251845261538,0.24086442940237016,0.8113442840629199,,False
7,E45,10.16348789626911,84.05709945712394,0.4426435152971527,0.745119659237562,,False
7,E46,8.330169733917458,69.40651277185407,0.43858345910838414,0.8566108411690336,,False
7,E47,8.293649708326274,94.06456888811601,0.44153570018114596,0.8480026782493205,,False
7,E48,18.64751450705436,326.09828898813987,0.20958848640915487,0.48336940046480326,neighbor_correlation,True
7,E49,12.32127257629553,104.28608299568334,0.35478309878335546,0.7655738552139983,,False
7,E50,12.114760394013874,135.19179533261791,0.48956566273558444,0.819340016951899,,False
7,E51,8.727753866785324,88.88335520034039,0.4618661333283622,0.8205948504743121,,False
7,E52,7.984833398726028,88.9980793820519,0.3012970956935311,0.7853926199314247,,False
7,E53,5.861542389144205,52.57399344843343,0.26046950126274715,0.8100696549837749,,False
7,E54,4.753202586810763,41.7518939424366,0.2233640161848612,0.7767883519467957,,False
7,E55,3.4255626987630454,23.668282722563212,0.23015853336426884,0.587457252510729,,False
7,E56,15.807094117188083,166.43548805584138,0.07025821371239531,0.6711018706546579,,False
7,E57,14.79793968895448,158.41220682703803,0.3964339500332391,0.6679408172102785,,False
7,E58,15.657059284579317,178.87569586817528,0.4529050054117218,0.8649150124056474,,False
7,E59,11.219085772681328,138.79598991809175,0.4552568643500702,0.8396052157188524,,False
7,E60,7.085971100257174,61.401501001691514,0.34470404953452166,0.7873998304784968,,False
7,E61,6.169537221315563,55.82000268567563,0.26477142102070933,0.8615565017778706,,False
7,E62,6.865207269243976,61.84665842643136,0.3187295365281275,0.8615024013125623,,False
7,E63,14.346062295093825,158.04903191861,0.14973111337987496,0.6165440593420397,,False
7,E64,12.417289205101664,124.52419109961556,0.5024790775169378,0.8504829554029163,,False
7,E65,14.873951825805623,168.59014460374357,0.4437624936971016,0.8744628006758242,,False
7,E66,9.66517862769976,116.71587086066533,0.36451702203960934,0.8747381529954692,,False
7,E67,8.725979137095242,86.99813811136545,0.3168834606706699,0.8782298902755288,,False
7,E68,12.754125249369011,119.75016954918152,0.36421441684870465,0.8228244080163045,,False
7,E69,13.85236666526423,158.44994846890972,0.4303330130168399,0.8606635174005504,,False
7,E70,14.421606656513386,196.1377101764532,0.4065349013803199,0.8678733821929507,,False
7,E71,10.182289367925563,116.31870919664522,0.3833528264447082,0.8791668637354008,,False
7,E72,7.395571834076677,69.81446837643881,0.32685818042538706,0.8584080990965347,,False
7,E73,13.03811650992014,122.20854349191526,0.2629076689242715,0.5013339697174577,neighbor_correlation,True
7,E74,14.237979940218114,162.10349068368708,0.4587064473434092,0.8661083220003767,,False
7,E75,11.726688865636529,134.96326851045777,0.4426385956997275,0.8572610202778427,,False
7,E76,17.64888476829138,216.1523611337867,0.3960911146413008,0.8131538315729856,,False
7,E77,9.794960699076395,106.12854356347955,0.2932846831241069,0.8233569981073732,,False
7,E78,6.3732040928364,53.35768121638421,0.295700655922232,0.7724726323094774,,False
7,E79,4.8815504163940115,36.00730829912507,0.2716475495619134,0.7598630404168689,,False
7,E80,3.8201807381287454,29.51781998177651,0.23541138483694557,0.6583782418557347,,False
7,E81,11.820944746304123,110.61003659911242,0.32734702431523294,0.842641582573988,,False
7,E82,17.617951016694935,235.0881451756874,0.4450414867303774,0.7719868786408521,,False
7,E83,19.280501287479826,249.64573045244907,0.4044337089573571,0.8254965694953338,,False
7,E84,13.09709830989113,161.86429699004464,0.3668265792057561,0.8885646846206051,,False
7,E85,8.838598784287473,89.01828439564257,0.3749892401654391,0.8945722322825604,,False
7,E86,6.201685329266863,47.56553930107271,0.3250033364244685,0.7988808908013455,,False
7,E87,5.216814478181583,44.46612406926741,0.24218597064391229,0.807839185999093,,False
7,E88,12.662671001898623,118.32044597568007,0.3793365448921861,0.710227026111225,,False
7,E89,19.052459876961763,227.4897186261894,0.3459557319243369,0.7112287973978193,,False
7,E90,18.462144944020856,194.93030455985706,0.3895423014980466,0.8615941001441723,,False
7,E91,9.2871103814765,97.8276882528441,0.41207916423945573,0.8698359174367892,,False
7,E92,10.922692600560321,121.92472795392769,0.40114471571126126,0.8357938457764307,,False
7,E93,7.525217717605943,72.90395096536163,0.3311259380740919,0.8218444605638711,,False
7,E94,12.070704786524745,102.22474521691395,0.351146996597495,0.6579951505649357,,False
7,E95,15.9423939970767,178.73926162501414,0.4519333900804033,0.8203915253010658,,False
7,E96,27.750127303463604,289.5442281163364,0.3843559805858371,0.6815706698383247,,False
7,E97,8.402622581824833,81.6350624771635,0.4734248067570494,0.8062684123817472,,False
7,E98,8.078473699765416,76.9500089350309,0.42423509280719496,0.8563791293622938,,False
7,E99,14.950061764762728,166.79378508924103,0.49340181937778105,0.710619315873585,,False
7,E100,10.944880831284793,92.29691643145406,0.48322224680402304,0.7683238928228185,,False
7,E101,17.076058573990405,186.6408988065403,0.4281489152872451,0.7841976740803045,,False
7,E102,9.093061822311077,78.76120216188247,0.43980443400183244,0.7432297687035362,,False
7,E103,9.582652012918247,102.41866701371006,0.4628715270946982,0.8340036063146077,,False
7,E104,7.160111767338081,62.51957108526088,0.3900836916242888,0.7762161056057963,,False
7,E105,4.943368434273219,38.68282588009862,0.21471105870221377,0.7308789428706266,,False
7,E106,4.307924425553932,36.56331738001518,0.2628232953439399,0.6369910517817148,,False
7,E107,12.470212822379949,98.12180626130453,0.3580899710880546,0.7847685775458879,,False
7,E108,12.254984075199438,123.46100220824775,0.4726269300003386,0.7823003754886415,,False
7,E109,11.56891193317662,101.21620696858632,0.41935327944448214,0.7925493649883849,,False
7,E110,11.437621432412717,119.93117159464609,0.47748743957895257,0.7905007443057026,,False
7,E111,6.410748302578278,51.88263410077987,0.3257933284689173,0.8575188274880047,,False
7,E112,6.497112966018408,66.39580531061915,0.2523740518717782,0.853337303044986,,False
7,E113,12.399713527535626,114.48010840325094,0.4362367568332072,0.8553557852483605,,False
7,E114,13.35397248241904,129.55414147158547,0.39359257517461255,0.7890858927041244,,False
7,E115,33.73447646740931,376.52741341144673,0.2807892800478741,0.6003964031884085,,False
7,E116,8.981614248120884,69.19009601587558,0.392824230622746,0.7203681183258441,,False
7,E117,8.444119915573948,76.34712741997375,0.35026390943213676,0.8913756374753992,,False
7,E118,8.88901065116307,92.85064007997443,0.3089312458741661,0.9136223129586285,,False
7,E119,14.709483350458589,167.45208869301064,0.24099283109453598,0.8362464609355387,,False
7,E120,13.177265856409463,108.30420055484711,0.342140877069156,0.8778657954176854,,False
7,E121,13.99118077542627,133.4814295016808,0.28531502948153464,0.7257161367422515,,False
7,E122,18.14533619526472,194.2020461523775,0.40322723291845686,0.7461098835130819,,False
7,E123,12.474796611916814,135.1623370102247,0.42710103208653344,0.8289433353512582,,False
7,E124,10.010879467062114,109.85786222613876,0.28920789183057016,0.8959736775384388,,False
7,E125,17.21213621340467,208.5712039392181,0.24457565954189012,0.7774836877551828,,False
7,E126,18.20517606918303,195.03961893391514,0.2611536201141181,0.7827121120569136,,False
7,E127,22.2808473037849,386.631503734473,0.21119737802538815,0.22229932003581004,neighbor_correlation,True
7,E128,15.82241178103515,192.76076540738083,0.2620592544016725,0.6257800380803327,,False
8,E1,29.798006317464818,421.17591271975516,0.1077108664090538,0.4643785718557419,neighbor_correlation,True
8,E2,51.790984745086085,595.0237781249879,0.06742542701592637,0.5341893839409506,neighbor_correlation,True
8,E3,14.88177057842838,153.25000479917514,0.015660470083272728,0.895926308687442,,False
8,E4,12.911441158117514,148.20870052853348,0.06927931230466208,0.8868556627517661,,False
8,E5,8.221055932804665,85.10133611913015,0.04119569812293023,0.9059699439086524,,False
8,E6,6.442962532146468,58.336747071845465,0.04346950981804079,0.7719790999628537,,False
8,E7,3.0986961201716086,24.9146173309652,0.05854426060869355,0.5024545078549554,neighbor_correlation,True
8,E8,56.981821417380765,614.0813982069238,-0.0895194962258709,0.7985415054336953,variance,True
8,E9,38.137680504358904,522.3340079178367,0.021191667777703833,0.7865930444372058,,False
8,E10,15.565640600655623,163.1433674607491,-0.014555728261421035,0.9551446507462704,,False
8,E11,10.682826026555276,110.92503842550086,-0.003673133535702492,0.8912770987779419,,False
8,E12,7.275234158710829,70.99230652886054,0.02524506654690608,0.8464236892818975,,False
8,E13,5.016685937851003,41.06520111869409,0.04570085905294033,0.7030924227054272,,False
8,E14,35.549114483378624,406.51882009847714,-0.04091740657418311,0.9345214200216229,,False
8,E15,23.115152554729075,250.7285453725963,-0.017118052266001146,0.9590224010296287,,False
8,E16,14.345344534876318,148.4915527996739,0.002467883744656207,0.9377561448428311,,False
8,E17,36.120755490572556,386.59554416232936,0.019865993462066214,0.8587312888091243,,False
8,E18,16.51202307496295,194.43862919811951,0.010745507510121616,0.9259748739876993,,False
8,E19,10.790993544277615,113.15420573126309,0.04504579981753814,0.8986379818924296,,False
8,E20,9.952582006748651,97.09883885210992,0.11669017612344179,0.8207745660401264,,False
8,E21,30.880620531663503,300.08871334128423,-0.03759433638110519,0.9524077326328496,,False
8,E22,23.283071650846342,233.53725540454502,-0.025799567895429733,0.9334755351477375,,False
8,E23,19.133608894155813,211.02295988112806,0.07580336635450821,0.9094239491683533,,False
8,E24,11.808184681471818,123.06979090049077,0.10589953338059352,0.9092160834662187,,False
8,E25,66.13789511850702,718.2793702438099,-0.062149274200659126,0.8940426105041811,variance,True
8,E26,35.00983476595915,398.5568881295437,0.0788388603572847,0.7511797406836687,,False
8,E27,11.335308031234804,111.72224613906337,0.13562410912287118,0.7851180273636142,,False
8,E28,7.932702815466548,72.34905790173922,0.19088117431025864,0.8072195063168175,,False
8,E29,6.8074960855629465,65.39800403833078,0.22055449040128508,0.7741353141827545,,False
8,E30,4.738891226367117,43.902706034058525,0.2596077048920966,0.6564208256462969,,False
8,E31,3.393936245443686,28.35716993767111,0.22555805970752965,0.6370335940995715,,False
8,E32,22.25830171529089,256.113700836164,0.08640882638360554,0.5535133679540598,neighbor_correlation,True
8,E33,13.251376329123731,120.78690533367006,0.246573353472245,0.7169614194161624,,False
8,E34,11.247974337133394,97.9091364849851,0.311486527181417,0.7301566396446431,,False
8,E35,6.913712723904271,59.93046921521233,0.3372832057716864,0.8101405988788861,,False
8,E36,5.9595367339143595,57.144537176307466,0.25456951935186206,0.7910870463183528,,False
8,E37,4.977372048873315,41.63439058415874,0.29168249348638314,0.8109574854786401,,False
8,E38,13.601851114556247,113.13626298552502,0.2500177469560176,0.7199232230557104,,False
8,E39,11.157327488765459,79.873769458324,0.3717320707816224,0.6962835917373074,,False
8,E40,7.923859295083283,59.79521339550679,0.4141037930276659,0.8349050948170278,,False
8,E41,7.5010657647109555,58.46577673145275,0.39599992448748,0.8522438928748527,,False
8,E42,6.771282553165884,56.02602718965426,0.3573400704986382,0.8394133298762493,,False
8,E43,13.566969190480851,131.96535253767775,0.3902794919955272,0.7904988546960444,,False
8,E44,14.401740581533819,159.80207759229927,0.2740376419642933,0.7317225129522482,,False
8,E45,10.331593203772787,92.16132569565474,0.4885699405419873,0.8065203751633326,,False
8,E46,8.215041592022871,59.255134969805795,0.4909988407437718,0.8679768228439357,,False
8,E47,7.719117051169854,60.77528330014849,0.4526459527575831,0.8562752592931719,,False
8,E48,19.762091739450767,231.28668227783282,0.28576345701407674,0.7343244052991451,,False
8,E49,13.136125328591527,137.97115154800528,0.4268491444682375,0.7654219558274561,,False
8,E50,9.975239933898255,76.24917721437615,0.5422082431674302,0.8528652076307893,,False
8,E51,8.926780579644928,72.85595198611858,0.4994170851122515,0.8374495693782044,,False
8,E52,7.554916311662315,63.06085066925557,0.40059792055883203,0.847732735777212,,False
8,E53,6.024574593327371,48.82815191184529,0.3757688002730451,0.8273256149378678,,False
8,E54,4.702494179232515,39.35653375314769,0.30979624677429984,0.8228374186808058,,False
8,E55,3.718061755124996,31.891786916938248,0.2776012612984419,0.6365158752143041,,False
8,E56,21.76496292149042,261.4941175236603,0.2066642418195968,0.7641550882104858,,False
8,E57,14.240068044542932,149.31565715338027,0.39640374239149145,0.7122612135235966,,False
8,E58,10.558072025610501,87.15233602515659,0.5112130284332073,0.8336320884292823,,False
8,E59,9.459024188485703,83.46345068987364,0.40210043797685385,0.8261433443377157,,False
8,E60,7.240438597129523,67.97361277993319,0.44354341150439097,0.8495684721619821,,False
8,E61,6.331832897154922,57.539975117207064,0.37752238638314456,0.8740873552121341,,False
8,E62,7.246145337735652,64.3910189969034,0.44318079696191587,0.9041282336679559,,False
8,E63,19.726139208187433,238.76037249226528,0.2560165363647266,0.7708558251107893,,False
8,E64,12.195561740186523,138.41777107916883,0.5189459379963625,0.8234163196935363,,False
8,E65,11.926896328191964,97.50151912830543,0.44054862544780493,0.8841316675960731,,False
8,E66,8.584673839371842,82.05781083876568,0.4082276563407856,0.8930622378247524,,False
8,E67,8.336531654366508,82.71906244354749,0.426423245219752,0.9068364563208453,,False
8,E68,13.573691816934936,170.31427171773703,0.43753367320783987,0.902133938313614,,False
8,E69,12.444119064200807,147.79113124340807,0.533169594600516,0.8794676355208739,,False
8,E70,12.04013470276242,110.22060412511725,0.4317755029697495,0.8919745617341202,,False
8,E71,8.935536001837264,84.32327731246805,0.4392643805079282,0.9084329889513789,,False
8,E72,7.619286629158518,65.99637051906245,0.4557385212768685,0.9139429885314398,,False
8,E73,13.444129388979006,143.39142570410218,0.49266044457958325,0.8807390227429825,,False
8,E74,11.609438436051411,120.14060406442988,0.5339775989909551,0.8854005864233996,,False
8,E75,11.425078839046234,117.93887540590279,0.47042246096640183,0.9007981208909595,,False
8,E76,10.985125720657404,111.57851124757862,0.35967778401011624,0.8508454392301562,,False
8,E77,7.857484748147357,66.33299752451353,0.420742089745589,0.9119238937903588,,False
8,E78,6.861156704829516,55.953185009286,0.3839212171872634,0.8484860355800725,,False
8,E79,5.075438753520252,39.41492750132606,0.33961441962521755,0.7386317060857276,,False
8,E80,4.177666861025073,30.814342926728195,0.285752394374966,0.6560162037522561,,False
8,E81,13.89022222886765,175.70327966548373,0.4400026024651843,0.9188713525978663,,False
8,E82,11.745149327474234,123.92787025943693,0.5468926125608654,0.8684739968431017,,False
8,E83,14.024395379253948,131.3089265596347,0.37658200167914685,0.869643115050459,,False
8,E84,10.157443140523588,88.44513220640728,0.4352772923506302,0.9003798807288924,,False
8,E85,8.182907722379108,70.80685222620374,0.45763242590585435,0.9023847621302985,,False
8,E86,6.2352204430688625,52.286368281070644,0.4021345861796244,0.817774270633487,,False
8,E87,5.190530178249577,38.6083927876457,0.2915897121435386,0.7803242060242257,,False
8,E88,13.906789340678934,159.4119728944458,0.43826345632750585,0.8597205279937148,,False
8,E89,12.332403631258805,133.34981388530457,0.5340566866432664,0.805778695256143,,False
8,E90,13.153686018906095,130.68120238114722,0.3968011481703017,0.8210032999794312,,False
8,E91,9.239466251344105,82.97400322594555,0.5048704547424715,0.8924424899585588,,False
8,E92,7.742234773554434,65.11756800789374,0.42511621456761617,0.8675233928697743,,False
8,E93,6.625427233417685,54.21200254742797,0.4007582971759865,0.8556103323759088,,False
8,E94,16.049884451163383,215.3370876022726,0.3592397909483555,0.8839286323639388,,False
8,E95,12.685556987068482,140.30208779211074,0.48728020663461685,0.8413133725290802,,False
8,E96,12.544490897300332,113.31577177315634,0.41827507346640214,0.7207539605832914,,False
8,E97,8.484077417438874,73.95951390396951,0.5335328287543714,0.8957425501106973,,False
8,E98,7.34413782342342,59.13317374856613,0.48086495967720133,0.8816844027260096,,False
8,E99,15.206252399587319,172.56759361136892,0.37529014569059216,0.835058939875011,,False
8,E100,11.455422514450465,112.06501857527351,0.5619537234245812,0.8259358423504399,,False
8,E101,10.440168246498587,88.19229829460588,0.5386351948287391,0.8946655136407466,,False
8,E102,8.602529198895043,63.71515632978159,0.4875342101399078,0.8784859512591845,,False
8,E103,7.555223476637813,56.04063004770759,0.3775223863831446,0.8476024931773936,,False
8,E104,6.213992717213896,54.280044114736825,0.26154895709827203,0.8184003817611909,,False
8,E105,4.981242809577574,40.51367821081288,0.22966594560566136,0.7411645689566813,,False
8,E106,6.674356658705803,98.9403413709515,0.0584645875252388,0.40522868201284806,neighbor_correlation,True
8,E107,15.709767308043176,194.49834067191688,0.3499046236169109,0.8040563950065109,,False
8,E108,11.283706387853607,90.23042084200763,0.4552658928873434,0.7305580142747241,,False
8,E109,9.081289994070612,65.8794406991042,0.36265941767113546,0.7809958992790116,,False
8,E110,7.677738049809802,63.83891181754294,0.3458006829550091,0.8113733544038824,,False
8,E111,5.995469890389191,52.264166020807146,0.23222861551322685,0.8524295514120881,,False
8,E112,5.685624955862899,52.498465458682375,0.0780319266483062,0.847470798560586,,False
8,E113,12.716451053784322,123.8124679931534,0.4715406408081798,0.8587372916185836,,False
8,E114,14.021221878674407,130.0914486669129,0.37087705147669364,0.8492065294910409,,False
8,E115,13.09352140409312,101.42234516523558,0.3667386227195963,0.663320316424712,,False
8,E116,8.857640283924956,83.35345712149883,0.3552286473562547,0.7757030684588969,,False
8,E117,8.129832926251519,79.47273746042882,0.22660274357101645,0.8851819445162634,,False
8,E118,8.02724758859125,81.3445473933283,0.07363535374622396,0.9143494042718276,,False
8,E119,14.340139362031877,144.6837354038335,0.45687530476912963,0.9006972709259431,,False
8,E120,13.617346461989385,124.4095196252125,0.4277468869664941,0.8930554633671417,,False
8,E121,13.901522532313956,104.82195887040041,0.33442612719482,0.8307177677204381,,False
8,E122,12.112145286013474,116.320377164972,0.34095177643551755,0.7831086390659394,,False
8,E123,10.88773664967261,108.72953969686827,0.21886672463013493,0.8606770168467028,,False
8,E124,9.687994057621397,97.56055314993927,0.09598504717150881,0.9047600697122047,,False
8,E125,17.149672335518854,126.17206881613075,0.3333901397355176,0.8316440842909275,,False
8,E126,17.486244183389218,178.4064959376886,0.4073878780484036,0.7595557175958687,,False
8,E127,18.557651370884933,188.2401515572821,0.2629378574625137,0.5344390355359048,neighbor_correlation,True
8,E128,17.151163307948885,178.60084459142934,0.2771979383584561,0.5890254836985629,,False
9,E1,26.627844337687577,432.362031006952,0.22975073599902665,0.42638681492866615,neighbor_correlation,True
9,E2,84.73141855819614,676.0483560195198,0.2728029302121206,0.661704781197631,variance;peak_to_peak,True
9,E3,14.000239630351615,142.9143842587684,0.2708232677175316,0.8498303494790077,,False
9,E4,17.840078971219423,140.14763180948978,0.3539735326195666,0.8261992768800055,,False
9,E5,9.275739236207228,67.76079792076749,0.296558498372195,0.8924815681556307,,False
9,E6,7.771242957252877,56.44923328736506,0.26721641249169475,0.7456898316664371,,False
9,E7,3.3535578199133735,31.134587841422096,0.12881477303378097,0.5545461855888261,,False
9,E8,54.07946733331529,640.8717654046518,0.16584421503889862,0.7882244165501386,variance;peak_to_peak,True
9,E9,82.34172649317145,648.8084886912366,0.29277507066550884,0.6492417712813713,variance;peak_to_peak,True
9,E10,14.88064428711645,149.66283820832615,0.25612489771656705,0.8716551628085771,,False
9,E11,9.469374145614793,96.90320633083405,0.14911492425862022,0.8615353877880976,,False
9,E12,6.813094626425371,65.50637471610804,0.1295895933431808,0.7671600777015493,,False
9,E13,4.982159223692569,52.04652947751961,0.11917041917038257,0.704372295114571,,False
9,E14,43.26204416595428,396.1372260455919,0.2753705915975366,0.8482490700806753,,False
9,E15,29.309078951638067,263.7803807415297,0.3085682844592876,0.7886064191619064,,False
9,E16,12.597846723346505,137.7807304604875,0.1859961425541435,0.9083933338085945,,False
9,E17,38.560938577392264,321.9204158617192,0.2538029071504109,0.7412967267908455,,False
9,E18,12.98213652003599,143.47368116689518,0.1446799591277411,0.8904166814771926,,False
9,E19,10.730039107848272,105.51939761236613,0.24316746893972288,0.8699889567082568,,False
9,E20,9.571206259817522,80.67478753844452,0.28030350318146147,0.7707086555751052,,False
9,E21,26.082463892687905,306.98722649157116,0.13865668319505522,0.8407370302568042,,False
9,E22,20.61039652280794,223.3498278498456,0.1483590962653776,0.8876488270589291,,False
9,E23,15.21784608932937,159.24000242075013,0.21968422890747624,0.9011195915423688,,False
9,E24,10.560202897705825,112.68330836921842,0.24464637137628728,0.8719485779574441,,False
9,E25,50.91654037669101,630.23858756338,0.07003031049972253,0.7828127946087569,variance;peak_to_peak,True
9,E26,36.63471042551116,307.47004861976745,0.3145992229046704,0.7350480645066351,,False
9,E27,10.656454900027448,119.78929005407856,0.2532319033557985,0.8087629042939659,,False
9,E28,8.025301620678729,88.1967660667518,0.23140653601633995,0.7678553241707953,,False
9,E29,7.628656733351892,67.22382692016859,0.3581228822388645,0.722713103396528,,False
9,E30,5.324975515911668,43.14885456230833,0.37556313218287374,0.6503265561707189,,False
9,E31,3.403746144396786,33.08599497241955,0.2538721702673471,0.596770630448938,,False
9,E32,18.247832907184648,219.8663507982282,0.14002550186939577,0.5183937608425843,neighbor_correlation,True
9,E33,14.202460644998784,111.5272540077723,0.4569734324608423,0.746247970429398,,False
9,E34,11.44786382118043,111.71612100962263,0.4646632749547631,0.7538742731196573,,False
9,E35,6.71883041449194,59.27020336625102,0.3712911018071302,0.763721130356566,,False
9,E36,6.452144515295564,52.59675381997046,0.35337712219585216,0.7187954037944967,,False
9,E37,4.8165281053634486,42.22431995893601,0.23882338068817077,0.7385155031467678,,False
9,E38,12.613596750905716,90.84371571372395,0.19646857903004403,0.653745542906961,,False
9,E39,17.108702099271728,148.37561012663932,0.41854990859532853,0.4521413836334483,neighbor_correlation,True
9,E40,7.995430856198398,74.61093187667959,0.4151433604727821,0.7899060843209569,,False
9,E41,7.550667395359733,70.16439391171392,0.43982096699150486,0.776045041361707,,False
9,E42,6.225272446458435,57.3310870627447,0.36082885020396477,0.7549271536740529,,False
9,E43,11.848458236875235,101.2558122866447,0.33954136379624966,0.7960546198531766,,False
9,E44,12.341176433142978,95.46371488558168,0.24639532796856708,0.7489716542572082,,False
9,E45,9.577424846296328,85.47963109038712,0.39754659225420047,0.804962815238097,,False
9,E46,7.87596731504186,73.64980071102275,0.46535076068293724,0.8456012704072478,,False
9,E47,7.214349678452982,57.99439377224452,0.4544297638924425,0.7932849437416187,,False
9,E48,16.40313097103427,211.48222994178963,0.2894397331051608,0.6021835399249764,,False
9,E49,11.520629848269904,109.17204086148749,0.35297816552473427,0.7481282836090641,,False
9,E50,9.506565578346418,79.7876851756647,0.5106673639598038,0.8055544297348358,,False
9,E51,7.9270875876038955,68.93207860314752,0.4563660087848065,0.7754874994466326,,False
9,E52,8.871527775542631,85.90723641683829,0.31973966785201385,0.6898153971081058,,False
9,E53,5.676755594303773,43.12780197347391,0.3140257778393892,0.7743471215548956,,False
9,E54,4.863080802069518,36.349498303796885,0.2473274418448189,0.7543514574476355,,False
9,E55,3.4269808072430177,22.27678347589253,0.24806129382716455,0.6779702700217791,,False
9,E56,15.528034875600808,147.47825790632464,0.17084390599713858,0.6920732816430988,,False
9,E57,10.876936497050977,89.91746574703429,0.4373620870100661,0.7319645271542499,,False
9,E58,10.43501616654587,82.6266790574539,0.4802799397301251,0.8089899986410763,,False
9,E59,8.830749974740863,73.51328787665011,0.4617828633951635,0.7973603755743268,,False
9,E60,6.337061651328138,51.57510689743161,0.37971406141090475,0.7954539251835753,,False
9,E61,5.815937347053578,56.785305406997324,0.32014337001281923,0.8375811970083622,,False
9,E62,6.573906841254374,55.25308235601808,0.36477215230702553,0.8452368473199032,,False
9,E63,14.664133216382616,148.97078038071078,0.2365330015357007,0.764190380087892,,False
9,E64,10.425395807365334,93.74218773446623,0.4537296311109598,0.8198699036450177,,False
9,E65,12.022815901261097,96.62464162766656,0.4501673905038628,0.833960688437845,,False
9,E66,8.111199413152637,81.60563023366633,0.3852385094566618,0.8210995346135614,,False
9,E67,8.56406217994846,149.96868855069542,0.3217287339657912,0.8177511465851974,,False
9,E68,10.847971690510082,99.85886418308678,0.43238331367596483,0.8540867297571562,,False
9,E69,10.735573041612632,95.54169272036202,0.4861379789378576,0.8366905340283317,,False
9,E70,11.266072822931967,91.5840939106109,0.392752717837416,0.8462420656127226,,False
9,E71,8.133286022023126,73.10503752216198,0.39571226786358904,0.8782907522048473,,False
9,E72,6.943807422921442,57.49626923919462,0.37745233725619787,0.8315826296928801,,False
9,E73,10.930923193871378,100.78836759038998,0.41403722250252045,0.8380696801377914,,False
9,E74,11.205275719905483,101.90324940610256,0.4985893103641223,0.8717742317451355,,False
9,E75,10.191718174787123,93.57232211050736,0.4455873405668824,0.8551721296501464,,False
9,E76,14.07520202241813,134.23633658951542,0.3842222021098896,0.7156215815157556,,False
9,E77,7.530667650986575,60.734692339734565,0.3703828730779792,0.8463264208165553,,False
9,E78,6.41932885575246,50.08570136815317,0.3350168659500726,0.8151279660829097,,False
9,E79,5.012581311179482,38.57384188305036,0.33080815534110414,0.7388947689026308,,False
9,E80,4.152756333691081,34.57927547559037,0.29692394074685746,0.6931704565685297,,False
9,E81,12.417628920994636,111.39908639128114,0.30635905169949795,0.8554658758666158,,False
9,E82,12.351353926253537,108.72540322331065,0.48981312875033023,0.8553626046544947,,False
9,E83,16.473498126592503,156.86153611024122,0.42315634354702697,0.858961015077417,,False
9,E84,10.709990044150862,87.11333070336539,0.41675400745119073,0.8697595702737053,,False
9,E85,8.020480630303457,72.11404579944804,0.4489065465128543,0.8679060112505286,,False
9,E86,6.104635131445803,47.800520337479796,0.42174909484431206,0.8033158477752462,,False
9,E87,5.252052478372785,37.76157853789267,0.36799971774331625,0.7769104718345228,,False
9,E88,11.413957799479657,95.74151449425892,0.3857006299611247,0.7748535597432228,,False
9,E89,13.616372040751523,118.16202869376332,0.464909866774481,0.8616503530838602,,False
9,E90,19.807060591970863,173.39462526079586,0.3765153382449722,0.8518512294483054,,False
9,E91,8.785420428250488,77.24936840218588,0.4727704313449367,0.8330576468304196,,False
9,E92,9.097231950580879,81.77649590451566,0.42787312324129506,0.8027902162926799,,False
9,E93,6.697683499703091,57.87513792404765,0.41706057054480167,0.8252903867739927,,False
9,E94,13.730484624539885,138.5951571795564,0.26311172949564177,0.5816261020146352,,False
9,E95,13.750514783534554,114.8821163071793,0.47486897631113073,0.8128787621224987,,False
9,E96,24.762103704791965,215.9836405045111,0.365519994050017,0.734175718990465,,False
9,E97,8.299310652696073,68.99543051745925,0.5216907741817355,0.8151234987421745,,False
9,E98,7.418459452849014,65.67156980990717,0.4724143749098594,0.8651783085547518,,False
9,E99,11.961774505178234,97.25274161509012,0.4157731574470188,0.7614400715785523,,False
9,E100,11.078579920616587,100.55106699907036,0.5007962158689414,0.773219418720386,,False
9,E101,15.321833464017457,127.36658480663755,0.4393819748370349,0.7741835388549966,,False
9,E102,8.279538051314288,72.8867641498304,0.49362287529338245,0.8212609237713338,,False
9,E103,8.289459681302864,67.56750611855061,0.4654709938190785,0.8163068941545295,,False
9,E104,7.321147199421757,61.638235221635234,0.4390068129138723,0.8089971383235974,,False
9,E105,4.860668126173359,35.409452713585274,0.32057070115534425,0.7471639479891905,,False
9,E106,4.385540914751386,32.14117164834903,0.30886869022081836,0.6364513922650528,,False
9,E107,12.352774155829218,103.93294220797407,0.31437501224267433,0.7920321152220511,,False
9,E108,10.784178295712465,102.95635385370966,0.47859528929075423,0.6843511378065087,,False
9,E109,14.585558684407035,144.75055396556314,0.4319703079555447,0.6718727858842487,,False
9,E110,12.20577521021089,94.59626170866363,0.4352622785236503,0.813609401628761,,False
9,E111,6.479186632713103,52.8178174886512,0.42748090241290976,0.8401149494488728,,False
9,E112,6.588036992105004,47.18429009438008,0.32259979979166226,0.8703181738704835,,False
9,E113,11.274567172854697,96.47646709330127,0.47542812237485826,0.8436305815486131,,False
9,E114,11.806132144944435,92.39836879877188,0.3935709398016581,0.8270318597242374,,False
9,E115,38.345566813763504,288.251570746846,0.3242167438753181,0.4347858921754835,neighbor_correlation,True
9,E116,8.813296095368829,81.3913698521217,0.4487129699330506,0.6273131975445471,,False
9,E117,9.24228435885996,87.61181794231746,0.43679643114383676,0.9092191424420446,,False
9,E118,9.397215245624638,79.66763225775559,0.3664436955821606,0.9170710778912441,,False
9,E119,12.161206325807855,112.64631177847798,0.3350168659500725,0.8513893902075313,,False
9,E120,11.863763394785607,103.978692584284,0.392214545716985,0.8667002388581764,,False
9,E121,11.97894919829594,110.15319859536086,0.35764150198638267,0.6804457771139851,,False
9,E122,20.180042580837885,142.2697620724909,0.43667236279384597,0.75039384073271,,False
9,E123,12.883988948821456,111.99750869280831,0.4263561280363932,0.8725524183869997,,False
9,E124,9.9092403879212,88.1786762852303,0.35201453111507397,0.9209821230022095,,False
9,E125,14.326827484627676,124.36975274910091,0.3586650334923713,0.7777418404330017,,False
9,E126,14.714411629181138,160.33536564542342,0.33705203606089656,0.7339778301499323,,False
9,E127,14.676645593905029,149.1403068598454,0.3479167231604591,0.6020981507712377,,False
9,E128,16.365260038467984,179.30810655388257,0.24002088703402877,0.6279087882119132,,False
10,E1,42.20715594873155,636.2053877899706,0.020896375359858745,0.34504606200814075,neighbor_correlation,True
10,E2,53.23117618405827,559.6128574308216,0.10042016896787208,0.5522170525975872,neighbor_correlation,True
10,E3,15.011011848645316,155.98419532449068,0.1265892628914724,0.8498745092251355,,False
10,E4,12.436973749181977,161.6793497145001,0.299440648738918,0.9017254580818796,,False
10,E5,8.030570583537488,95.36203847787061,0.19037569486030728,0.8960704262475054,,False
10,E6,6.054116560788239,59.165614626948795,0.13450759541464333,0.7791998024897828,,False
10,E7,2.8825447462093954,19.737264169223906,0.06551402768967168,0.47701627123481416,neighbor_correlation,True
10,E8,59.52570399726188,613.3083239203485,-0.00763452499236432,0.8362462169616559,,False
10,E9,55.92924710898125,519.1750660822562,0.07387243108177664,0.6037675744883652,,False
10,E10,15.863054147990395,174.77023874222658,0.1544116183136688,0.9191478181293642,,False
10,E11,10.657226631866612,121.75085231690578,0.12618731074333112,0.9015968372814877,,False
10,E12,6.975947343582657,67.2231362882826,0.08435804521419252,0.8538869946096306,,False
10,E13,4.890725931305108,45.99258051615372,0.12682268170402827,0.7643312786950925,,False
10,E14,38.08052206732557,350.2451795159291,0.1139324267178792,0.902745718435773,,False
10,E15,26.021214136074416,289.33668868947035,0.19679373518546708,0.9115549645914471,,False
10,E16,14.347554191077334,159.54837793040576,0.10142416918302248,0.9136275543464969,,False
10,E17,27.652708579535258,273.72601477299946,0.24801795502771476,0.9117060549896434,,False
10,E18,17.599657815134126,233.50315730327176,0.27456374689589463,0.9091365911075018,,False
10,E19,11.007408382021355,127.05752230329867,0.1907106343044966,0.9119471833573836,,False
10,E20,9.70837577960311,105.91726047311018,0.3030257712522044,0.8549273039860483,,False
10,E21,30.333855214717953,304.62904380093755,0.08758077419060728,0.9187696516739945,,False
10,E22,25.370164512357924,313.67163502589364,0.1670585288075687,0.9345081796297112,,False
10,E23,17.47528307686218,232.6743224108876,0.28523739724983677,0.9276927761746735,,False
10,E24,11.649823830437207,135.13481497050373,0.27258451699681885,0.9102330987371009,,False
10,E25,59.96980864708636,592.3453332106245,0.03368308430033906,0.8540856260564269,,False
10,E26,32.081916568638185,288.300591095877,0.17435923738886946,0.7150422197879761,,False
10,E27,11.961547969854662,124.11532195987928,0.28248723193932856,0.8494098735511164,,False
10,E28,8.451553149247866,84.24102060750812,0.2562052888113282,0.8472807348087033,,False
10,E29,7.393136986879862,79.44977623358548,0.32153183151519127,0.8119837209182938,,False
10,E30,5.180124702853825,51.740236430233495,0.3010793126482349,0.670198402132304,,False
10,E31,2.8722889056789107,21.52709430920917,0.2174152784273878,0.6132554089892617,,False
10,E32,24.470909169059528,293.3179994909401,0.1503583573143448,0.6128682673745804,,False
10,E33,17.843666272868727,238.38454733770521,0.4452437988441508,0.7306402131438317,,False
10,E34,12.514097089962778,162.10834842181947,0.48241607772533507,0.8038285942111846,,False
10,E35,7.156089437767473,56.53897879005143,0.37251137732066797,0.8142919780307983,,False
10,E36,6.667128923508599,65.97475749333283,0.3206990691997707,0.7844647140278935,,False
10,E37,4.574353410527111,33.139134026894595,0.3047016484419791,0.764986560336692,,False
10,E38,13.405306695398489,114.00380789948326,0.25269700288097113,0.7215758205931493,,False
10,E39,14.398915866568826,160.94329166972258,0.4122755876569398,0.7256755612481791,,False
10,E40,8.282353421582513,70.74772064924008,0.40696958795960086,0.8177799050155947,,False
10,E41,8.711568855758607,102.16514000282197,0.48183842791533504,0.821894828583629,,False
10,E42,6.502599704742146,54.10667408505287,0.3714062155874073,0.825077845083845,,False
10,E43,13.636622001899687,109.15370734320663,0.35888780208275156,0.8487952751316987,,False
10,E44,12.559346774663748,105.58671333721202,0.38547747184014325,0.8288583200552304,,False
10,E45,10.100935242325123,85.33889004753078,0.4120542728001145,0.7715047414738563,,False
10,E46,8.44488217818031,68.53521945553356,0.48125654828182823,0.8738257274390566,,False
10,E47,8.413609916211254,88.35467714426483,0.4854404592156109,0.8632517908989221,,False
10,E48,14.39475542307872,125.22214023861636,0.3110620402351183,0.7624662215489292,,False
10,E49,12.415342601252114,107.21013441203195,0.39171578139968,0.840428837853876,,False
10,E50,11.968679759388312,164.582762580127,0.5014297429712419,0.8391324261259314,,False
10,E51,8.666940089302896,85.32602360789089,0.4894074192684853,0.8585965666079625,,False
10,E52,7.441957928641274,66.8398625043997,0.4319361927769368,0.8367446957571761,,False
10,E53,5.711829833892807,51.425101661982765,0.3567298632656038,0.8125934362716821,,False
10,E54,4.435633716958324,40.46485514959751,0.34641384915648915,0.7899748173084846,,False
10,E55,3.399913935972755,27.707035340777633,0.19237066799539473,0.6058637512268799,,False
10,E56,15.006434081557899,144.4443815275498,0.2933350304192159,0.5546938520863627,,False
10,E57,12.139497779348408,123.78373077992661,0.4756170578436741,0.7826102315251862,,False
10,E58,13.829302657256742,202.5785999494444,0.441681813611531,0.8823215002135699,,False
10,E59,10.400668306939249,129.7952832714708,0.4921614373156668,0.8620210965787918,,False
10,E60,6.77107057969078,59.495987417778544,0.4178670676737233,0.8392476211111488,,False
10,E61,5.851854210063286,54.58569974720194,0.36408213554644236,0.8691157583732443,,False
10,E62,6.817565547473582,62.171272440829355,0.39732459604263826,0.8804416187783684,,False
10,E63,13.25933302524501,144.90012436834644,0.3591276256810056,0.7503699339395882,,False
10,E64,12.486234054745701,141.14911706270925,0.5022172260385049,0.8945259373478236,,False
10,E65,13.572808317768402,182.40926611969746,0.4799767359822559,0.8846844076591762,,False
10,E66,8.834471304715715,90.90400876013874,0.4590173660228096,0.8897201063343005,,False
10,E67,7.598786784276228,72.46201130704334,0.4215656874765148,0.906967960756021,,False
10,E68,12.935778728185188,144.03551028232917,0.46034038249700115,0.9021818384236243,,False
10,E69,12.749012409054208,181.86422197133328,0.4765793191629609,0.8810086947551954,,False
10,E70,13.274833309120776,181.32732433674454,0.4525464562127599,0.8982407927696818,,False
10,E71,8.840094263745007,89.59389661382254,0.440117323588978,0.8999356145688092,,False
10,E72,7.263608442236299,66.582382338995,0.4112486428880517,0.8683898120302613,,False
10,E73,12.404820440076161,126.35209235404,0.440266781308946,0.8964603051082882,,False
10,E74,13.621288140988977,176.69830290416223,0.48901761673116173,0.8773398663334473,,False
10,E75,11.210451081429765,124.12631791106921,0.4898523215640803,0.8634064008487516,,False
10,E76,16.560709101607763,210.75991217534363,0.36350115232486835,0.7830127102169916,,False
10,E77,9.21122140291162,92.86236773426248,0.3878300310527013,0.8194248965793578,,False
10,E78,6.228258649600118,52.44200882311318,0.35298787436240514,0.7835956503052837,,False
10,E79,4.6028495512450265,35.019832258379324,0.30024475778626813,0.7445667087062244,,False
10,E80,3.5289332514408542,24.725464913031068,0.26152098965542014,0.6498991065709409,,False
10,E81,11.676343669127865,110.84901059697387,0.45448549879374006,0.8968564813644768,,False
10,E82,13.724296472628444,177.88533941366893,0.4860864071745861,0.8907018392974484,,False
10,E83,16.26684549638822,210.6297772391849,0.38555242703410436,0.8460512108099667,,False
10,E84,11.801257354100011,132.21885714314004,0.41276241610462006,0.8835506175934207,,False
10,E85,8.4501780891248,83.79054597804843,0.43599689521878005,0.894736075905797,,False
10,E86,6.672297800714824,51.3642278694017,0.33608346381012716,0.7610226001447338,,False
10,E87,5.081063710390936,39.69222314938318,0.2747551603776683,0.7573831735711603,,False
10,E88,12.642244207754201,123.54315964035422,0.4688221190377393,0.8832911218239778,,False
10,E89,15.440561490664749,199.26924390510192,0.44437601704097557,0.8721937884080249,,False
10,E90,15.963804257433441,213.82173297198452,0.39323877221955833,0.8955832306006148,,False
10,E91,9.143115993073414,84.27332124258677,0.4850181458104308,0.8387995530141903,,False
10,E92,10.104376427112687,117.94744570692247,0.40945380926096403,0.7895000769956262,,False
10,E93,6.728310594570987,62.28539438895649,0.41120954834180595,0.8292289545368859,,False
10,E94,12.445026558716638,134.2511089618473,0.5145238454921374,0.838837660588485,,False
10,E95,14.064283800858814,175.6252360808282,0.4837538903273803,0.8654504120235926,,False
10,E96,18.291010732406214,269.9644895472189,0.3986699273307315,0.7866406900338339,,False
10,E97,8.292625735754164,69.72386970336916,0.49161849582582623,0.8055801300652474,,False
10,E98,8.054436897214433,89.70752371063236,0.4835545597679205,0.8589684098365048,,False
10,E99,13.60978161448325,166.09187085482046,0.4558059189079561,0.7550386267377243,,False
10,E100,11.168861390936797,111.12830353440108,0.5132783760635635,0.787716669933932,,False
10,E101,13.228146540303712,177.4431766491292,0.4889519282296106,0.8089027816618322,,False
10,E102,8.256214991634746,81.1004608391941,0.5137239871298217,0.8289840325340376,,False
10,E103,8.93383175331789,115.637610156307,0.45161629345688964,0.83702366569349,,False
10,E104,6.334828368073698,60.567752101652665,0.37662207394639363,0.8256883668434387,,False
10,E105,4.6809453907417415,44.66628434867047,0.28917162799883533,0.7178285130072845,,False
10,E106,3.6630067778689614,27.785430656514915,0.20796869869457751,0.571523071313939,,False
10,E107,12.486189442189355,110.4150238887101,0.43407261785208223,0.8460264946043121,,False
10,E108,10.549696768847426,95.30511446467364,0.47867917683948363,0.800571159895235,,False
10,E109,10.715435991008299,107.64567949527492,0.45190784272395557,0.7702146514463903,,False
10,E110,9.523181866352981,114.62654644837377,0.45968323222189184,0.8437851861026842,,False
10,E111,6.261848211091278,70.12314004569137,0.3534899496006758,0.8590746023469547,,False
10,E112,6.3859558343152685,72.63897291335026,0.24553523627853302,0.8264466208595407,,False
10,E113,12.191466512384252,117.00175947984941,0.44617526043921774,0.8996708910984409,,False
10,E114,12.535650698810809,111.98410737482837,0.40146397855111443,0.8269276359850767,,False
10,E115,30.37782685228898,325.7439210090149,0.09886690273976691,0.3037790689487186,neighbor_correlation,True
10,E116,9.396891322613108,85.74593285382326,0.4009498534337794,0.7747108674300689,,False
10,E117,8.565766468668134,90.1782343684133,0.3740592076210229,0.9082176535409068,,False
10,E118,8.691403948986293,102.1719390211976,0.3135735898373262,0.92223997878578,,False
10,E119,13.552852170862918,137.4186425538632,0.3439182179910069,0.8117640249606644,,False
10,E120,12.874758491418643,127.19914851405254,0.38480278242521976,0.8877791974232846,,False
10,E121,13.434902755503801,113.63319935977876,0.3075084310775978,0.7338288500610981,,False
10,E122,16.083170703537096,169.59085551687826,0.4173206435728195,0.6420513783583239,,False
10,E123,12.088548456500103,129.0077627243864,0.3680206982275059,0.8757639935098911,,False
10,E124,9.995002384971238,105.57224846383326,0.25340382722710714,0.9143896832633641,,False
10,E125,16.373139805112636,144.98139459174007,0.2652716569389368,0.6565952512516079,,False
10,E126,30.54780395314475,550.7760438101628,0.17830787521719432,0.3501928337477766,neighbor_correlation,True
10,E127,30.02049131581079,458.23973433043193,0.17030382070733244,0.3545726333593221,neighbor_correlation,True
10,E128,17.525027300826217,163.314341186888,0.23039979327338553,0.6662458415226051,,False
11,E1,25.410957794909066,346.43925079340926,0.08140494268579598,0.53145065275278,neighbor_correlation,True
11,E2,23.81358492528624,289.00984078805214,0.1787554059455554,0.7597225982817994,,False
11,E3,12.531222000716383,137.88451213752768,0.10627686968385985,0.8729911499258276,,False
11,E4,10.629304474319923,140.2969902799445,0.17762734208209108,0.8888732342855755,,False
11,E5,7.2212170479361255,84.6957655402916,0.1801083075294418,0.8773377072673363,,False
11,E6,5.984275487634146,59.29345521061603,0.1652194764884953,0.7690673563042333,,False
11,E7,3.1662106394616067,24.271563029796557,0.1333504324383124,0.45473450615970823,neighbor_correlation,True
11,E8,46.42911563558276,506.46490663025793,-0.029394273965070397,0.8449334979346421,variance;peak_to_peak,True
11,E9,25.86018200451417,241.85865729322265,0.0970458253554732,0.7953185281325281,,False
11,E10,13.476056458810817,149.7779542616038,0.10598911839382347,0.9256241215980263,,False
11,E11,9.732505239208624,109.64435412113163,0.13433295968414094,0.8981389468522507,,False
11,E12,7.1577632355511245,70.44111598953054,0.1843777679989779,0.8204771341607607,,False
11,E13,5.567010658863705,53.202641330932295,0.20503050257848088,0.7706379006264066,,False
11,E14,27.59099670345851,289.4146388335294,0.040056627609013164,0.942541662839756,,False
11,E15,19.05033755420824,195.7960249983177,0.08195316520271921,0.9361601111656083,,False
11,E16,12.6694382957927,144.50463321460117,0.1214027500227152,0.9039589098014873,,False
11,E17,22.466271562370242,214.16324456200323,0.1614414645680279,0.92900132469573,,False
11,E18,14.45799847332811,198.15495846331973,0.1675828445497161,0.8881881439656971,,False
11,E19,11.300023100520741,144.50224225471152,0.2066941601921537,0.8220503224927562,,False
11,E20,8.398831274461871,90.92623895716646,0.24474443681382196,0.8125830420824753,,False
11,E21,25.420349890161294,263.19644029178875,0.02101181418745679,0.9434259758294761,,False
11,E22,21.264601629286723,234.430014978968,0.09700999591730265,0.9131019703670028,,False
11,E23,14.886457951337345,196.04661294694333,0.200088273241026,0.8576954198332423,,False
11,E24,10.298280705154172,104.60438422848321,0.2460630955247615,0.866985336506485,,False
11,E25,48.69990809306814,509.00992767724364,-0.050854756612989896,0.8907632722122739,variance;peak_to_peak,True
11,E26,19.837562117975352,204.03910143237238,0.09326743117793099,0.8285062690892115,,False
11,E27,10.78453667311627,102.51670053895498,0.2625080320057962,0.8315332680945429,,False
11,E28,8.524964387832858,83.47821837899531,0.2906514090411403,0.845355092745659,,False
11,E29,7.352911075193239,89.10057058809701,0.31835626431318764,0.8057731136116536,,False
11,E30,5.851037596022876,73.03571844867321,0.2986687000026178,0.686799583515787,,False
11,E31,3.236756581220647,26.62060724446542,0.27772852910163026,0.6407775420533005,neighbor_correlation,True
11,E32,18.80395590463647,200.31365801101364,0.22427547505180773,0.6366046850580571,neighbor_correlation,True
11,E33,15.702386173058906,206.7741952971429,0.38188689843456397,0.5849622176823785,neighbor_correlation,True
11,E34,12.337726939580673,161.22446499223673,0.3836744095569201,0.6820252361652754,,False
11,E35,7.659853682767018,70.098319325887,0.381246667143732,0.8252577401270395,,False
11,E36,6.936794669867285,69.76303827832358,0.2991896291324756,0.7944049175015409,,False
11,E37,5.026793152937371,43.4121902251041,0.26783706974792476,0.7880823312892844,,False
11,E38,11.568732161151136,104.45532475996924,0.35709772603808104,0.8188166884974871,,False
11,E39,10.835686161559382,90.76691363636218,0.39348218029687876,0.7826681697880159,,False
11,E40,8.32614717798934,69.85989831876185,0.43679040305950473,0.8678047366547511,,False
11,E41,8.112730044957873,72.61128488037315,0.40547277215217803,0.833263587414048,,False
11,E42,7.345843662417358,68.04151503510855,0.3304514467938289,0.7961071642687467,,False
11,E43,12.027992690897976,110.49470768882124,0.3740560001740591,0.8499347470024095,,False
11,E44,11.249547204245847,99.15396700152723,0.43585915448609075,0.8382651499999811,,False
11,E45,9.666460915249344,82.23465263648063,0.48328160568848555,0.8614455828056157,,False
11,E46,8.096601719198828,64.49971683390709,0.468805225183607,0.859139465615359,,False
11,E47,8.09598238453959,68.50784387636162,0.4317146801357297,0.8517165562537086,,False
11,E48,13.164843445874812,129.08582975793087,0.38352011786711615,0.8441972651651461,,False
11,E49,11.6201922842507,109.0791064456754,0.41747795467537935,0.8436697047605766,,False
11,E50,9.840276603617184,80.84982517552558,0.5050838928007386,0.849400599281267,,False
11,E51,8.707502731038216,77.13865487534508,0.44781483902624514,0.79700328494258,,False
11,E52,8.282417150795432,89.81588953299934,0.40516202241999455,0.8137234678427129,,False
11,E53,6.171159414618384,50.60516115351723,0.30478276703144597,0.8040726171166868,,False
11,E54,4.566142736898966,41.92604725982058,0.3272700474968823,0.8119711219687579,,False
11,E55,3.807032410459121,27.664315766473727,0.30875380253769114,0.5253953553894065,neighbor_correlation,True
11,E56,14.586941352110696,128.75416741412533,0.32293281991101386,0.639990893718648,neighbor_correlation,True
11,E57,10.661203312265211,92.8350589586666,0.5243164348071915,0.8207018374726117,,False
11,E58,10.917309168783298,105.89087907075726,0.4224383767380065,0.7882189782723417,,False
11,E59,9.316932095627779,111.7804744068799,0.44718942510738885,0.8237627621861628,,False
11,E60,7.061398043450752,62.570652246214095,0.40106703820231654,0.8262603096401893,,False
11,E61,6.231936751302126,57.69077080854994,0.3425901904159386,0.854037684898127,,False
11,E62,6.850628417562761,63.84116492475361,0.37619677851122707,0.8563188663956343,,False
11,E63,11.177465094922473,103.94522523347862,0.43547786330069127,0.814613960332758,,False
11,E64,10.407253839694874,98.72093369540698,0.4895123744865556,0.8883540695161538,,False
11,E65,11.113472429347395,115.97323457433146,0.4515226215976026,0.8736203960604773,,False
11,E66,8.698751984146522,88.94427127548872,0.40538511560772067,0.8501350251823423,,False
11,E67,7.839419451936882,66.03917563184143,0.3733763067897003,0.9093944306905171,,False
11,E68,12.182568919673553,138.3044792979622,0.3606689992018855,0.8624762169541715,,False
11,E69,10.709364922198375,95.89081591524078,0.5003648991621419,0.8424595423640564,,False
11,E70,10.91407897803677,122.00808911658987,0.4465458161137974,0.8457209235808285,,False
11,E71,8.971639433008688,74.47873248462398,0.37886392110098893,0.8625608618777203,,False
11,E72,7.304782384947204,65.62903266149252,0.39257809188738374,0.8542026289722005,,False
11,E73,13.621943022396724,185.29141523747737,0.2858176067774859,0.8163258696796922,,False
11,E74,11.80077064013448,121.18898290045118,0.3936984453078004,0.7921702260904339,,False
11,E75,10.0291846137396,81.4916026743592,0.4834336196000443,0.8617390225930077,,False
11,E76,13.85237734820119,195.14140816325175,0.3141802273666102,0.7543011943517755,,False
11,E77,8.890667097424707,93.01049106625959,0.3589736314990215,0.8524294084888251,,False
11,E78,6.1937852301686975,53.12148883365015,0.3439391048163307,0.8207559737981085,,False
11,E79,4.5828697989373754,41.982745542134474,0.29572892154259645,0.7358524045945645,,False
11,E80,3.865049802045424,30.124474708841227,0.23198604255475824,0.5587278363059726,neighbor_correlation,True
11,E81,13.994951243935592,158.0187250930449,0.24517663849833754,0.8712529814177142,,False
11,E82,10.793028640965778,92.02262515566179,0.501890567664695,0.8767620235067904,,False
11,E83,11.313313496697015,138.62217437105687,0.4097873560238926,0.8830222432935078,,False
11,E84,10.258383057729652,120.02471659063744,0.391616968711785,0.8782378909462702,,False
11,E85,7.781518457565134,68.48714016368508,0.40724105054754495,0.8712842579330508,,False
11,E86,5.875937500547464,55.31166073851202,0.33682642660639067,0.807792647421723,,False
11,E87,4.8188947837436045,38.88808579444549,0.30233645200749465,0.7497726228699455,,False
11,E88,13.666221459118,163.46494182217546,0.31782148131985083,0.8287274429288062,,False
11,E89,11.482074033066837,116.23142335198138,0.47519697739284933,0.8709219406107183,,False
11,E90,11.447240853548886,100.13714271612432,0.42597263525111356,0.8642069599804153,,False
11,E91,8.367689076255244,69.26679744360898,0.4402039693838568,0.8607102174686736,,False
11,E92,9.283177297418716,103.68933914866135,0.3647325121568976,0.7521291586399442,,False
11,E93,6.58195537917804,53.176619940650085,0.3625196588490558,0.8260267154663652,,False
11,E94,12.704805699265679,167.4908230871719,0.30546940050426324,0.7789295545445097,,False
11,E95,11.298449116458507,99.94646924784371,0.4347591717924434,0.8536531324512839,,False
11,E96,11.512234134468637,110.21096609217307,0.45350679118285614,0.8434085751357405,,False
11,E97,7.897854864872761,59.716277094339375,0.5108830131745754,0.8268480817653088,,False
11,E98,7.036320166510738,56.02444407443873,0.4370146385520993,0.854787782200394,,False
11,E99,10.592051618745556,100.3440738653729,0.4460514352045236,0.8185368339753164,,False
11,E100,10.013385998875,83.98977614867275,0.5363584831543249,0.8462343210723875,,False
11,E101,10.281791021257526,96.49359537267263,0.4475890173214471,0.8663669017086826,,False
11,E102,7.793613204922095,67.23734810947205,0.47357398846709137,0.8463352944714697,,False
11,E103,7.528873127852309,73.0373977935831,0.3994715731630575,0.8273315648667936,,False
11,E104,5.797716013961131,47.962288810267296,0.3241724585098931,0.8231305927533912,,False
11,E105,4.750921405746657,40.29297851592178,0.272201457387642,0.7455510912724108,,False
11,E106,3.87016267840598,27.74164508081543,0.22103898144208947,0.5892718569040873,neighbor_correlation,True
11,E107,11.434475353278595,96.69998530631693,0.4468361153468924,0.8214136529678162,,False
11,E108,9.87549151388518,90.92232216528382,0.44920952386691015,0.8477226633557088,,False
11,E109,8.150698436249153,73.05986001695337,0.42108566372798284,0.8427608502671307,,False
11,E110,7.135213959779074,66.88508766622664,0.40896816312366596,0.8268639093891198,,False
11,E111,5.936020180604109,50.501328902768805,0.3183602026041291,0.8390350499156962,,False
11,E112,5.623040707062342,50.923221805894215,0.19782173369628941,0.8299022654881907,,False
11,E113,10.747484086634321,101.28849378899787,0.45570667038704,0.9091849732942969,,False
11,E114,10.52923424209056,78.46648247153894,0.43901081668637854,0.8553801977004118,,False
11,E115,10.949244569424632,100.64197105411732,0.3453862968496196,0.7443906315490147,,False
11,E116,8.121562823042307,69.8715304518087,0.40613346432392305,0.8370704492526883,,False
11,E117,7.9421843047956076,68.60048919734203,0.29717657412153275,0.8933800213902123,,False
11,E118,7.523944708908916,83.45536563340332,0.2116222955554927,0.9051503303537105,,False
11,E119,12.06974830426551,123.26570611498623,0.3782305407654426,0.8852539788328442,,False
11,E120,11.20285914385161,100.07463240883976,0.3923093485024576,0.9033182381343963,,False
11,E121,11.29736843762488,84.80548384337033,0.3363626042704904,0.7857536452230869,,False
11,E122,11.146904897848234,91.72809312515992,0.39719861918320337,0.7629252288409625,,False
11,E123,10.004110471597,106.03857680050717,0.2923873514512559,0.8622442291784764,,False
11,E124,8.847285178166379,89.73560248270292,0.2179809802267794,0.8885728854882373,,False
11,E125,12.631518884889783,98.09315759291282,0.34261587281103545,0.8500463535669078,,False
11,E126,14.519685375805244,148.08046346043258,0.3471446633605067,0.7747899094910491,,False
11,E127,15.326631409453686,195.66975406612067,0.33864419920503314,0.7039071502888996,,False
11,E128,15.214178525340445,149.99467744130922,0.3157037681576965,0.764740895054163,,False
