trial,channel,std_uv,peak_to_peak_uv,global_correlation,neighbor_correlation,flags,flagged
1,E1,35.622521365302745,442.11420376920023,0.21731251104653182,0.45155794339683625,peak_to_peak;neighbor_correlation,True
1,E2,29.960920388051818,335.7253889304919,0.24194440576379933,0.9365991855514175,,False
1,E3,24.6804838397187,294.3235676816563,0.3088940511200354,0.9771416816393497,,False
1,E4,22.151990871732142,278.09466658761113,0.3382305681913733,0.9830868467722463,,False
1,E5,17.644532253795404,261.6330723569894,0.42324447841325685,0.9529547482450264,,False
1,E6,12.73003668916416,254.6210800638181,0.6161402073427011,0.9458805464930924,,False
1,E7,11.36968794129032,247.63653926553403,0.6019099584090215,0.8867984497738498,,False
1,E8,70.83792819298453,576.5553028374982,0.05349360596187134,0.9672070570529168,peak_to_peak,True
1,E9,38.70709730125101,383.58131287753883,0.1871717100773418,0.9912527189484893,,False
1,E10,28.491977409739537,309.8529394287933,0.2722679393843702,0.9910250437259847,,False
1,E11,26.342305464117683,273.01441626122653,0.226898246957708,0.982816160537578,,False
1,E12,16.31015865005527,253.84078161138382,0.4696703122175867,0.9495275663710363,,False
1,E13,11.202005667581913,223.33719231350963,0.6156715837647097,0.9300355863060397,,False
1,E14,49.81892885282755,453.72448101160967,0.13154483618780383,0.9926614016139708,peak_to_peak,True
1,E15,32.91320727325,325.19230298253115,0.19226285624272182,0.9896205055879924,,False
1,E16,28.75683038980179,292.11514411693014,0.21552999218755317,0.992242928282953,,False
1,E17,50.20233153980457,448.46482242130736,0.12277298957907685,0.9901031288080483,peak_to_peak,True
1,E18,27.879664289511553,299.9022513900984,0.2682513565849301,0.9857918637562741,,False
1,E19,20.747241355238057,269.9614385817233,0.36386917203010233,0.9737605076741396,,False
1,E20,12.34669768820191,238.8300363810065,0.6276697720288672,0.9366620678484866,,False
1,E21,56.450204162200926,495.8502074175253,0.09851993035104274,0.9867946692239794,peak_to_peak,True
1,E22,38.58799774052524,373.24383078596725,0.18322358038255446,0.9717229509942265,,False
1,E23,22.255082624307878,279.2130344363402,0.34867843456781783,0.9563947720625674,,False
1,E24,12.449233471499818,232.03681078859526,0.6062718155578012,0.9287935269952277,,False
1,E25,72.90025195698495,635.7234170624931,0.058335848514471364,0.9458962065319682,peak_to_peak,True
1,E26,24.76037915570723,286.3782815493036,0.3000650684831429,0.896946711125844,,False
1,E27,13.418250376392095,245.22324107557534,0.584507948663482,0.8818665705711636,,False
1,E28,10.004710206345198,208.04595495280915,0.6061648104507361,0.9312124802050297,,False
1,E29,10.016337020875826,216.30347590229624,0.613271774300703,0.9272481726130699,,False
1,E30,9.92593710156744,227.91987529674094,0.6434475482159615,0.9145139376379365,,False
1,E31,3.307801601028601,86.45311139393709,0.5474453274452431,0.8000532059946426,,False
1,E32,19.69164134350538,250.29795592044337,0.40651716552981243,0.502445073736742,neighbor_correlation,True
1,E33,19.106939625574004,255.31340108197634,0.41620727711650735,0.5777324242982425,,False
1,E34,11.353524867729774,231.8120565184757,0.6262466148164785,0.8503289646127936,,False
1,E35,10.02918017273919,226.27787442294814,0.6629791658949975,0.920875407178211,,False
1,E36,9.671176250632728,226.65504955793506,0.647414371018048,0.9197762133391966,,False
1,E37,5.3647963635886855,141.0633912811373,0.6121344926572003,0.871152949683274,,False
1,E38,24.772556117563507,331.21002927577956,0.38402150093186044,0.4776247798885813,neighbor_correlation,True
1,E39,13.451935821458996,260.8187181679664,0.6084616382197373,0.7883859128348849,,False
1,E40,11.376515482404692,229.74361660358952,0.5964588583433169,0.8740270221203317,,False
1,E41,12.172899735112463,206.81661182223831,0.4588578438413259,0.7099571704206433,,False
1,E42,8.00669954551754,163.06299675101323,0.5531717823866044,0.8472450758717636,,False
1,E43,17.55742093781501,250.58015052811731,0.4748606710222187,0.6996560060352064,,False
1,E44,14.335018568606396,264.30493098335666,0.6030567287021674,0.6676507492939955,,False
1,E45,12.226313546488417,260.12712022032173,0.6671018813353174,0.8971169759715318,,False
1,E46,10.719331886992656,244.20749541942405,0.6765855160817073,0.9452562983189833,,False
1,E47,10.153645715979927,241.35177976800853,0.6841942230013665,0.913157906980306,,False
1,E48,20.06043113693541,240.83321770530733,0.39899678540710365,0.7295902762278754,,False
1,E49,36.55064914112322,297.9466140284934,0.1609140397005207,0.17139052839597751,neighbor_correlation,True
1,E50,11.779286577740221,244.57916630751345,0.6461245618531578,0.9336520951772265,,False
1,E51,10.807884061802186,253.74060578749064,0.677860032888376,0.9478536465139478,,False
1,E52,10.110787600557323,237.52333023744274,0.687611750934122,0.8871499296326524,,False
1,E53,6.4182707706704765,137.50814103625973,0.5566496964182543,0.8312538827029526,,False
1,E54,7.125393672285862,165.38424067325218,0.598337931837946,0.43395558474888396,neighbor_correlation,True
1,E55,31.266632189677658,807.2393681527553,-0.581770566535339,-0.7961147408008084,peak_to_peak;global_correlation;neighbor_correlation,True
1,E56,15.09970576972703,227.22983664889517,0.4958476728891489,0.8247004702694787,,False
1,E57,14.124212388389447,234.27676424086908,0.5666438937133872,0.8551491004211795,,False
1,E58,12.647534740580046,248.07741935863257,0.6356008619784036,0.9005099028420095,,False
1,E59,10.45450663808201,209.07927375495322,0.6167877778010621,0.89166743661737,,False
1,E60,8.246505291216224,85.7279243323715,0.08735708259414648,0.27313877436204115,neighbor_correlation,True
1,E61,11.188600484218655,244.13241145080207,-0.4447954808133113,0.659301574723035,global_correlation,True
1,E62,96.72594133268866,2579.8471127707144,-0.6102729121736226,0.9178847820025582,variance;peak_to_peak;global_correlation,True
1,E63,15.317032683591766,253.50509876542554,0.543831914234698,0.8450008463508532,,False
1,E64,13.987779186037367,253.61394829001108,0.6075709041570545,0.8752652242750352,,False
1,E65,12.46872335467451,231.62913388039877,0.597583270105463,0.8600648802238484,,False
1,E66,13.432903506936965,281.8876330375049,-0.41055970232253186,0.2366470189557283,global_correlation;neighbor_correlation,True
1,E67,29.688229459664438,778.4059270010848,-0.5581555083635026,0.9395666448469552,peak_to_peak;global_correlation,True
1,E68,31.728677652049424,370.7301275562302,0.30368095129487355,0.6766557421921338,,False
1,E69,17.328164895459523,233.0923012512276,0.4916091405557382,0.7639223367735961,,False
1,E70,19.167941211975023,233.02741478186346,0.25040414528694827,0.2757946806345231,neighbor_correlation,True
1,E71,20.207383994635432,496.05200055457806,-0.5081175784093652,0.8555253841872781,peak_to_peak;global_correlation,True
1,E72,71.80255134914965,1910.971893735486,-0.6058215788850938,0.9222779343311078,peak_to_peak;global_correlation,True
1,E73,47.30391807832367,632.4809016113234,0.23789598446257354,0.4293887790233533,peak_to_peak;neighbor_correlation,True
1,E74,20.685161436331622,268.73879313267287,0.42877044969689193,0.7547623149489815,,False
1,E75,15.750384014804446,227.96432721363226,0.515973427205427,0.4920326644682451,neighbor_correlation,True
1,E76,30.079486037791508,704.8328220928943,-0.537463046826432,0.16083685544035933,peak_to_peak;global_correlation;neighbor_correlation,True
1,E77,36.8829505539591,919.4448714572654,-0.5590744747919327,0.8988303975784449,peak_to_peak;global_correlation,True
1,E78,38.75444088395333,972.5240419130248,-0.5648818686534763,0.808131281588499,peak_to_peak;global_correlation,True
1,E79,15.321726020538097,353.7104147539922,-0.45418478053170347,-0.3900765045768235,global_correlation;neighbor_correlation,True
1,E80,17.009431131951157,278.72364876710344,0.3429927468579148,0.5135471469192088,,False
1,E81,21.326808347376353,265.7508471641621,0.450528566264995,0.8731220691006003,,False
1,E82,15.379202166272636,256.1397692793675,0.5422827245303242,0.8038409718202488,,False
1,E83,12.243790368393826,246.78827075234707,0.6162368274362429,0.8748636538427301,,False
1,E84,11.808901456271906,246.4832288145952,0.5943973556920519,0.8933348188304475,,False
1,E85,11.119938206446063,231.8689391573725,0.6062093945806752,0.8821630544307039,,False
1,E86,10.158320372434872,232.8693386389456,0.6344441287946131,0.7962296365213144,,False
1,E87,10.005873845428466,188.1436668160802,0.5474210671591524,0.7854350668938466,,False
1,E88,25.015493210370987,292.5861830000516,0.3755955514723828,0.804615859019181,,False
1,E89,14.742201028726972,244.00723356135546,0.5809846040687158,0.8940566265147674,,False
1,E90,12.532918377021762,246.71745306586465,0.6129096663206582,0.9280112908298281,,False
1,E91,12.743273655991398,243.51411297100256,0.5473709686901517,0.8339716509712441,,False
1,E92,11.303289606466763,241.7886124399733,0.6062718155578013,0.8385814613088686,,False
1,E93,8.389008264984469,145.96119893745782,0.543501216045201,0.8068719489611182,,False
1,E94,23.33796589253357,301.1288592511326,0.4062033131961998,0.7774660151592443,,False
1,E95,14.254696712383526,258.49404708761847,0.6149274151648367,0.8491799283355322,,False
1,E96,12.515269488704918,258.65988830330014,0.6369612221910909,0.9024675268952644,,False
1,E97,10.103443356482545,200.84613011016182,0.6039231391296395,0.8867866256969879,,False
1,E98,8.296913578543998,136.31180090236558,0.5240015705648391,0.8027754141130556,,False
1,E99,21.397171403346057,295.66001120925193,0.37240706398058127,0.5238482198870726,,False
1,E100,23.272523311766367,264.6958444164496,0.3924727142459352,0.6115662606412231,,False
1,E101,12.254230411015715,253.5169496550142,0.650181606944248,0.9045065911773844,,False
1,E102,10.871366019207235,225.3624362539308,0.6555197794646004,0.8906640607481277,,False
1,E103,10.391693136831467,227.26469528575282,0.6777785852347038,0.9270371139390899,,False
1,E104,9.893845951148094,214.39367723562282,0.6682885679739129,0.9264612384042519,,False
1,E105,9.942906398122613,228.42928734470703,0.6555674589871069,0.9445203146557668,,False
1,E106,10.452814629974279,239.34307680363216,0.6541752193953914,0.9103630389867265,,False
1,E107,20.15191188617327,272.86121207405694,0.42844997949919705,0.4964967623971924,neighbor_correlation,True
1,E108,13.786421077812111,250.22318427140732,0.6126816462465934,0.8513161684015769,,False
1,E109,10.348936945003508,197.85669822659327,0.6421429352132273,0.9117541020392688,,False
1,E110,10.036024628076255,199.8011250044906,0.6231662304226216,0.9281820558352853,,False
1,E111,10.253521408317383,228.45327628316767,0.6477896200084786,0.9568261511982403,,False
1,E112,10.587495192323965,219.67758810683284,0.6347524045162242,0.9596199646168926,,False
1,E113,15.865755672260931,241.8103376106758,0.5375387769268327,0.6828683523777472,,False
1,E114,20.0780359311331,258.4603185185325,0.39219606024453807,0.5605352661578935,,False
1,E115,12.728104689306914,255.7961489994185,0.655447532136683,0.78369849336585,,False
1,E116,11.95622019188295,246.05894919616156,0.6491836545144931,0.9096202142986092,,False
1,E117,12.55024868520507,260.81771097419164,0.6284930975928609,0.9431751125727559,,False
1,E118,11.887465703406189,211.24979164742243,0.5598617060033119,0.9485739420078858,,False
1,E119,20.090325191673053,253.58146819809923,0.4062033131961998,0.6576220210204414,,False
1,E120,17.71003798616932,253.1051219571209,0.4743949022472123,0.6270645756011473,,False
1,E121,26.743585774382375,319.3718322684112,0.2718491516767374,0.39251584455780175,neighbor_correlation,True
1,E122,16.219203034698065,248.53131140427664,0.4759136881641855,0.6598483654167111,,False
1,E123,16.717865050388713,258.0210416617121,0.48425471546290144,0.910228647778589,,False
1,E124,12.205140696805932,212.9558194602075,0.5470572464887309,0.9351546538316781,,False
1,E125,36.847032989287385,476.6837234954733,0.2289856559994771,0.31113365511629765,peak_to_peak;neighbor_correlation,True
1,E126,31.144576745676254,367.76514254856033,0.23377863627514117,0.459255944841755,neighbor_correlation,True
1,E127,22.357172992326145,266.4320258255525,0.36882771833985956,0.5219154418718678,,False
1,E128,20.905319342578913,248.8532641785647,0.4135396107799379,0.526848504650976,,False
2,E1,34.34878240520402,560.8930756936877,0.26067325498937033,0.3727746464854894,,False
2,E2,21.593731878061366,271.27845065559774,0.3720554163720619,0.9032538366468245,,False
2,E3,18.235931455414597,253.08375594304147,0.44262925183363194,0.9624609790268002,,False
2,E4,16.56001863694333,235.48598616661255,0.4640409161703562,0.9711127714934675,,False
2,E5,13.921155869453028,202.17735458947382,0.5202964061586599,0.9350778243386797,,False
2,E6,11.731310148327182,180.63659900891219,0.6255571068862177,0.9481619538067201,,False
2,E7,10.796381879714902,175.04215741294306,0.6185590382947311,0.9138593929898671,,False
2,E8,45.5231173259267,532.8140463300774,0.13267516742129665,0.9407757940305368,,False
2,E9,26.94963969685248,359.56627643791165,0.2746671102537867,0.9834993091059573,,False
2,E10,20.522992530512862,290.5635834702683,0.3741154415346746,0.9817653100567902,,False
2,E11,18.9158220009507,256.2596576754916,0.2921694384989321,0.9681310183767762,,False
2,E12,13.561939728522791,206.43934304189222,0.535623658083001,0.9490623108419651,,False
2,E13,10.377106546343633,160.8124147967518,0.627256760360543,0.9459186383275623,,False
2,E14,34.483130106961674,442.73309841482626,0.2012845567827234,0.9838671550941356,,False
2,E15,23.76366260964779,316.8940701831719,0.26092563513425565,0.9763587023857079,,False
2,E16,20.69781761184045,279.69984889404043,0.28353647705746576,0.9811180701176698,,False
2,E17,35.3763604326978,450.3878250679245,0.1828468503304831,0.980415715848852,,False
2,E18,20.482096172348875,296.4302413376876,0.33670775697024813,0.9733398459789345,,False
2,E19,16.31124860874343,249.60311376375762,0.46298727265661677,0.9590829338467327,,False
2,E20,11.432214058050333,172.33652506753464,0.6221589164153747,0.9428083388917948,,False
2,E21,39.499886046958686,508.42288118270005,0.16637652693162364,0.979331584976037,,False
2,E22,27.06979517732413,381.6963391812054,0.2539488178378472,0.976746597009045,,False
2,E23,17.425469361355777,266.71675101053273,0.44410936142123625,0.9552223922037575,,False
2,E24,11.366590463661737,168.42333246346487,0.6127569369198643,0.9390972949137086,,False
2,E25,50.94688790690502,676.7380536129683,0.12611366619282963,0.939823586132486,,False
2,E26,19.173556013813318,278.63880720599786,0.36710732251589834,0.8844945840216104,,False
2,E27,12.352431881968347,180.25479834858447,0.6018505237535877,0.879172146178262,,False
2,E28,9.35519293893639,147.85327930246314,0.6254612681128698,0.9358665427479369,,False
2,E29,9.621662209142404,154.0167467930421,0.6291607103217303,0.9442744459741184,,False
2,E30,9.897695991371977,164.4462892472398,0.6370835863237069,0.9327908330932699,,False
2,E31,3.2751411599542237,55.6967210964588,0.4801322579687714,0.7362226463536431,,False
2,E32,23.38918534630989,302.88065804626916,0.4596419657071372,0.492003451845756,,False
2,E33,18.524237084299322,183.74355198070796,0.4008900866338139,0.556840721068861,,False
2,E34,14.048854920439357,185.27575559471467,0.5019754941057872,0.7587263053367357,,False
2,E35,10.237493715970963,165.29002377062028,0.6314410907249867,0.9209044830056665,,False
2,E36,9.897796962486966,163.37765852550058,0.6218753600067403,0.9369438743702699,,False
2,E37,5.490636288248339,96.35624484373432,0.5581655619261525,0.8589616092438633,,False
2,E38,25.55187884300785,296.14559317343407,0.40881049783686424,0.45134616698779584,,False
2,E39,25.11050428748477,310.7586989434674,0.387555381959451,0.5014952244292652,,False
2,E40,11.023255354730885,157.94848865157365,0.5667865546011455,0.8298319499153882,,False
2,E41,8.851526942746638,144.02415547904562,0.5946727962666097,0.9345934486375524,,False
2,E42,6.989626631528301,108.26663327833367,0.5754650543802817,0.9017703115215732,,False
2,E43,19.780022843273755,216.12882523984956,0.4092088075884154,0.49321012907100564,,False
2,E44,23.695282347439782,325.3691550503736,0.38455616134396375,0.4556691617594236,,False
2,E45,13.513845243471634,197.6487330109776,0.5949897619884137,0.7538506119613879,,False
2,E46,11.043059040742905,176.69618030004915,0.5916319738244963,0.9111684885022147,,False
2,E47,10.792569327794263,174.2685030642054,0.548670331460791,0.9400729097083176,,False
2,E48,18.396731078337968,218.69809256556124,0.46833751578745836,0.5543468268916636,,False
2,E49,37.730197729544486,417.11357153858074,0.14349816724415054,0.1586846567229221,neighbor_correlation,True
2,E50,12.703548947062504,178.4334772359324,0.5804579617573642,0.8318845310967624,,False
2,E51,11.665421957624224,182.01690040083338,0.5337007509779591,0.9205369718477032,,False
2,E52,10.5404879583224,170.15255636629615,0.5794087488754333,0.9057455809743817,,False
2,E53,6.241276279081691,91.867299200572,0.5505408263994489,0.8455247830487833,,False
2,E54,7.6551035136208,120.35472101389476,0.5403021704173081,0.34401005871371493,,False
2,E55,39.50767731229283,713.4893863245053,-0.5189341022358291,-0.7565482396663596,global_correlation;neighbor_correlation,True
2,E56,17.64026193178544,218.43245748334806,0.4277019219056608,0.5926002841997088,,False
2,E57,18.461783180354914,186.208664198897,0.40633008379060936,0.6442109214296108,,False
2,E58,14.657033940762537,200.7973019949673,0.5155201455303902,0.7823684142859286,,False
2,E59,10.829730991979407,157.9319583541576,0.5791172378265247,0.7809601483503178,,False
2,E60,8.085483856330622,103.49287516091476,-0.03124373763577269,0.30790550911725567,neighbor_correlation,True
2,E61,16.037432639355117,256.96583618718887,-0.4100857695670539,0.7817812589553312,global_correlation,True
2,E62,127.18846932827901,2365.718385023567,-0.5506798534494222,0.9412689662772538,variance;peak_to_peak;global_correlation,True
2,E63,19.327660266609872,263.3655790163862,0.387555381959451,0.2802466275919703,neighbor_correlation,True
2,E64,14.144650362933696,191.24424884831737,0.548404415307369,0.6708835742557419,,False
2,E65,13.677553304953236,168.98232639113357,0.5242573304877165,0.7682980999515829,,False
2,E66,19.045810387938428,270.6901920165785,-0.3202710037350751,0.3604014169899696,global_correlation,True
2,E67,39.998794365553195,736.8154516322724,-0.4948672429817789,0.9400404518878692,global_correlation,True
2,E68,30.607562508148852,423.78731491843917,0.3025670252755599,0.643819595918101,,False
2,E69,22.31223474453629,273.50464731867885,0.4114637097071364,0.7314333269018543,,False
2,E70,15.525943426836127,199.27844087546165,0.2618491501293248,0.2724340253809169,neighbor_correlation,True
2,E71,26.976064963296942,469.232733050925,-0.4517408488887811,0.8425901227975343,global_correlation,True
2,E72,92.97556215405801,1728.0465173148027,-0.5420389136950771,0.9436476173348811,peak_to_peak;global_correlation,True
2,E73,68.76855938470251,834.1025805075896,0.24746422620954844,0.3794184673603129,,False
2,E74,33.792870964102136,505.7617142329754,0.2770190434507369,0.6374012511567345,,False
2,E75,21.538505584891563,304.9154909771712,0.35974612426545816,0.47702509275405414,,False
2,E76,38.034980519405956,683.1997203341772,-0.5188475545926339,0.24079105605252715,global_correlation;neighbor_correlation,True
2,E77,48.246982750714466,885.2386894099266,-0.5295662952275021,0.9453143690168577,peak_to_peak;global_correlation,True
2,E78,51.32250656200895,939.3403612704135,-0.5391470743537877,0.8442567524332121,peak_to_peak;global_correlation,True
2,E79,19.076405595575626,325.5765007406046,-0.41790681128043483,-0.3650635378699164,global_correlation;neighbor_correlation,True
2,E80,19.309846210086107,331.5010774389607,0.3011881954680191,0.43070545401340304,,False
2,E81,22.10354530240897,274.9206163171289,0.4092644838945603,0.8504681124302146,,False
2,E82,15.670477541400889,191.207375579537,0.5186928295010591,0.8048497553162548,,False
2,E83,12.679135739446936,181.47183100511432,0.557109348939984,0.8660312927807214,,False
2,E84,11.81568636268631,168.1248706998779,0.5708968573991607,0.8881454978333287,,False
2,E85,11.16158863233212,158.76810920786224,0.5693919178056808,0.8802978284978353,,False
2,E86,10.297227865402174,162.28997786448937,0.6084855357620068,0.756386159121527,,False
2,E87,9.844479806655901,123.95487410926071,0.5551378040509728,0.7974292359660653,,False
2,E88,36.789572609769934,541.3216607996965,0.27792777669715535,0.4609087182868408,,False
2,E89,14.6707774032076,180.41125244790726,0.5187433787355753,0.8717053034398574,,False
2,E90,13.247862438237709,183.88217990616565,0.5622327048438384,0.8784956828154848,,False
2,E91,12.869202253944868,183.99368833450626,0.5177828596089058,0.8179776996119352,,False
2,E92,11.731658705780255,167.94498869743637,0.5726506553215833,0.8240142731870097,,False
2,E93,7.621647678779913,87.50044879130778,0.4534767667248245,0.7185148901414955,,False
2,E94,19.174132331192915,237.7244668911233,0.47331830456391316,0.8481281181847973,,False
2,E95,14.3792337467597,185.99961487981346,0.5516626889620843,0.8418487322327171,,False
2,E96,14.532064144807881,220.22934760932264,0.5623652551727887,0.7709668660665105,,False
2,E97,9.830226254419932,135.43988804222778,0.5775998314496582,0.8469850243724513,,False
2,E98,7.515521221530303,85.59675919789817,0.4256574341691957,0.7297046733260681,,False
2,E99,22.766575188640033,242.57029901308078,0.3560125805293199,0.4318046918419442,,False
2,E100,29.01331662399282,260.40228744948774,0.31818021174370364,0.4487715845628659,,False
2,E101,13.516360012215847,183.6114096154513,0.6179770659937972,0.794052789586635,,False
2,E102,11.555096797857574,160.34007694082493,0.5804059319014238,0.7892779999778374,,False
2,E103,10.387071480965691,159.39112597503902,0.6265093715572327,0.8651844788210762,,False
2,E104,9.779388420642944,147.35423367114993,0.6111845919174489,0.9090833876275621,,False
2,E105,9.962058137650068,155.39711541934025,0.6415241270419841,0.9317927988746734,,False
2,E106,10.407826721823977,168.90020535545406,0.6114808313762587,0.9181592629167348,,False
2,E107,27.5506891305354,354.90361758997915,0.24950577844321847,0.523122733599139,,False
2,E108,20.09832739644302,266.72848642237665,0.4108282874487563,0.570440402341118,,False
2,E109,12.04991155283811,145.07620165836494,0.49867694549633423,0.7454974501412241,,False
2,E110,10.092246504088601,133.89596849934082,0.5950584205411331,0.9091068948576778,,False
2,E111,10.313577862837782,156.28826276953515,0.6260074845133913,0.9426749691735623,,False
2,E112,9.889429008818642,146.99946301131888,0.6258206566368207,0.9500260860359597,,False
2,E113,16.187780158459383,207.89069239379313,0.5059856084479322,0.6418030323136923,,False
2,E114,18.166730455310642,183.04725459483905,0.5043484911281021,0.5799620902452469,,False
2,E115,24.32158447776748,374.65307332139446,0.36868724670201225,0.34530329703786977,,False
2,E116,12.95909267497136,171.6269844369928,0.5676507607236184,0.824103177281032,,False
2,E117,12.252528582658616,178.03836063306565,0.6473135729356325,0.908409211522799,,False
2,E118,10.49755845654422,136.38970188220213,0.5851841057904673,0.9190087907952438,,False
2,E119,21.87591187622014,301.50261242658905,0.40892154271659514,0.5934216718947359,,False
2,E120,17.81638616288819,214.43566127707658,0.46854172716169445,0.5901195375880655,,False
2,E121,28.82489307670515,297.8685418060862,0.27336809294061426,0.3069422181112233,neighbor_correlation,True
2,E122,14.689499368752424,189.23383131153196,0.502523290789121,0.489855677705317,,False
2,E123,14.550185037902756,183.55737093426976,0.498161872298946,0.8833127725462269,,False
2,E124,10.828199850172243,137.5702841445103,0.5681939598403946,0.9007096262655196,,False
2,E125,92.1188333096957,1271.669380523335,0.09079605774301357,-0.04838664826853815,peak_to_peak;neighbor_correlation,True
2,E126,137.82810182063167,2271.8735834224844,0.03683775767063942,0.27330794192835295,variance;peak_to_peak;neighbor_correlation,True
2,E127,50.04781890605511,870.2302959462452,0.2174712726585266,0.29953272637462947,peak_to_peak;neighbor_correlation,True
2,E128,24.056172018580597,250.99386713907788,0.2989289494937977,0.32204039574169085,,False
3,E1,50.48317933205473,656.7555274152617,0.08545130224590333,0.1709423103607256,peak_to_peak,True
3,E2,27.299063342258584,299.7365526169855,0.07039836665085664,0.8910316931556805,,False
3,E3,22.32032895509321,227.47670441246706,0.034414257441865645,0.9516745014611485,,False
3,E4,19.528765248496274,198.79259733187374,0.055293204228324816,0.9759415923476102,,False
3,E5,14.26512420130698,147.62083581124216,0.09534248298992311,0.9422744926547775,,False
3,E6,9.061729796558554,114.14326178593569,0.18184888520781262,0.9063291608727342,,False
3,E7,6.501718833382201,114.85112872208151,0.3384557705476131,0.7814064633894565,,False
3,E8,65.85214003454031,653.4675295759552,-0.03451994809194482,0.9568344491815248,peak_to_peak,True
3,E9,36.74294487152667,333.7463719653082,0.002652745821309469,0.9834862607398602,,False
3,E10,25.134448264319605,228.31805660584826,0.023676323263323192,0.9872437577268258,,False
3,E11,24.63686289465859,217.09471110655835,0.003613945414746902,0.9779217717630069,,False
3,E12,14.498703851841462,140.4040001863378,0.04660063504053234,0.9489220046243025,,False
3,E13,8.37782319362406,115.00794706781949,0.1790523561153379,0.8957894078045134,,False
3,E14,46.911301738609545,422.4035363631487,-0.03376222607380419,0.9867262711466436,peak_to_peak,True
3,E15,32.099148173140776,277.68073421861413,-0.0020548938675414344,0.9874657042171492,,False
3,E16,27.266044297115112,238.78963130461315,-0.002377685140895249,0.9879913030608247,,False
3,E17,47.961682234170794,423.26375999285654,-0.025404269968970366,0.9867752193318745,peak_to_peak,True
3,E18,26.111354004811336,235.47342076379,-0.011082774273746281,0.9863572026949686,,False
3,E19,19.683701993724085,180.80473421439603,0.0015570008002928955,0.9765628955594758,,False
3,E20,9.787751036856022,114.91507927441387,0.14117112239200946,0.9273247409280074,,False
3,E21,56.24269555709164,490.03325289225836,-0.042446664251861464,0.9856534535353583,peak_to_peak,True
3,E22,37.5236761679923,340.81974551283326,-0.02638548849600223,0.9806670171909961,,False
3,E23,21.544469579074796,195.61516181465214,-0.0021417658521478695,0.9620415394421697,,False
3,E24,10.443980972470653,116.8267212254916,0.1294556702754892,0.9171945742518478,,False
3,E25,79.93542555636202,741.989793064176,-0.08204201588438348,0.9590687958320507,peak_to_peak,True
3,E26,27.112838001079393,252.96713766007576,-0.01561338317253254,0.9082220492375352,,False
3,E27,12.105885624594432,133.3308409335448,0.13641837908305698,0.8770642473370245,,False
3,E28,7.448632579506081,113.95287667319468,0.2601683344225055,0.8746444148062238,,False
3,E29,7.238198277579378,114.5626447609684,0.27415430744225733,0.8655551696958348,,False
3,E30,6.3816170413251365,113.67052207279005,0.346979483800485,0.8344388030670118,,False
3,E31,1.3818292558340872,25.2919661975373,-0.36554000857098995,-0.4346287112889935,global_correlation;neighbor_correlation,True
3,E32,29.935488221773106,423.83590236746943,0.05809519612464993,0.6165628782927546,peak_to_peak,True
3,E33,15.9585644434557,169.39612120672172,0.15871421054814513,0.7030412006794422,,False
3,E34,10.357256312650268,115.46334547230458,0.2707051315146117,0.6472434057742708,,False
3,E35,6.921359219077452,116.21075430618771,0.3254311143410783,0.7869606285484487,,False
3,E36,6.215280352868164,117.129928492207,0.36890344801696207,0.8360935794128648,,False
3,E37,1.836593279367674,37.46119081043264,-0.280352476431879,-0.5079607303760278,global_correlation;neighbor_correlation,True
3,E38,27.134620512575037,246.68716403183873,0.20373124920441948,0.3366906424964323,,False
3,E39,26.61151998613032,378.8993638067855,0.14588336136590785,0.2921049101460706,peak_to_peak,True
3,E40,8.913920852192032,116.1184408211908,0.2929018137979376,0.6658228266762143,,False
3,E41,9.467982434754052,221.97429812961985,0.41190418482099855,0.8112429098880998,,False
3,E42,21.460207299623956,610.8757117481578,0.4012064638712804,0.7669559371629899,peak_to_peak,True
3,E43,13.855672047610987,135.88184284392605,0.2778311676543452,0.46199427374072805,,False
3,E44,24.927485968211478,353.0487542634271,0.17370263016917184,0.4039913605078529,,False
3,E45,9.570811792661626,115.91217900355969,0.32392183185151796,0.6087560543242818,,False
3,E46,7.232074319378003,114.24191523954846,0.3874691703223733,0.764589763169782,,False
3,E47,6.600002186544792,115.10398009930805,0.37731127059898273,0.8322987523637715,,False
3,E48,18.567744489424573,167.5243683219703,0.25242528664453984,0.46121265233938746,,False
3,E49,19.283399837349034,151.39382376224577,0.21406268024660077,0.4337100606075529,,False
3,E50,10.871380472542842,127.17773940963659,0.3470269083678655,0.6623382952888754,,False
3,E51,7.1082871517326245,116.43133423454265,0.3580548623209144,0.8182397582299663,,False
3,E52,6.259957341130312,114.17428444627194,0.40181669297339945,0.7878590893657209,,False
3,E53,10.782727188493,298.04638265630535,0.39917285925491264,0.7404638506124159,,False
3,E54,6.72462816642228,169.94282828314562,0.4026214788502018,0.5421817071828554,,False
3,E55,10.159181889624882,130.03637427002627,0.17612698401027774,0.3566165946483938,,False
3,E56,18.619298272470267,261.29234000269224,0.18219625839156683,0.40984507726042807,,False
3,E57,12.838113275523373,132.99614980834045,0.30454378135485366,0.609834984331104,,False
3,E58,10.505250698839868,159.92457106792756,0.3505848633774391,0.6823945122925725,,False
3,E59,7.650341861953225,114.21235430473644,0.33714476622153844,0.7328079663934937,,False
3,E60,6.973112395170156,114.80014153344564,0.34867500852079253,0.7140418901104666,,False
3,E61,7.397693213127832,111.02039521620554,0.32804606495659816,0.6865152642713823,,False
3,E62,27.33719487410546,237.5828410843299,0.0823370378119024,0.6910529883046004,,False
3,E63,18.6301752364197,261.861547418291,0.11573960979627376,0.2694879237978188,,False
3,E64,10.970786496229051,131.59278649098889,0.3853467968601132,0.7729015029182518,,False
3,E65,9.997665926334628,123.25522188154181,0.3353059098613444,0.7662684583506033,,False
3,E66,11.644337687256446,121.47004477109064,0.32505973150588957,0.6285079249813217,,False
3,E67,11.74420248978465,131.02819889840112,0.260352516474326,0.8464920481723258,,False
3,E68,19.932604753390244,259.89219668460305,0.2314544001228824,0.7942052965096102,,False
3,E69,12.214262568436501,135.0644763756739,0.3067909858129366,0.8254736014140336,,False
3,E70,9.860949264659675,112.51938511724188,0.2757144156932515,0.6681882895825091,,False
3,E71,9.602818805272342,120.79332139055462,0.2955321895951685,0.7331695458929652,,False
3,E72,20.376875586953354,186.17065024003344,0.12723179724004163,0.6721685953578507,,False
3,E73,16.93411297790002,192.8250736392518,0.2808633497246646,0.8588901616538384,,False
3,E74,15.909262336540497,215.70294880673242,0.293063568041248,0.8409572142190744,,False
3,E75,9.994807780430044,128.91491243858687,0.3435826059545141,0.7079108210568512,,False
3,E76,13.784007102128797,185.12710339471892,0.20140623571696928,0.514740759369859,,False
3,E77,15.111102785523531,222.52141920012184,0.16176170704384957,0.4590852980658715,,False
3,E78,16.989451108972577,238.2824018715643,0.1431014244131059,0.22820416452426764,,False
3,E79,8.39294568925864,119.77340676203391,0.2753567433899952,0.6405576561547713,,False
3,E80,6.159659408032511,119.600766594947,0.35021754517088877,0.6786709782992297,,False
3,E81,14.589201423099611,151.1823376587347,0.2924663993580819,0.8504419234753018,,False
3,E82,11.618251374423018,136.1334831381646,0.34250822628419464,0.8540714780405567,,False
3,E83,9.69603390827405,130.07454028625062,0.35461029295491686,0.8588046646239804,,False
3,E84,8.476038230145827,123.40856454956467,0.3646315281924286,0.83419242567148,,False
3,E85,8.2071371163811,120.05539871139561,0.3598621844875381,0.7894657545214019,,False
3,E86,6.558741592828031,113.12124396191575,0.35511778027254587,0.7762822024777628,,False
3,E87,6.45685148902365,118.27910946092175,0.3780648208123261,0.7551191768321666,,False
3,E88,25.83171952493703,384.2609565813303,0.20069310173696242,0.6249489575392044,peak_to_peak,True
3,E89,12.032863628590494,139.79793639597992,0.32126969677540507,0.8483630643386126,,False
3,E90,10.322335224780364,130.11297237441235,0.37739554523094015,0.8245558078222496,,False
3,E91,9.419394992997686,119.43421521222625,0.28855569957060595,0.7223533986224944,,False
3,E92,7.558053386836304,115.29168094461602,0.37182872512736803,0.8294875066899929,,False
3,E93,7.689306979546859,118.10544793112223,0.3619356026847889,0.8068849223406556,,False
3,E94,21.01746657515075,225.3850077379005,0.2731202707471674,0.7109805234884747,,False
3,E95,12.558171371596186,134.38783015799854,0.3579787555406108,0.7172398059189393,,False
3,E96,11.589409854900934,179.9113380167475,0.3874691703223733,0.7062215908088221,,False
3,E97,8.584021963348059,118.53043258900448,0.3532547153722919,0.7198559811851252,,False
3,E98,7.723335769799012,118.07884510219588,0.3548583977427139,0.8280941238278867,,False
3,E99,24.644459374346322,290.28487605713383,0.1590711027479892,0.33316748272487823,,False
3,E100,34.58790618123874,216.53388038911157,0.20921596767053333,0.3101672270624024,,False
3,E101,10.638310193319212,132.61259109174674,0.3955153464719052,0.6123830196536653,,False
3,E102,10.913572722903266,119.5149307126709,0.26139924616123816,0.5908251853722124,,False
3,E103,7.556477156944388,119.34899410201888,0.3545633639889535,0.8150557776558653,,False
3,E104,7.569232289885195,120.42616317749571,0.3609213023990693,0.7839114046427849,,False
3,E105,6.572273662893142,116.94332359149541,0.40818825944606507,0.8442209108022735,,False
3,E106,7.115442555403158,114.56884936876543,0.38173097276763424,0.7672214516852377,,False
3,E107,25.654031248569787,318.0244748814449,0.07878721098765364,0.28505518673261654,,False
3,E108,23.299974965827236,318.4639825956584,0.21514210504634104,0.20639351153176466,,False
3,E109,10.631020071437156,129.288407474712,0.2827162799109769,0.5436631502691277,,False
3,E110,8.661822051253278,118.10119751832735,0.3162533991436878,0.808484520940979,,False
3,E111,7.127122972019694,116.1439174188281,0.39501025126826744,0.8793811532724868,,False
3,E112,8.009641533209464,115.70206238669357,0.33177555922613117,0.8966354364674289,,False
3,E113,14.43951655525454,148.85970301165142,0.3650785963083488,0.42051695782119536,,False
3,E114,18.46341078137525,225.10432595402497,0.2659952818391671,0.5336067457811092,,False
3,E115,24.565381983736202,350.70404200030185,0.17261501317353536,0.26976106148040474,,False
3,E116,9.893053839209598,119.55523636045882,0.32315534163152315,0.6457988821992244,,False
3,E117,9.733806695175197,115.98953603756536,0.3087583674731653,0.855350989118107,,False
3,E118,10.08972725721479,116.9315115845859,0.25487539546994514,0.8948148246248395,,False
3,E119,22.45941697958632,285.1211185900671,0.2430583455039507,0.5891827165746152,,False
3,E120,34.30136833722503,452.12027923903395,0.16425620664468035,0.47335150770132706,peak_to_peak,True
3,E121,39.071489969585464,521.7934577704837,0.08038125011865795,0.23665157571907464,peak_to_peak,True
3,E122,36.177457398333836,450.1256361696005,0.05084356397735169,0.048618707309177375,peak_to_peak;neighbor_correlation,True
3,E123,16.901144194403738,168.494077531453,0.17174338123787317,0.810301953785727,,False
3,E124,10.453505610143514,115.94124062144192,0.232702207182694,0.8829618893883764,,False
3,E125,70.31263926721549,693.3908834806746,0.12920535920865636,0.0007472913225457355,peak_to_peak;neighbor_correlation,True
3,E126,160.01697076614533,2672.580755831752,0.05596335978328203,0.3746586953967121,variance;peak_to_peak,True
3,E127,41.2097131488456,658.9256886036608,0.13567860759717687,0.3425474033635227,peak_to_peak,True
3,E128,23.542541583516407,199.75448741315302,0.1583693718386524,0.35596173108378953,,False
4,E1,68.85464999198388,712.7972744942283,-0.162071033845459,0.34166865770221255,,False
4,E2,50.417442079103274,372.04539681408687,-0.17787535581099245,0.9649397443668029,,False
4,E3,41.70283539151982,244.77849191769792,-0.1806404244733495,0.9805682035408259,,False
4,E4,35.97050400687595,210.29503788810447,-0.17780114868411856,0.9913081011564203,,False
4,E5,25.2237325646852,153.3456977756907,-0.17211854349572298,0.9773882057716726,,False
4,E6,14.164662442363388,105.4531896923499,-0.15059714669368546,0.9487677681015914,,False
4,E7,8.044901036256947,80.02971842572367,-0.02083949908823207,0.8355595089593191,,False
4,E8,130.5799399243446,763.7393112654402,-0.20008606257250994,0.9876178056833516,,False
4,E9,71.2062408176492,389.1891070815708,-0.20027908896191268,0.9933499706449098,,False
4,E10,46.76864590572148,252.47216733144467,-0.19223720020261467,0.9949974534803994,,False
4,E11,45.34996822206203,240.81760415573333,-0.18791738867653646,0.9916830830153528,,False
4,E12,25.44763937386532,163.87101940234243,-0.1805822512322397,0.9788293749038575,,False
4,E13,12.651610155401276,108.95652929662803,-0.13955944549113194,0.9472848907969236,,False
4,E14,89.28941538881674,483.03153329963817,-0.20162244397808693,0.994294886238655,,False
4,E15,60.72545885744131,324.96036978219047,-0.20101907097316735,0.9957356168177998,,False
4,E16,50.48416692702257,268.33371174557703,-0.19452068137840559,0.9951998404621696,,False
4,E17,89.36914088119839,469.6885186737757,-0.2029128208044924,0.9941391494713663,,False
4,E18,47.24853292127333,272.22414007617704,-0.17908745540558219,0.9935539393221946,,False
4,E19,35.14330402657427,212.74908841767376,-0.18316778066453857,0.9901058425738785,,False
4,E20,15.220042487711575,128.5203469180936,-0.15830277343333818,0.9709564195318288,,False
4,E21,103.88220730517963,555.2308851157323,-0.2063032820681225,0.9941614076572358,,False
4,E22,70.19372240737086,394.43881396180177,-0.17928655540001306,0.9911151433603249,,False
4,E23,38.702522158962424,230.56276507449,-0.1872197072733803,0.9845367619456042,,False
4,E24,16.012975354907887,133.57120596470384,-0.1497613728787009,0.9684293077308883,,False
4,E25,136.87898465472864,825.7661337712959,-0.21277887703200693,0.9843937633890903,,False
4,E26,43.661974287923044,308.2433951529188,-0.17496829927562033,0.9688226295178239,,False
4,E27,17.683283851415084,145.84511096752908,-0.1543835145611215,0.9448960677349548,,False
4,E28,9.171268197889708,92.91749357206166,-0.054655312985012014,0.9384011717830995,,False
4,E29,8.706244012710913,90.85163364867975,-0.03669956597930346,0.9326449902517773,,False
4,E30,7.732915046711788,86.66653492780608,0.03382543604386794,0.8548984689313368,,False
4,E31,1.4469261614866646,18.45380512486116,-0.012438958312763707,0.13998060795415357,neighbor_correlation,True
4,E32,33.439167598138,365.91517391160744,-0.09012243805998953,0.6571100448569183,,False
4,E33,15.965635794850598,153.8957319436489,-0.033391011565010446,0.8498838333360752,,False
4,E34,9.743743704707324,98.34288038839983,0.07780988901392101,0.8290947538932258,,False
4,E35,7.024385770264466,77.99956642342553,0.11570576722427525,0.8574752753266444,,False
4,E36,6.260246207798402,74.75257386508983,0.16099902428726445,0.804306071780386,,False
4,E37,2.215355003534736,29.09329776299848,0.09905339111654905,0.23819843760287215,,False
4,E38,34.744226866423546,478.31417554321274,0.20303187115670793,0.46969998866830476,,False
4,E39,9.578915817497009,103.16737440202711,0.22141818069627983,0.6369127846882452,,False
4,E40,8.422086153900606,89.99748334254497,0.20987710308026838,0.7189751350905612,,False
4,E41,5.510984647215478,67.1910200355102,0.20865316218167107,0.7479652202122106,,False
4,E42,3.510685886855852,45.11683668729788,0.2617293881462837,0.7000570425750482,,False
4,E43,16.61498642548601,201.1878443852213,0.2556385055383511,0.737446169785629,,False
4,E44,14.016731548323948,133.15144437314734,0.23365920795696093,0.6814132414223453,,False
4,E45,9.847149490735708,104.199693747711,0.27831730968286494,0.6799766219374375,,False
4,E46,7.257242551710923,82.97282938038344,0.2549382272297134,0.6962877077769095,,False
4,E47,6.264540143454294,68.01087400340202,0.2851928649188101,0.7346976664250037,,False
4,E48,22.262577444042126,238.64277392552344,0.3230201170737556,0.761281282906285,,False
4,E49,19.585392567361716,177.68524102313148,0.2965009496305602,0.7114536730134879,,False
4,E50,10.791401885688286,108.39821567972325,0.2940007474501865,0.6844338341199623,,False
4,E51,6.539416711656965,65.31156132488303,0.22822477922193365,0.7086433333935331,,False
4,E52,6.3197016126609915,70.79547118382777,0.32192465150051464,0.728443954266405,,False
4,E53,3.486170569000383,41.75355214802103,0.3014774010669219,0.60171832761861,,False
4,E54,4.034729317715363,44.74200300904605,0.24970221440748983,0.22100679697676182,,False
4,E55,11.607051346485031,172.30029100328198,-0.02090825185520553,-0.0890679620446945,neighbor_correlation,True
4,E56,20.157526135862565,221.1031851204086,0.33423693970440355,0.7046018287138442,,False
4,E57,20.36530660772881,611.8069343022894,0.2823593004231174,0.6264464011016166,,False
4,E58,11.10295242035854,118.0277135203934,0.37943376576555743,0.804661676250567,,False
4,E59,9.035160346921153,104.11307206599804,0.388486835208632,0.8036881260904173,,False
4,E60,6.945988255000871,87.07410060659296,0.33015182887670336,0.6811073055997217,,False
4,E61,7.9506240844975435,102.08659946790618,0.24687666211151352,0.7276876335122793,,False
4,E62,40.80412029426304,589.6947485097785,-0.08768943880755256,0.7255510330508343,,False
4,E63,17.382358906929205,189.8103282930739,0.06976602286072796,0.47113207434300464,,False
4,E64,12.874314906075393,116.76921407389875,0.2790359158328017,0.7593660303623904,,False
4,E65,13.409176407059089,132.527856117519,0.37981975274327534,0.8096369358916267,,False
4,E66,15.272186360972896,193.59814860966657,0.25948344968945136,0.6829544419868714,,False
4,E67,15.639434714186095,184.9331349840271,0.10497308162966174,0.8750808153468244,,False
4,E68,31.293868777569607,439.97005647286676,0.2887750320489446,0.6501109234901281,,False
4,E69,14.23221328467514,175.77179092751012,0.2844530157095188,0.7585137712989014,,False
4,E70,10.050401672791983,105.92874003137916,0.22550009593055012,0.6241779180197944,,False
4,E71,11.187190250153389,121.9261357834833,0.21756254801926,0.6885788714815826,,False
4,E72,29.340080951720747,419.3461938403408,-0.026884202348381285,0.6859366670129099,,False
4,E73,20.699771862037146,392.37277889259803,0.2755034306211679,0.725743324965666,,False
4,E74,22.11689374817485,312.3350197420407,0.3607971086158377,0.694250657115782,,False
4,E75,11.577708686775855,103.56379262918983,0.3415956194143674,0.765935324681292,,False
4,E76,22.056929995126797,362.43773599301994,0.1668116463792611,0.42061041014152556,,False
4,E77,26.94881505378955,427.71419310385375,0.13333024179037228,0.43292222258939483,,False
4,E78,32.95943705402925,504.8415866992652,0.11783268507511027,0.3728897159953939,,False
4,E79,8.287968762385205,107.97467842036292,0.152472574177593,0.3425987230933356,,False
4,E80,5.827186178260467,65.60007426007226,0.19999163728932687,0.5279698300603566,,False
4,E81,17.874567256554837,179.47057712983363,0.3721922986140942,0.8461799195132869,,False
4,E82,13.324551984903817,101.95487884880478,0.25085878022599806,0.8153700234122074,,False
4,E83,10.933073264487334,98.49914027217847,0.3276395140852513,0.8772608149179458,,False
4,E84,9.197897661836373,71.3264976644665,0.24961286372214678,0.8067142969559529,,False
4,E85,8.79083704238156,73.20232228706054,0.2705029003003873,0.7309274070519358,,False
4,E86,6.843916371840524,81.58976182557272,0.30626230946768085,0.6217449187194675,,False
4,E87,6.1111521189493185,63.15655579027273,0.18765831379610065,0.5797184454173181,,False
4,E88,25.22336858743929,375.5120131358384,0.29936335765438976,0.6940957122500753,,False
4,E89,15.515843796239679,176.04545378109214,0.41916348323452596,0.8547392993485365,,False
4,E90,11.031152507966473,90.2440214980895,0.32878001723525113,0.8697802925189135,,False
4,E91,10.78206422480592,89.91144267636473,0.28885245614651456,0.7231314249093301,,False
4,E92,7.675507328219878,72.12784587468713,0.2764846095589218,0.7665502882242667,,False
4,E93,7.182090357162931,69.12703916718169,0.3287864291443948,0.725012389499043,,False
4,E94,21.530833101321605,241.29719592681323,0.3737021478982078,0.7802133285146766,,False
4,E95,14.775881113339976,138.43589480127454,0.4016986271574539,0.8253537736426821,,False
4,E96,10.416645694596841,96.26490677995636,0.29925789277134307,0.7770273252585879,,False
4,E97,8.328580427969271,81.8324568873202,0.36437790467547415,0.7691831035573886,,False
4,E98,7.265827446856424,70.6084447014814,0.32793118841812385,0.730922010055763,,False
4,E99,16.93505506782104,174.1182081483713,0.09912592904362537,0.41801933561217647,,False
4,E100,30.048019421385145,235.71852784401983,0.11816041784525771,0.3373750382684988,,False
4,E101,10.231332841350266,90.2584465399431,0.3376501967732391,0.7875906479151702,,False
4,E102,9.13993236597467,83.95098894907733,0.2698343088383886,0.6906779537725101,,False
4,E103,7.272353865152829,90.79386928907955,0.24098539750432332,0.7092029091398594,,False
4,E104,7.306722527102103,93.70028002288316,0.23901674584154814,0.6798666481884361,,False
4,E105,7.325972026586187,88.94787698603167,0.08714737855012147,0.7841246500318533,,False
4,E106,7.8032321211374,70.63182103198261,0.07016477839585038,0.8165861402359069,,False
4,E107,32.394213517778965,355.2987990023081,-0.024383495309157836,0.288227587106808,,False
4,E108,11.16500429344077,107.13048282892771,0.2979544717390353,0.7107672627976396,,False
4,E109,17.36593560125724,218.3646775198768,0.11308428512347095,0.38261204378259417,,False
4,E110,9.386229708124464,118.08358768903447,0.1869265215189548,0.7219222572830569,,False
4,E111,8.4191232126911,101.86726537446093,0.07164750696431728,0.9026744512647848,,False
4,E112,11.215526050827503,102.35989639701125,-0.08805920034128815,0.9284892861336058,,False
4,E113,16.65776954731264,169.4571005487972,0.35590401938958377,0.6262325396649003,,False
4,E114,12.703980142071545,147.32726457544746,0.2873895379054583,0.6636869156996402,,False
4,E115,9.484371881456498,119.7909016493077,0.25869565331019273,0.673580671798105,,False
4,E116,10.421570786909433,140.64953841509111,0.13633626045852176,0.7971706275703995,,False
4,E117,13.261917246710365,142.86189578046196,-0.005632052435689176,0.9278115938015404,,False
4,E118,15.083630689404057,127.5853968454577,-0.14580618551558272,0.9686793834016203,,False
4,E119,21.530740485566568,219.39752130663524,0.24693990633603655,0.8313061272602279,,False
4,E120,18.862015707841916,241.64677658922756,0.30123385192205193,0.6412392454089622,,False
4,E121,26.071731073764454,342.4053550969934,-0.032480832393596566,0.2900405850560042,,False
4,E122,14.953394083692062,194.56080378842927,0.11254997275344344,0.6873403445944759,,False
4,E123,24.363754482577264,215.1055467083949,-0.13082837900107588,0.9372586333072257,,False
4,E124,15.963289457947326,131.7227964805686,-0.15805984562350953,0.9668778623619818,,False
4,E125,68.47146170847267,694.2770144941387,0.019865815906722626,0.05733057870019405,neighbor_correlation,True
4,E126,29.24364147968672,272.07478727617394,0.23317568047203674,0.2598095038647664,,False
4,E127,25.995523374316576,256.5390680598207,0.23210193101484553,0.47043512881479255,,False
4,E128,17.953035455874424,190.58867131823098,0.12933356803232923,0.35789790012809053,,False
5,E1,69.89864526158013,1832.8643970083112,-0.09959473253009475,0.33269366546363827,,False
5,E2,38.06094484103848,292.733266381751,-0.18015465768053068,0.9632712733470195,,False
5,E3,31.15448079063196,230.9413819773756,-0.1767848990017658,0.9855368316830195,,False
5,E4,26.63246308992401,198.44542473810668,-0.17992433693448445,0.9907822096579367,,False
5,E5,18.554985263541308,145.29679019040844,-0.16619241636113877,0.9690119596571145,,False
5,E6,10.335567232877448,87.03570396407164,-0.08441088303087421,0.9482299314693798,,False
5,E7,6.182518624060567,52.6273347756389,0.11549883165905116,0.755798999882703,,False
5,E8,103.14736101878104,943.3697445859348,-0.21789419247896222,0.9812509383468981,,False
5,E9,53.362337414722894,388.3862520328183,-0.19498745702242617,0.9948433010839933,,False
5,E10,34.867304359504224,250.00681248324662,-0.18952981230266244,0.9947180247274252,,False
5,E11,33.45997966560887,238.0516451630731,-0.19194074873282502,0.9929834427024622,,False
5,E12,18.436916339304148,144.43282326802208,-0.16001851440078585,0.9737253642976189,,False
5,E13,9.068721304324155,76.40386978958912,-0.07531739388477246,0.9135805969562478,,False
5,E14,67.2959089272744,476.50416645192104,-0.2042804871316676,0.9955294093796595,,False
5,E15,45.23015772549626,313.8485198600049,-0.19193049557697062,0.9955647004257943,,False
5,E16,37.38750659854948,264.2805628140579,-0.18948386735905318,0.9955371293978749,,False
5,E17,67.92013258819013,484.84128558749046,-0.21023204233845344,0.9952146173149251,,False
5,E18,34.12881398806183,240.96362651881563,-0.1927920561968451,0.9952721188143143,,False
5,E19,25.143013472008853,189.08890276562516,-0.17945338478970915,0.9920202422896696,,False
5,E20,10.874478354973252,91.1900756732131,-0.09559617626444838,0.9485113726874672,,False
5,E21,77.95058818128352,530.7942907066176,-0.20586938660670845,0.9957969498242327,,False
5,E22,50.77651362012263,349.22208857783045,-0.1909898703264454,0.9949657241266212,,False
5,E23,27.727924258830242,206.20247118071046,-0.1795348324805558,0.9859469929713969,,False
5,E24,11.372808134622192,95.92873494537673,-0.10030228269843651,0.9462214779037172,,False
5,E25,98.30191094192482,665.8236978337908,-0.21081479048096782,0.9853706195194312,,False
5,E26,30.666247752763226,246.2909995595696,-0.18595421771503787,0.9554675399470103,,False
5,E27,12.64599288084923,110.74756153766285,-0.07334304021442446,0.9103335055651354,,False
5,E28,6.623580834110535,64.16311508769977,0.05993392687582982,0.8918377861914109,,False
5,E29,6.338486059879382,62.082544437242774,0.06213368034538801,0.8762620005106081,,False
5,E30,5.507378469581596,56.544175343182026,0.12319674338914421,0.7900421701806066,,False
5,E31,1.1957390198717157,13.983397151732259,-0.1768934056886715,-0.01596382263952668,neighbor_correlation,True
5,E32,20.584031999504006,280.65663692489994,0.0259900464419239,0.5866432358969049,,False
5,E33,11.473778908498415,91.98633331888942,0.082772759019792,0.6963275451087525,,False
5,E34,7.086665418158816,68.10370653256984,0.23665230252503647,0.7392088227603049,,False
5,E35,5.20648926345803,52.12041334653459,0.25107359844879645,0.7757514767017184,,False
5,E36,4.551033660483288,47.702153696775994,0.2935740391680648,0.7597496236196963,,False
5,E37,1.7438528620209275,23.897107015070535,-0.09384319498346343,0.040449349149088584,neighbor_correlation,True
5,E38,28.646920387445025,374.3649016956806,0.162280323309052,0.36326812197994235,,False
5,E39,8.443811641426455,97.45035597519788,0.2863554221643978,0.5333676038296866,,False
5,E40,7.498803021957313,89.89738587832653,0.239178515455493,0.6029943980049657,,False
5,E41,4.331737653756302,42.978425536385586,0.3235622440171454,0.760071798000047,,False
5,E42,3.0035085132445376,40.56627582521244,0.31986408701067376,0.7003291079538798,,False
5,E43,14.12285185577038,148.14596389884957,0.33275693184550614,0.8126816494778076,,False
5,E44,11.739559128255506,134.03452142182687,0.34412037322376265,0.7710839606747881,,False
5,E45,8.002895444358654,77.87407322957748,0.38339055012516365,0.7715299928590427,,False
5,E46,6.120482407989803,59.24103997357398,0.381246839874591,0.789788065420959,,False
5,E47,5.117518353004699,51.167549323196994,0.3733396095320633,0.7886573030164263,,False
5,E48,20.356732811997816,235.13203839479186,0.32280684692618233,0.8158225042627077,,False
5,E49,16.856516169126877,177.0561786128839,0.3881618234727173,0.7966202707377363,,False
5,E50,8.298397815954905,87.07554658565898,0.40890930688091326,0.8158428809461398,,False
5,E51,5.659075182989854,58.94208460392997,0.36580052749216707,0.7953873118177791,,False
5,E52,5.238852648945104,53.83691331180755,0.3988423387722497,0.746356558526212,,False
5,E53,2.9929893867111494,39.907749910531415,0.28547098485017,0.5621808661050324,,False
5,E54,3.4059399335904095,38.678729965268076,0.2601480933415686,0.276159765929477,,False
5,E55,8.965029308614332,87.61688523453773,0.030769460123806186,0.054508034689588966,neighbor_correlation,True
5,E56,18.26134543274101,224.33927569873924,0.33649195730956644,0.7748089543192338,,False
5,E57,14.985435197217855,212.71421009801333,0.3664661063924159,0.7870679755626337,,False
5,E58,9.930381295146868,111.61939904866577,0.3962450403934263,0.8604815588823501,,False
5,E59,7.493272889301959,81.28382501330125,0.40050224397083484,0.8122512113080673,,False
5,E60,6.071861601748561,59.71945570306184,0.3380487729879574,0.6593470381670629,,False
5,E61,6.63434209498524,59.0992674408142,0.24770232726627864,0.7426050172025169,,False
5,E62,29.711559291117208,342.11574280720237,0.0020239708360602947,0.7453985534943501,,False
5,E63,18.151057020076863,228.5072733655708,0.11876350692920071,0.1776854590987663,,False
5,E64,11.786424852108826,124.55565967125582,0.40196016897272524,0.8296816789172805,,False
5,E65,10.869178877113354,123.20850466638937,0.39348833542100886,0.836297041848072,,False
5,E66,12.392156623282496,129.82819518178758,0.35701412046778663,0.7284024157282156,,False
5,E67,12.142829130511828,120.67946355981572,0.20174796642238604,0.8804213460270414,,False
5,E68,22.964849327215443,297.09732319723224,0.36058584213839673,0.8494164456994447,,False
5,E69,15.181134236116712,196.0345800343988,0.43048412055481783,0.8578102969558816,,False
5,E70,10.121512525449317,122.60724291879015,0.31303059654329146,0.6431019469618373,,False
5,E71,9.599726197507481,90.90110577593596,0.30187704602465104,0.7563102408913982,,False
5,E72,21.62459235672421,245.7892050986521,0.0567618006239607,0.6933268948260769,,False
5,E73,18.761945031623515,232.8605263551086,0.37535153820985273,0.9001375963183433,,False
5,E74,22.506349030604962,294.7353923335206,0.3501229167650888,0.7458321758679693,,False
5,E75,9.732842228977562,89.90347127527727,0.4119058359087262,0.7280180334801538,,False
5,E76,12.35430286746453,135.88005481265577,0.24297259088806564,0.6097378112332674,,False
5,E77,13.463301310576623,159.5438565888042,0.21634281560195695,0.5168973897929273,,False
5,E78,15.964391740249646,188.15926846857326,0.1538179148899985,0.17828110572352268,,False
5,E79,6.860470101477855,59.074119788865346,0.2199739448448494,0.4264569332794817,,False
5,E80,5.080713360784398,44.3757646510943,0.2654587089336229,0.4963712480020368,,False
5,E81,16.02674877340192,169.47717830901811,0.3939349978780283,0.8658248656435639,,False
5,E82,12.155392899773307,126.99787663770392,0.39552614988081775,0.8679958204621618,,False
5,E83,9.427181382673437,89.90033023826425,0.4181899358214879,0.878065410867813,,False
5,E84,7.945549127284651,64.81201467302655,0.4152139496979557,0.8072685832937734,,False
5,E85,7.563509873912727,64.162139837974,0.40175739438821023,0.6518670800743864,,False
5,E86,5.463195965637614,50.28554791878041,0.352539793341185,0.6313057697705512,,False
5,E87,5.071327779626693,39.31997612347058,0.2548376819295403,0.5733947431544871,,False
5,E88,20.417013888520714,294.3119573138786,0.4080591937690939,0.8518131563330337,,False
5,E89,13.851557902132564,165.25975859482216,0.41378450540265166,0.8667736042195364,,False
5,E90,9.572454764708354,89.18078266917027,0.3981606497298515,0.8765547740245301,,False
5,E91,9.857456698354662,76.50863634551669,0.34193782834306785,0.7054656310318104,,False
5,E92,7.991178924723901,80.09399851735725,0.32938950711614645,0.6512601397134464,,False
5,E93,6.449713106148481,61.19453262102371,0.3909843775623801,0.7491305942099284,,False
5,E94,16.809171177527258,195.32773310034233,0.35124207279196745,0.835429731376335,,False
5,E95,12.539660954914345,128.57950586051055,0.42002957100351973,0.8438766065563101,,False
5,E96,9.513872746271572,82.65439209489816,0.4081283460266043,0.8154454054868092,,False
5,E97,7.140664947794158,63.98666938942935,0.38711836187608784,0.7373298345049344,,False
5,E98,6.550974490212811,61.41427003732531,0.3887058731084744,0.7362635248277085,,False
5,E99,16.56789952146074,201.25860325412512,0.3474028519702781,0.5337653726246419,,False
5,E100,48.11829246464575,684.8847263487876,0.20214344810397136,0.37522113511630983,,False
5,E101,8.753862547815913,71.55923650866706,0.39541566728403416,0.8017343463365121,,False
5,E102,8.149690541819846,65.5612363922121,0.37312522414193955,0.6822271592363538,,False
5,E103,5.979956400733497,58.91438851760979,0.37478257559365213,0.7509829309919578,,False
5,E104,5.942654671844429,56.013707374661124,0.3583345495517294,0.6663255664859411,,False
5,E105,5.677219766936606,51.974472349133315,0.17439529351314276,0.7218509067148324,,False
5,E106,6.2747390849034,65.75157203132983,0.09831668600998332,0.7422733898261202,,False
5,E107,27.058897251443604,307.80417610032714,0.09039074572382422,0.3309562145616567,,False
5,E108,9.815412228528853,108.87170452500882,0.37729835708691045,0.7155402336140593,,False
5,E109,32.038772913035395,866.5880147344647,0.21294620609237858,0.3224998666286404,,False
5,E110,8.695294112719441,118.07424507375654,0.2994546688727485,0.6387583524155893,,False
5,E111,6.74762764691502,61.84749636555925,0.16664301247537158,0.8572017838788917,,False
5,E112,8.40736539112955,74.93037941361663,0.008432876149682066,0.8938802850000529,,False
5,E113,14.383068159946125,148.31489151180637,0.32110900116932944,0.528123615840974,,False
5,E114,11.233820840270978,94.90467256923611,0.3233608006998476,0.5287219762268363,,False
5,E115,8.584936344311357,73.52502686514009,0.3447755342065909,0.6505569306740626,,False
5,E116,8.223821702849698,67.27562821956656,0.21808137546257803,0.7329670741831642,,False
5,E117,9.78192992980533,89.66024443247139,0.04676191729550185,0.9041496071313297,,False
5,E118,11.36798922942271,93.74694727227094,-0.05210900998715214,0.9487016627751695,,False
5,E119,19.30240414287082,201.9028183284517,0.25352444379624406,0.7398650092207886,,False
5,E120,18.067145276758787,185.64354238736988,0.2761089773225883,0.49271055825568727,,False
5,E121,28.014686210764097,390.0923291400152,0.06109800900510777,0.19098723276180885,,False
5,E122,11.674020359690141,116.24783135759574,0.15520209173113178,0.671471690373215,,False
5,E123,18.621581649024904,149.8619826370702,-0.07491735791061167,0.925775296388098,,False
5,E124,12.072220886555858,98.76597985265778,-0.06132356653856108,0.94916997399463,,False
5,E125,89.13117452490336,858.3049094577132,0.06193236334651003,-0.0688206440394326,neighbor_correlation,True
5,E126,27.470110589075173,437.100636637944,0.2010567012840023,0.12436041030670147,neighbor_correlation,True
5,E127,22.24454550362623,255.7442076077897,0.253996586114777,0.510811279012189,,False
5,E128,16.411816810856024,154.7667486880511,0.3154613218510661,0.5572662809870547,,False
6,E1,43.0010834123048,628.1176484141133,-0.01694137559459832,0.3716946216143659,,False
6,E2,33.89828428957046,270.77050725719363,-0.10602720085625104,0.9513495461897837,,False
6,E3,27.829310611016716,221.34827454982036,-0.12552147340257935,0.9822079437545417,,False
6,E4,23.693239878902013,187.20440317989272,-0.10802497702598633,0.9849947402658312,,False
6,E5,16.454986656036134,137.2968040677551,-0.06686224482287499,0.9588115080572353,,False
6,E6,9.29660352279065,87.93482087094569,0.020013410501376925,0.9286653479306761,,False
6,E7,5.944166074124064,49.9614476834724,0.17112523382408856,0.7449722493199786,,False
6,E8,90.04886047455835,692.8964720887363,-0.17726139515425332,0.9852871037939808,,False
6,E9,47.36018363147392,367.9904706832906,-0.1618746413095005,0.993261174019159,,False
6,E10,30.51317493083658,234.81670622869666,-0.14065498827116074,0.9933529844802544,,False
6,E11,29.549880040807473,237.61072801704557,-0.15547886882036047,0.990094502181148,,False
6,E12,16.539359022610736,140.4646885042588,-0.095807156104249,0.9617881464705391,,False
6,E13,8.357444256934961,73.47234158129075,0.039390089282118484,0.8987642756222727,,False
6,E14,59.38809882320783,460.12759825747963,-0.1906900019293411,0.9944665874289582,,False
6,E15,40.28909261984174,316.60888744661446,-0.16113301115477108,0.9941758446806455,,False
6,E16,33.051556906758364,263.9324634946762,-0.15670529264495536,0.994145831451503,,False
6,E17,59.980580490719056,469.8978683894486,-0.1928429905963702,0.9940660019076258,,False
6,E18,30.209737547445794,240.4261904720331,-0.15766242032880035,0.992962417068964,,False
6,E19,22.59308207226208,186.41024852866437,-0.13717514906458966,0.9863790386322662,,False
6,E20,9.930482266038554,86.84138466419304,-0.0063866232589420355,0.9366688668545449,,False
6,E21,70.11066381716736,539.2416177210788,-0.19403291769688502,0.9937516358616443,,False
6,E22,45.13853527086257,358.2381296273502,-0.16639930034466652,0.9935050073898817,,False
6,E23,24.910649604100954,203.8147640479346,-0.13746443340714717,0.9667034298170196,,False
6,E24,10.487418608213739,90.90302184948187,0.011101098521548293,0.9276847995171913,,False
6,E25,88.75561309848027,677.9905832277753,-0.1811035230869284,0.9813424014573755,,False
6,E26,27.791337046725346,241.14003851870743,-0.12881597488754676,0.9095828722444157,,False
6,E27,11.816483275638051,103.60207122849737,0.014741012122297023,0.8742896210383968,,False
6,E28,6.644072352227331,59.16977992326058,0.18330723208190938,0.8701148722652055,,False
6,E29,6.418068548213977,57.930206793353705,0.19847885389523218,0.8596004299411926,,False
6,E30,5.665309845074072,51.48614581014442,0.2385380057377901,0.8115877407350662,,False
6,E31,1.4248196122332804,14.597976993213738,-0.1777080240052643,-0.13445843040638517,neighbor_correlation,True
6,E32,20.412388637274677,294.7616934816531,-0.008796801582262927,0.5564958594762923,,False
6,E33,11.126946977144963,104.33942249851052,0.12753010366153186,0.7237319243061131,,False
6,E34,6.997754740556829,59.497481246669125,0.25925594413911696,0.7713621479524138,,False
6,E35,5.229993618787426,46.59568586689206,0.29512508136235627,0.8370317743953556,,False
6,E36,4.688824087573842,47.71113500110634,0.3145066861789903,0.7843588744193437,,False
6,E37,1.9228524295222804,24.997327505718147,-0.07900672969609593,0.049082541767417755,neighbor_correlation,True
6,E38,29.79828912112513,312.3875177018513,0.2595111004977051,0.3451173100044827,,False
6,E39,34.82413281274557,397.780106731022,0.1220168564893282,0.11884871006759558,neighbor_correlation,True
6,E40,7.564166881797826,88.19314187820072,0.2815552428087044,0.6845570456616746,,False
6,E41,4.840489086766757,43.377375171113556,0.34897363942707865,0.7387654158778525,,False
6,E42,3.287399789015365,28.13833558552773,0.3693130975797092,0.7575107972294273,,False
6,E43,13.970715773430697,158.54878371382767,0.2928308654571672,0.758336366048993,,False
6,E44,11.047131324143434,101.45191187745601,0.3368814079212879,0.6459831517870307,,False
6,E45,8.66165014134865,91.40407651365308,0.3593030828508475,0.7040071274482285,,False
6,E46,6.311535611237018,56.68204298890283,0.3764797142485246,0.7250287226944774,,False
6,E47,5.082403732931606,46.908831033051456,0.3726354372852212,0.7852179901239611,,False
6,E48,21.738500147643713,201.8299602502312,0.3281636258345725,0.7444513499324928,,False
6,E49,15.313506447307265,148.17464768772896,0.25777185721273166,0.7847980188480504,,False
6,E50,8.317810622310821,80.17265184703089,0.3750892233759825,0.7740354425084044,,False
6,E51,5.785743904098643,48.917324138001575,0.35571131388127025,0.7914252184622061,,False
6,E52,5.466315561574508,48.74338901492749,0.3833766905526993,0.7579573189512,,False
6,E53,3.433686094999834,27.160264380459793,0.29264792480737073,0.6060871385159687,,False
6,E54,4.017451418056287,32.280459102510925,0.27631916175591875,0.358240503624617,,False
6,E55,9.536729775534825,84.23024218671202,0.08149950865145655,0.14853891204305109,neighbor_correlation,True
6,E56,17.860017829934083,175.10969921704805,0.2903605953341072,0.7192655540150077,,False
6,E57,13.027497120371706,128.95814691616008,0.34580401601097865,0.7426631841740747,,False
6,E58,9.861413037021759,109.76912587697059,0.37300468964916855,0.7721313357465751,,False
6,E59,7.354995510173855,67.63786992276306,0.34205735384298575,0.7562483592551864,,False
6,E60,5.883187209462684,49.33909246659809,0.37298569991230285,0.6979549218407588,,False
6,E61,6.595204401475125,59.75153854777419,0.306480898438805,0.7487793214267084,,False
6,E62,31.581811598858426,293.8534352752255,0.021149526152793138,0.7615474864702207,,False
6,E63,20.364930789545916,313.7676996227196,0.10957313344495467,0.24845225334654863,,False
6,E64,11.068959867501826,114.89843129344993,0.39190669281690566,0.8236751371851865,,False
6,E65,11.089944120357279,117.25121156714394,0.340227196610012,0.7495795489206247,,False
6,E66,12.035578405464262,129.04699088640982,0.35619249330362446,0.6854650679372185,,False
6,E67,12.057928688324303,107.9761179190712,0.19264429835498656,0.893264147549713,,False
6,E68,24.410545526868876,308.6005692475466,0.3287216785564226,0.79435263624087,,False
6,E69,14.733733985159157,168.39058553890504,0.3762614210276368,0.8190059853531375,,False
6,E70,10.286207228876457,110.97506655380374,0.2450679994585925,0.5258714167827859,,False
6,E71,9.259080219110864,85.29835359418155,0.2545773623004138,0.7288435200259298,,False
6,E72,22.572946935409313,211.10219486216667,0.07169847497795184,0.7307945833622506,,False
6,E73,17.901509981335167,209.1834082510225,0.3799034463065974,0.8909169956430847,,False
6,E74,22.01059277823172,267.14567429063237,0.35822160018009896,0.7168436053795351,,False
6,E75,9.944847059138162,97.62992592373028,0.3559148562150543,0.6375206273943332,,False
6,E76,13.833616660954236,196.31156593888483,0.23058579682234626,0.4831433509225681,,False
6,E77,15.248063187280485,230.4993319086813,0.12651746281188034,0.39255544609170956,,False
6,E78,18.91094466100287,284.4155659256303,0.03619008343648483,0.03492124842971177,neighbor_correlation,True
6,E79,7.460775490167688,60.593549546143024,0.22566229511517882,0.4306490317198487,,False
6,E80,5.0549660385600355,45.30743471027772,0.27603025945787785,0.5256930461764169,,False
6,E81,14.665495194116588,155.65996129914748,0.37640330600526806,0.8449053885245698,,False
6,E82,11.571782833014193,117.09506782436276,0.22097032674216102,0.683348763974158,,False
6,E83,9.078307009888627,91.87193141093877,0.4058311677141397,0.854341100277016,,False
6,E84,7.776999503672866,69.28079161027358,0.3761496354379791,0.8176662233366802,,False
6,E85,7.517770525381606,65.96193408476219,0.3926869298574286,0.7009948981068028,,False
6,E86,6.164639883219157,59.15154567425149,0.4085278122209286,0.6830241779327793,,False
6,E87,4.863109903794356,40.878161679000755,0.3018957345462414,0.6723474147692261,,False
6,E88,19.376009868090023,221.65002604946574,0.3816021895578908,0.9074408387931254,,False
6,E89,13.65843010045225,162.32426651610328,0.39512890885566015,0.8415787738884541,,False
6,E90,9.411833142605035,88.91335242930558,0.3832908364982558,0.860962884572686,,False
6,E91,9.034766876965934,88.74318051514567,0.3233549293844576,0.7069222740193624,,False
6,E92,6.922534131950207,73.09434422832359,0.38855466401790545,0.7425971221299832,,False
6,E93,7.079657970652249,70.20301411298767,0.3950263317292401,0.7635880085340687,,False
6,E94,18.160150400296033,231.03073830692028,0.37731575655503985,0.8148426363894066,,False
6,E95,12.599015987020667,124.21766007093137,0.37890104537438385,0.7819647395821938,,False
6,E96,9.048206066763179,76.3823213580566,0.37343873463563376,0.7669432776057654,,False
6,E97,7.644712772891645,70.17858928328909,0.42055448320743544,0.7599057810824696,,False
6,E98,7.219869226457145,72.59094539724438,0.3851599869652025,0.7565832772345563,,False
6,E99,24.73174845525339,277.7030761619608,0.10766983406986408,0.30418474802019746,,False
6,E100,42.64399154159758,471.1481056625561,0.1706762876365754,0.2780541013171212,,False
6,E101,9.26379983560034,87.84924536759064,0.4242302601735741,0.8107660146777709,,False
6,E102,8.752468414938331,80.03704643489533,0.3750664852392049,0.7217517163186449,,False
6,E103,6.400317604154459,58.150756643142955,0.3727842618388561,0.7654907258409869,,False
6,E104,6.368705919926579,52.789789164941396,0.3725419225841692,0.7306145887293358,,False
6,E105,5.657619565328364,43.18719929913601,0.3234921268153053,0.7724560668867798,,False
6,E106,5.823950291528512,52.504219174472034,0.2334373691843843,0.7204750391508066,,False
6,E107,24.165919747933128,270.5535909581547,0.23706566046280758,0.5199408416383884,,False
6,E108,10.351651001630595,113.08572825743828,0.37916890827404565,0.7428249814123558,,False
6,E109,10.818836071257738,224.02504776014374,0.20580545599091976,0.5305780672280065,,False
6,E110,8.143122190978081,76.09694693081352,0.30551121458811376,0.7136932890494738,,False
6,E111,6.508062161046395,48.87621996735467,0.2859505294449764,0.8573083088847564,,False
6,E112,7.944765951823604,71.91879035217721,0.09971811289754988,0.8893854936640828,,False
6,E113,14.856394959380475,157.63787957811482,0.36037067403235423,0.6557779918194995,,False
6,E114,12.213142373375776,108.79706288927605,0.3571503502960237,0.6193373227411438,,False
6,E115,8.806066601248189,88.94166274213276,0.3796653089922368,0.7098493632777352,,False
6,E116,8.259832648030214,77.24702745730048,0.28014945001970815,0.7450296212380597,,False
6,E117,9.256075814676674,79.1559102590324,0.1424581241692857,0.8844445751935295,,False
6,E118,10.290769561374042,90.04726914772664,0.016774833321177674,0.9375947143701047,,False
6,E119,18.390186787393027,181.85631293399402,0.2444418565475422,0.7998603845265619,,False
6,E120,15.551397955178322,147.2114773785265,0.2894557054800792,0.3939434266320556,,False
6,E121,65.45911304112124,792.8307159954338,-0.14976848562986267,-0.0992251818078084,neighbor_correlation,True
6,E122,12.261174226078769,105.23020102996058,0.24738963899130173,0.704819596571066,,False
6,E123,17.33148686913719,155.40784075987727,0.0004464239637401134,0.8981303258226734,,False
6,E124,10.924839021989957,96.30691645163206,0.009805969830228339,0.9306801946787184,,False
6,E125,88.0079933897353,799.8653295181102,0.07822098179324302,0.045469467018781774,neighbor_correlation,True
6,E126,24.90590180307528,261.0883636238316,0.1822504256242304,0.09961585592049302,neighbor_correlation,True
6,E127,21.219823787856875,249.44360818102976,0.22117512214809798,0.5000745124480689,,False
6,E128,14.870380998524526,147.44616624150655,0.29358336796121415,0.5615788171534322,,False
7,E1,44.3853744560932,551.990885214147,-0.04459218128920071,0.4846340749707892,,False
7,E2,36.5043508693482,314.08763231557407,-0.08595083636193483,0.92732620917689,,False
7,E3,28.277002321034892,230.20718191943007,-0.08826382606200427,0.9728754473357711,,False
7,E4,23.84837304796294,197.52821848029015,-0.07268516431443878,0.9315887207144181,,False
7,E5,17.060176616253578,147.56004646731853,-0.004918290826228388,0.9374162274780804,,False
7,E6,10.556653717565995,117.76644627326442,0.12906042255886543,0.8838434165850955,,False
7,E7,8.173439529781508,102.4410411783268,0.300244431298297,0.521775770820239,,False
7,E8,92.35022776730769,694.947434658832,-0.149364643206424,0.9775232092815289,,False
7,E9,47.75212750071993,351.88565213435356,-0.12872350614214403,0.9872911916082898,,False
7,E10,30.540110332057047,228.57458257394836,-0.09895591723118996,0.9799929383708812,,False
7,E11,30.439751409962827,253.61174598366188,-0.06467731903587415,0.9730728378709261,,False
7,E12,16.620509883290218,135.96165266405725,-0.036781468296483995,0.9414885360909249,,False
7,E13,8.692020637391586,83.37933781531362,0.10817284998482349,0.8246811841249837,,False
7,E14,59.16575554796081,429.5465732853783,-0.12546516496248614,0.9907063411252511,,False
7,E15,40.798613787027016,294.2614595313801,-0.10991601624982862,0.9865564159682481,,False
7,E16,34.30741791984631,285.7252295979562,-0.06804178111055856,0.9814391574791996,,False
7,E17,59.50111766943327,437.38688531835544,-0.13710775953427234,0.9904425190911836,,False
7,E18,30.981249807466394,254.0990186256592,-0.07744751392182578,0.9757217545366041,,False
7,E19,22.317788698471478,175.76978727044832,-0.09306235314867693,0.9444786220720217,,False
7,E20,10.308631026380068,92.67187519704224,0.05397912829479793,0.9172620898447494,,False
7,E21,69.00787237459996,514.2382998616611,-0.13164172779748748,0.9810997617126158,,False
7,E22,44.60068196899918,328.6061072949553,-0.1147140451108346,0.9766426862828967,,False
7,E23,24.67156373056009,217.31197069536242,-0.09553424390096625,0.9293088530401026,,False
7,E24,10.95271119261052,105.59775219957896,0.07869264255638253,0.8833944672522648,,False
7,E25,87.82278952780477,643.1747184565304,-0.13364448142821872,0.9614092279555453,,False
7,E26,28.52460983718146,249.23141146055266,-0.07736136600102096,0.8719247575796406,,False
7,E27,12.817504281355111,128.44531360585458,0.1167762898870186,0.793036071660705,,False
7,E28,7.042271887044058,69.44305875130182,0.2777058044787154,0.7852672959183873,,False
7,E29,6.9197064714887,67.82846063806603,0.2878459738770975,0.7774692282838642,,False
7,E30,8.578175936391471,106.66896039542253,0.17999223703884418,0.498394112512878,,False
7,E31,2.939725709512264,42.35664992899662,-0.08302682884661593,-0.06755601003988458,,False
7,E32,26.219290254090765,257.49256388504966,0.1776199035763484,0.5598014513604723,,False
7,E33,15.842707754123035,138.58007565820066,0.23623841093649436,0.5848742760057776,,False
7,E34,9.68050987689363,123.6090614001875,0.3174975139770856,0.7610773376187655,,False
7,E35,6.616479070165407,71.12940274367632,0.34160839802889315,0.7882640045785048,,False
7,E36,8.247152667900004,101.34440015347684,0.1685403723077085,0.7094047749985384,,False
7,E37,2.4777160504306868,31.454426447703824,-0.10276208190469535,-0.028231912478042444,,False
7,E38,32.856727903624154,389.9216516585194,0.28566248089298973,0.5400902750579422,,False
7,E39,20.227607356282782,211.37490549234735,0.12911930808602184,0.4763459786247425,,False
7,E40,8.475891115669379,93.15371972094897,0.3136155204546741,0.7981568153232502,,False
7,E41,5.851953922747056,64.50937395049746,0.3280129806145619,0.7877451167809998,,False
7,E42,5.057114364700923,63.258033764222404,0.21852515396700115,0.7107287227088568,,False
7,E43,16.777223474683527,173.46419718880009,0.21127545944032677,0.7385872406252955,,False
7,E44,14.383963273530483,140.93930196037195,0.2678172855639224,0.7257537071862601,,False
7,E45,21.97833123555521,290.8419380135108,0.07655517385098642,0.4227086430018063,,False
7,E46,7.461719848546515,81.72858558140436,0.35691237258247105,0.8335568188969968,,False
7,E47,9.094662527489335,112.98616666873201,0.2294183525560615,0.46937090707157314,,False
7,E48,26.379033812655333,291.67741887205585,0.24762367444118574,0.7002420463160923,,False
7,E49,18.42824229341223,170.98040078261823,0.2946080424656466,0.787449451283339,,False
7,E50,9.690062166098294,98.22536966957912,0.3793628474263208,0.8004719495034016,,False
7,E51,6.690505336770627,63.66951816666281,0.3248964756664175,0.740434917310233,,False
7,E52,6.603761355978215,66.88251527891225,0.29941964875253624,0.5971524314034019,,False
7,E53,4.000008083003103,45.43825087564286,0.32836019904751557,0.519997276569522,,False
7,E54,4.295173960551458,50.384157236046164,0.3327667072743178,0.2041457005396316,,False
7,E55,9.831213392140025,117.2087681166985,0.0509465638064379,0.09506538633231389,,False
7,E56,17.94266491315575,188.12534480386222,0.28648109987928594,0.5442398166239258,,False
7,E57,14.627340510060028,168.22112385776964,0.3526432953751546,0.6592042904540982,,False
7,E58,12.802448642215172,149.9106988208858,0.30036144385694663,0.6989308368304463,,False
7,E59,10.421162210632081,145.76835948416957,0.24544762228395303,0.6703959321827162,,False
7,E60,10.538881012222353,153.1052352301283,0.1725912265622938,0.26574477278303205,,False
7,E61,8.214056925687922,110.34856921246619,0.2085606778822239,0.5960671946981553,,False
7,E62,34.88242843215096,545.2191759339555,-0.04043788463134701,0.6038481589362155,,False
7,E63,18.132931467380267,235.4384328149187,0.08988231028717884,0.6599505924238238,,False
7,E64,17.267579750959275,223.48469434088042,0.1844188937496701,0.7070288862050622,,False
7,E65,12.727377382385681,150.66597323130645,0.3334620346727706,0.7496354144405992,,False
7,E66,14.304971994821964,205.76438609090548,0.3081793871334816,0.6076289484918709,,False
7,E67,13.149347616394047,153.56528009003821,0.16021952478368032,0.7850181111860409,,False
7,E68,31.709754826531253,442.1871361882253,0.23712837849514692,0.8807140030999041,,False
7,E69,15.3372445214168,197.55124686737355,0.35529038180086414,0.7521810556043454,,False
7,E70,13.950611062885221,179.81222498732825,0.09810301149394751,0.4793964905251892,,False
7,E71,9.904050214895369,102.16598414793367,0.2081982117726866,0.6626383763894013,,False
7,E72,24.45532532841487,367.7594592122067,-0.017975599985605006,0.5416306713710861,,False
7,E73,18.933214516068205,224.42471499242671,0.34882024780901333,0.9106259651594912,,False
7,E74,23.20825688513511,315.3443322996445,0.33852671439546467,0.7157072024728319,,False
7,E75,12.260519072481179,156.22490974147158,0.24645545111105036,0.4132221024719611,,False
7,E76,17.606404441621706,318.6152908851385,0.23664856110549745,0.5123161457344565,,False
7,E77,18.79907107557232,349.58331785959115,0.14470064802025392,0.3008272514183559,,False
7,E78,22.913585039422767,416.68413779593465,0.06417745159585193,0.13584891361785112,,False
7,E79,7.643893498938532,78.29933242690227,0.21572027962612372,0.47775910776420927,,False
7,E80,6.003827322570476,56.912760183144435,0.2774822895158453,0.4846954950272917,,False
7,E81,17.388251941965024,212.23340301763378,0.3077649850375864,0.8961421403759319,,False
7,E82,12.644689711124647,119.25876502249366,0.019244612369880194,0.39181507172285507,,False
7,E83,10.05377103751839,101.66455697250444,0.35304567300469597,0.6533146599866224,,False
7,E84,11.708977952110162,144.2175136771475,0.13796458482490398,0.6185318804153781,,False
7,E85,7.960759367013022,68.37193500324157,0.3098209291235007,0.47742595679958916,,False
7,E86,7.4316719318375215,88.95990248452293,0.28210534876711224,0.6335997246549048,,False
7,E87,7.611511432888137,96.54114474393532,0.22091653644356507,0.5356557950374563,,False
7,E88,23.343343961082766,274.7344019439813,0.34467010145227334,0.9241365722786006,,False
7,E89,19.453539060123727,273.97282188983183,0.1916520191479031,0.8180094009341272,,False
7,E90,10.298518022138275,95.47479285282688,0.35846407864050833,0.809729536534459,,False
7,E91,13.319757977113692,167.21071839638725,0.19415856847130972,0.708966796594257,,False
7,E92,21.77799196367653,280.2752151086579,0.10217861052195666,0.4965305940762118,,False
7,E93,9.857553466515723,127.94810754107361,0.20158067828256782,0.22927431864051295,,False
7,E94,23.631176379437896,291.90784157566674,0.2719035388877028,0.8687230432831404,,False
7,E95,13.851610089293672,153.17590669964358,0.3676317764336719,0.8056384196616962,,False
7,E96,10.612190615832944,122.14762100870487,0.17864431307767076,0.32667674782256145,,False
7,E97,9.0432951740856,101.89291374826777,0.30510848029901305,0.7501890871563139,,False
7,E98,7.64497223259552,78.96564592761166,0.35570031127941143,0.563974087461303,,False
7,E99,25.010040602729728,277.62275265857295,0.17378295195238774,0.4851120202943878,,False
7,E100,44.527534888780856,368.2244543299082,0.20386329214688426,0.32523080311163843,,False
7,E101,11.71330163047018,130.4204124828005,0.2842935369472733,0.42845986114759305,,False
7,E102,10.862739923424968,115.8872998566813,0.22356867649275708,0.674496430065158,,False
7,E103,8.692937890190205,94.07294128071786,0.2826659235679766,0.6127162531053174,,False
7,E104,8.38500146966363,95.20286481367592,0.29984685631421043,0.7254302114304281,,False
7,E105,6.797611450865262,70.79867971502286,0.3277278632985556,0.507762929875162,,False
7,E106,6.252167035836271,60.091272461512844,0.2683017889165914,0.680321200217267,,False
7,E107,32.81148511467223,321.78813597335886,-0.06360025216579641,0.12934571800296535,,False
7,E108,17.710784247284646,231.44706754325745,0.03994424313939972,0.1974257392344839,,False
7,E109,53.98940763520348,748.8128384747446,0.15955931594319772,0.19872535536960567,,False
7,E110,10.462253996450878,109.78579298680509,0.28516466350528236,0.6185827243466779,,False
7,E111,9.677515553935255,123.09887890799556,0.3009459625865465,0.8399298279293776,,False
7,E112,9.849301565539086,118.63349741103582,0.14513033656157684,0.8972750554043103,,False
7,E113,16.765844418803905,185.63686662608174,0.3612730214333299,0.5680770756643747,,False
7,E114,14.268693742638792,147.4667248974499,0.21934064364992542,0.6445621578963995,,False
7,E115,10.136160226729146,75.44144613114901,0.30262365714388323,0.6188482014602532,,False
7,E116,10.283133298904701,96.51803284226511,0.22440894954585253,0.7312345032385916,,False
7,E117,11.487331550208152,123.89027492064582,0.1586303202894037,0.8893410260557659,,False
7,E118,11.705411321490457,117.73186374742377,0.0714893663084174,0.9342642009124669,,False
7,E119,22.115891783419713,278.1303709872996,0.17032575817093554,0.7343493473229119,,False
7,E120,19.518314168274124,189.6091395013645,0.22428725855538095,0.5244088700492826,,False
7,E121,75.21350128495914,840.0763827055018,-0.12720822708101484,-0.010808877795520635,,False
7,E122,14.558511919993693,132.32004997472012,0.1694503940921372,0.7233641259850048,,False
7,E123,19.69729462262499,189.9572676746165,0.039376533532956524,0.8587302722662696,,False
7,E124,12.129883425321585,117.29630847740155,0.04702880617838328,0.8989527146701828,,False
7,E125,134.23329255527634,1465.6372576994172,0.11019056635146307,0.23772462563816132,,False
7,E126,33.080393423998274,565.1767512149978,0.12070384396028738,0.1357983792000337,,False
7,E127,35.71536867112831,587.8252875040396,0.13670790528949428,0.45894540637789294,,False
7,E128,19.171748506395787,185.96776940787828,0.20819821177268658,0.5742533670796472,,False
8,E1,42.37238809563652,667.724793743137,0.06633183946393438,0.5025144117738671,,False
8,E2,28.536878521003157,361.3341572696774,0.05799106813667846,0.9321785776278171,,False
8,E3,22.928227990825054,282.77402538808474,0.08841601049620129,0.960302330800792,,False
8,E4,19.480786306807484,241.71918159013154,0.1077133978994989,0.9178430641539133,,False
8,E5,15.769717327958707,242.0817486065559,0.3128553985966708,0.9127688106641995,,False
8,E6,12.029023449594852,182.95728632824284,0.47039892652623905,0.8710605011177707,,False
8,E7,10.700150659027193,157.7072842588758,0.4175223316616187,0.6305416137698925,,False
8,E8,68.83034667289338,776.0373145407117,-0.04424918625130157,0.9600092926446088,,False
8,E9,37.351869213708746,416.277254953254,0.013583061203303118,0.9751321960884424,,False
8,E10,25.031124683843704,305.66749980684824,0.1130709830472801,0.9760063534586,,False
8,E11,24.872391273225226,366.33949311554403,0.1740288081118723,0.9462988655207758,,False
8,E12,15.480371358344291,204.8301356348458,0.2525005577631488,0.9222130571842421,,False
8,E13,9.796255053775969,131.01844504571795,0.3540421265553563,0.8163062819730803,,False
8,E14,45.99379213138293,480.6028518375342,-0.01692352732848355,0.9773401008601349,,False
8,E15,32.95624916587001,421.21683840662365,0.09937935257766638,0.969592008014061,,False
8,E16,28.77167206201495,445.38729841192117,0.2033980466616784,0.9383763064682566,,False
8,E17,46.33017884996673,491.9894953346621,-0.0036911284805865256,0.9784682723082387,,False
8,E18,28.98365357412517,336.5127441407294,0.14994199001001232,0.8257803056107083,,False
8,E19,19.477093788804464,233.8201470373727,0.13200743103673349,0.9052550409121433,,False
8,E20,11.340363358076777,149.2337355903489,0.4046560456703253,0.8812674296332563,,False
8,E21,54.83763658039082,564.9831671654473,-0.03736168708756158,0.9623997666891979,,False
8,E22,35.66632982238973,399.49729306435114,0.0313822430352014,0.9645175591575681,,False
8,E23,21.04391395641889,253.04106558090035,0.058365166352515666,0.8384798861057015,,False
8,E24,11.771877149292306,155.56670083629132,0.40036524334502493,0.8587701468309148,,False
8,E25,70.63885680413175,760.6772747429477,-0.02213896198999211,0.9475877951148477,,False
8,E26,25.72469042370854,261.9971793274607,0.07379084491938334,0.7215840485382895,,False
8,E27,14.0834307684846,194.2045712998024,0.3929917468863084,0.7519951955504796,,False
8,E28,9.200248564365856,125.558160160927,0.4434436882665916,0.8238326648719347,,False
8,E29,9.073424558214048,123.85273975353256,0.41237577902728206,0.8711389667225977,,False
8,E30,9.81220872257061,137.95613612659338,0.2790616316598339,0.5099522079847914,,False
8,E31,3.3979895267844302,66.64666103225699,0.05959617380503274,0.16939177474982647,,False
8,E32,27.640099800609512,308.44199747183234,0.3755559623595771,0.5100253435640631,,False
8,E33,20.852890451407767,231.31135795273732,0.18220999678699593,0.4441828663292874,,False
8,E34,12.248213761696226,167.44130468856005,0.4292223416869055,0.7844850280895279,,False
8,E35,9.676711673158959,128.9183695142475,0.41684999657814525,0.7714836257567487,,False
8,E36,9.052060421092053,125.59532267650329,0.26726539057409315,0.4935408921592437,,False
8,E37,4.946282902682541,78.37448707439233,0.1836443988710642,0.5536845894974647,,False
8,E38,34.91447912241632,515.393197095611,0.023063697217741208,0.05472946606537528,,False
8,E39,26.81940398858781,419.5191055912679,-0.029921951298789363,-0.03479254799294532,,False
8,E40,11.515122316749801,132.90331948606766,0.3955515365435797,0.7353009106318935,,False
8,E41,8.839227683509563,139.73280840843094,0.4142787978509165,0.8285484023541324,,False
8,E42,6.111405514830473,99.12128753447978,0.32208601516942664,0.7667875584142867,,False
8,E43,28.77023456634125,357.2683475606432,0.3322019328021073,0.6029287110776573,,False
8,E44,16.435866402737144,231.48578049794042,0.3860499935333349,0.412825334915473,,False
8,E45,32.18048504836088,465.7699271001478,0.06301760487685647,0.1377780204951371,,False
8,E46,10.15753920831471,130.53056156964806,0.46083087924961624,0.7816079181744662,,False
8,E47,12.878239050056617,180.92426362624056,0.31930702577660164,0.7526124065851343,,False
8,E48,35.910033282939416,647.4875471794502,0.2521619398170036,0.5376666420762226,,False
8,E49,26.2952931489487,353.2526015792937,0.3209727337463757,0.5359978529044932,,False
8,E50,10.28497549584906,125.1567609013207,0.31475989895868134,0.6470480720918625,,False
8,E51,8.431743107146893,104.09567931538086,0.24974131801361193,0.6854867899945289,,False
8,E52,7.92458230589734,103.51090966981226,0.19742694834813837,0.5354648686792126,,False
8,E53,5.920714925301453,98.02878448890306,0.33624198337079336,0.6378893423811478,,False
8,E54,6.508669681263672,82.6700619624292,0.3501653983013442,0.4503252270409597,,False
8,E55,19.78468504321267,358.57723100594455,0.035647454712980815,-0.06253915867267071,,False
8,E56,66.76400926642813,1049.4837449766487,0.2443624226215994,0.4120057948233846,,False
8,E57,29.568748273388536,628.0917345814296,-0.17018201985172404,0.14906041775246287,,False
8,E58,14.7884613879441,199.87922391285096,0.3899073051322716,0.6368301309233327,,False
8,E59,12.339205986233345,171.4194451371118,0.38915435971467005,0.655883149658503,,False
8,E60,9.553855500870483,150.03558991984625,0.231039807447961,0.48255147159334516,,False
8,E61,11.89791879532296,216.32860137605766,0.19556000635739335,0.6900897591225377,,False
8,E62,70.54023073501558,1204.0346805782672,-0.025058600092852167,0.7664255218059224,,False
8,E63,119.89540057270142,1720.4195430692141,-0.11811287050798677,-0.33610690057687986,neighbor_correlation,True
8,E64,14.215491800528898,170.66684147310173,0.28891635308720504,0.55561242859187,,False
8,E65,20.188665639581632,259.4352393094795,0.36276351783589333,0.6451719864088856,,False
8,E66,22.675842107488418,264.69269853454546,0.07054018966795299,0.37624497225939113,,False
8,E67,25.77012507327354,415.7407549785309,-0.06693978821604048,0.7349312606617867,,False
8,E68,59.84436499109593,745.9973979587438,0.17613917346413638,0.833053647545039,,False
8,E69,52.04656029295271,927.1020821531391,0.30405977323657285,0.7630399883387715,,False
8,E70,12.390198181872519,183.5473727115034,0.03261073534976934,0.17250098393387625,,False
8,E71,13.97362054041908,240.2389949019143,0.0895308284795633,0.41816055831482113,,False
8,E72,47.0594782922834,815.1601544208702,0.00999472923136605,0.5735505197381792,,False
8,E73,39.117423993123936,594.2595100320257,0.285044918387012,0.9259639586002004,,False
8,E74,51.45780416393056,705.4815654083643,0.26520151856824214,0.6232149732776024,,False
8,E75,14.290275912967102,211.31263672918914,0.35089173922603023,0.3544257115215981,,False
8,E76,14.216822294409106,238.67878439189025,0.419557432802554,0.6061692887894417,,False
8,E77,14.134841458367948,276.62576105166664,0.42853883577907126,0.5070476567588922,,False
8,E78,21.941385117487012,554.1886868584289,0.3172856659061575,0.41004395801745086,,False
8,E79,13.65003241780133,240.97921401370053,0.172516575487376,0.4203205435538891,,False
8,E80,7.810969163651904,96.08594397843785,0.37879128519001903,0.6351794880008506,,False
8,E81,30.32684316166925,409.20203453797467,0.27967714820666423,0.9282790568966908,,False
8,E82,32.94216332039559,411.99135270519577,0.1935361662199042,0.32567100957145434,,False
8,E83,12.202772702754572,157.74619078210827,0.36909374108695386,0.7249513189094445,,False
8,E84,12.822737890530682,192.96872569058218,0.3157673348202653,0.5882234962884252,,False
8,E85,8.809491743784694,108.02684295893539,0.3223326436122883,0.5263358893746317,,False
8,E86,10.815351007052104,173.04476306962556,0.48009476607349416,0.6185441004873395,,False
8,E87,8.470479507934247,113.34894796023185,0.3630745861112813,0.6826836946821306,,False
8,E88,44.98885525881939,529.5807867107724,0.23325653302767343,0.9294133137413774,,False
8,E89,26.786758771583695,353.91713914691087,0.19869312908250086,0.5944990217724775,,False
8,E90,12.521761796024988,146.15668340344013,0.3468272233996818,0.7622411554891867,,False
8,E91,15.640142047568498,234.30131868080966,0.3497411763564496,0.6979841878447851,,False
8,E92,23.045273672242853,382.159205775009,0.28315035883723033,0.5256231797895975,,False
8,E93,11.143170315771556,163.751715016746,0.14565624781535338,0.2315468689854988,,False
8,E94,43.550242351926585,711.3878842040634,-0.14529224325201479,-0.2588838319836445,neighbor_correlation,True
8,E95,14.160673138728011,153.57250905014672,0.3582582446828863,0.7014296223317897,,False
8,E96,11.233990778268685,128.36222869510885,0.24617840138239908,0.5326834336209725,,False
8,E97,11.533794635533523,186.89820949382786,0.42275350804686795,0.8266069447527384,,False
8,E98,9.626469495779178,108.18825895645584,0.3745991141709588,0.6397613932900206,,False
8,E99,36.10147150577823,701.7851496428788,-0.20902919155244754,0.33122809397708886,,False
8,E100,17.843807000949695,213.7525030474334,0.07093212727991492,0.5714045704841879,,False
8,E101,15.87377665131914,260.081792135651,0.4214362197841111,0.4389827471084824,,False
8,E102,15.31687684062966,275.4569024021395,0.3875228651765017,0.6988113274277916,,False
8,E103,11.399928701593753,193.77962528295805,0.4536120421279734,0.6883300920660145,,False
8,E104,11.427347178483723,203.59180804940243,0.453472027985187,0.7400857877340523,,False
8,E105,8.051247522178615,105.16674747298666,0.4214362197841111,0.6499665367975911,,False
8,E106,8.156670152388083,104.04302222436357,0.34365023486879354,0.5997991419421806,,False
8,E107,40.674548808284285,568.1063676292547,0.29026435633310055,0.40522877106507493,,False
8,E108,17.425224304803272,257.828366184199,0.03529413708086358,0.5228685586965647,,False
8,E109,10.581343855799577,114.30887953246301,0.39305519460688587,0.6981186150648864,,False
8,E110,10.375582237238925,117.90996199572368,0.3843927244521754,0.630859643242854,,False
8,E111,11.111967494837513,173.94139716583624,0.4722164381462893,0.9138496030941629,,False
8,E112,12.255674619578848,214.65052814647612,0.4981017838160237,0.8977685966963472,,False
8,E113,17.316466202815118,205.6567433444718,0.335516670027945,0.6720189990585611,,False
8,E114,17.41296451648299,272.0277171193188,0.3875556634114905,0.5111393424843172,,False
8,E115,11.406989540243224,130.16712704523118,0.4072491708576859,0.7301380834093805,,False
8,E116,12.59317849920407,215.05939067225282,0.4278633428099166,0.7234174006053145,,False
8,E117,13.16640403107819,227.1607195123721,0.4789409234532789,0.903467235691533,,False
8,E118,12.14644102160655,206.91065657613126,0.4084556708166649,0.9238253252369719,,False
8,E119,22.456755716610886,332.6421338044395,0.25172488121802145,0.5882940694349712,,False
8,E120,26.767374986354803,285.5408182391039,0.12397420997802344,0.22178731651309297,,False
8,E121,29.894200422339914,314.85341349599935,0.1436377545510882,0.3380063924102412,,False
8,E122,13.871055167402133,187.90732820491894,0.2620533583513866,0.7342812962346388,,False
8,E123,17.045674426484894,272.16296555403426,0.29206777094083963,0.830439242307922,,False
8,E124,12.140836007653894,195.68800833891396,0.35861316677162747,0.8781074940892235,,False
8,E125,43.456595764215265,401.8158814140106,0.033848996956426555,0.12431804348809669,,False
8,E126,25.73578563738536,270.5050186188077,0.10765490766315121,0.3177293065824276,,False
8,E127,23.185616929404244,278.18860985501067,0.2417571656897242,0.32108410986813307,,False
8,E128,46.724210017842175,492.0270833069806,0.1867064354994406,0.3268500599234129,,False
9,E1,62.602302487070304,735.0687804190666,0.15161178944098544,0.4903959194949825,,False
9,E2,34.92375392410327,349.70237380078584,0.12165487786168752,0.8880564282066065,,False
9,E3,26.900875509384043,257.91725075895664,0.11018161650785946,0.9361486781701895,,False
9,E4,22.632238358108864,220.2282465537176,0.11761887861049454,0.9632146054252029,,False
9,E5,15.743504100240285,142.66818453903977,0.14770648235413492,0.9148207238180501,,False
9,E6,10.90438729720076,100.01444799394967,0.2565785397136491,0.8935413996793458,,False
9,E7,8.782819718608746,97.12874345997258,0.36849806742723956,0.7148929182479766,,False
9,E8,84.47959141585379,917.1219664646266,-0.005609143620982358,0.9137202278231166,,False
9,E9,45.56201783695384,489.00258359996604,0.01787086943064916,0.9643541110855158,,False
9,E10,29.282503120469872,296.66758818840356,0.08744841296365832,0.9777735121338424,,False
9,E11,28.006915769086717,290.01443565084645,0.08181187291034325,0.9671684044838618,,False
9,E12,16.880565481856923,159.89027637226275,0.12827580055554944,0.9229884126317546,,False
9,E13,10.302695157235524,100.97008028055514,0.2782900807651065,0.901202836422184,,False
9,E14,54.84880479489091,523.4022062032586,-0.025181406312178405,0.9623226560034384,,False
9,E15,39.539690669692185,396.38404373190076,0.03320924175168717,0.9718757372544977,,False
9,E16,32.45854641549941,339.65960953154723,0.08162529000504236,0.9697062262182836,,False
9,E17,59.87689015275817,614.6176474427405,-0.012195313964636252,0.9548354833905469,,False
9,E18,28.372435217078863,264.70426050262677,0.03267419545292025,0.9734276207911281,,False
9,E19,22.345574732475047,203.5007654831763,0.08205160169885492,0.956773997618569,,False
9,E20,11.775358635097305,115.67391901935498,0.22733722355593758,0.9152282480553249,,False
9,E21,64.7702152129345,568.9520382128574,-0.03250251568910904,0.9647970701798898,,False
9,E22,42.81931830570112,386.01353034822375,0.003698184885417794,0.9726332137523426,,False
9,E23,24.758959642895515,223.85054035990424,0.07351486740907498,0.9552521962727676,,False
9,E24,12.462832382247603,119.16570724386935,0.21270948636315762,0.9055191156443709,,False
9,E25,85.11794232560477,808.3174155843471,-0.05748151629294826,0.9395915454748498,,False
9,E26,29.308116422907695,296.25280380934555,0.054847087939408866,0.9002384588659071,,False
9,E27,14.2418546683256,130.769355412797,0.16761073137977256,0.8740795926213621,,False
9,E28,8.93955775527753,86.27244682629102,0.3383718865652416,0.9011533610133741,,False
9,E29,8.76491674874417,87.74462621787426,0.33890897944620585,0.9153405560423493,,False
9,E30,8.315947557147954,88.40793548426386,0.3765525439740915,0.8349163681252143,,False
9,E31,2.6491635038701316,30.034639503445163,-0.019201232285266892,0.05698369171607159,,False
9,E32,41.43385983174204,517.186075095969,0.14456393102823237,0.47720947792807655,,False
9,E33,21.46594229490457,247.40254344094814,0.1381188784003074,0.5408276637014191,,False
9,E34,12.475823237889534,137.28638179305443,0.23252460478178977,0.7548793622115377,,False
9,E35,9.432049336109946,109.39869464348516,0.3514850586999824,0.8406698611434823,,False
9,E36,9.064224554915745,105.45844314010667,0.35327826549711366,0.7412581871660988,,False
9,E37,4.433708729862659,53.42728038095203,0.20436321965383086,0.5342604275353633,,False
9,E38,43.248297535582026,406.037603924727,0.0918278796201188,0.12250824578209518,,False
9,E39,48.839407378812766,406.3711408662106,0.12004163534827882,0.1653457467540861,,False
9,E40,14.483669507927502,163.07267234930936,0.262612696547749,0.622681593764195,,False
9,E41,9.075668898788424,129.81831425243846,0.2006997557771302,0.6937828068347297,,False
9,E42,7.188662430222913,94.60893978049532,0.12881924240569034,0.6221859840673367,,False
9,E43,19.922359618460924,218.9889348309918,0.20056129141128407,0.2928032001939187,,False
9,E44,28.965121576365373,342.3560483252969,0.07618449268568947,0.20220589929243282,,False
9,E45,17.368981974059015,259.84986982046695,0.1531088386507118,0.3406686897782759,,False
9,E46,11.108100594721071,191.26521141310272,0.2384531515829952,0.7257635712272309,,False
9,E47,9.556261202401073,152.1202288154002,0.23968636149939287,0.8027226964674967,,False
9,E48,29.831128242147226,356.17673573810885,0.12191057214847152,0.24694794362338326,,False
9,E49,29.378353354370944,411.3277823414143,0.14235570462652455,0.4364314110697364,,False
9,E50,13.372452462780913,198.71734646369293,0.24751423623109156,0.5212592334985722,,False
9,E51,11.951947350663804,204.19894588320747,0.17775564664750682,0.8358290554896246,,False
9,E52,9.359100130056516,106.21286974817963,0.21633646647726515,0.695689763598063,,False
9,E53,6.596275928305338,80.48350884467155,0.1613807291274476,0.619144323381738,,False
9,E54,7.993658348109555,103.14632187097578,0.15344665800219565,0.3777235993416719,,False
9,E55,15.70855543733569,190.89994004600612,-0.06611517077259038,0.0025601301350709916,,False
9,E56,39.38009365008179,564.7392298372431,0.10380202786761336,0.18941549855455359,,False
9,E57,38.06655162175777,364.99039696968134,0.06493952417112223,0.22453881761124772,,False
9,E58,21.768670736386586,376.910371987516,0.16715762627240255,0.42079757906584814,,False
9,E59,10.466998952198058,151.67111710644554,0.28605047239753745,0.4342337972397591,,False
9,E60,8.932367300568849,112.8116906472932,0.2052124774644567,0.6064168105408717,,False
9,E61,9.626024088448013,105.84213215046142,0.15284332383230603,0.5695056993895726,,False
9,E62,54.14867548084044,874.656969324262,-0.15732189878195643,0.6112253545060444,,False
9,E63,164.96714178959036,1538.0393792835937,0.06946544308856686,-0.07990622594013148,,False
9,E64,15.619164760597204,200.55587470782905,0.27625554547091163,0.5767757717226446,,False
9,E65,20.09522183058741,345.34788225733803,0.1897920296931305,0.6879537428610902,,False
9,E66,22.888668140253234,253.0843043470857,0.028134894654956406,0.3184643407137472,,False
9,E67,22.22596976930295,304.57256874820484,-0.05115872559074627,0.7218879076882332,,False
9,E68,43.51095068796332,464.25987912439035,0.16651066582846338,0.4053836304508307,,False
9,E69,18.24600435147365,318.20999083012003,0.1405519293407225,0.5862152309608545,,False
9,E70,15.570428380380168,212.88858884392226,0.23633500296456164,0.5925671233269747,,False
9,E71,11.883337916841091,125.09780268991508,0.10854202182731044,0.5279075359235939,,False
9,E72,35.387189786293725,552.5046120486755,-0.11124120674091059,0.5448239152115711,,False
9,E73,26.933578011236058,364.58939154597147,0.18478058281827567,0.5113807543662149,,False
9,E74,24.72435125414934,278.15612575402315,0.14964992482532627,0.44357619850111085,,False
9,E75,13.331980608581045,187.75283856485117,0.24740710336836869,0.5823574579203601,,False
9,E76,10.969950529965995,140.5098873588404,0.31412749949632485,0.6665274050757762,,False
9,E77,10.972451133615328,143.74655358756434,0.3212713565272852,0.6816443259467706,,False
9,E78,10.416162652734617,125.6436735288818,0.33092900067193776,0.45079181469482416,,False
9,E79,11.401926260963508,164.74691452923594,0.03706011740000512,0.3542087093398478,,False
9,E80,7.643644635520375,84.74085451297012,0.27039951367090087,0.5604122639773644,,False
9,E81,17.889510934278995,199.88458311823996,0.18729668450345757,0.5647044154559933,,False
9,E82,31.096507882740717,306.4444490644556,-0.031406625028078554,0.062111433818967034,,False
9,E83,14.257622809803706,197.7926250161195,0.232158961797981,0.706549139836002,,False
9,E84,11.837513842386224,138.07362872667488,0.27100878024117997,0.7424221736065386,,False
9,E85,11.140916266062371,129.91746546939646,0.3014281231451303,0.7960924210883944,,False
9,E86,8.882281669796082,95.9448721833602,0.38147982129970454,0.7391045714093216,,False
9,E87,8.260074089153106,83.8656973948282,0.29168954915461626,0.63336185519176,,False
9,E88,33.68326433421133,324.30178157609237,0.07077503957937951,0.5627884193471534,,False
9,E89,17.429235122152022,213.71425830122237,0.21223014397127185,0.46558947970823356,,False
9,E90,28.371887827739187,439.62187592040283,0.077584037421134,0.4649934314779352,,False
9,E91,12.706858506601508,159.32384117935095,0.2984182304752256,0.7447425532933509,,False
9,E92,11.32969323070566,137.0691114032087,0.3212479577018343,0.7580701676066298,,False
9,E93,12.5695813036528,173.08483526501902,0.21475757081047817,0.6804451297808731,,False
9,E94,39.68101084786683,420.37165064710655,0.10892078677654402,0.24867389374369048,,False
9,E95,17.46286913983817,230.75326728409973,0.2791271755233721,0.4613568917204753,,False
9,E96,25.78137504362934,536.2494816990819,0.14418392098729374,0.2735330173580136,,False
9,E97,13.004697836603246,211.96763647367067,0.24972811645114984,0.6364140918759007,,False
9,E98,12.870648598521397,180.98066846132156,0.20134222354699707,0.6083136298839075,,False
9,E99,29.251806557623212,385.28238973174507,0.25769295893701494,0.28215199397537927,,False
9,E100,64.52833523939246,704.7039776406745,-0.07213248848757962,-0.08043747200994614,,False
9,E101,24.388367378897343,367.71431874250834,0.3100561366536534,0.4818540833587619,,False
9,E102,20.543285988521546,265.0777572406907,0.22705219503137955,0.5730042460411766,,False
9,E103,11.126991177212918,132.47811254705232,0.32109284783200076,0.702747090236558,,False
9,E104,10.254388191078199,119.05261225155925,0.3106808001320801,0.7900938531976239,,False
9,E105,9.845296557175098,110.16755846854508,0.38562900802434846,0.8466214411104498,,False
9,E106,9.896057617911042,120.06621915211088,0.37237937373887187,0.680890540490587,,False
9,E107,49.44819676787605,549.8312618229841,0.0015072509651000412,0.04980553917120175,,False
9,E108,51.2511817471293,574.6050440755986,0.11972057423149784,0.2279926368877991,,False
9,E109,15.759775398294668,161.987331526107,0.15943169514763697,0.643351327225363,,False
9,E110,13.035657531834,131.75617723043018,0.23044795640182597,0.7757704817178441,,False
9,E111,10.209733262487427,110.39138655173107,0.37428558801116907,0.8885055342916934,,False
9,E112,10.449631423435592,102.93949598402267,0.34087530861468074,0.8923085906101591,,False
9,E113,21.358436086702643,237.6467809668369,0.2222427512830594,0.3766005263659218,,False
9,E114,30.497539052474984,284.66020597350723,0.24261057096691468,0.43041257122421406,,False
9,E115,24.679872438373305,263.1836671003658,0.1816861999644428,0.40951497549913224,,False
9,E116,14.934846539895418,158.9631217214038,0.2863312477671735,0.7337050197725439,,False
9,E117,13.818818934991787,113.15447821064664,0.31090580237284565,0.8104217992840055,,False
9,E118,12.851214018170818,124.63064236084276,0.2744965136589909,0.8860823504227788,,False
9,E119,28.527437045915267,398.0424562282497,0.1905730665513482,0.3644952787236679,,False
9,E120,58.785619084594686,562.6336468694504,0.11525501023256603,0.25339985739741244,,False
9,E121,79.95531726635872,868.3105056191713,0.0017332943044757576,0.1096428741893706,,False
9,E122,24.6915351392046,256.96846725999114,0.1227790801842343,0.605063347105049,,False
9,E123,20.085821435300236,190.6737909040797,0.25369762344091173,0.8539390901686061,,False
9,E124,13.597652417617535,128.9366986246306,0.2564330306014604,0.8815983323899357,,False
9,E125,98.51301430681876,1012.9733142868987,0.052343279273662675,0.26159296119011116,,False
9,E126,140.16422142737238,2020.6360151007143,0.0015244495614030427,0.07905288348980281,,False
9,E127,73.43180197437147,1110.895686136905,-0.048866850094723545,0.2280677104349752,,False
9,E128,57.85148979896558,757.6560356345692,0.04338218253429345,0.21709341229077633,,False
10,E1,49.534972067243665,586.2921965851558,0.07677311365595309,0.4416796042673563,,False
10,E2,32.00831373092364,280.74231626062766,-0.0009915734572351375,0.9474830330952271,,False
10,E3,26.8311537053293,241.01507443491616,0.03126114862294515,0.977389464242334,,False
10,E4,22.473165591961756,208.51047597024544,0.055477989745009816,0.9743769433135161,,False
10,E5,15.433802476751111,159.5687539819865,0.07683070568329914,0.9369827937160609,,False
10,E6,9.6191111183601,123.43566452973667,0.1847387222773474,0.9017831957075901,,False
10,E7,7.300088920885545,115.32005297380047,0.37377399372853665,0.7772046619626445,,False
10,E8,82.63831729635073,644.2419706708247,-0.04229125654422433,0.9686867727758383,,False
10,E9,45.35030813435669,404.635147787728,-0.010473444467895618,0.9850924979776823,,False
10,E10,28.89693292746504,264.1469853585784,0.026653144576567006,0.9877330857603688,,False
10,E11,27.425768386417953,233.13644603100883,0.03202644610752249,0.9784989280809052,,False
10,E12,16.408169310289598,172.06182464593246,0.06848186595730078,0.9385907503885101,,False
10,E13,9.141798274336363,115.55324091775474,0.2031309254675345,0.904287938432765,,False
10,E14,55.935479779153106,437.9165834550083,-0.05809103468099637,0.9878243271295037,,False
10,E15,38.845619912678124,321.4825823469101,-0.012480584227584772,0.9903665031851427,,False
10,E16,30.73068667497,259.30323953637617,0.02027337690146072,0.9889249292587121,,False
10,E17,58.015026892444205,455.1496752028372,-0.003421210386596781,0.9885428706794182,,False
10,E18,28.468605471105818,255.10066475464777,0.03120219498100498,0.972879012601289,,False
10,E19,21.936082674801867,213.59570396301646,0.06117619860840455,0.9762807660978075,,False
10,E20,10.672056146813453,134.85841164296312,0.15203381335344182,0.9071319012807305,,False
10,E21,67.2361800829896,524.1722442438693,-0.059300418901776474,0.9893912910383102,,False
10,E22,43.439462316557254,365.7763167894697,0.0013088644375072254,0.986214566348975,,False
10,E23,24.330719825352453,234.9740850910976,0.05322864235768982,0.9506143236746252,,False
10,E24,11.225218717906367,136.83346978171033,0.15419858035661457,0.9050635718974265,,False
10,E25,84.80720644368968,711.4233889178488,-0.058252948309258375,0.9637731979706683,,False
10,E26,27.538545920767213,262.3479531284505,0.01189819561314096,0.8847306181691286,,False
10,E27,12.574968618072528,146.64193154881252,0.17677213441014017,0.873626728345303,,False
10,E28,7.76176903195846,98.13005297706879,0.3229272142815531,0.8880808103289874,,False
10,E29,7.471535482607014,101.45986189609145,0.3210516763830421,0.8882134214595024,,False
10,E30,6.890214701367899,107.22521533868746,0.38587809375809295,0.8502227565565579,,False
10,E31,2.243087670883269,34.55442581057126,-0.01339648088659427,0.10811561392826309,,False
10,E32,46.05636972809008,498.3480473301694,0.2859589074723899,0.39127579796634404,,False
10,E33,23.602846012018084,225.68365352176556,0.19352288319146563,0.4209201015909777,,False
10,E34,10.172897049809048,119.71816066500368,0.3073889497960475,0.715370067535437,,False
10,E35,7.308323129167247,113.50973187150363,0.35529625880360993,0.8209364564897785,,False
10,E36,6.414651527249943,112.49452388889495,0.3211581783828488,0.8244564059437958,,False
10,E37,3.0414073780719426,69.59166672352953,0.15203594957785385,0.6312092599415282,,False
10,E38,29.525604128438236,251.03654492556183,0.05531891290639597,0.05980681441423066,,False
10,E39,88.0110508770273,722.446917216321,0.07134866166829075,-0.016421343721269438,,False
10,E40,11.12359265671126,131.19606295974137,0.3171657078673405,0.6857142965106284,,False
10,E41,6.8460524462871,99.7144461733472,0.3289758550674947,0.7864148053055018,,False
10,E42,4.202815535209357,69.35704564517097,0.3049660085091106,0.7775602971244542,,False
10,E43,18.51169719561972,185.5747146823228,0.24981336107381638,0.5093602957648274,,False
10,E44,35.25085751861819,394.79335097693,0.2557252216200963,0.4397462064201949,,False
10,E45,14.888786212554011,199.67283518308844,0.3090853817146645,0.4135917500526051,,False
10,E46,8.679705971043605,121.0155138629098,0.3777925822362936,0.7121383229511559,,False
10,E47,7.163632153515042,115.18576790517352,0.3345622966138999,0.8100840730611993,,False
10,E48,23.356838989424798,268.7255771555176,0.20650304840224235,0.6447548006592119,,False
10,E49,17.642142757621667,189.97928904837386,0.2588282920896549,0.6882832541545653,,False
10,E50,11.059532706582946,149.43845586793952,0.2889508779465432,0.6957761110507548,,False
10,E51,7.798038774016983,122.32134897026106,0.2935750359614,0.8096852347121029,,False
10,E52,6.705722019464585,113.33595963468319,0.3108676141676586,0.775683347940082,,False
10,E53,4.155390566030553,61.32185924230639,0.26161605778869484,0.6887960573422871,,False
10,E54,4.883274698081909,83.51700844326766,0.22583847836197155,0.16296604649576507,,False
10,E55,16.464380625468163,252.270003337008,-0.11868966587733286,-0.3042946215141503,neighbor_correlation,True
10,E56,16.174703252460198,173.18576559158862,0.2570342348691094,0.5860181732330234,,False
10,E57,25.49974453227047,201.9385981462151,0.16727901719587598,0.3776622605247544,,False
10,E58,13.54512435520469,263.52639412447184,0.2580644977758735,0.637673652334442,,False
10,E59,8.363330347230747,110.56237251807909,0.3366938879911473,0.6470208993996895,,False
10,E60,6.5885631801984905,59.398771987451326,0.07280811648102277,0.3088949856755424,,False
10,E61,9.177018192765853,97.68472073832577,-0.016923497112361977,0.6492486112083052,,False
10,E62,59.928625557511765,1082.4868016043647,-0.17169674781210165,0.7822001250416941,,False
10,E63,112.45080941939202,1404.4271216090765,-0.07337895365137431,-0.35779731889515853,neighbor_correlation,True
10,E64,12.526111190789821,131.96833151408248,0.2764491523942414,0.6975861584180165,,False
10,E65,12.047551082711065,130.31818370190635,0.3019832407165794,0.7467052248190169,,False
10,E66,17.585797506451033,197.17227784526676,0.17324363341728127,0.35852036760578865,,False
10,E67,22.022702561637686,360.20859120420084,-0.1089343569499609,0.8470136739165078,,False
10,E68,21.57378525056385,303.5172372292394,0.1741960934226231,0.716498247508678,,False
10,E69,14.894278252518973,172.6383941954018,0.2464462109410818,0.8244072505979194,,False
10,E70,11.113511660999613,114.59863298879989,0.260249647684747,0.552625855267733,,False
10,E71,12.009731107632307,125.75593069354255,0.015075381807022772,0.5431151583163614,,False
10,E72,39.058725254443246,690.1726060260565,-0.15335845570872106,0.6595322201448516,,False
10,E73,18.436955867487587,216.0782283061861,0.2409190359798828,0.8680334578273003,,False
10,E74,20.655121525079544,268.9988414033194,0.26429046572767884,0.7439045108510449,,False
10,E75,10.049370883105198,108.02408791753285,0.2983356441440351,0.6951007628292247,,False
10,E76,8.031838384850323,85.80661790168898,0.3429238489415054,0.7519376347750406,,False
10,E77,7.879366384195504,87.39835805057268,0.34728416562036835,0.7440690075008167,,False
10,E78,7.156013325010792,78.02984937945602,0.36015151961774977,0.4541507413196625,,False
10,E79,10.341658148780025,112.09677160002491,-0.045846710993442695,0.06251980381615263,,False
10,E80,7.049877430715671,92.07148967122664,0.2813321066336362,0.5634655639724125,,False
10,E81,16.44576719489124,188.86440733286577,0.23413384734635717,0.7931604344966525,,False
10,E82,19.150737758955124,214.7329012818559,0.0848963849337179,0.4647019360819633,,False
10,E83,11.05080908534523,118.98259789310963,0.3144160959949303,0.8700977326963117,,False
10,E84,9.666700480908021,112.75905137159712,0.2943294888153751,0.8336042430954667,,False
10,E85,9.282016410271181,105.24340024911626,0.3072897695217055,0.7899082536825989,,False
10,E86,7.389969957008639,106.16376180703092,0.36663557295495697,0.6319025264057996,,False
10,E87,7.756439492819683,119.03663055266931,0.21796470040692864,0.468757868099353,,False
10,E88,26.747377494476005,306.96912300296594,0.26732702983016376,0.8003625186739197,,False
10,E89,14.82358082523645,181.7561130372403,0.2991176873861252,0.7902947506346567,,False
10,E90,12.508157007957449,153.2849694618131,0.31498999434702163,0.8216629418768053,,False
10,E91,9.97385774770956,114.4042680813279,0.2818733416839785,0.7410410055038317,,False
10,E92,8.734625654614344,113.5278378464003,0.37146572991587673,0.75586192717037,,False
10,E93,12.359949338295829,160.03920271471347,0.2667911663025798,0.4668773856111533,,False
10,E94,20.98310331109088,351.30955725219917,0.1799454173737513,0.5685826223306962,,False
10,E95,13.382999169052507,125.6743646712699,0.2907857704236703,0.6730209787291772,,False
10,E96,13.201032523462619,210.6854133013036,0.26604060833014037,0.5752552464488623,,False
10,E97,9.63628850261081,119.77808428917834,0.3496652435153551,0.7028131082623938,,False
10,E98,13.014296862577934,169.74244456128724,0.2584696973503397,0.42964501846971015,,False
10,E99,16.234887465943295,135.82940946717628,0.1047533967580837,0.4277469495150208,,False
10,E100,46.2481784891261,653.7158980071304,0.19593457778546874,0.22408134432684967,,False
10,E101,13.925052262748416,164.98989538136834,0.3596816685933768,0.6280102272181372,,False
10,E102,17.143575449452253,201.08020484256303,0.3434381617285897,0.5767537384737155,,False
10,E103,8.658787328305399,102.38605529468592,0.3537765726930506,0.675660419656824,,False
10,E104,8.238285810016475,94.88930622246693,0.3830769673824424,0.787171538231046,,False
10,E105,8.081851828191578,107.33105039091308,0.4063425528237497,0.8109887042558979,,False
10,E106,9.280628528425428,112.40865876217221,0.3575679764789084,0.6766659081357531,,False
10,E107,30.45405292795242,323.6260404756722,0.07155113601115026,0.17847099031563624,,False
10,E108,25.010919149875978,274.17202919564,0.23518022069619512,0.3669883617306562,,False
10,E109,14.835749555855672,171.47649899872783,0.33846106972579504,0.6883274296235331,,False
10,E110,10.883779331983526,113.1598814392745,0.362220453226768,0.8091537002369793,,False
10,E111,8.83600265257342,108.0690244359995,0.41674765183561296,0.8715411727900406,,False
10,E112,9.321216414362281,108.34872194290944,0.28547749687640017,0.8637786157485161,,False
10,E113,17.394545576565548,222.90523148838128,0.2915289004500959,0.4705490941296923,,False
10,E114,34.79384597915221,385.01250993870036,0.2735376836894687,0.45657793218077525,,False
10,E115,25.88959923805827,337.5026522796828,0.2759906050386639,0.5123661560765669,,False
10,E116,11.6973756859793,130.96371828097386,0.30392214589953337,0.7076392601698138,,False
10,E117,12.330686378823838,123.12534448732228,0.29282050071205923,0.790766155553646,,False
10,E118,11.564481348814097,124.6225769191978,0.18304996385728325,0.9085820143097666,,False
10,E119,25.634918620016546,325.52508218327273,0.25401241569017824,0.5170952384243103,,False
10,E120,76.4105722220885,637.6218120006056,0.095832059131518,0.35554124651306707,,False
10,E121,59.68087593429162,850.6423699111225,0.13461374360971728,0.2826066643719778,,False
10,E122,16.710551428022036,176.04168275039845,0.23255820726005258,0.49465979694662165,,False
10,E123,17.457564459508827,167.93815332244242,0.1606047463472938,0.8636893737930407,,False
10,E124,12.299357715813807,129.7253560053,0.16181288312076728,0.9122871113068804,,False
10,E125,75.79950854849793,909.4969585743625,0.055624529908958206,0.09509728849651067,,False
10,E126,115.52840203374785,2020.9279237340997,0.13637517743422364,0.293453435081946,peak_to_peak,True
10,E127,46.1879562127875,576.8105929496367,0.1740132875625495,0.5444019435424615,,False
10,E128,27.21644138846809,310.48522852976794,0.15527049811848226,0.47339865592336955,,False
11,E1,58.18868193854265,1339.9382838895156,0.07731015650597466,0.44373121061652687,peak_to_peak,True
11,E2,35.6155767177907,250.5379072999129,0.00020364017336428926,0.952431574803688,,False
11,E3,29.00271270964465,212.43911762576997,-0.03877260169585574,0.9797680036355578,,False
11,E4,24.11693505399838,183.14183847320902,-0.025440310669274938,0.9826360579630374,,False
11,E5,16.66982921366481,156.24479372065068,-0.00567205870300576,0.9577680168836564,,False
11,E6,10.052039846006977,158.98526566863825,0.08143263724798065,0.934545547242853,,False
11,E7,6.677780697470714,152.16282055088828,0.20181935025107164,0.7499973121752068,,False
11,E8,94.4460990183273,638.757323111609,-0.10856666438133353,0.9826934623669763,peak_to_peak,True
11,E9,50.12680637689774,339.6910768199638,-0.1123891603774338,0.9930588889761961,,False
11,E10,31.48311320416166,226.3626694412721,-0.07091260115385348,0.9927766765090655,,False
11,E11,29.474006431641786,212.3917637695639,-0.09388074835243632,0.9874537259233225,,False
11,E12,17.603216467684593,162.2604846965907,-0.05971772687672944,0.9538518567674861,,False
11,E13,9.183085911934054,136.91667339171536,0.053877921269359745,0.9231492372101442,,False
11,E14,62.28174284452359,426.4144056590724,-0.12339192439634795,0.9946493414352464,,False
11,E15,43.19223857844562,299.2127738702362,-0.11470107635089703,0.9940126481583635,,False
11,E16,33.17974929058524,235.85072007685176,-0.10419681896753777,0.9931101288430517,,False
11,E17,63.292340141496176,428.10771225649876,-0.12532331717017742,0.9952430612481391,,False
11,E18,31.11983901241845,232.56271031121207,-0.102054479657204,0.9914596014226436,,False
11,E19,24.043766174563714,198.4738919053075,-0.08232900112259672,0.9832147589649365,,False
11,E20,10.981401925688603,149.71974560605457,0.04201799742228189,0.9318610725445713,,False
11,E21,74.77541957477138,510.5432053995447,-0.1344090936834192,0.9946407361448664,peak_to_peak,True
11,E22,48.4415524602358,350.5382910730428,-0.1204032657388535,0.9913860984467395,,False
11,E23,26.936279325561284,216.92282025853262,-0.08942436325844078,0.967763262827198,,False
11,E24,11.433349223630138,147.09292257565784,0.04652054179853796,0.9240195511136093,,False
11,E25,97.24902314120673,714.9012023235547,-0.1394757030891112,0.9734956824226271,peak_to_peak,True
11,E26,29.922260296188558,235.9210418215734,-0.1305573138807568,0.9313986170924976,,False
11,E27,12.919029313662312,155.39695190006972,0.027731906805671443,0.9039096586217825,,False
11,E28,7.258671118492231,132.9208029831046,0.1617989466035864,0.912650108845843,,False
11,E29,7.06184442026752,136.16380776995948,0.18206537682550047,0.9079854387362041,,False
11,E30,6.424087277477282,143.5246591704906,0.2521171504877241,0.8265215711114777,,False
11,E31,1.7869054759371048,43.493340512918664,0.10330515324153744,0.28810098925886957,,False
11,E32,23.998047584273294,300.9744244857852,0.007565815408815809,0.5434696733194158,,False
11,E33,14.936022596504374,225.201890121051,0.16061584825619554,0.6977384158612164,,False
11,E34,8.388819806829114,149.14958401284912,0.2584908005384899,0.7733805127756928,,False
11,E35,6.4140416078255535,145.75393071748485,0.3195928766526222,0.8421956103493216,,False
11,E36,6.070982741606244,143.99359954912555,0.31767072466700347,0.7748691682457556,,False
11,E37,2.9654061042114837,92.43422151328959,0.2353035636455486,0.5636068953708487,,False
11,E38,21.300360494875466,247.43279545210882,0.08483349309135048,0.4098723286059715,,False
11,E39,30.491682961810465,381.6385240238908,0.07457569281930086,0.10647916407095423,,False
11,E40,7.91112160979126,141.2060120870444,0.2296118210549721,0.7297308688842905,,False
11,E41,5.904787175389656,130.14901853899494,0.29743404281837865,0.7528080785526978,,False
11,E42,3.7929653334668876,95.84327946736187,0.3216383547581583,0.7796374154918768,,False
11,E43,14.372363699880285,156.77708585349632,0.18313359550050734,0.8100674392958616,,False
11,E44,11.770084360997243,155.0741797415473,0.26175783734707253,0.5693616896309732,,False
11,E45,8.604825968697972,164.75613979238219,0.2957060979381195,0.7250013505335784,,False
11,E46,6.6966046453925845,150.4675103856428,0.31458390039464573,0.8451171643448299,,False
11,E47,6.1667559710600175,147.3414262555217,0.31628309757108414,0.8150323441156341,,False
11,E48,20.00854932568928,251.11255641383804,0.18911097659636578,0.7013691060505212,,False
11,E49,15.402433357427178,184.93621804067544,0.20776095274325618,0.7744035972754401,,False
11,E50,8.494531100912118,150.2228709491652,0.3018646993798606,0.8409435807115844,,False
11,E51,6.964242415637811,155.7457181415832,0.2890629790007155,0.8583564664411313,,False
11,E52,6.297401470256941,147.03942109608187,0.296067061201004,0.7821806963642892,,False
11,E53,3.655160642989491,88.29603930938778,0.3135626845157917,0.6009811948487254,,False
11,E54,4.437867964442289,118.66170198951278,0.2977303317642968,0.26588301447576845,,False
11,E55,15.01853845649559,315.45416100767284,-0.0967836629878614,-0.15566289893798602,neighbor_correlation,True
11,E56,14.331171922683929,168.00219322438608,0.1978309312716329,0.4957914533867934,,False
11,E57,24.36903500075703,215.51005931392675,0.015560837488043,0.26288137179117554,,False
11,E58,10.363330564025029,158.88436501998987,0.29225473500840043,0.795172587035755,,False
11,E59,7.406666250085156,144.15899530643748,0.2980005704116135,0.8065928607147235,,False
11,E60,5.128935117463442,60.70512040227857,0.17600880533999885,0.4829816318220941,,False
11,E61,8.62046879802216,128.97316787807716,0.029836641254345892,0.7131261389630537,,False
11,E62,57.183134012333376,1437.5028845327495,-0.14907482754602827,0.788338275322938,peak_to_peak,True
11,E63,122.97811174144985,1270.594428296751,0.05911714021429907,-0.19145009693810539,peak_to_peak;neighbor_correlation,True
11,E64,11.312357420766523,164.20480399654244,0.2798540596125376,0.5649343061460224,,False
11,E65,9.639943584536407,149.79995390212787,0.26329797860001075,0.8128964232246019,,False
11,E66,14.076042025797033,163.20162880979154,0.02618931185603933,0.36169773568116503,,False
11,E67,20.138491015891148,460.156932260052,-0.11438413167187057,0.8579446405810561,peak_to_peak,True
11,E68,31.581777440776833,287.54876230603736,0.08825646318856624,0.35155985147954383,,False
11,E69,13.639771438834108,151.9778812058757,0.21879975461563966,0.7714053503284573,,False
11,E70,11.365430708658693,176.99645109470788,0.22068250688212154,0.5584749228886792,,False
11,E71,11.167124340486243,166.2364737246047,0.08415517938094945,0.5971982828553883,,False
11,E72,36.8247391603382,897.202610753026,-0.15243439010048743,0.7048007902581674,peak_to_peak,True
11,E73,18.606255512489863,215.4148686198571,0.16540369399418808,0.81655688436918,,False
11,E74,22.381005938312047,337.77803744881226,0.14049621093705264,0.5863958057805998,,False
11,E75,9.3334711132448,146.6658363474037,0.30376900913831684,0.6008487601421633,,False
11,E76,7.40192662042835,84.93988308930076,0.2521573677906241,0.6388208305554031,,False
11,E77,6.946158899978063,83.14334501876385,0.2612083748706754,0.6391743570987727,,False
11,E78,6.256601415776418,103.0942436492613,0.29210094359661043,0.4910661210253495,,False
11,E79,9.643935015674591,139.8455373726742,0.022054994874516103,0.1896403343715055,,False
11,E80,6.416733765059732,117.79583899217155,0.26643991243279946,0.5495112313821846,,False
11,E81,15.774201033346177,180.40187858496324,0.2217173115875908,0.580939832463941,,False
11,E82,22.58037448627535,230.378982363977,0.10847850228067338,0.32738978015476883,,False
11,E83,9.679164362183515,158.93861391394475,0.2866707694478271,0.857550652781923,,False
11,E84,8.793236487403533,146.0594640921445,0.2584798824400146,0.825047616549119,,False
11,E85,8.15696920131263,136.6990455551343,0.2593057649187426,0.7382830305032065,,False
11,E86,6.610739251387865,143.91773225244162,0.282975867523886,0.6934466123395358,,False
11,E87,6.418373998583798,129.94739456336322,0.28483048931829175,0.6984307044027024,,False
11,E88,27.036908997344476,355.23235899428187,0.13533152649389907,0.7378727743324989,,False
11,E89,14.052819473458802,179.99069709890597,0.25055979344263196,0.7542183400927405,,False
11,E90,10.800841570723765,160.13488441786856,0.28669223717432674,0.8312167058688642,,False
11,E91,9.004539252391424,147.52191558275234,0.2725472496592967,0.7374817543712262,,False
11,E92,7.778706785475876,143.20579870298482,0.2816444912336325,0.7341101739383897,,False
11,E93,7.233285426645612,84.56883525281448,0.2505407297140966,0.7408335504318173,,False
11,E94,35.34290038314926,543.7444421114945,0.05177550544407941,0.2380342677391979,peak_to_peak,True
11,E95,12.893094619108908,165.92243620943609,0.2662959634960322,0.7732846155567112,,False
11,E96,9.819169288979905,154.0057878396187,0.3213037958225328,0.7810785716157207,,False
11,E97,8.06391792224636,123.33661394926962,0.30908064979218036,0.759975364534901,,False
11,E98,7.342303198836254,83.84482028196169,0.25770384142556113,0.7321894832572324,,False
11,E99,15.193864898561186,190.31979578002603,0.2492382917946723,0.6051780802524316,,False
11,E100,12.825762870876085,165.9732702182526,0.25158849264979294,0.6522106700834625,,False
11,E101,9.629739777884968,162.89548883928862,0.32483504260958995,0.7587117673843867,,False
11,E102,9.537322570535334,142.06334130042382,0.23153860634345763,0.6383865755782636,,False
11,E103,7.57883752832746,137.9554430972287,0.33002763975268534,0.7517748133578859,,False
11,E104,7.107625770443453,127.53848230941222,0.3414047332104052,0.7687561349467498,,False
11,E105,6.837150567499488,137.82153162827888,0.32634666777579796,0.7449161314623401,,False
11,E106,8.254425445336414,148.81479933941014,0.19529569935792931,0.6775811632054842,,False
11,E107,30.16492841062317,348.2753292537976,0.21444597250571104,0.494050485318612,,False
11,E108,12.964440696968362,170.99284817782507,0.25734759590546,0.5680316132995515,,False
11,E109,9.749739509976791,136.4147711714837,0.2347397701600765,0.7106244546419422,,False
11,E110,8.833405382742157,120.26212659198738,0.2971123511359925,0.8175397508017899,,False
11,E111,8.078655797803183,139.88322080098487,0.30238265378634926,0.8239224693962938,,False
11,E112,9.242194060185426,132.30925643595975,0.14773666388264847,0.8906348463942027,,False
11,E113,18.962694097887493,226.4882659677896,0.23980707189473496,0.5746428264654796,,False
11,E114,14.136554247021559,153.55139577538728,0.3015109761153896,0.6079795273075015,,False
11,E115,10.860745358570231,157.4297178953919,0.3019758651619802,0.7063488437945521,,False
11,E116,10.055388332111656,149.32032759778653,0.3038087471323503,0.7629390551233813,,False
11,E117,17.835438226340017,236.96670859646082,0.18994536749503504,0.5537812121707396,,False
11,E118,11.995710605922513,129.46302026069867,0.09441280444526175,0.946615439381087,,False
11,E119,21.746489906222354,332.9306614899501,0.2365874097908756,0.6225866265806648,,False
11,E120,68.72327291628255,790.0201373515252,0.09989736725679794,0.3283323490919644,peak_to_peak,True
11,E121,21.815706274095806,243.38947014074242,0.11438338240974258,0.39810498562731533,,False
11,E122,14.804187315661625,148.2912788239471,0.23658740979087559,0.7255806344628657,,False
11,E123,18.066325751888073,164.50449877540402,0.10694596346047093,0.8634842742863421,,False
11,E124,12.876118896500042,131.007927026382,0.07977480896775194,0.9441445052985775,,False
11,E125,80.40334146077393,788.7822700623676,0.08912983586628877,0.2974392633166477,peak_to_peak,True
11,E126,32.95140906476449,632.800366079621,0.1601633572154835,0.3220548323926893,peak_to_peak,True
11,E127,31.23585365196293,428.77634098536254,0.10176489156786657,0.39506093641973405,,False
11,E128,18.10629651285342,212.38883331521998,0.11458669794027045,0.4774343647743715,,False
