sample_id,subject,cohort_role,trial,split_group,window_index,start_sample,stop_sample,fif_path,qc_status,valence_label,arousal_label,quadrant_label,sample_weight,start_seconds,end_seconds,samples,sampling_rate_hz,valence,arousal,eligible_valence_binary_fixed5,label_valence_binary_fixed5,eligible_arousal_binary_fixed5,label_arousal_binary_fixed5,eligible_quadrant_fixed5,label_quadrant_fixed5
sub-mit003_trial-01_window-001,sub-mit003,modeling_primary,1,sub-mit003_trial-01,1,0,1000,data/processed/sub-mit003/trials/sub-mit003_trial-01_eeg.fif,pass,high,high,HVHA,0.038461538461538464,0.0,4.0,1000,250,8.97,7.95,True,high,True,high,True,HVHA
sub-mit003_trial-01_window-002,sub-mit003,modeling_primary,1,sub-mit003_trial-01,2,500,1500,data/processed/sub-mit003/trials/sub-mit003_trial-01_eeg.fif,pass,high,high,HVHA,0.038461538461538464,2.0,6.0,1000,250,8.97,7.95,True,high,True,high,True,HVHA
sub-mit003_trial-01_window-003,sub-mit003,modeling_primary,1,sub-mit003_trial-01,3,1000,2000,data/processed/sub-mit003/trials/sub-mit003_trial-01_eeg.fif,pass,high,high,HVHA,0.038461538461538464,4.0,8.0,1000,250,8.97,7.95,True,high,True,high,True,HVHA
sub-mit003_trial-01_window-004,sub-mit003,modeling_primary,1,sub-mit003_trial-01,4,1500,2500,data/processed/sub-mit003/trials/sub-mit003_trial-01_eeg.fif,pass,high,high,HVHA,0.038461538461538464,6.0,10.0,1000,250,8.97,7.95,True,high,True,high,True,HVHA
sub-mit003_trial-01_window-005,sub-mit003,modeling_primary,1,sub-mit003_trial-01,5,2000,3000,data/processed/sub-mit003/trials/sub-mit003_trial-01_eeg.fif,pass,high,high,HVHA,0.038461538461538464,8.0,12.0,1000,250,8.97,7.95,True,high,True,high,True,HVHA
sub-mit003_trial-01_window-006,sub-mit003,modeling_primary,1,sub-mit003_trial-01,6,2500,3500,data/processed/sub-mit003/trials/sub-mit003_trial-01_eeg.fif,pass,high,high,HVHA,0.038461538461538464,10.0,14.0,1000,250,8.97,7.95,True,high,True,high,True,HVHA
sub-mit003_trial-01_window-007,sub-mit003,modeling_primary,1,sub-mit003_trial-01,7,3000,4000,data/processed/sub-mit003/trials/sub-mit003_trial-01_eeg.fif,pass,high,high,HVHA,0.038461538461538464,12.0,16.0,1000,250,8.97,7.95,True,high,True,high,True,HVHA
sub-mit003_trial-01_window-008,sub-mit003,modeling_primary,1,sub-mit003_trial-01,8,3500,4500,data/processed/sub-mit003/trials/sub-mit003_trial-01_eeg.fif,pass,high,high,HVHA,0.038461538461538464,14.0,18.0,1000,250,8.97,7.95,True,high,True,high,True,HVHA
sub-mit003_trial-01_window-009,sub-mit003,modeling_primary,1,sub-mit003_trial-01,9,4000,5000,data/processed/sub-mit003/trials/sub-mit003_trial-01_eeg.fif,pass,high,high,HVHA,0.038461538461538464,16.0,20.0,1000,250,8.97,7.95,True,high,True,high,True,HVHA
sub-mit003_trial-01_window-010,sub-mit003,modeling_primary,1,sub-mit003_trial-01,10,4500,5500,data/processed/sub-mit003/trials/sub-mit003_trial-01_eeg.fif,pass,high,high,HVHA,0.038461538461538464,18.0,22.0,1000,250,8.97,7.95,True,high,True,high,True,HVHA
sub-mit003_trial-01_window-011,sub-mit003,modeling_primary,1,sub-mit003_trial-01,11,5000,6000,data/processed/sub-mit003/trials/sub-mit003_trial-01_eeg.fif,pass,high,high,HVHA,0.038461538461538464,20.0,24.0,1000,250,8.97,7.95,True,high,True,high,True,HVHA
sub-mit003_trial-01_window-012,sub-mit003,modeling_primary,1,sub-mit003_trial-01,12,5500,6500,data/processed/sub-mit003/trials/sub-mit003_trial-01_eeg.fif,pass,high,high,HVHA,0.038461538461538464,22.0,26.0,1000,250,8.97,7.95,True,high,True,high,True,HVHA
sub-mit003_trial-01_window-013,sub-mit003,modeling_primary,1,sub-mit003_trial-01,13,6000,7000,data/processed/sub-mit003/trials/sub-mit003_trial-01_eeg.fif,pass,high,high,HVHA,0.038461538461538464,24.0,28.0,1000,250,8.97,7.95,True,high,True,high,True,HVHA
sub-mit003_trial-01_window-014,sub-mit003,modeling_primary,1,sub-mit003_trial-01,14,6500,7500,data/processed/sub-mit003/trials/sub-mit003_trial-01_eeg.fif,pass,high,high,HVHA,0.038461538461538464,26.0,30.0,1000,250,8.97,7.95,True,high,True,high,True,HVHA
sub-mit003_trial-01_window-015,sub-mit003,modeling_primary,1,sub-mit003_trial-01,15,7000,8000,data/processed/sub-mit003/trials/sub-mit003_trial-01_eeg.fif,pass,high,high,HVHA,0.038461538461538464,28.0,32.0,1000,250,8.97,7.95,True,high,True,high,True,HVHA
sub-mit003_trial-01_window-016,sub-mit003,modeling_primary,1,sub-mit003_trial-01,16,7500,8500,data/processed/sub-mit003/trials/sub-mit003_trial-01_eeg.fif,pass,high,high,HVHA,0.038461538461538464,30.0,34.0,1000,250,8.97,7.95,True,high,True,high,True,HVHA
sub-mit003_trial-01_window-019,sub-mit003,modeling_primary,1,sub-mit003_trial-01,19,9000,10000,data/processed/sub-mit003/trials/sub-mit003_trial-01_eeg.fif,pass,high,high,HVHA,0.038461538461538464,36.0,40.0,1000,250,8.97,7.95,True,high,True,high,True,HVHA
sub-mit003_trial-01_window-020,sub-mit003,modeling_primary,1,sub-mit003_trial-01,20,9500,10500,data/processed/sub-mit003/trials/sub-mit003_trial-01_eeg.fif,pass,high,high,HVHA,0.038461538461538464,38.0,42.0,1000,250,8.97,7.95,True,high,True,high,True,HVHA
sub-mit003_trial-01_window-021,sub-mit003,modeling_primary,1,sub-mit003_trial-01,21,10000,11000,data/processed/sub-mit003/trials/sub-mit003_trial-01_eeg.fif,pass,high,high,HVHA,0.038461538461538464,40.0,44.0,1000,250,8.97,7.95,True,high,True,high,True,HVHA
sub-mit003_trial-01_window-022,sub-mit003,modeling_primary,1,sub-mit003_trial-01,22,10500,11500,data/processed/sub-mit003/trials/sub-mit003_trial-01_eeg.fif,pass,high,high,HVHA,0.038461538461538464,42.0,46.0,1000,250,8.97,7.95,True,high,True,high,True,HVHA
sub-mit003_trial-01_window-024,sub-mit003,modeling_primary,1,sub-mit003_trial-01,24,11500,12500,data/processed/sub-mit003/trials/sub-mit003_trial-01_eeg.fif,pass,high,high,HVHA,0.038461538461538464,46.0,50.0,1000,250,8.97,7.95,True,high,True,high,True,HVHA
sub-mit003_trial-01_window-025,sub-mit003,modeling_primary,1,sub-mit003_trial-01,25,12000,13000,data/processed/sub-mit003/trials/sub-mit003_trial-01_eeg.fif,pass,high,high,HVHA,0.038461538461538464,48.0,52.0,1000,250,8.97,7.95,True,high,True,high,True,HVHA
sub-mit003_trial-01_window-026,sub-mit003,modeling_primary,1,sub-mit003_trial-01,26,12500,13500,data/processed/sub-mit003/trials/sub-mit003_trial-01_eeg.fif,pass,high,high,HVHA,0.038461538461538464,50.0,54.0,1000,250,8.97,7.95,True,high,True,high,True,HVHA
sub-mit003_trial-01_window-027,sub-mit003,modeling_primary,1,sub-mit003_trial-01,27,13000,14000,data/processed/sub-mit003/trials/sub-mit003_trial-01_eeg.fif,pass,high,high,HVHA,0.038461538461538464,52.0,56.0,1000,250,8.97,7.95,True,high,True,high,True,HVHA
sub-mit003_trial-01_window-028,sub-mit003,modeling_primary,1,sub-mit003_trial-01,28,13500,14500,data/processed/sub-mit003/trials/sub-mit003_trial-01_eeg.fif,pass,high,high,HVHA,0.038461538461538464,54.0,58.0,1000,250,8.97,7.95,True,high,True,high,True,HVHA
sub-mit003_trial-01_window-029,sub-mit003,modeling_primary,1,sub-mit003_trial-01,29,14000,15000,data/processed/sub-mit003/trials/sub-mit003_trial-01_eeg.fif,pass,high,high,HVHA,0.038461538461538464,56.0,60.0,1000,250,8.97,7.95,True,high,True,high,True,HVHA
sub-mit003_trial-02_window-004,sub-mit003,modeling_primary,2,sub-mit003_trial-02,4,1500,2500,data/processed/sub-mit003/trials/sub-mit003_trial-02_eeg.fif,pass,high,high,HVHA,0.047619047619047616,6.0,10.0,1000,250,9.0,9.0,True,high,True,high,True,HVHA
sub-mit003_trial-02_window-005,sub-mit003,modeling_primary,2,sub-mit003_trial-02,5,2000,3000,data/processed/sub-mit003/trials/sub-mit003_trial-02_eeg.fif,pass,high,high,HVHA,0.047619047619047616,8.0,12.0,1000,250,9.0,9.0,True,high,True,high,True,HVHA
sub-mit003_trial-02_window-006,sub-mit003,modeling_primary,2,sub-mit003_trial-02,6,2500,3500,data/processed/sub-mit003/trials/sub-mit003_trial-02_eeg.fif,pass,high,high,HVHA,0.047619047619047616,10.0,14.0,1000,250,9.0,9.0,True,high,True,high,True,HVHA
sub-mit003_trial-02_window-007,sub-mit003,modeling_primary,2,sub-mit003_trial-02,7,3000,4000,data/processed/sub-mit003/trials/sub-mit003_trial-02_eeg.fif,pass,high,high,HVHA,0.047619047619047616,12.0,16.0,1000,250,9.0,9.0,True,high,True,high,True,HVHA
sub-mit003_trial-02_window-008,sub-mit003,modeling_primary,2,sub-mit003_trial-02,8,3500,4500,data/processed/sub-mit003/trials/sub-mit003_trial-02_eeg.fif,pass,high,high,HVHA,0.047619047619047616,14.0,18.0,1000,250,9.0,9.0,True,high,True,high,True,HVHA
sub-mit003_trial-02_window-009,sub-mit003,modeling_primary,2,sub-mit003_trial-02,9,4000,5000,data/processed/sub-mit003/trials/sub-mit003_trial-02_eeg.fif,pass,high,high,HVHA,0.047619047619047616,16.0,20.0,1000,250,9.0,9.0,True,high,True,high,True,HVHA
sub-mit003_trial-02_window-010,sub-mit003,modeling_primary,2,sub-mit003_trial-02,10,4500,5500,data/processed/sub-mit003/trials/sub-mit003_trial-02_eeg.fif,pass,high,high,HVHA,0.047619047619047616,18.0,22.0,1000,250,9.0,9.0,True,high,True,high,True,HVHA
sub-mit003_trial-02_window-011,sub-mit003,modeling_primary,2,sub-mit003_trial-02,11,5000,6000,data/processed/sub-mit003/trials/sub-mit003_trial-02_eeg.fif,pass,high,high,HVHA,0.047619047619047616,20.0,24.0,1000,250,9.0,9.0,True,high,True,high,True,HVHA
sub-mit003_trial-02_window-012,sub-mit003,modeling_primary,2,sub-mit003_trial-02,12,5500,6500,data/processed/sub-mit003/trials/sub-mit003_trial-02_eeg.fif,pass,high,high,HVHA,0.047619047619047616,22.0,26.0,1000,250,9.0,9.0,True,high,True,high,True,HVHA
sub-mit003_trial-02_window-013,sub-mit003,modeling_primary,2,sub-mit003_trial-02,13,6000,7000,data/processed/sub-mit003/trials/sub-mit003_trial-02_eeg.fif,pass,high,high,HVHA,0.047619047619047616,24.0,28.0,1000,250,9.0,9.0,True,high,True,high,True,HVHA
sub-mit003_trial-02_window-014,sub-mit003,modeling_primary,2,sub-mit003_trial-02,14,6500,7500,data/processed/sub-mit003/trials/sub-mit003_trial-02_eeg.fif,pass,high,high,HVHA,0.047619047619047616,26.0,30.0,1000,250,9.0,9.0,True,high,True,high,True,HVHA
sub-mit003_trial-02_window-015,sub-mit003,modeling_primary,2,sub-mit003_trial-02,15,7000,8000,data/processed/sub-mit003/trials/sub-mit003_trial-02_eeg.fif,pass,high,high,HVHA,0.047619047619047616,28.0,32.0,1000,250,9.0,9.0,True,high,True,high,True,HVHA
sub-mit003_trial-02_window-016,sub-mit003,modeling_primary,2,sub-mit003_trial-02,16,7500,8500,data/processed/sub-mit003/trials/sub-mit003_trial-02_eeg.fif,pass,high,high,HVHA,0.047619047619047616,30.0,34.0,1000,250,9.0,9.0,True,high,True,high,True,HVHA
sub-mit003_trial-02_window-017,sub-mit003,modeling_primary,2,sub-mit003_trial-02,17,8000,9000,data/processed/sub-mit003/trials/sub-mit003_trial-02_eeg.fif,pass,high,high,HVHA,0.047619047619047616,32.0,36.0,1000,250,9.0,9.0,True,high,True,high,True,HVHA
sub-mit003_trial-02_window-018,sub-mit003,modeling_primary,2,sub-mit003_trial-02,18,8500,9500,data/processed/sub-mit003/trials/sub-mit003_trial-02_eeg.fif,pass,high,high,HVHA,0.047619047619047616,34.0,38.0,1000,250,9.0,9.0,True,high,True,high,True,HVHA
sub-mit003_trial-02_window-019,sub-mit003,modeling_primary,2,sub-mit003_trial-02,19,9000,10000,data/processed/sub-mit003/trials/sub-mit003_trial-02_eeg.fif,pass,high,high,HVHA,0.047619047619047616,36.0,40.0,1000,250,9.0,9.0,True,high,True,high,True,HVHA
sub-mit003_trial-02_window-024,sub-mit003,modeling_primary,2,sub-mit003_trial-02,24,11500,12500,data/processed/sub-mit003/trials/sub-mit003_trial-02_eeg.fif,pass,high,high,HVHA,0.047619047619047616,46.0,50.0,1000,250,9.0,9.0,True,high,True,high,True,HVHA
sub-mit003_trial-02_window-025,sub-mit003,modeling_primary,2,sub-mit003_trial-02,25,12000,13000,data/processed/sub-mit003/trials/sub-mit003_trial-02_eeg.fif,pass,high,high,HVHA,0.047619047619047616,48.0,52.0,1000,250,9.0,9.0,True,high,True,high,True,HVHA
sub-mit003_trial-02_window-027,sub-mit003,modeling_primary,2,sub-mit003_trial-02,27,13000,14000,data/processed/sub-mit003/trials/sub-mit003_trial-02_eeg.fif,pass,high,high,HVHA,0.047619047619047616,52.0,56.0,1000,250,9.0,9.0,True,high,True,high,True,HVHA
sub-mit003_trial-02_window-028,sub-mit003,modeling_primary,2,sub-mit003_trial-02,28,13500,14500,data/processed/sub-mit003/trials/sub-mit003_trial-02_eeg.fif,pass,high,high,HVHA,0.047619047619047616,54.0,58.0,1000,250,9.0,9.0,True,high,True,high,True,HVHA
sub-mit003_trial-02_window-029,sub-mit003,modeling_primary,2,sub-mit003_trial-02,29,14000,15000,data/processed/sub-mit003/trials/sub-mit003_trial-02_eeg.fif,pass,high,high,HVHA,0.047619047619047616,56.0,60.0,1000,250,9.0,9.0,True,high,True,high,True,HVHA
sub-mit003_trial-03_window-001,sub-mit003,modeling_primary,3,sub-mit003_trial-03,1,0,1000,data/processed/sub-mit003/trials/sub-mit003_trial-03_eeg.fif,pass,high,high,HVHA,0.05,0.0,4.0,1000,250,7.01,6.0,True,high,True,high,True,HVHA
sub-mit003_trial-03_window-002,sub-mit003,modeling_primary,3,sub-mit003_trial-03,2,500,1500,data/processed/sub-mit003/trials/sub-mit003_trial-03_eeg.fif,pass,high,high,HVHA,0.05,2.0,6.0,1000,250,7.01,6.0,True,high,True,high,True,HVHA
sub-mit003_trial-03_window-003,sub-mit003,modeling_primary,3,sub-mit003_trial-03,3,1000,2000,data/processed/sub-mit003/trials/sub-mit003_trial-03_eeg.fif,pass,high,high,HVHA,0.05,4.0,8.0,1000,250,7.01,6.0,True,high,True,high,True,HVHA
sub-mit003_trial-03_window-004,sub-mit003,modeling_primary,3,sub-mit003_trial-03,4,1500,2500,data/processed/sub-mit003/trials/sub-mit003_trial-03_eeg.fif,pass,high,high,HVHA,0.05,6.0,10.0,1000,250,7.01,6.0,True,high,True,high,True,HVHA
sub-mit003_trial-03_window-005,sub-mit003,modeling_primary,3,sub-mit003_trial-03,5,2000,3000,data/processed/sub-mit003/trials/sub-mit003_trial-03_eeg.fif,pass,high,high,HVHA,0.05,8.0,12.0,1000,250,7.01,6.0,True,high,True,high,True,HVHA
sub-mit003_trial-03_window-006,sub-mit003,modeling_primary,3,sub-mit003_trial-03,6,2500,3500,data/processed/sub-mit003/trials/sub-mit003_trial-03_eeg.fif,pass,high,high,HVHA,0.05,10.0,14.0,1000,250,7.01,6.0,True,high,True,high,True,HVHA
sub-mit003_trial-03_window-007,sub-mit003,modeling_primary,3,sub-mit003_trial-03,7,3000,4000,data/processed/sub-mit003/trials/sub-mit003_trial-03_eeg.fif,pass,high,high,HVHA,0.05,12.0,16.0,1000,250,7.01,6.0,True,high,True,high,True,HVHA
sub-mit003_trial-03_window-008,sub-mit003,modeling_primary,3,sub-mit003_trial-03,8,3500,4500,data/processed/sub-mit003/trials/sub-mit003_trial-03_eeg.fif,pass,high,high,HVHA,0.05,14.0,18.0,1000,250,7.01,6.0,True,high,True,high,True,HVHA
sub-mit003_trial-03_window-012,sub-mit003,modeling_primary,3,sub-mit003_trial-03,12,5500,6500,data/processed/sub-mit003/trials/sub-mit003_trial-03_eeg.fif,pass,high,high,HVHA,0.05,22.0,26.0,1000,250,7.01,6.0,True,high,True,high,True,HVHA
sub-mit003_trial-03_window-013,sub-mit003,modeling_primary,3,sub-mit003_trial-03,13,6000,7000,data/processed/sub-mit003/trials/sub-mit003_trial-03_eeg.fif,pass,high,high,HVHA,0.05,24.0,28.0,1000,250,7.01,6.0,True,high,True,high,True,HVHA
sub-mit003_trial-03_window-015,sub-mit003,modeling_primary,3,sub-mit003_trial-03,15,7000,8000,data/processed/sub-mit003/trials/sub-mit003_trial-03_eeg.fif,pass,high,high,HVHA,0.05,28.0,32.0,1000,250,7.01,6.0,True,high,True,high,True,HVHA
sub-mit003_trial-03_window-016,sub-mit003,modeling_primary,3,sub-mit003_trial-03,16,7500,8500,data/processed/sub-mit003/trials/sub-mit003_trial-03_eeg.fif,pass,high,high,HVHA,0.05,30.0,34.0,1000,250,7.01,6.0,True,high,True,high,True,HVHA
sub-mit003_trial-03_window-019,sub-mit003,modeling_primary,3,sub-mit003_trial-03,19,9000,10000,data/processed/sub-mit003/trials/sub-mit003_trial-03_eeg.fif,pass,high,high,HVHA,0.05,36.0,40.0,1000,250,7.01,6.0,True,high,True,high,True,HVHA
sub-mit003_trial-03_window-020,sub-mit003,modeling_primary,3,sub-mit003_trial-03,20,9500,10500,data/processed/sub-mit003/trials/sub-mit003_trial-03_eeg.fif,pass,high,high,HVHA,0.05,38.0,42.0,1000,250,7.01,6.0,True,high,True,high,True,HVHA
sub-mit003_trial-03_window-024,sub-mit003,modeling_primary,3,sub-mit003_trial-03,24,11500,12500,data/processed/sub-mit003/trials/sub-mit003_trial-03_eeg.fif,pass,high,high,HVHA,0.05,46.0,50.0,1000,250,7.01,6.0,True,high,True,high,True,HVHA
sub-mit003_trial-03_window-025,sub-mit003,modeling_primary,3,sub-mit003_trial-03,25,12000,13000,data/processed/sub-mit003/trials/sub-mit003_trial-03_eeg.fif,pass,high,high,HVHA,0.05,48.0,52.0,1000,250,7.01,6.0,True,high,True,high,True,HVHA
sub-mit003_trial-03_window-026,sub-mit003,modeling_primary,3,sub-mit003_trial-03,26,12500,13500,data/processed/sub-mit003/trials/sub-mit003_trial-03_eeg.fif,pass,high,high,HVHA,0.05,50.0,54.0,1000,250,7.01,6.0,True,high,True,high,True,HVHA
sub-mit003_trial-03_window-027,sub-mit003,modeling_primary,3,sub-mit003_trial-03,27,13000,14000,data/processed/sub-mit003/trials/sub-mit003_trial-03_eeg.fif,pass,high,high,HVHA,0.05,52.0,56.0,1000,250,7.01,6.0,True,high,True,high,True,HVHA
sub-mit003_trial-03_window-028,sub-mit003,modeling_primary,3,sub-mit003_trial-03,28,13500,14500,data/processed/sub-mit003/trials/sub-mit003_trial-03_eeg.fif,pass,high,high,HVHA,0.05,54.0,58.0,1000,250,7.01,6.0,True,high,True,high,True,HVHA
sub-mit003_trial-03_window-029,sub-mit003,modeling_primary,3,sub-mit003_trial-03,29,14000,15000,data/processed/sub-mit003/trials/sub-mit003_trial-03_eeg.fif,pass,high,high,HVHA,0.05,56.0,60.0,1000,250,7.01,6.0,True,high,True,high,True,HVHA
sub-mit003_trial-04_window-002,sub-mit003,modeling_primary,4,sub-mit003_trial-04,2,500,1500,data/processed/sub-mit003/trials/sub-mit003_trial-04_eeg.fif,pass,low,high,LVHA,0.038461538461538464,2.0,6.0,1000,250,1.05,7.1,True,low,True,high,True,LVHA
sub-mit003_trial-04_window-003,sub-mit003,modeling_primary,4,sub-mit003_trial-04,3,1000,2000,data/processed/sub-mit003/trials/sub-mit003_trial-04_eeg.fif,pass,low,high,LVHA,0.038461538461538464,4.0,8.0,1000,250,1.05,7.1,True,low,True,high,True,LVHA
sub-mit003_trial-04_window-004,sub-mit003,modeling_primary,4,sub-mit003_trial-04,4,1500,2500,data/processed/sub-mit003/trials/sub-mit003_trial-04_eeg.fif,pass,low,high,LVHA,0.038461538461538464,6.0,10.0,1000,250,1.05,7.1,True,low,True,high,True,LVHA
sub-mit003_trial-04_window-005,sub-mit003,modeling_primary,4,sub-mit003_trial-04,5,2000,3000,data/processed/sub-mit003/trials/sub-mit003_trial-04_eeg.fif,pass,low,high,LVHA,0.038461538461538464,8.0,12.0,1000,250,1.05,7.1,True,low,True,high,True,LVHA
sub-mit003_trial-04_window-006,sub-mit003,modeling_primary,4,sub-mit003_trial-04,6,2500,3500,data/processed/sub-mit003/trials/sub-mit003_trial-04_eeg.fif,pass,low,high,LVHA,0.038461538461538464,10.0,14.0,1000,250,1.05,7.1,True,low,True,high,True,LVHA
sub-mit003_trial-04_window-007,sub-mit003,modeling_primary,4,sub-mit003_trial-04,7,3000,4000,data/processed/sub-mit003/trials/sub-mit003_trial-04_eeg.fif,pass,low,high,LVHA,0.038461538461538464,12.0,16.0,1000,250,1.05,7.1,True,low,True,high,True,LVHA
sub-mit003_trial-04_window-008,sub-mit003,modeling_primary,4,sub-mit003_trial-04,8,3500,4500,data/processed/sub-mit003/trials/sub-mit003_trial-04_eeg.fif,pass,low,high,LVHA,0.038461538461538464,14.0,18.0,1000,250,1.05,7.1,True,low,True,high,True,LVHA
sub-mit003_trial-04_window-009,sub-mit003,modeling_primary,4,sub-mit003_trial-04,9,4000,5000,data/processed/sub-mit003/trials/sub-mit003_trial-04_eeg.fif,pass,low,high,LVHA,0.038461538461538464,16.0,20.0,1000,250,1.05,7.1,True,low,True,high,True,LVHA
sub-mit003_trial-04_window-010,sub-mit003,modeling_primary,4,sub-mit003_trial-04,10,4500,5500,data/processed/sub-mit003/trials/sub-mit003_trial-04_eeg.fif,pass,low,high,LVHA,0.038461538461538464,18.0,22.0,1000,250,1.05,7.1,True,low,True,high,True,LVHA
sub-mit003_trial-04_window-011,sub-mit003,modeling_primary,4,sub-mit003_trial-04,11,5000,6000,data/processed/sub-mit003/trials/sub-mit003_trial-04_eeg.fif,pass,low,high,LVHA,0.038461538461538464,20.0,24.0,1000,250,1.05,7.1,True,low,True,high,True,LVHA
sub-mit003_trial-04_window-012,sub-mit003,modeling_primary,4,sub-mit003_trial-04,12,5500,6500,data/processed/sub-mit003/trials/sub-mit003_trial-04_eeg.fif,pass,low,high,LVHA,0.038461538461538464,22.0,26.0,1000,250,1.05,7.1,True,low,True,high,True,LVHA
sub-mit003_trial-04_window-013,sub-mit003,modeling_primary,4,sub-mit003_trial-04,13,6000,7000,data/processed/sub-mit003/trials/sub-mit003_trial-04_eeg.fif,pass,low,high,LVHA,0.038461538461538464,24.0,28.0,1000,250,1.05,7.1,True,low,True,high,True,LVHA
sub-mit003_trial-04_window-014,sub-mit003,modeling_primary,4,sub-mit003_trial-04,14,6500,7500,data/processed/sub-mit003/trials/sub-mit003_trial-04_eeg.fif,pass,low,high,LVHA,0.038461538461538464,26.0,30.0,1000,250,1.05,7.1,True,low,True,high,True,LVHA
sub-mit003_trial-04_window-015,sub-mit003,modeling_primary,4,sub-mit003_trial-04,15,7000,8000,data/processed/sub-mit003/trials/sub-mit003_trial-04_eeg.fif,pass,low,high,LVHA,0.038461538461538464,28.0,32.0,1000,250,1.05,7.1,True,low,True,high,True,LVHA
sub-mit003_trial-04_window-016,sub-mit003,modeling_primary,4,sub-mit003_trial-04,16,7500,8500,data/processed/sub-mit003/trials/sub-mit003_trial-04_eeg.fif,pass,low,high,LVHA,0.038461538461538464,30.0,34.0,1000,250,1.05,7.1,True,low,True,high,True,LVHA
sub-mit003_trial-04_window-017,sub-mit003,modeling_primary,4,sub-mit003_trial-04,17,8000,9000,data/processed/sub-mit003/trials/sub-mit003_trial-04_eeg.fif,pass,low,high,LVHA,0.038461538461538464,32.0,36.0,1000,250,1.05,7.1,True,low,True,high,True,LVHA
sub-mit003_trial-04_window-018,sub-mit003,modeling_primary,4,sub-mit003_trial-04,18,8500,9500,data/processed/sub-mit003/trials/sub-mit003_trial-04_eeg.fif,pass,low,high,LVHA,0.038461538461538464,34.0,38.0,1000,250,1.05,7.1,True,low,True,high,True,LVHA
sub-mit003_trial-04_window-019,sub-mit003,modeling_primary,4,sub-mit003_trial-04,19,9000,10000,data/processed/sub-mit003/trials/sub-mit003_trial-04_eeg.fif,pass,low,high,LVHA,0.038461538461538464,36.0,40.0,1000,250,1.05,7.1,True,low,True,high,True,LVHA
sub-mit003_trial-04_window-021,sub-mit003,modeling_primary,4,sub-mit003_trial-04,21,10000,11000,data/processed/sub-mit003/trials/sub-mit003_trial-04_eeg.fif,pass,low,high,LVHA,0.038461538461538464,40.0,44.0,1000,250,1.05,7.1,True,low,True,high,True,LVHA
sub-mit003_trial-04_window-022,sub-mit003,modeling_primary,4,sub-mit003_trial-04,22,10500,11500,data/processed/sub-mit003/trials/sub-mit003_trial-04_eeg.fif,pass,low,high,LVHA,0.038461538461538464,42.0,46.0,1000,250,1.05,7.1,True,low,True,high,True,LVHA
sub-mit003_trial-04_window-023,sub-mit003,modeling_primary,4,sub-mit003_trial-04,23,11000,12000,data/processed/sub-mit003/trials/sub-mit003_trial-04_eeg.fif,pass,low,high,LVHA,0.038461538461538464,44.0,48.0,1000,250,1.05,7.1,True,low,True,high,True,LVHA
sub-mit003_trial-04_window-024,sub-mit003,modeling_primary,4,sub-mit003_trial-04,24,11500,12500,data/processed/sub-mit003/trials/sub-mit003_trial-04_eeg.fif,pass,low,high,LVHA,0.038461538461538464,46.0,50.0,1000,250,1.05,7.1,True,low,True,high,True,LVHA
sub-mit003_trial-04_window-025,sub-mit003,modeling_primary,4,sub-mit003_trial-04,25,12000,13000,data/processed/sub-mit003/trials/sub-mit003_trial-04_eeg.fif,pass,low,high,LVHA,0.038461538461538464,48.0,52.0,1000,250,1.05,7.1,True,low,True,high,True,LVHA
sub-mit003_trial-04_window-026,sub-mit003,modeling_primary,4,sub-mit003_trial-04,26,12500,13500,data/processed/sub-mit003/trials/sub-mit003_trial-04_eeg.fif,pass,low,high,LVHA,0.038461538461538464,50.0,54.0,1000,250,1.05,7.1,True,low,True,high,True,LVHA
sub-mit003_trial-04_window-027,sub-mit003,modeling_primary,4,sub-mit003_trial-04,27,13000,14000,data/processed/sub-mit003/trials/sub-mit003_trial-04_eeg.fif,pass,low,high,LVHA,0.038461538461538464,52.0,56.0,1000,250,1.05,7.1,True,low,True,high,True,LVHA
sub-mit003_trial-04_window-028,sub-mit003,modeling_primary,4,sub-mit003_trial-04,28,13500,14500,data/processed/sub-mit003/trials/sub-mit003_trial-04_eeg.fif,pass,low,high,LVHA,0.038461538461538464,54.0,58.0,1000,250,1.05,7.1,True,low,True,high,True,LVHA
sub-mit003_trial-05_window-002,sub-mit003,modeling_primary,5,sub-mit003_trial-05,2,500,1500,data/processed/sub-mit003/trials/sub-mit003_trial-05_eeg.fif,pass,low,high,LVHA,0.037037037037037035,2.0,6.0,1000,250,1.0,7.95,True,low,True,high,True,LVHA
sub-mit003_trial-05_window-003,sub-mit003,modeling_primary,5,sub-mit003_trial-05,3,1000,2000,data/processed/sub-mit003/trials/sub-mit003_trial-05_eeg.fif,pass,low,high,LVHA,0.037037037037037035,4.0,8.0,1000,250,1.0,7.95,True,low,True,high,True,LVHA
sub-mit003_trial-05_window-004,sub-mit003,modeling_primary,5,sub-mit003_trial-05,4,1500,2500,data/processed/sub-mit003/trials/sub-mit003_trial-05_eeg.fif,pass,low,high,LVHA,0.037037037037037035,6.0,10.0,1000,250,1.0,7.95,True,low,True,high,True,LVHA
sub-mit003_trial-05_window-005,sub-mit003,modeling_primary,5,sub-mit003_trial-05,5,2000,3000,data/processed/sub-mit003/trials/sub-mit003_trial-05_eeg.fif,pass,low,high,LVHA,0.037037037037037035,8.0,12.0,1000,250,1.0,7.95,True,low,True,high,True,LVHA
sub-mit003_trial-05_window-006,sub-mit003,modeling_primary,5,sub-mit003_trial-05,6,2500,3500,data/processed/sub-mit003/trials/sub-mit003_trial-05_eeg.fif,pass,low,high,LVHA,0.037037037037037035,10.0,14.0,1000,250,1.0,7.95,True,low,True,high,True,LVHA
sub-mit003_trial-05_window-007,sub-mit003,modeling_primary,5,sub-mit003_trial-05,7,3000,4000,data/processed/sub-mit003/trials/sub-mit003_trial-05_eeg.fif,pass,low,high,LVHA,0.037037037037037035,12.0,16.0,1000,250,1.0,7.95,True,low,True,high,True,LVHA
sub-mit003_trial-05_window-008,sub-mit003,modeling_primary,5,sub-mit003_trial-05,8,3500,4500,data/processed/sub-mit003/trials/sub-mit003_trial-05_eeg.fif,pass,low,high,LVHA,0.037037037037037035,14.0,18.0,1000,250,1.0,7.95,True,low,True,high,True,LVHA
sub-mit003_trial-05_window-009,sub-mit003,modeling_primary,5,sub-mit003_trial-05,9,4000,5000,data/processed/sub-mit003/trials/sub-mit003_trial-05_eeg.fif,pass,low,high,LVHA,0.037037037037037035,16.0,20.0,1000,250,1.0,7.95,True,low,True,high,True,LVHA
sub-mit003_trial-05_window-010,sub-mit003,modeling_primary,5,sub-mit003_trial-05,10,4500,5500,data/processed/sub-mit003/trials/sub-mit003_trial-05_eeg.fif,pass,low,high,LVHA,0.037037037037037035,18.0,22.0,1000,250,1.0,7.95,True,low,True,high,True,LVHA
sub-mit003_trial-05_window-011,sub-mit003,modeling_primary,5,sub-mit003_trial-05,11,5000,6000,data/processed/sub-mit003/trials/sub-mit003_trial-05_eeg.fif,pass,low,high,LVHA,0.037037037037037035,20.0,24.0,1000,250,1.0,7.95,True,low,True,high,True,LVHA
sub-mit003_trial-05_window-012,sub-mit003,modeling_primary,5,sub-mit003_trial-05,12,5500,6500,data/processed/sub-mit003/trials/sub-mit003_trial-05_eeg.fif,pass,low,high,LVHA,0.037037037037037035,22.0,26.0,1000,250,1.0,7.95,True,low,True,high,True,LVHA
sub-mit003_trial-05_window-013,sub-mit003,modeling_primary,5,sub-mit003_trial-05,13,6000,7000,data/processed/sub-mit003/trials/sub-mit003_trial-05_eeg.fif,pass,low,high,LVHA,0.037037037037037035,24.0,28.0,1000,250,1.0,7.95,True,low,True,high,True,LVHA
sub-mit003_trial-05_window-014,sub-mit003,modeling_primary,5,sub-mit003_trial-05,14,6500,7500,data/processed/sub-mit003/trials/sub-mit003_trial-05_eeg.fif,pass,low,high,LVHA,0.037037037037037035,26.0,30.0,1000,250,1.0,7.95,True,low,True,high,True,LVHA
sub-mit003_trial-05_window-015,sub-mit003,modeling_primary,5,sub-mit003_trial-05,15,7000,8000,data/processed/sub-mit003/trials/sub-mit003_trial-05_eeg.fif,pass,low,high,LVHA,0.037037037037037035,28.0,32.0,1000,250,1.0,7.95,True,low,True,high,True,LVHA
sub-mit003_trial-05_window-016,sub-mit003,modeling_primary,5,sub-mit003_trial-05,16,7500,8500,data/processed/sub-mit003/trials/sub-mit003_trial-05_eeg.fif,pass,low,high,LVHA,0.037037037037037035,30.0,34.0,1000,250,1.0,7.95,True,low,True,high,True,LVHA
sub-mit003_trial-05_window-017,sub-mit003,modeling_primary,5,sub-mit003_trial-05,17,8000,9000,data/processed/sub-mit003/trials/sub-mit003_trial-05_eeg.fif,pass,low,high,LVHA,0.037037037037037035,32.0,36.0,1000,250,1.0,7.95,True,low,True,high,True,LVHA
sub-mit003_trial-05_window-018,sub-mit003,modeling_primary,5,sub-mit003_trial-05,18,8500,9500,data/processed/sub-mit003/trials/sub-mit003_trial-05_eeg.fif,pass,low,high,LVHA,0.037037037037037035,34.0,38.0,1000,250,1.0,7.95,True,low,True,high,True,LVHA
sub-mit003_trial-05_window-019,sub-mit003,modeling_primary,5,sub-mit003_trial-05,19,9000,10000,data/processed/sub-mit003/trials/sub-mit003_trial-05_eeg.fif,pass,low,high,LVHA,0.037037037037037035,36.0,40.0,1000,250,1.0,7.95,True,low,True,high,True,LVHA
sub-mit003_trial-05_window-020,sub-mit003,modeling_primary,5,sub-mit003_trial-05,20,9500,10500,data/processed/sub-mit003/trials/sub-mit003_trial-05_eeg.fif,pass,low,high,LVHA,0.037037037037037035,38.0,42.0,1000,250,1.0,7.95,True,low,True,high,True,LVHA
sub-mit003_trial-05_window-021,sub-mit003,modeling_primary,5,sub-mit003_trial-05,21,10000,11000,data/processed/sub-mit003/trials/sub-mit003_trial-05_eeg.fif,pass,low,high,LVHA,0.037037037037037035,40.0,44.0,1000,250,1.0,7.95,True,low,True,high,True,LVHA
sub-mit003_trial-05_window-022,sub-mit003,modeling_primary,5,sub-mit003_trial-05,22,10500,11500,data/processed/sub-mit003/trials/sub-mit003_trial-05_eeg.fif,pass,low,high,LVHA,0.037037037037037035,42.0,46.0,1000,250,1.0,7.95,True,low,True,high,True,LVHA
sub-mit003_trial-05_window-023,sub-mit003,modeling_primary,5,sub-mit003_trial-05,23,11000,12000,data/processed/sub-mit003/trials/sub-mit003_trial-05_eeg.fif,pass,low,high,LVHA,0.037037037037037035,44.0,48.0,1000,250,1.0,7.95,True,low,True,high,True,LVHA
sub-mit003_trial-05_window-024,sub-mit003,modeling_primary,5,sub-mit003_trial-05,24,11500,12500,data/processed/sub-mit003/trials/sub-mit003_trial-05_eeg.fif,pass,low,high,LVHA,0.037037037037037035,46.0,50.0,1000,250,1.0,7.95,True,low,True,high,True,LVHA
sub-mit003_trial-05_window-025,sub-mit003,modeling_primary,5,sub-mit003_trial-05,25,12000,13000,data/processed/sub-mit003/trials/sub-mit003_trial-05_eeg.fif,pass,low,high,LVHA,0.037037037037037035,48.0,52.0,1000,250,1.0,7.95,True,low,True,high,True,LVHA
sub-mit003_trial-05_window-026,sub-mit003,modeling_primary,5,sub-mit003_trial-05,26,12500,13500,data/processed/sub-mit003/trials/sub-mit003_trial-05_eeg.fif,pass,low,high,LVHA,0.037037037037037035,50.0,54.0,1000,250,1.0,7.95,True,low,True,high,True,LVHA
sub-mit003_trial-05_window-027,sub-mit003,modeling_primary,5,sub-mit003_trial-05,27,13000,14000,data/processed/sub-mit003/trials/sub-mit003_trial-05_eeg.fif,pass,low,high,LVHA,0.037037037037037035,52.0,56.0,1000,250,1.0,7.95,True,low,True,high,True,LVHA
sub-mit003_trial-05_window-029,sub-mit003,modeling_primary,5,sub-mit003_trial-05,29,14000,15000,data/processed/sub-mit003/trials/sub-mit003_trial-05_eeg.fif,pass,low,high,LVHA,0.037037037037037035,56.0,60.0,1000,250,1.0,7.95,True,low,True,high,True,LVHA
sub-mit003_trial-06_window-001,sub-mit003,modeling_primary,6,sub-mit003_trial-06,1,0,1000,data/processed/sub-mit003/trials/sub-mit003_trial-06_eeg.fif,pass,low,high,LVHA,0.058823529411764705,0.0,4.0,1000,250,4.42,7.53,True,low,True,high,True,LVHA
sub-mit003_trial-06_window-002,sub-mit003,modeling_primary,6,sub-mit003_trial-06,2,500,1500,data/processed/sub-mit003/trials/sub-mit003_trial-06_eeg.fif,pass,low,high,LVHA,0.058823529411764705,2.0,6.0,1000,250,4.42,7.53,True,low,True,high,True,LVHA
sub-mit003_trial-06_window-003,sub-mit003,modeling_primary,6,sub-mit003_trial-06,3,1000,2000,data/processed/sub-mit003/trials/sub-mit003_trial-06_eeg.fif,pass,low,high,LVHA,0.058823529411764705,4.0,8.0,1000,250,4.42,7.53,True,low,True,high,True,LVHA
sub-mit003_trial-06_window-004,sub-mit003,modeling_primary,6,sub-mit003_trial-06,4,1500,2500,data/processed/sub-mit003/trials/sub-mit003_trial-06_eeg.fif,pass,low,high,LVHA,0.058823529411764705,6.0,10.0,1000,250,4.42,7.53,True,low,True,high,True,LVHA
sub-mit003_trial-06_window-008,sub-mit003,modeling_primary,6,sub-mit003_trial-06,8,3500,4500,data/processed/sub-mit003/trials/sub-mit003_trial-06_eeg.fif,pass,low,high,LVHA,0.058823529411764705,14.0,18.0,1000,250,4.42,7.53,True,low,True,high,True,LVHA
sub-mit003_trial-06_window-009,sub-mit003,modeling_primary,6,sub-mit003_trial-06,9,4000,5000,data/processed/sub-mit003/trials/sub-mit003_trial-06_eeg.fif,pass,low,high,LVHA,0.058823529411764705,16.0,20.0,1000,250,4.42,7.53,True,low,True,high,True,LVHA
sub-mit003_trial-06_window-013,sub-mit003,modeling_primary,6,sub-mit003_trial-06,13,6000,7000,data/processed/sub-mit003/trials/sub-mit003_trial-06_eeg.fif,pass,low,high,LVHA,0.058823529411764705,24.0,28.0,1000,250,4.42,7.53,True,low,True,high,True,LVHA
sub-mit003_trial-06_window-018,sub-mit003,modeling_primary,6,sub-mit003_trial-06,18,8500,9500,data/processed/sub-mit003/trials/sub-mit003_trial-06_eeg.fif,pass,low,high,LVHA,0.058823529411764705,34.0,38.0,1000,250,4.42,7.53,True,low,True,high,True,LVHA
sub-mit003_trial-06_window-019,sub-mit003,modeling_primary,6,sub-mit003_trial-06,19,9000,10000,data/processed/sub-mit003/trials/sub-mit003_trial-06_eeg.fif,pass,low,high,LVHA,0.058823529411764705,36.0,40.0,1000,250,4.42,7.53,True,low,True,high,True,LVHA
sub-mit003_trial-06_window-020,sub-mit003,modeling_primary,6,sub-mit003_trial-06,20,9500,10500,data/processed/sub-mit003/trials/sub-mit003_trial-06_eeg.fif,pass,low,high,LVHA,0.058823529411764705,38.0,42.0,1000,250,4.42,7.53,True,low,True,high,True,LVHA
sub-mit003_trial-06_window-021,sub-mit003,modeling_primary,6,sub-mit003_trial-06,21,10000,11000,data/processed/sub-mit003/trials/sub-mit003_trial-06_eeg.fif,pass,low,high,LVHA,0.058823529411764705,40.0,44.0,1000,250,4.42,7.53,True,low,True,high,True,LVHA
sub-mit003_trial-06_window-022,sub-mit003,modeling_primary,6,sub-mit003_trial-06,22,10500,11500,data/processed/sub-mit003/trials/sub-mit003_trial-06_eeg.fif,pass,low,high,LVHA,0.058823529411764705,42.0,46.0,1000,250,4.42,7.53,True,low,True,high,True,LVHA
sub-mit003_trial-06_window-023,sub-mit003,modeling_primary,6,sub-mit003_trial-06,23,11000,12000,data/processed/sub-mit003/trials/sub-mit003_trial-06_eeg.fif,pass,low,high,LVHA,0.058823529411764705,44.0,48.0,1000,250,4.42,7.53,True,low,True,high,True,LVHA
sub-mit003_trial-06_window-026,sub-mit003,modeling_primary,6,sub-mit003_trial-06,26,12500,13500,data/processed/sub-mit003/trials/sub-mit003_trial-06_eeg.fif,pass,low,high,LVHA,0.058823529411764705,50.0,54.0,1000,250,4.42,7.53,True,low,True,high,True,LVHA
sub-mit003_trial-06_window-027,sub-mit003,modeling_primary,6,sub-mit003_trial-06,27,13000,14000,data/processed/sub-mit003/trials/sub-mit003_trial-06_eeg.fif,pass,low,high,LVHA,0.058823529411764705,52.0,56.0,1000,250,4.42,7.53,True,low,True,high,True,LVHA
sub-mit003_trial-06_window-028,sub-mit003,modeling_primary,6,sub-mit003_trial-06,28,13500,14500,data/processed/sub-mit003/trials/sub-mit003_trial-06_eeg.fif,pass,low,high,LVHA,0.058823529411764705,54.0,58.0,1000,250,4.42,7.53,True,low,True,high,True,LVHA
sub-mit003_trial-06_window-029,sub-mit003,modeling_primary,6,sub-mit003_trial-06,29,14000,15000,data/processed/sub-mit003/trials/sub-mit003_trial-06_eeg.fif,pass,low,high,LVHA,0.058823529411764705,56.0,60.0,1000,250,4.42,7.53,True,low,True,high,True,LVHA
sub-mit003_trial-07_window-001,sub-mit003,modeling_primary,7,sub-mit003_trial-07,1,0,1000,data/processed/sub-mit003/trials/sub-mit003_trial-07_eeg.fif,pass,low,high,LVHA,0.045454545454545456,0.0,4.0,1000,250,1.0,8.03,True,low,True,high,True,LVHA
sub-mit003_trial-07_window-002,sub-mit003,modeling_primary,7,sub-mit003_trial-07,2,500,1500,data/processed/sub-mit003/trials/sub-mit003_trial-07_eeg.fif,pass,low,high,LVHA,0.045454545454545456,2.0,6.0,1000,250,1.0,8.03,True,low,True,high,True,LVHA
sub-mit003_trial-07_window-006,sub-mit003,modeling_primary,7,sub-mit003_trial-07,6,2500,3500,data/processed/sub-mit003/trials/sub-mit003_trial-07_eeg.fif,pass,low,high,LVHA,0.045454545454545456,10.0,14.0,1000,250,1.0,8.03,True,low,True,high,True,LVHA
sub-mit003_trial-07_window-007,sub-mit003,modeling_primary,7,sub-mit003_trial-07,7,3000,4000,data/processed/sub-mit003/trials/sub-mit003_trial-07_eeg.fif,pass,low,high,LVHA,0.045454545454545456,12.0,16.0,1000,250,1.0,8.03,True,low,True,high,True,LVHA
sub-mit003_trial-07_window-008,sub-mit003,modeling_primary,7,sub-mit003_trial-07,8,3500,4500,data/processed/sub-mit003/trials/sub-mit003_trial-07_eeg.fif,pass,low,high,LVHA,0.045454545454545456,14.0,18.0,1000,250,1.0,8.03,True,low,True,high,True,LVHA
sub-mit003_trial-07_window-009,sub-mit003,modeling_primary,7,sub-mit003_trial-07,9,4000,5000,data/processed/sub-mit003/trials/sub-mit003_trial-07_eeg.fif,pass,low,high,LVHA,0.045454545454545456,16.0,20.0,1000,250,1.0,8.03,True,low,True,high,True,LVHA
sub-mit003_trial-07_window-010,sub-mit003,modeling_primary,7,sub-mit003_trial-07,10,4500,5500,data/processed/sub-mit003/trials/sub-mit003_trial-07_eeg.fif,pass,low,high,LVHA,0.045454545454545456,18.0,22.0,1000,250,1.0,8.03,True,low,True,high,True,LVHA
sub-mit003_trial-07_window-011,sub-mit003,modeling_primary,7,sub-mit003_trial-07,11,5000,6000,data/processed/sub-mit003/trials/sub-mit003_trial-07_eeg.fif,pass,low,high,LVHA,0.045454545454545456,20.0,24.0,1000,250,1.0,8.03,True,low,True,high,True,LVHA
sub-mit003_trial-07_window-012,sub-mit003,modeling_primary,7,sub-mit003_trial-07,12,5500,6500,data/processed/sub-mit003/trials/sub-mit003_trial-07_eeg.fif,pass,low,high,LVHA,0.045454545454545456,22.0,26.0,1000,250,1.0,8.03,True,low,True,high,True,LVHA
sub-mit003_trial-07_window-013,sub-mit003,modeling_primary,7,sub-mit003_trial-07,13,6000,7000,data/processed/sub-mit003/trials/sub-mit003_trial-07_eeg.fif,pass,low,high,LVHA,0.045454545454545456,24.0,28.0,1000,250,1.0,8.03,True,low,True,high,True,LVHA
sub-mit003_trial-07_window-014,sub-mit003,modeling_primary,7,sub-mit003_trial-07,14,6500,7500,data/processed/sub-mit003/trials/sub-mit003_trial-07_eeg.fif,pass,low,high,LVHA,0.045454545454545456,26.0,30.0,1000,250,1.0,8.03,True,low,True,high,True,LVHA
sub-mit003_trial-07_window-016,sub-mit003,modeling_primary,7,sub-mit003_trial-07,16,7500,8500,data/processed/sub-mit003/trials/sub-mit003_trial-07_eeg.fif,pass,low,high,LVHA,0.045454545454545456,30.0,34.0,1000,250,1.0,8.03,True,low,True,high,True,LVHA
sub-mit003_trial-07_window-017,sub-mit003,modeling_primary,7,sub-mit003_trial-07,17,8000,9000,data/processed/sub-mit003/trials/sub-mit003_trial-07_eeg.fif,pass,low,high,LVHA,0.045454545454545456,32.0,36.0,1000,250,1.0,8.03,True,low,True,high,True,LVHA
sub-mit003_trial-07_window-019,sub-mit003,modeling_primary,7,sub-mit003_trial-07,19,9000,10000,data/processed/sub-mit003/trials/sub-mit003_trial-07_eeg.fif,pass,low,high,LVHA,0.045454545454545456,36.0,40.0,1000,250,1.0,8.03,True,low,True,high,True,LVHA
sub-mit003_trial-07_window-020,sub-mit003,modeling_primary,7,sub-mit003_trial-07,20,9500,10500,data/processed/sub-mit003/trials/sub-mit003_trial-07_eeg.fif,pass,low,high,LVHA,0.045454545454545456,38.0,42.0,1000,250,1.0,8.03,True,low,True,high,True,LVHA
sub-mit003_trial-07_window-021,sub-mit003,modeling_primary,7,sub-mit003_trial-07,21,10000,11000,data/processed/sub-mit003/trials/sub-mit003_trial-07_eeg.fif,pass,low,high,LVHA,0.045454545454545456,40.0,44.0,1000,250,1.0,8.03,True,low,True,high,True,LVHA
sub-mit003_trial-07_window-024,sub-mit003,modeling_primary,7,sub-mit003_trial-07,24,11500,12500,data/processed/sub-mit003/trials/sub-mit003_trial-07_eeg.fif,pass,low,high,LVHA,0.045454545454545456,46.0,50.0,1000,250,1.0,8.03,True,low,True,high,True,LVHA
sub-mit003_trial-07_window-025,sub-mit003,modeling_primary,7,sub-mit003_trial-07,25,12000,13000,data/processed/sub-mit003/trials/sub-mit003_trial-07_eeg.fif,pass,low,high,LVHA,0.045454545454545456,48.0,52.0,1000,250,1.0,8.03,True,low,True,high,True,LVHA
sub-mit003_trial-07_window-026,sub-mit003,modeling_primary,7,sub-mit003_trial-07,26,12500,13500,data/processed/sub-mit003/trials/sub-mit003_trial-07_eeg.fif,pass,low,high,LVHA,0.045454545454545456,50.0,54.0,1000,250,1.0,8.03,True,low,True,high,True,LVHA
sub-mit003_trial-07_window-027,sub-mit003,modeling_primary,7,sub-mit003_trial-07,27,13000,14000,data/processed/sub-mit003/trials/sub-mit003_trial-07_eeg.fif,pass,low,high,LVHA,0.045454545454545456,52.0,56.0,1000,250,1.0,8.03,True,low,True,high,True,LVHA
sub-mit003_trial-07_window-028,sub-mit003,modeling_primary,7,sub-mit003_trial-07,28,13500,14500,data/processed/sub-mit003/trials/sub-mit003_trial-07_eeg.fif,pass,low,high,LVHA,0.045454545454545456,54.0,58.0,1000,250,1.0,8.03,True,low,True,high,True,LVHA
sub-mit003_trial-07_window-029,sub-mit003,modeling_primary,7,sub-mit003_trial-07,29,14000,15000,data/processed/sub-mit003/trials/sub-mit003_trial-07_eeg.fif,pass,low,high,LVHA,0.045454545454545456,56.0,60.0,1000,250,1.0,8.03,True,low,True,high,True,LVHA
sub-mit003_trial-08_window-001,sub-mit003,modeling_primary,8,sub-mit003_trial-08,1,0,1000,data/processed/sub-mit003/trials/sub-mit003_trial-08_eeg.fif,pass,high,high,HVHA,0.05555555555555555,0.0,4.0,1000,250,6.06,7.01,True,high,True,high,True,HVHA
sub-mit003_trial-08_window-009,sub-mit003,modeling_primary,8,sub-mit003_trial-08,9,4000,5000,data/processed/sub-mit003/trials/sub-mit003_trial-08_eeg.fif,pass,high,high,HVHA,0.05555555555555555,16.0,20.0,1000,250,6.06,7.01,True,high,True,high,True,HVHA
sub-mit003_trial-08_window-010,sub-mit003,modeling_primary,8,sub-mit003_trial-08,10,4500,5500,data/processed/sub-mit003/trials/sub-mit003_trial-08_eeg.fif,pass,high,high,HVHA,0.05555555555555555,18.0,22.0,1000,250,6.06,7.01,True,high,True,high,True,HVHA
sub-mit003_trial-08_window-011,sub-mit003,modeling_primary,8,sub-mit003_trial-08,11,5000,6000,data/processed/sub-mit003/trials/sub-mit003_trial-08_eeg.fif,pass,high,high,HVHA,0.05555555555555555,20.0,24.0,1000,250,6.06,7.01,True,high,True,high,True,HVHA
sub-mit003_trial-08_window-012,sub-mit003,modeling_primary,8,sub-mit003_trial-08,12,5500,6500,data/processed/sub-mit003/trials/sub-mit003_trial-08_eeg.fif,pass,high,high,HVHA,0.05555555555555555,22.0,26.0,1000,250,6.06,7.01,True,high,True,high,True,HVHA
sub-mit003_trial-08_window-013,sub-mit003,modeling_primary,8,sub-mit003_trial-08,13,6000,7000,data/processed/sub-mit003/trials/sub-mit003_trial-08_eeg.fif,pass,high,high,HVHA,0.05555555555555555,24.0,28.0,1000,250,6.06,7.01,True,high,True,high,True,HVHA
sub-mit003_trial-08_window-014,sub-mit003,modeling_primary,8,sub-mit003_trial-08,14,6500,7500,data/processed/sub-mit003/trials/sub-mit003_trial-08_eeg.fif,pass,high,high,HVHA,0.05555555555555555,26.0,30.0,1000,250,6.06,7.01,True,high,True,high,True,HVHA
sub-mit003_trial-08_window-017,sub-mit003,modeling_primary,8,sub-mit003_trial-08,17,8000,9000,data/processed/sub-mit003/trials/sub-mit003_trial-08_eeg.fif,pass,high,high,HVHA,0.05555555555555555,32.0,36.0,1000,250,6.06,7.01,True,high,True,high,True,HVHA
sub-mit003_trial-08_window-018,sub-mit003,modeling_primary,8,sub-mit003_trial-08,18,8500,9500,data/processed/sub-mit003/trials/sub-mit003_trial-08_eeg.fif,pass,high,high,HVHA,0.05555555555555555,34.0,38.0,1000,250,6.06,7.01,True,high,True,high,True,HVHA
sub-mit003_trial-08_window-019,sub-mit003,modeling_primary,8,sub-mit003_trial-08,19,9000,10000,data/processed/sub-mit003/trials/sub-mit003_trial-08_eeg.fif,pass,high,high,HVHA,0.05555555555555555,36.0,40.0,1000,250,6.06,7.01,True,high,True,high,True,HVHA
sub-mit003_trial-08_window-020,sub-mit003,modeling_primary,8,sub-mit003_trial-08,20,9500,10500,data/processed/sub-mit003/trials/sub-mit003_trial-08_eeg.fif,pass,high,high,HVHA,0.05555555555555555,38.0,42.0,1000,250,6.06,7.01,True,high,True,high,True,HVHA
sub-mit003_trial-08_window-021,sub-mit003,modeling_primary,8,sub-mit003_trial-08,21,10000,11000,data/processed/sub-mit003/trials/sub-mit003_trial-08_eeg.fif,pass,high,high,HVHA,0.05555555555555555,40.0,44.0,1000,250,6.06,7.01,True,high,True,high,True,HVHA
sub-mit003_trial-08_window-022,sub-mit003,modeling_primary,8,sub-mit003_trial-08,22,10500,11500,data/processed/sub-mit003/trials/sub-mit003_trial-08_eeg.fif,pass,high,high,HVHA,0.05555555555555555,42.0,46.0,1000,250,6.06,7.01,True,high,True,high,True,HVHA
sub-mit003_trial-08_window-025,sub-mit003,modeling_primary,8,sub-mit003_trial-08,25,12000,13000,data/processed/sub-mit003/trials/sub-mit003_trial-08_eeg.fif,pass,high,high,HVHA,0.05555555555555555,48.0,52.0,1000,250,6.06,7.01,True,high,True,high,True,HVHA
sub-mit003_trial-08_window-026,sub-mit003,modeling_primary,8,sub-mit003_trial-08,26,12500,13500,data/processed/sub-mit003/trials/sub-mit003_trial-08_eeg.fif,pass,high,high,HVHA,0.05555555555555555,50.0,54.0,1000,250,6.06,7.01,True,high,True,high,True,HVHA
sub-mit003_trial-08_window-027,sub-mit003,modeling_primary,8,sub-mit003_trial-08,27,13000,14000,data/processed/sub-mit003/trials/sub-mit003_trial-08_eeg.fif,pass,high,high,HVHA,0.05555555555555555,52.0,56.0,1000,250,6.06,7.01,True,high,True,high,True,HVHA
sub-mit003_trial-08_window-028,sub-mit003,modeling_primary,8,sub-mit003_trial-08,28,13500,14500,data/processed/sub-mit003/trials/sub-mit003_trial-08_eeg.fif,pass,high,high,HVHA,0.05555555555555555,54.0,58.0,1000,250,6.06,7.01,True,high,True,high,True,HVHA
sub-mit003_trial-08_window-029,sub-mit003,modeling_primary,8,sub-mit003_trial-08,29,14000,15000,data/processed/sub-mit003/trials/sub-mit003_trial-08_eeg.fif,pass,high,high,HVHA,0.05555555555555555,56.0,60.0,1000,250,6.06,7.01,True,high,True,high,True,HVHA
sub-mit003_trial-09_window-001,sub-mit003,modeling_primary,9,sub-mit003_trial-09,1,0,1000,data/processed/sub-mit003/trials/sub-mit003_trial-09_eeg.fif,pass,low,high,LVHA,0.05555555555555555,0.0,4.0,1000,250,3.07,6.87,True,low,True,high,True,LVHA
sub-mit003_trial-09_window-002,sub-mit003,modeling_primary,9,sub-mit003_trial-09,2,500,1500,data/processed/sub-mit003/trials/sub-mit003_trial-09_eeg.fif,pass,low,high,LVHA,0.05555555555555555,2.0,6.0,1000,250,3.07,6.87,True,low,True,high,True,LVHA
sub-mit003_trial-09_window-008,sub-mit003,modeling_primary,9,sub-mit003_trial-09,8,3500,4500,data/processed/sub-mit003/trials/sub-mit003_trial-09_eeg.fif,pass,low,high,LVHA,0.05555555555555555,14.0,18.0,1000,250,3.07,6.87,True,low,True,high,True,LVHA
sub-mit003_trial-09_window-010,sub-mit003,modeling_primary,9,sub-mit003_trial-09,10,4500,5500,data/processed/sub-mit003/trials/sub-mit003_trial-09_eeg.fif,pass,low,high,LVHA,0.05555555555555555,18.0,22.0,1000,250,3.07,6.87,True,low,True,high,True,LVHA
sub-mit003_trial-09_window-014,sub-mit003,modeling_primary,9,sub-mit003_trial-09,14,6500,7500,data/processed/sub-mit003/trials/sub-mit003_trial-09_eeg.fif,pass,low,high,LVHA,0.05555555555555555,26.0,30.0,1000,250,3.07,6.87,True,low,True,high,True,LVHA
sub-mit003_trial-09_window-016,sub-mit003,modeling_primary,9,sub-mit003_trial-09,16,7500,8500,data/processed/sub-mit003/trials/sub-mit003_trial-09_eeg.fif,pass,low,high,LVHA,0.05555555555555555,30.0,34.0,1000,250,3.07,6.87,True,low,True,high,True,LVHA
sub-mit003_trial-09_window-017,sub-mit003,modeling_primary,9,sub-mit003_trial-09,17,8000,9000,data/processed/sub-mit003/trials/sub-mit003_trial-09_eeg.fif,pass,low,high,LVHA,0.05555555555555555,32.0,36.0,1000,250,3.07,6.87,True,low,True,high,True,LVHA
sub-mit003_trial-09_window-018,sub-mit003,modeling_primary,9,sub-mit003_trial-09,18,8500,9500,data/processed/sub-mit003/trials/sub-mit003_trial-09_eeg.fif,pass,low,high,LVHA,0.05555555555555555,34.0,38.0,1000,250,3.07,6.87,True,low,True,high,True,LVHA
sub-mit003_trial-09_window-019,sub-mit003,modeling_primary,9,sub-mit003_trial-09,19,9000,10000,data/processed/sub-mit003/trials/sub-mit003_trial-09_eeg.fif,pass,low,high,LVHA,0.05555555555555555,36.0,40.0,1000,250,3.07,6.87,True,low,True,high,True,LVHA
sub-mit003_trial-09_window-020,sub-mit003,modeling_primary,9,sub-mit003_trial-09,20,9500,10500,data/processed/sub-mit003/trials/sub-mit003_trial-09_eeg.fif,pass,low,high,LVHA,0.05555555555555555,38.0,42.0,1000,250,3.07,6.87,True,low,True,high,True,LVHA
sub-mit003_trial-09_window-021,sub-mit003,modeling_primary,9,sub-mit003_trial-09,21,10000,11000,data/processed/sub-mit003/trials/sub-mit003_trial-09_eeg.fif,pass,low,high,LVHA,0.05555555555555555,40.0,44.0,1000,250,3.07,6.87,True,low,True,high,True,LVHA
sub-mit003_trial-09_window-023,sub-mit003,modeling_primary,9,sub-mit003_trial-09,23,11000,12000,data/processed/sub-mit003/trials/sub-mit003_trial-09_eeg.fif,pass,low,high,LVHA,0.05555555555555555,44.0,48.0,1000,250,3.07,6.87,True,low,True,high,True,LVHA
sub-mit003_trial-09_window-024,sub-mit003,modeling_primary,9,sub-mit003_trial-09,24,11500,12500,data/processed/sub-mit003/trials/sub-mit003_trial-09_eeg.fif,pass,low,high,LVHA,0.05555555555555555,46.0,50.0,1000,250,3.07,6.87,True,low,True,high,True,LVHA
sub-mit003_trial-09_window-025,sub-mit003,modeling_primary,9,sub-mit003_trial-09,25,12000,13000,data/processed/sub-mit003/trials/sub-mit003_trial-09_eeg.fif,pass,low,high,LVHA,0.05555555555555555,48.0,52.0,1000,250,3.07,6.87,True,low,True,high,True,LVHA
sub-mit003_trial-09_window-026,sub-mit003,modeling_primary,9,sub-mit003_trial-09,26,12500,13500,data/processed/sub-mit003/trials/sub-mit003_trial-09_eeg.fif,pass,low,high,LVHA,0.05555555555555555,50.0,54.0,1000,250,3.07,6.87,True,low,True,high,True,LVHA
sub-mit003_trial-09_window-027,sub-mit003,modeling_primary,9,sub-mit003_trial-09,27,13000,14000,data/processed/sub-mit003/trials/sub-mit003_trial-09_eeg.fif,pass,low,high,LVHA,0.05555555555555555,52.0,56.0,1000,250,3.07,6.87,True,low,True,high,True,LVHA
sub-mit003_trial-09_window-028,sub-mit003,modeling_primary,9,sub-mit003_trial-09,28,13500,14500,data/processed/sub-mit003/trials/sub-mit003_trial-09_eeg.fif,pass,low,high,LVHA,0.05555555555555555,54.0,58.0,1000,250,3.07,6.87,True,low,True,high,True,LVHA
sub-mit003_trial-09_window-029,sub-mit003,modeling_primary,9,sub-mit003_trial-09,29,14000,15000,data/processed/sub-mit003/trials/sub-mit003_trial-09_eeg.fif,pass,low,high,LVHA,0.05555555555555555,56.0,60.0,1000,250,3.07,6.87,True,low,True,high,True,LVHA
sub-mit003_trial-10_window-001,sub-mit003,modeling_primary,10,sub-mit003_trial-10,1,0,1000,data/processed/sub-mit003/trials/sub-mit003_trial-10_eeg.fif,pass,low,high,LVHA,0.07142857142857142,0.0,4.0,1000,250,1.0,9.0,True,low,True,high,True,LVHA
sub-mit003_trial-10_window-006,sub-mit003,modeling_primary,10,sub-mit003_trial-10,6,2500,3500,data/processed/sub-mit003/trials/sub-mit003_trial-10_eeg.fif,pass,low,high,LVHA,0.07142857142857142,10.0,14.0,1000,250,1.0,9.0,True,low,True,high,True,LVHA
sub-mit003_trial-10_window-008,sub-mit003,modeling_primary,10,sub-mit003_trial-10,8,3500,4500,data/processed/sub-mit003/trials/sub-mit003_trial-10_eeg.fif,pass,low,high,LVHA,0.07142857142857142,14.0,18.0,1000,250,1.0,9.0,True,low,True,high,True,LVHA
sub-mit003_trial-10_window-009,sub-mit003,modeling_primary,10,sub-mit003_trial-10,9,4000,5000,data/processed/sub-mit003/trials/sub-mit003_trial-10_eeg.fif,pass,low,high,LVHA,0.07142857142857142,16.0,20.0,1000,250,1.0,9.0,True,low,True,high,True,LVHA
sub-mit003_trial-10_window-010,sub-mit003,modeling_primary,10,sub-mit003_trial-10,10,4500,5500,data/processed/sub-mit003/trials/sub-mit003_trial-10_eeg.fif,pass,low,high,LVHA,0.07142857142857142,18.0,22.0,1000,250,1.0,9.0,True,low,True,high,True,LVHA
sub-mit003_trial-10_window-015,sub-mit003,modeling_primary,10,sub-mit003_trial-10,15,7000,8000,data/processed/sub-mit003/trials/sub-mit003_trial-10_eeg.fif,pass,low,high,LVHA,0.07142857142857142,28.0,32.0,1000,250,1.0,9.0,True,low,True,high,True,LVHA
sub-mit003_trial-10_window-016,sub-mit003,modeling_primary,10,sub-mit003_trial-10,16,7500,8500,data/processed/sub-mit003/trials/sub-mit003_trial-10_eeg.fif,pass,low,high,LVHA,0.07142857142857142,30.0,34.0,1000,250,1.0,9.0,True,low,True,high,True,LVHA
sub-mit003_trial-10_window-017,sub-mit003,modeling_primary,10,sub-mit003_trial-10,17,8000,9000,data/processed/sub-mit003/trials/sub-mit003_trial-10_eeg.fif,pass,low,high,LVHA,0.07142857142857142,32.0,36.0,1000,250,1.0,9.0,True,low,True,high,True,LVHA
sub-mit003_trial-10_window-018,sub-mit003,modeling_primary,10,sub-mit003_trial-10,18,8500,9500,data/processed/sub-mit003/trials/sub-mit003_trial-10_eeg.fif,pass,low,high,LVHA,0.07142857142857142,34.0,38.0,1000,250,1.0,9.0,True,low,True,high,True,LVHA
sub-mit003_trial-10_window-021,sub-mit003,modeling_primary,10,sub-mit003_trial-10,21,10000,11000,data/processed/sub-mit003/trials/sub-mit003_trial-10_eeg.fif,pass,low,high,LVHA,0.07142857142857142,40.0,44.0,1000,250,1.0,9.0,True,low,True,high,True,LVHA
sub-mit003_trial-10_window-022,sub-mit003,modeling_primary,10,sub-mit003_trial-10,22,10500,11500,data/processed/sub-mit003/trials/sub-mit003_trial-10_eeg.fif,pass,low,high,LVHA,0.07142857142857142,42.0,46.0,1000,250,1.0,9.0,True,low,True,high,True,LVHA
sub-mit003_trial-10_window-026,sub-mit003,modeling_primary,10,sub-mit003_trial-10,26,12500,13500,data/processed/sub-mit003/trials/sub-mit003_trial-10_eeg.fif,pass,low,high,LVHA,0.07142857142857142,50.0,54.0,1000,250,1.0,9.0,True,low,True,high,True,LVHA
sub-mit003_trial-10_window-027,sub-mit003,modeling_primary,10,sub-mit003_trial-10,27,13000,14000,data/processed/sub-mit003/trials/sub-mit003_trial-10_eeg.fif,pass,low,high,LVHA,0.07142857142857142,52.0,56.0,1000,250,1.0,9.0,True,low,True,high,True,LVHA
sub-mit003_trial-10_window-028,sub-mit003,modeling_primary,10,sub-mit003_trial-10,28,13500,14500,data/processed/sub-mit003/trials/sub-mit003_trial-10_eeg.fif,pass,low,high,LVHA,0.07142857142857142,54.0,58.0,1000,250,1.0,9.0,True,low,True,high,True,LVHA
sub-mit004_trial-01_window-002,sub-mit004,modeling_primary,1,sub-mit004_trial-01,2,500,1500,data/processed/sub-mit004/trials/sub-mit004_trial-01_eeg.fif,pass,low,high,LVHA,0.08333333333333333,2.0,6.0,1000,250,4.9,6.06,True,low,True,high,True,LVHA
sub-mit004_trial-01_window-003,sub-mit004,modeling_primary,1,sub-mit004_trial-01,3,1000,2000,data/processed/sub-mit004/trials/sub-mit004_trial-01_eeg.fif,pass,low,high,LVHA,0.08333333333333333,4.0,8.0,1000,250,4.9,6.06,True,low,True,high,True,LVHA
sub-mit004_trial-01_window-009,sub-mit004,modeling_primary,1,sub-mit004_trial-01,9,4000,5000,data/processed/sub-mit004/trials/sub-mit004_trial-01_eeg.fif,pass,low,high,LVHA,0.08333333333333333,16.0,20.0,1000,250,4.9,6.06,True,low,True,high,True,LVHA
sub-mit004_trial-01_window-010,sub-mit004,modeling_primary,1,sub-mit004_trial-01,10,4500,5500,data/processed/sub-mit004/trials/sub-mit004_trial-01_eeg.fif,pass,low,high,LVHA,0.08333333333333333,18.0,22.0,1000,250,4.9,6.06,True,low,True,high,True,LVHA
sub-mit004_trial-01_window-011,sub-mit004,modeling_primary,1,sub-mit004_trial-01,11,5000,6000,data/processed/sub-mit004/trials/sub-mit004_trial-01_eeg.fif,pass,low,high,LVHA,0.08333333333333333,20.0,24.0,1000,250,4.9,6.06,True,low,True,high,True,LVHA
sub-mit004_trial-01_window-013,sub-mit004,modeling_primary,1,sub-mit004_trial-01,13,6000,7000,data/processed/sub-mit004/trials/sub-mit004_trial-01_eeg.fif,pass,low,high,LVHA,0.08333333333333333,24.0,28.0,1000,250,4.9,6.06,True,low,True,high,True,LVHA
sub-mit004_trial-01_window-017,sub-mit004,modeling_primary,1,sub-mit004_trial-01,17,8000,9000,data/processed/sub-mit004/trials/sub-mit004_trial-01_eeg.fif,pass,low,high,LVHA,0.08333333333333333,32.0,36.0,1000,250,4.9,6.06,True,low,True,high,True,LVHA
sub-mit004_trial-01_window-020,sub-mit004,modeling_primary,1,sub-mit004_trial-01,20,9500,10500,data/processed/sub-mit004/trials/sub-mit004_trial-01_eeg.fif,pass,low,high,LVHA,0.08333333333333333,38.0,42.0,1000,250,4.9,6.06,True,low,True,high,True,LVHA
sub-mit004_trial-01_window-023,sub-mit004,modeling_primary,1,sub-mit004_trial-01,23,11000,12000,data/processed/sub-mit004/trials/sub-mit004_trial-01_eeg.fif,pass,low,high,LVHA,0.08333333333333333,44.0,48.0,1000,250,4.9,6.06,True,low,True,high,True,LVHA
sub-mit004_trial-01_window-026,sub-mit004,modeling_primary,1,sub-mit004_trial-01,26,12500,13500,data/processed/sub-mit004/trials/sub-mit004_trial-01_eeg.fif,pass,low,high,LVHA,0.08333333333333333,50.0,54.0,1000,250,4.9,6.06,True,low,True,high,True,LVHA
sub-mit004_trial-01_window-027,sub-mit004,modeling_primary,1,sub-mit004_trial-01,27,13000,14000,data/processed/sub-mit004/trials/sub-mit004_trial-01_eeg.fif,pass,low,high,LVHA,0.08333333333333333,52.0,56.0,1000,250,4.9,6.06,True,low,True,high,True,LVHA
sub-mit004_trial-01_window-029,sub-mit004,modeling_primary,1,sub-mit004_trial-01,29,14000,15000,data/processed/sub-mit004/trials/sub-mit004_trial-01_eeg.fif,pass,low,high,LVHA,0.08333333333333333,56.0,60.0,1000,250,4.9,6.06,True,low,True,high,True,LVHA
sub-mit004_trial-03_window-002,sub-mit004,modeling_primary,3,sub-mit004_trial-03,2,500,1500,data/processed/sub-mit004/trials/sub-mit004_trial-03_eeg.fif,pass,high,high,HVHA,0.09090909090909091,2.0,6.0,1000,250,7.95,5.96,True,high,True,high,True,HVHA
sub-mit004_trial-03_window-003,sub-mit004,modeling_primary,3,sub-mit004_trial-03,3,1000,2000,data/processed/sub-mit004/trials/sub-mit004_trial-03_eeg.fif,pass,high,high,HVHA,0.09090909090909091,4.0,8.0,1000,250,7.95,5.96,True,high,True,high,True,HVHA
sub-mit004_trial-03_window-004,sub-mit004,modeling_primary,3,sub-mit004_trial-03,4,1500,2500,data/processed/sub-mit004/trials/sub-mit004_trial-03_eeg.fif,pass,high,high,HVHA,0.09090909090909091,6.0,10.0,1000,250,7.95,5.96,True,high,True,high,True,HVHA
sub-mit004_trial-03_window-005,sub-mit004,modeling_primary,3,sub-mit004_trial-03,5,2000,3000,data/processed/sub-mit004/trials/sub-mit004_trial-03_eeg.fif,pass,high,high,HVHA,0.09090909090909091,8.0,12.0,1000,250,7.95,5.96,True,high,True,high,True,HVHA
sub-mit004_trial-03_window-006,sub-mit004,modeling_primary,3,sub-mit004_trial-03,6,2500,3500,data/processed/sub-mit004/trials/sub-mit004_trial-03_eeg.fif,pass,high,high,HVHA,0.09090909090909091,10.0,14.0,1000,250,7.95,5.96,True,high,True,high,True,HVHA
sub-mit004_trial-03_window-007,sub-mit004,modeling_primary,3,sub-mit004_trial-03,7,3000,4000,data/processed/sub-mit004/trials/sub-mit004_trial-03_eeg.fif,pass,high,high,HVHA,0.09090909090909091,12.0,16.0,1000,250,7.95,5.96,True,high,True,high,True,HVHA
sub-mit004_trial-03_window-008,sub-mit004,modeling_primary,3,sub-mit004_trial-03,8,3500,4500,data/processed/sub-mit004/trials/sub-mit004_trial-03_eeg.fif,pass,high,high,HVHA,0.09090909090909091,14.0,18.0,1000,250,7.95,5.96,True,high,True,high,True,HVHA
sub-mit004_trial-03_window-014,sub-mit004,modeling_primary,3,sub-mit004_trial-03,14,6500,7500,data/processed/sub-mit004/trials/sub-mit004_trial-03_eeg.fif,pass,high,high,HVHA,0.09090909090909091,26.0,30.0,1000,250,7.95,5.96,True,high,True,high,True,HVHA
sub-mit004_trial-03_window-015,sub-mit004,modeling_primary,3,sub-mit004_trial-03,15,7000,8000,data/processed/sub-mit004/trials/sub-mit004_trial-03_eeg.fif,pass,high,high,HVHA,0.09090909090909091,28.0,32.0,1000,250,7.95,5.96,True,high,True,high,True,HVHA
sub-mit004_trial-03_window-016,sub-mit004,modeling_primary,3,sub-mit004_trial-03,16,7500,8500,data/processed/sub-mit004/trials/sub-mit004_trial-03_eeg.fif,pass,high,high,HVHA,0.09090909090909091,30.0,34.0,1000,250,7.95,5.96,True,high,True,high,True,HVHA
sub-mit004_trial-03_window-020,sub-mit004,modeling_primary,3,sub-mit004_trial-03,20,9500,10500,data/processed/sub-mit004/trials/sub-mit004_trial-03_eeg.fif,pass,high,high,HVHA,0.09090909090909091,38.0,42.0,1000,250,7.95,5.96,True,high,True,high,True,HVHA
sub-mit004_trial-05_window-002,sub-mit004,modeling_primary,5,sub-mit004_trial-05,2,500,1500,data/processed/sub-mit004/trials/sub-mit004_trial-05_eeg.fif,pass,low,high,LVHA,0.1111111111111111,2.0,6.0,1000,250,2.07,7.33,True,low,True,high,True,LVHA
sub-mit004_trial-05_window-013,sub-mit004,modeling_primary,5,sub-mit004_trial-05,13,6000,7000,data/processed/sub-mit004/trials/sub-mit004_trial-05_eeg.fif,pass,low,high,LVHA,0.1111111111111111,24.0,28.0,1000,250,2.07,7.33,True,low,True,high,True,LVHA
sub-mit004_trial-05_window-014,sub-mit004,modeling_primary,5,sub-mit004_trial-05,14,6500,7500,data/processed/sub-mit004/trials/sub-mit004_trial-05_eeg.fif,pass,low,high,LVHA,0.1111111111111111,26.0,30.0,1000,250,2.07,7.33,True,low,True,high,True,LVHA
sub-mit004_trial-05_window-015,sub-mit004,modeling_primary,5,sub-mit004_trial-05,15,7000,8000,data/processed/sub-mit004/trials/sub-mit004_trial-05_eeg.fif,pass,low,high,LVHA,0.1111111111111111,28.0,32.0,1000,250,2.07,7.33,True,low,True,high,True,LVHA
sub-mit004_trial-05_window-016,sub-mit004,modeling_primary,5,sub-mit004_trial-05,16,7500,8500,data/processed/sub-mit004/trials/sub-mit004_trial-05_eeg.fif,pass,low,high,LVHA,0.1111111111111111,30.0,34.0,1000,250,2.07,7.33,True,low,True,high,True,LVHA
sub-mit004_trial-05_window-025,sub-mit004,modeling_primary,5,sub-mit004_trial-05,25,12000,13000,data/processed/sub-mit004/trials/sub-mit004_trial-05_eeg.fif,pass,low,high,LVHA,0.1111111111111111,48.0,52.0,1000,250,2.07,7.33,True,low,True,high,True,LVHA
sub-mit004_trial-05_window-026,sub-mit004,modeling_primary,5,sub-mit004_trial-05,26,12500,13500,data/processed/sub-mit004/trials/sub-mit004_trial-05_eeg.fif,pass,low,high,LVHA,0.1111111111111111,50.0,54.0,1000,250,2.07,7.33,True,low,True,high,True,LVHA
sub-mit004_trial-05_window-027,sub-mit004,modeling_primary,5,sub-mit004_trial-05,27,13000,14000,data/processed/sub-mit004/trials/sub-mit004_trial-05_eeg.fif,pass,low,high,LVHA,0.1111111111111111,52.0,56.0,1000,250,2.07,7.33,True,low,True,high,True,LVHA
sub-mit004_trial-05_window-028,sub-mit004,modeling_primary,5,sub-mit004_trial-05,28,13500,14500,data/processed/sub-mit004/trials/sub-mit004_trial-05_eeg.fif,pass,low,high,LVHA,0.1111111111111111,54.0,58.0,1000,250,2.07,7.33,True,low,True,high,True,LVHA
sub-mit004_trial-07_window-002,sub-mit004,modeling_primary,7,sub-mit004_trial-07,2,500,1500,data/processed/sub-mit004/trials/sub-mit004_trial-07_eeg.fif,pass,low,high,LVHA,0.09090909090909091,2.0,6.0,1000,250,3.61,5.93,True,low,True,high,True,LVHA
sub-mit004_trial-07_window-003,sub-mit004,modeling_primary,7,sub-mit004_trial-07,3,1000,2000,data/processed/sub-mit004/trials/sub-mit004_trial-07_eeg.fif,pass,low,high,LVHA,0.09090909090909091,4.0,8.0,1000,250,3.61,5.93,True,low,True,high,True,LVHA
sub-mit004_trial-07_window-004,sub-mit004,modeling_primary,7,sub-mit004_trial-07,4,1500,2500,data/processed/sub-mit004/trials/sub-mit004_trial-07_eeg.fif,pass,low,high,LVHA,0.09090909090909091,6.0,10.0,1000,250,3.61,5.93,True,low,True,high,True,LVHA
sub-mit004_trial-07_window-005,sub-mit004,modeling_primary,7,sub-mit004_trial-07,5,2000,3000,data/processed/sub-mit004/trials/sub-mit004_trial-07_eeg.fif,pass,low,high,LVHA,0.09090909090909091,8.0,12.0,1000,250,3.61,5.93,True,low,True,high,True,LVHA
sub-mit004_trial-07_window-006,sub-mit004,modeling_primary,7,sub-mit004_trial-07,6,2500,3500,data/processed/sub-mit004/trials/sub-mit004_trial-07_eeg.fif,pass,low,high,LVHA,0.09090909090909091,10.0,14.0,1000,250,3.61,5.93,True,low,True,high,True,LVHA
sub-mit004_trial-07_window-012,sub-mit004,modeling_primary,7,sub-mit004_trial-07,12,5500,6500,data/processed/sub-mit004/trials/sub-mit004_trial-07_eeg.fif,pass,low,high,LVHA,0.09090909090909091,22.0,26.0,1000,250,3.61,5.93,True,low,True,high,True,LVHA
sub-mit004_trial-07_window-018,sub-mit004,modeling_primary,7,sub-mit004_trial-07,18,8500,9500,data/processed/sub-mit004/trials/sub-mit004_trial-07_eeg.fif,pass,low,high,LVHA,0.09090909090909091,34.0,38.0,1000,250,3.61,5.93,True,low,True,high,True,LVHA
sub-mit004_trial-07_window-019,sub-mit004,modeling_primary,7,sub-mit004_trial-07,19,9000,10000,data/processed/sub-mit004/trials/sub-mit004_trial-07_eeg.fif,pass,low,high,LVHA,0.09090909090909091,36.0,40.0,1000,250,3.61,5.93,True,low,True,high,True,LVHA
sub-mit004_trial-07_window-020,sub-mit004,modeling_primary,7,sub-mit004_trial-07,20,9500,10500,data/processed/sub-mit004/trials/sub-mit004_trial-07_eeg.fif,pass,low,high,LVHA,0.09090909090909091,38.0,42.0,1000,250,3.61,5.93,True,low,True,high,True,LVHA
sub-mit004_trial-07_window-025,sub-mit004,modeling_primary,7,sub-mit004_trial-07,25,12000,13000,data/processed/sub-mit004/trials/sub-mit004_trial-07_eeg.fif,pass,low,high,LVHA,0.09090909090909091,48.0,52.0,1000,250,3.61,5.93,True,low,True,high,True,LVHA
sub-mit004_trial-07_window-026,sub-mit004,modeling_primary,7,sub-mit004_trial-07,26,12500,13500,data/processed/sub-mit004/trials/sub-mit004_trial-07_eeg.fif,pass,low,high,LVHA,0.09090909090909091,50.0,54.0,1000,250,3.61,5.93,True,low,True,high,True,LVHA
sub-mit004_trial-08_window-003,sub-mit004,modeling_primary,8,sub-mit004_trial-08,3,1000,2000,data/processed/sub-mit004/trials/sub-mit004_trial-08_eeg.fif,pass,high,high,HVHA,0.07692307692307693,4.0,8.0,1000,250,8.97,6.77,True,high,True,high,True,HVHA
sub-mit004_trial-08_window-004,sub-mit004,modeling_primary,8,sub-mit004_trial-08,4,1500,2500,data/processed/sub-mit004/trials/sub-mit004_trial-08_eeg.fif,pass,high,high,HVHA,0.07692307692307693,6.0,10.0,1000,250,8.97,6.77,True,high,True,high,True,HVHA
sub-mit004_trial-08_window-007,sub-mit004,modeling_primary,8,sub-mit004_trial-08,7,3000,4000,data/processed/sub-mit004/trials/sub-mit004_trial-08_eeg.fif,pass,high,high,HVHA,0.07692307692307693,12.0,16.0,1000,250,8.97,6.77,True,high,True,high,True,HVHA
sub-mit004_trial-08_window-008,sub-mit004,modeling_primary,8,sub-mit004_trial-08,8,3500,4500,data/processed/sub-mit004/trials/sub-mit004_trial-08_eeg.fif,pass,high,high,HVHA,0.07692307692307693,14.0,18.0,1000,250,8.97,6.77,True,high,True,high,True,HVHA
sub-mit004_trial-08_window-009,sub-mit004,modeling_primary,8,sub-mit004_trial-08,9,4000,5000,data/processed/sub-mit004/trials/sub-mit004_trial-08_eeg.fif,pass,high,high,HVHA,0.07692307692307693,16.0,20.0,1000,250,8.97,6.77,True,high,True,high,True,HVHA
sub-mit004_trial-08_window-014,sub-mit004,modeling_primary,8,sub-mit004_trial-08,14,6500,7500,data/processed/sub-mit004/trials/sub-mit004_trial-08_eeg.fif,pass,high,high,HVHA,0.07692307692307693,26.0,30.0,1000,250,8.97,6.77,True,high,True,high,True,HVHA
sub-mit004_trial-08_window-016,sub-mit004,modeling_primary,8,sub-mit004_trial-08,16,7500,8500,data/processed/sub-mit004/trials/sub-mit004_trial-08_eeg.fif,pass,high,high,HVHA,0.07692307692307693,30.0,34.0,1000,250,8.97,6.77,True,high,True,high,True,HVHA
sub-mit004_trial-08_window-017,sub-mit004,modeling_primary,8,sub-mit004_trial-08,17,8000,9000,data/processed/sub-mit004/trials/sub-mit004_trial-08_eeg.fif,pass,high,high,HVHA,0.07692307692307693,32.0,36.0,1000,250,8.97,6.77,True,high,True,high,True,HVHA
sub-mit004_trial-08_window-018,sub-mit004,modeling_primary,8,sub-mit004_trial-08,18,8500,9500,data/processed/sub-mit004/trials/sub-mit004_trial-08_eeg.fif,pass,high,high,HVHA,0.07692307692307693,34.0,38.0,1000,250,8.97,6.77,True,high,True,high,True,HVHA
sub-mit004_trial-08_window-019,sub-mit004,modeling_primary,8,sub-mit004_trial-08,19,9000,10000,data/processed/sub-mit004/trials/sub-mit004_trial-08_eeg.fif,pass,high,high,HVHA,0.07692307692307693,36.0,40.0,1000,250,8.97,6.77,True,high,True,high,True,HVHA
sub-mit004_trial-08_window-020,sub-mit004,modeling_primary,8,sub-mit004_trial-08,20,9500,10500,data/processed/sub-mit004/trials/sub-mit004_trial-08_eeg.fif,pass,high,high,HVHA,0.07692307692307693,38.0,42.0,1000,250,8.97,6.77,True,high,True,high,True,HVHA
sub-mit004_trial-08_window-028,sub-mit004,modeling_primary,8,sub-mit004_trial-08,28,13500,14500,data/processed/sub-mit004/trials/sub-mit004_trial-08_eeg.fif,pass,high,high,HVHA,0.07692307692307693,54.0,58.0,1000,250,8.97,6.77,True,high,True,high,True,HVHA
sub-mit004_trial-08_window-029,sub-mit004,modeling_primary,8,sub-mit004_trial-08,29,14000,15000,data/processed/sub-mit004/trials/sub-mit004_trial-08_eeg.fif,pass,high,high,HVHA,0.07692307692307693,56.0,60.0,1000,250,8.97,6.77,True,high,True,high,True,HVHA
sub-mit004_trial-10_window-002,sub-mit004,modeling_primary,10,sub-mit004_trial-10,2,500,1500,data/processed/sub-mit004/trials/sub-mit004_trial-10_eeg.fif,pass,low,high,LVHA,0.1,2.0,6.0,1000,250,2.24,5.23,True,low,True,high,True,LVHA
sub-mit004_trial-10_window-005,sub-mit004,modeling_primary,10,sub-mit004_trial-10,5,2000,3000,data/processed/sub-mit004/trials/sub-mit004_trial-10_eeg.fif,pass,low,high,LVHA,0.1,8.0,12.0,1000,250,2.24,5.23,True,low,True,high,True,LVHA
sub-mit004_trial-10_window-010,sub-mit004,modeling_primary,10,sub-mit004_trial-10,10,4500,5500,data/processed/sub-mit004/trials/sub-mit004_trial-10_eeg.fif,pass,low,high,LVHA,0.1,18.0,22.0,1000,250,2.24,5.23,True,low,True,high,True,LVHA
sub-mit004_trial-10_window-011,sub-mit004,modeling_primary,10,sub-mit004_trial-10,11,5000,6000,data/processed/sub-mit004/trials/sub-mit004_trial-10_eeg.fif,pass,low,high,LVHA,0.1,20.0,24.0,1000,250,2.24,5.23,True,low,True,high,True,LVHA
sub-mit004_trial-10_window-016,sub-mit004,modeling_primary,10,sub-mit004_trial-10,16,7500,8500,data/processed/sub-mit004/trials/sub-mit004_trial-10_eeg.fif,pass,low,high,LVHA,0.1,30.0,34.0,1000,250,2.24,5.23,True,low,True,high,True,LVHA
sub-mit004_trial-10_window-018,sub-mit004,modeling_primary,10,sub-mit004_trial-10,18,8500,9500,data/processed/sub-mit004/trials/sub-mit004_trial-10_eeg.fif,pass,low,high,LVHA,0.1,34.0,38.0,1000,250,2.24,5.23,True,low,True,high,True,LVHA
sub-mit004_trial-10_window-020,sub-mit004,modeling_primary,10,sub-mit004_trial-10,20,9500,10500,data/processed/sub-mit004/trials/sub-mit004_trial-10_eeg.fif,pass,low,high,LVHA,0.1,38.0,42.0,1000,250,2.24,5.23,True,low,True,high,True,LVHA
sub-mit004_trial-10_window-021,sub-mit004,modeling_primary,10,sub-mit004_trial-10,21,10000,11000,data/processed/sub-mit004/trials/sub-mit004_trial-10_eeg.fif,pass,low,high,LVHA,0.1,40.0,44.0,1000,250,2.24,5.23,True,low,True,high,True,LVHA
sub-mit004_trial-10_window-023,sub-mit004,modeling_primary,10,sub-mit004_trial-10,23,11000,12000,data/processed/sub-mit004/trials/sub-mit004_trial-10_eeg.fif,pass,low,high,LVHA,0.1,44.0,48.0,1000,250,2.24,5.23,True,low,True,high,True,LVHA
sub-mit004_trial-10_window-029,sub-mit004,modeling_primary,10,sub-mit004_trial-10,29,14000,15000,data/processed/sub-mit004/trials/sub-mit004_trial-10_eeg.fif,pass,low,high,LVHA,0.1,56.0,60.0,1000,250,2.24,5.23,True,low,True,high,True,LVHA
sub-mit004_trial-11_window-001,sub-mit004,modeling_primary,11,sub-mit004_trial-11,1,0,1000,data/processed/sub-mit004/trials/sub-mit004_trial-11_eeg.fif,pass,low,low,LVLA,0.0625,0.0,4.0,1000,250,2.09,4.9,True,low,True,low,True,LVLA
sub-mit004_trial-11_window-005,sub-mit004,modeling_primary,11,sub-mit004_trial-11,5,2000,3000,data/processed/sub-mit004/trials/sub-mit004_trial-11_eeg.fif,pass,low,low,LVLA,0.0625,8.0,12.0,1000,250,2.09,4.9,True,low,True,low,True,LVLA
sub-mit004_trial-11_window-006,sub-mit004,modeling_primary,11,sub-mit004_trial-11,6,2500,3500,data/processed/sub-mit004/trials/sub-mit004_trial-11_eeg.fif,pass,low,low,LVLA,0.0625,10.0,14.0,1000,250,2.09,4.9,True,low,True,low,True,LVLA
sub-mit004_trial-11_window-007,sub-mit004,modeling_primary,11,sub-mit004_trial-11,7,3000,4000,data/processed/sub-mit004/trials/sub-mit004_trial-11_eeg.fif,pass,low,low,LVLA,0.0625,12.0,16.0,1000,250,2.09,4.9,True,low,True,low,True,LVLA
sub-mit004_trial-11_window-008,sub-mit004,modeling_primary,11,sub-mit004_trial-11,8,3500,4500,data/processed/sub-mit004/trials/sub-mit004_trial-11_eeg.fif,pass,low,low,LVLA,0.0625,14.0,18.0,1000,250,2.09,4.9,True,low,True,low,True,LVLA
sub-mit004_trial-11_window-009,sub-mit004,modeling_primary,11,sub-mit004_trial-11,9,4000,5000,data/processed/sub-mit004/trials/sub-mit004_trial-11_eeg.fif,pass,low,low,LVLA,0.0625,16.0,20.0,1000,250,2.09,4.9,True,low,True,low,True,LVLA
sub-mit004_trial-11_window-010,sub-mit004,modeling_primary,11,sub-mit004_trial-11,10,4500,5500,data/processed/sub-mit004/trials/sub-mit004_trial-11_eeg.fif,pass,low,low,LVLA,0.0625,18.0,22.0,1000,250,2.09,4.9,True,low,True,low,True,LVLA
sub-mit004_trial-11_window-014,sub-mit004,modeling_primary,11,sub-mit004_trial-11,14,6500,7500,data/processed/sub-mit004/trials/sub-mit004_trial-11_eeg.fif,pass,low,low,LVLA,0.0625,26.0,30.0,1000,250,2.09,4.9,True,low,True,low,True,LVLA
sub-mit004_trial-11_window-015,sub-mit004,modeling_primary,11,sub-mit004_trial-11,15,7000,8000,data/processed/sub-mit004/trials/sub-mit004_trial-11_eeg.fif,pass,low,low,LVLA,0.0625,28.0,32.0,1000,250,2.09,4.9,True,low,True,low,True,LVLA
sub-mit004_trial-11_window-018,sub-mit004,modeling_primary,11,sub-mit004_trial-11,18,8500,9500,data/processed/sub-mit004/trials/sub-mit004_trial-11_eeg.fif,pass,low,low,LVLA,0.0625,34.0,38.0,1000,250,2.09,4.9,True,low,True,low,True,LVLA
sub-mit004_trial-11_window-019,sub-mit004,modeling_primary,11,sub-mit004_trial-11,19,9000,10000,data/processed/sub-mit004/trials/sub-mit004_trial-11_eeg.fif,pass,low,low,LVLA,0.0625,36.0,40.0,1000,250,2.09,4.9,True,low,True,low,True,LVLA
sub-mit004_trial-11_window-020,sub-mit004,modeling_primary,11,sub-mit004_trial-11,20,9500,10500,data/processed/sub-mit004/trials/sub-mit004_trial-11_eeg.fif,pass,low,low,LVLA,0.0625,38.0,42.0,1000,250,2.09,4.9,True,low,True,low,True,LVLA
sub-mit004_trial-11_window-021,sub-mit004,modeling_primary,11,sub-mit004_trial-11,21,10000,11000,data/processed/sub-mit004/trials/sub-mit004_trial-11_eeg.fif,pass,low,low,LVLA,0.0625,40.0,44.0,1000,250,2.09,4.9,True,low,True,low,True,LVLA
sub-mit004_trial-11_window-022,sub-mit004,modeling_primary,11,sub-mit004_trial-11,22,10500,11500,data/processed/sub-mit004/trials/sub-mit004_trial-11_eeg.fif,pass,low,low,LVLA,0.0625,42.0,46.0,1000,250,2.09,4.9,True,low,True,low,True,LVLA
sub-mit004_trial-11_window-023,sub-mit004,modeling_primary,11,sub-mit004_trial-11,23,11000,12000,data/processed/sub-mit004/trials/sub-mit004_trial-11_eeg.fif,pass,low,low,LVLA,0.0625,44.0,48.0,1000,250,2.09,4.9,True,low,True,low,True,LVLA
sub-mit004_trial-11_window-024,sub-mit004,modeling_primary,11,sub-mit004_trial-11,24,11500,12500,data/processed/sub-mit004/trials/sub-mit004_trial-11_eeg.fif,pass,low,low,LVLA,0.0625,46.0,50.0,1000,250,2.09,4.9,True,low,True,low,True,LVLA
sub-mit061_trial-01_window-001,sub-mit061,modeling_primary,1,sub-mit061_trial-01,1,0,1000,data/processed/sub-mit061/trials/sub-mit061_trial-01_eeg.fif,pass,high,low,HVLA,0.05,0.0,4.0,1000,250,5.08,2.97,True,high,True,low,True,HVLA
sub-mit061_trial-01_window-002,sub-mit061,modeling_primary,1,sub-mit061_trial-01,2,500,1500,data/processed/sub-mit061/trials/sub-mit061_trial-01_eeg.fif,pass,high,low,HVLA,0.05,2.0,6.0,1000,250,5.08,2.97,True,high,True,low,True,HVLA
sub-mit061_trial-01_window-003,sub-mit061,modeling_primary,1,sub-mit061_trial-01,3,1000,2000,data/processed/sub-mit061/trials/sub-mit061_trial-01_eeg.fif,pass,high,low,HVLA,0.05,4.0,8.0,1000,250,5.08,2.97,True,high,True,low,True,HVLA
sub-mit061_trial-01_window-004,sub-mit061,modeling_primary,1,sub-mit061_trial-01,4,1500,2500,data/processed/sub-mit061/trials/sub-mit061_trial-01_eeg.fif,pass,high,low,HVLA,0.05,6.0,10.0,1000,250,5.08,2.97,True,high,True,low,True,HVLA
sub-mit061_trial-01_window-005,sub-mit061,modeling_primary,1,sub-mit061_trial-01,5,2000,3000,data/processed/sub-mit061/trials/sub-mit061_trial-01_eeg.fif,pass,high,low,HVLA,0.05,8.0,12.0,1000,250,5.08,2.97,True,high,True,low,True,HVLA
sub-mit061_trial-01_window-006,sub-mit061,modeling_primary,1,sub-mit061_trial-01,6,2500,3500,data/processed/sub-mit061/trials/sub-mit061_trial-01_eeg.fif,pass,high,low,HVLA,0.05,10.0,14.0,1000,250,5.08,2.97,True,high,True,low,True,HVLA
sub-mit061_trial-01_window-011,sub-mit061,modeling_primary,1,sub-mit061_trial-01,11,5000,6000,data/processed/sub-mit061/trials/sub-mit061_trial-01_eeg.fif,pass,high,low,HVLA,0.05,20.0,24.0,1000,250,5.08,2.97,True,high,True,low,True,HVLA
sub-mit061_trial-01_window-012,sub-mit061,modeling_primary,1,sub-mit061_trial-01,12,5500,6500,data/processed/sub-mit061/trials/sub-mit061_trial-01_eeg.fif,pass,high,low,HVLA,0.05,22.0,26.0,1000,250,5.08,2.97,True,high,True,low,True,HVLA
sub-mit061_trial-01_window-013,sub-mit061,modeling_primary,1,sub-mit061_trial-01,13,6000,7000,data/processed/sub-mit061/trials/sub-mit061_trial-01_eeg.fif,pass,high,low,HVLA,0.05,24.0,28.0,1000,250,5.08,2.97,True,high,True,low,True,HVLA
sub-mit061_trial-01_window-014,sub-mit061,modeling_primary,1,sub-mit061_trial-01,14,6500,7500,data/processed/sub-mit061/trials/sub-mit061_trial-01_eeg.fif,pass,high,low,HVLA,0.05,26.0,30.0,1000,250,5.08,2.97,True,high,True,low,True,HVLA
sub-mit061_trial-01_window-015,sub-mit061,modeling_primary,1,sub-mit061_trial-01,15,7000,8000,data/processed/sub-mit061/trials/sub-mit061_trial-01_eeg.fif,pass,high,low,HVLA,0.05,28.0,32.0,1000,250,5.08,2.97,True,high,True,low,True,HVLA
sub-mit061_trial-01_window-019,sub-mit061,modeling_primary,1,sub-mit061_trial-01,19,9000,10000,data/processed/sub-mit061/trials/sub-mit061_trial-01_eeg.fif,pass,high,low,HVLA,0.05,36.0,40.0,1000,250,5.08,2.97,True,high,True,low,True,HVLA
sub-mit061_trial-01_window-020,sub-mit061,modeling_primary,1,sub-mit061_trial-01,20,9500,10500,data/processed/sub-mit061/trials/sub-mit061_trial-01_eeg.fif,pass,high,low,HVLA,0.05,38.0,42.0,1000,250,5.08,2.97,True,high,True,low,True,HVLA
sub-mit061_trial-01_window-021,sub-mit061,modeling_primary,1,sub-mit061_trial-01,21,10000,11000,data/processed/sub-mit061/trials/sub-mit061_trial-01_eeg.fif,pass,high,low,HVLA,0.05,40.0,44.0,1000,250,5.08,2.97,True,high,True,low,True,HVLA
sub-mit061_trial-01_window-022,sub-mit061,modeling_primary,1,sub-mit061_trial-01,22,10500,11500,data/processed/sub-mit061/trials/sub-mit061_trial-01_eeg.fif,pass,high,low,HVLA,0.05,42.0,46.0,1000,250,5.08,2.97,True,high,True,low,True,HVLA
sub-mit061_trial-01_window-023,sub-mit061,modeling_primary,1,sub-mit061_trial-01,23,11000,12000,data/processed/sub-mit061/trials/sub-mit061_trial-01_eeg.fif,pass,high,low,HVLA,0.05,44.0,48.0,1000,250,5.08,2.97,True,high,True,low,True,HVLA
sub-mit061_trial-01_window-024,sub-mit061,modeling_primary,1,sub-mit061_trial-01,24,11500,12500,data/processed/sub-mit061/trials/sub-mit061_trial-01_eeg.fif,pass,high,low,HVLA,0.05,46.0,50.0,1000,250,5.08,2.97,True,high,True,low,True,HVLA
sub-mit061_trial-01_window-025,sub-mit061,modeling_primary,1,sub-mit061_trial-01,25,12000,13000,data/processed/sub-mit061/trials/sub-mit061_trial-01_eeg.fif,pass,high,low,HVLA,0.05,48.0,52.0,1000,250,5.08,2.97,True,high,True,low,True,HVLA
sub-mit061_trial-01_window-028,sub-mit061,modeling_primary,1,sub-mit061_trial-01,28,13500,14500,data/processed/sub-mit061/trials/sub-mit061_trial-01_eeg.fif,pass,high,low,HVLA,0.05,54.0,58.0,1000,250,5.08,2.97,True,high,True,low,True,HVLA
sub-mit061_trial-01_window-029,sub-mit061,modeling_primary,1,sub-mit061_trial-01,29,14000,15000,data/processed/sub-mit061/trials/sub-mit061_trial-01_eeg.fif,pass,high,low,HVLA,0.05,56.0,60.0,1000,250,5.08,2.97,True,high,True,low,True,HVLA
sub-mit061_trial-02_window-001,sub-mit061,modeling_primary,2,sub-mit061_trial-02,1,0,1000,data/processed/sub-mit061/trials/sub-mit061_trial-02_eeg.fif,pass,low,low,LVLA,0.037037037037037035,0.0,4.0,1000,250,3.17,2.94,True,low,True,low,True,LVLA
sub-mit061_trial-02_window-003,sub-mit061,modeling_primary,2,sub-mit061_trial-02,3,1000,2000,data/processed/sub-mit061/trials/sub-mit061_trial-02_eeg.fif,pass,low,low,LVLA,0.037037037037037035,4.0,8.0,1000,250,3.17,2.94,True,low,True,low,True,LVLA
sub-mit061_trial-02_window-005,sub-mit061,modeling_primary,2,sub-mit061_trial-02,5,2000,3000,data/processed/sub-mit061/trials/sub-mit061_trial-02_eeg.fif,pass,low,low,LVLA,0.037037037037037035,8.0,12.0,1000,250,3.17,2.94,True,low,True,low,True,LVLA
sub-mit061_trial-02_window-006,sub-mit061,modeling_primary,2,sub-mit061_trial-02,6,2500,3500,data/processed/sub-mit061/trials/sub-mit061_trial-02_eeg.fif,pass,low,low,LVLA,0.037037037037037035,10.0,14.0,1000,250,3.17,2.94,True,low,True,low,True,LVLA
sub-mit061_trial-02_window-007,sub-mit061,modeling_primary,2,sub-mit061_trial-02,7,3000,4000,data/processed/sub-mit061/trials/sub-mit061_trial-02_eeg.fif,pass,low,low,LVLA,0.037037037037037035,12.0,16.0,1000,250,3.17,2.94,True,low,True,low,True,LVLA
sub-mit061_trial-02_window-008,sub-mit061,modeling_primary,2,sub-mit061_trial-02,8,3500,4500,data/processed/sub-mit061/trials/sub-mit061_trial-02_eeg.fif,pass,low,low,LVLA,0.037037037037037035,14.0,18.0,1000,250,3.17,2.94,True,low,True,low,True,LVLA
sub-mit061_trial-02_window-009,sub-mit061,modeling_primary,2,sub-mit061_trial-02,9,4000,5000,data/processed/sub-mit061/trials/sub-mit061_trial-02_eeg.fif,pass,low,low,LVLA,0.037037037037037035,16.0,20.0,1000,250,3.17,2.94,True,low,True,low,True,LVLA
sub-mit061_trial-02_window-010,sub-mit061,modeling_primary,2,sub-mit061_trial-02,10,4500,5500,data/processed/sub-mit061/trials/sub-mit061_trial-02_eeg.fif,pass,low,low,LVLA,0.037037037037037035,18.0,22.0,1000,250,3.17,2.94,True,low,True,low,True,LVLA
sub-mit061_trial-02_window-011,sub-mit061,modeling_primary,2,sub-mit061_trial-02,11,5000,6000,data/processed/sub-mit061/trials/sub-mit061_trial-02_eeg.fif,pass,low,low,LVLA,0.037037037037037035,20.0,24.0,1000,250,3.17,2.94,True,low,True,low,True,LVLA
sub-mit061_trial-02_window-012,sub-mit061,modeling_primary,2,sub-mit061_trial-02,12,5500,6500,data/processed/sub-mit061/trials/sub-mit061_trial-02_eeg.fif,pass,low,low,LVLA,0.037037037037037035,22.0,26.0,1000,250,3.17,2.94,True,low,True,low,True,LVLA
sub-mit061_trial-02_window-013,sub-mit061,modeling_primary,2,sub-mit061_trial-02,13,6000,7000,data/processed/sub-mit061/trials/sub-mit061_trial-02_eeg.fif,pass,low,low,LVLA,0.037037037037037035,24.0,28.0,1000,250,3.17,2.94,True,low,True,low,True,LVLA
sub-mit061_trial-02_window-014,sub-mit061,modeling_primary,2,sub-mit061_trial-02,14,6500,7500,data/processed/sub-mit061/trials/sub-mit061_trial-02_eeg.fif,pass,low,low,LVLA,0.037037037037037035,26.0,30.0,1000,250,3.17,2.94,True,low,True,low,True,LVLA
sub-mit061_trial-02_window-015,sub-mit061,modeling_primary,2,sub-mit061_trial-02,15,7000,8000,data/processed/sub-mit061/trials/sub-mit061_trial-02_eeg.fif,pass,low,low,LVLA,0.037037037037037035,28.0,32.0,1000,250,3.17,2.94,True,low,True,low,True,LVLA
sub-mit061_trial-02_window-016,sub-mit061,modeling_primary,2,sub-mit061_trial-02,16,7500,8500,data/processed/sub-mit061/trials/sub-mit061_trial-02_eeg.fif,pass,low,low,LVLA,0.037037037037037035,30.0,34.0,1000,250,3.17,2.94,True,low,True,low,True,LVLA
sub-mit061_trial-02_window-017,sub-mit061,modeling_primary,2,sub-mit061_trial-02,17,8000,9000,data/processed/sub-mit061/trials/sub-mit061_trial-02_eeg.fif,pass,low,low,LVLA,0.037037037037037035,32.0,36.0,1000,250,3.17,2.94,True,low,True,low,True,LVLA
sub-mit061_trial-02_window-018,sub-mit061,modeling_primary,2,sub-mit061_trial-02,18,8500,9500,data/processed/sub-mit061/trials/sub-mit061_trial-02_eeg.fif,pass,low,low,LVLA,0.037037037037037035,34.0,38.0,1000,250,3.17,2.94,True,low,True,low,True,LVLA
sub-mit061_trial-02_window-019,sub-mit061,modeling_primary,2,sub-mit061_trial-02,19,9000,10000,data/processed/sub-mit061/trials/sub-mit061_trial-02_eeg.fif,pass,low,low,LVLA,0.037037037037037035,36.0,40.0,1000,250,3.17,2.94,True,low,True,low,True,LVLA
sub-mit061_trial-02_window-020,sub-mit061,modeling_primary,2,sub-mit061_trial-02,20,9500,10500,data/processed/sub-mit061/trials/sub-mit061_trial-02_eeg.fif,pass,low,low,LVLA,0.037037037037037035,38.0,42.0,1000,250,3.17,2.94,True,low,True,low,True,LVLA
sub-mit061_trial-02_window-021,sub-mit061,modeling_primary,2,sub-mit061_trial-02,21,10000,11000,data/processed/sub-mit061/trials/sub-mit061_trial-02_eeg.fif,pass,low,low,LVLA,0.037037037037037035,40.0,44.0,1000,250,3.17,2.94,True,low,True,low,True,LVLA
sub-mit061_trial-02_window-022,sub-mit061,modeling_primary,2,sub-mit061_trial-02,22,10500,11500,data/processed/sub-mit061/trials/sub-mit061_trial-02_eeg.fif,pass,low,low,LVLA,0.037037037037037035,42.0,46.0,1000,250,3.17,2.94,True,low,True,low,True,LVLA
sub-mit061_trial-02_window-023,sub-mit061,modeling_primary,2,sub-mit061_trial-02,23,11000,12000,data/processed/sub-mit061/trials/sub-mit061_trial-02_eeg.fif,pass,low,low,LVLA,0.037037037037037035,44.0,48.0,1000,250,3.17,2.94,True,low,True,low,True,LVLA
sub-mit061_trial-02_window-024,sub-mit061,modeling_primary,2,sub-mit061_trial-02,24,11500,12500,data/processed/sub-mit061/trials/sub-mit061_trial-02_eeg.fif,pass,low,low,LVLA,0.037037037037037035,46.0,50.0,1000,250,3.17,2.94,True,low,True,low,True,LVLA
sub-mit061_trial-02_window-025,sub-mit061,modeling_primary,2,sub-mit061_trial-02,25,12000,13000,data/processed/sub-mit061/trials/sub-mit061_trial-02_eeg.fif,pass,low,low,LVLA,0.037037037037037035,48.0,52.0,1000,250,3.17,2.94,True,low,True,low,True,LVLA
sub-mit061_trial-02_window-026,sub-mit061,modeling_primary,2,sub-mit061_trial-02,26,12500,13500,data/processed/sub-mit061/trials/sub-mit061_trial-02_eeg.fif,pass,low,low,LVLA,0.037037037037037035,50.0,54.0,1000,250,3.17,2.94,True,low,True,low,True,LVLA
sub-mit061_trial-02_window-027,sub-mit061,modeling_primary,2,sub-mit061_trial-02,27,13000,14000,data/processed/sub-mit061/trials/sub-mit061_trial-02_eeg.fif,pass,low,low,LVLA,0.037037037037037035,52.0,56.0,1000,250,3.17,2.94,True,low,True,low,True,LVLA
sub-mit061_trial-02_window-028,sub-mit061,modeling_primary,2,sub-mit061_trial-02,28,13500,14500,data/processed/sub-mit061/trials/sub-mit061_trial-02_eeg.fif,pass,low,low,LVLA,0.037037037037037035,54.0,58.0,1000,250,3.17,2.94,True,low,True,low,True,LVLA
sub-mit061_trial-02_window-029,sub-mit061,modeling_primary,2,sub-mit061_trial-02,29,14000,15000,data/processed/sub-mit061/trials/sub-mit061_trial-02_eeg.fif,pass,low,low,LVLA,0.037037037037037035,56.0,60.0,1000,250,3.17,2.94,True,low,True,low,True,LVLA
sub-mit061_trial-03_window-001,sub-mit061,modeling_primary,3,sub-mit061_trial-03,1,0,1000,data/processed/sub-mit061/trials/sub-mit061_trial-03_eeg.fif,pass,high,high,HVHA,0.05,0.0,4.0,1000,250,6.95,7.7,True,high,True,high,True,HVHA
sub-mit061_trial-03_window-002,sub-mit061,modeling_primary,3,sub-mit061_trial-03,2,500,1500,data/processed/sub-mit061/trials/sub-mit061_trial-03_eeg.fif,pass,high,high,HVHA,0.05,2.0,6.0,1000,250,6.95,7.7,True,high,True,high,True,HVHA
sub-mit061_trial-03_window-003,sub-mit061,modeling_primary,3,sub-mit061_trial-03,3,1000,2000,data/processed/sub-mit061/trials/sub-mit061_trial-03_eeg.fif,pass,high,high,HVHA,0.05,4.0,8.0,1000,250,6.95,7.7,True,high,True,high,True,HVHA
sub-mit061_trial-03_window-004,sub-mit061,modeling_primary,3,sub-mit061_trial-03,4,1500,2500,data/processed/sub-mit061/trials/sub-mit061_trial-03_eeg.fif,pass,high,high,HVHA,0.05,6.0,10.0,1000,250,6.95,7.7,True,high,True,high,True,HVHA
sub-mit061_trial-03_window-009,sub-mit061,modeling_primary,3,sub-mit061_trial-03,9,4000,5000,data/processed/sub-mit061/trials/sub-mit061_trial-03_eeg.fif,pass,high,high,HVHA,0.05,16.0,20.0,1000,250,6.95,7.7,True,high,True,high,True,HVHA
sub-mit061_trial-03_window-010,sub-mit061,modeling_primary,3,sub-mit061_trial-03,10,4500,5500,data/processed/sub-mit061/trials/sub-mit061_trial-03_eeg.fif,pass,high,high,HVHA,0.05,18.0,22.0,1000,250,6.95,7.7,True,high,True,high,True,HVHA
sub-mit061_trial-03_window-011,sub-mit061,modeling_primary,3,sub-mit061_trial-03,11,5000,6000,data/processed/sub-mit061/trials/sub-mit061_trial-03_eeg.fif,pass,high,high,HVHA,0.05,20.0,24.0,1000,250,6.95,7.7,True,high,True,high,True,HVHA
sub-mit061_trial-03_window-012,sub-mit061,modeling_primary,3,sub-mit061_trial-03,12,5500,6500,data/processed/sub-mit061/trials/sub-mit061_trial-03_eeg.fif,pass,high,high,HVHA,0.05,22.0,26.0,1000,250,6.95,7.7,True,high,True,high,True,HVHA
sub-mit061_trial-03_window-013,sub-mit061,modeling_primary,3,sub-mit061_trial-03,13,6000,7000,data/processed/sub-mit061/trials/sub-mit061_trial-03_eeg.fif,pass,high,high,HVHA,0.05,24.0,28.0,1000,250,6.95,7.7,True,high,True,high,True,HVHA
sub-mit061_trial-03_window-019,sub-mit061,modeling_primary,3,sub-mit061_trial-03,19,9000,10000,data/processed/sub-mit061/trials/sub-mit061_trial-03_eeg.fif,pass,high,high,HVHA,0.05,36.0,40.0,1000,250,6.95,7.7,True,high,True,high,True,HVHA
sub-mit061_trial-03_window-020,sub-mit061,modeling_primary,3,sub-mit061_trial-03,20,9500,10500,data/processed/sub-mit061/trials/sub-mit061_trial-03_eeg.fif,pass,high,high,HVHA,0.05,38.0,42.0,1000,250,6.95,7.7,True,high,True,high,True,HVHA
sub-mit061_trial-03_window-021,sub-mit061,modeling_primary,3,sub-mit061_trial-03,21,10000,11000,data/processed/sub-mit061/trials/sub-mit061_trial-03_eeg.fif,pass,high,high,HVHA,0.05,40.0,44.0,1000,250,6.95,7.7,True,high,True,high,True,HVHA
sub-mit061_trial-03_window-022,sub-mit061,modeling_primary,3,sub-mit061_trial-03,22,10500,11500,data/processed/sub-mit061/trials/sub-mit061_trial-03_eeg.fif,pass,high,high,HVHA,0.05,42.0,46.0,1000,250,6.95,7.7,True,high,True,high,True,HVHA
sub-mit061_trial-03_window-023,sub-mit061,modeling_primary,3,sub-mit061_trial-03,23,11000,12000,data/processed/sub-mit061/trials/sub-mit061_trial-03_eeg.fif,pass,high,high,HVHA,0.05,44.0,48.0,1000,250,6.95,7.7,True,high,True,high,True,HVHA
sub-mit061_trial-03_window-024,sub-mit061,modeling_primary,3,sub-mit061_trial-03,24,11500,12500,data/processed/sub-mit061/trials/sub-mit061_trial-03_eeg.fif,pass,high,high,HVHA,0.05,46.0,50.0,1000,250,6.95,7.7,True,high,True,high,True,HVHA
sub-mit061_trial-03_window-025,sub-mit061,modeling_primary,3,sub-mit061_trial-03,25,12000,13000,data/processed/sub-mit061/trials/sub-mit061_trial-03_eeg.fif,pass,high,high,HVHA,0.05,48.0,52.0,1000,250,6.95,7.7,True,high,True,high,True,HVHA
sub-mit061_trial-03_window-026,sub-mit061,modeling_primary,3,sub-mit061_trial-03,26,12500,13500,data/processed/sub-mit061/trials/sub-mit061_trial-03_eeg.fif,pass,high,high,HVHA,0.05,50.0,54.0,1000,250,6.95,7.7,True,high,True,high,True,HVHA
sub-mit061_trial-03_window-027,sub-mit061,modeling_primary,3,sub-mit061_trial-03,27,13000,14000,data/processed/sub-mit061/trials/sub-mit061_trial-03_eeg.fif,pass,high,high,HVHA,0.05,52.0,56.0,1000,250,6.95,7.7,True,high,True,high,True,HVHA
sub-mit061_trial-03_window-028,sub-mit061,modeling_primary,3,sub-mit061_trial-03,28,13500,14500,data/processed/sub-mit061/trials/sub-mit061_trial-03_eeg.fif,pass,high,high,HVHA,0.05,54.0,58.0,1000,250,6.95,7.7,True,high,True,high,True,HVHA
sub-mit061_trial-03_window-029,sub-mit061,modeling_primary,3,sub-mit061_trial-03,29,14000,15000,data/processed/sub-mit061/trials/sub-mit061_trial-03_eeg.fif,pass,high,high,HVHA,0.05,56.0,60.0,1000,250,6.95,7.7,True,high,True,high,True,HVHA
sub-mit061_trial-04_window-001,sub-mit061,modeling_primary,4,sub-mit061_trial-04,1,0,1000,data/processed/sub-mit061/trials/sub-mit061_trial-04_eeg.fif,pass,high,high,HVHA,0.043478260869565216,0.0,4.0,1000,250,7.01,7.16,True,high,True,high,True,HVHA
sub-mit061_trial-04_window-002,sub-mit061,modeling_primary,4,sub-mit061_trial-04,2,500,1500,data/processed/sub-mit061/trials/sub-mit061_trial-04_eeg.fif,pass,high,high,HVHA,0.043478260869565216,2.0,6.0,1000,250,7.01,7.16,True,high,True,high,True,HVHA
sub-mit061_trial-04_window-003,sub-mit061,modeling_primary,4,sub-mit061_trial-04,3,1000,2000,data/processed/sub-mit061/trials/sub-mit061_trial-04_eeg.fif,pass,high,high,HVHA,0.043478260869565216,4.0,8.0,1000,250,7.01,7.16,True,high,True,high,True,HVHA
sub-mit061_trial-04_window-004,sub-mit061,modeling_primary,4,sub-mit061_trial-04,4,1500,2500,data/processed/sub-mit061/trials/sub-mit061_trial-04_eeg.fif,pass,high,high,HVHA,0.043478260869565216,6.0,10.0,1000,250,7.01,7.16,True,high,True,high,True,HVHA
sub-mit061_trial-04_window-008,sub-mit061,modeling_primary,4,sub-mit061_trial-04,8,3500,4500,data/processed/sub-mit061/trials/sub-mit061_trial-04_eeg.fif,pass,high,high,HVHA,0.043478260869565216,14.0,18.0,1000,250,7.01,7.16,True,high,True,high,True,HVHA
sub-mit061_trial-04_window-009,sub-mit061,modeling_primary,4,sub-mit061_trial-04,9,4000,5000,data/processed/sub-mit061/trials/sub-mit061_trial-04_eeg.fif,pass,high,high,HVHA,0.043478260869565216,16.0,20.0,1000,250,7.01,7.16,True,high,True,high,True,HVHA
sub-mit061_trial-04_window-010,sub-mit061,modeling_primary,4,sub-mit061_trial-04,10,4500,5500,data/processed/sub-mit061/trials/sub-mit061_trial-04_eeg.fif,pass,high,high,HVHA,0.043478260869565216,18.0,22.0,1000,250,7.01,7.16,True,high,True,high,True,HVHA
sub-mit061_trial-04_window-012,sub-mit061,modeling_primary,4,sub-mit061_trial-04,12,5500,6500,data/processed/sub-mit061/trials/sub-mit061_trial-04_eeg.fif,pass,high,high,HVHA,0.043478260869565216,22.0,26.0,1000,250,7.01,7.16,True,high,True,high,True,HVHA
sub-mit061_trial-04_window-013,sub-mit061,modeling_primary,4,sub-mit061_trial-04,13,6000,7000,data/processed/sub-mit061/trials/sub-mit061_trial-04_eeg.fif,pass,high,high,HVHA,0.043478260869565216,24.0,28.0,1000,250,7.01,7.16,True,high,True,high,True,HVHA
sub-mit061_trial-04_window-014,sub-mit061,modeling_primary,4,sub-mit061_trial-04,14,6500,7500,data/processed/sub-mit061/trials/sub-mit061_trial-04_eeg.fif,pass,high,high,HVHA,0.043478260869565216,26.0,30.0,1000,250,7.01,7.16,True,high,True,high,True,HVHA
sub-mit061_trial-04_window-015,sub-mit061,modeling_primary,4,sub-mit061_trial-04,15,7000,8000,data/processed/sub-mit061/trials/sub-mit061_trial-04_eeg.fif,pass,high,high,HVHA,0.043478260869565216,28.0,32.0,1000,250,7.01,7.16,True,high,True,high,True,HVHA
sub-mit061_trial-04_window-016,sub-mit061,modeling_primary,4,sub-mit061_trial-04,16,7500,8500,data/processed/sub-mit061/trials/sub-mit061_trial-04_eeg.fif,pass,high,high,HVHA,0.043478260869565216,30.0,34.0,1000,250,7.01,7.16,True,high,True,high,True,HVHA
sub-mit061_trial-04_window-017,sub-mit061,modeling_primary,4,sub-mit061_trial-04,17,8000,9000,data/processed/sub-mit061/trials/sub-mit061_trial-04_eeg.fif,pass,high,high,HVHA,0.043478260869565216,32.0,36.0,1000,250,7.01,7.16,True,high,True,high,True,HVHA
sub-mit061_trial-04_window-018,sub-mit061,modeling_primary,4,sub-mit061_trial-04,18,8500,9500,data/processed/sub-mit061/trials/sub-mit061_trial-04_eeg.fif,pass,high,high,HVHA,0.043478260869565216,34.0,38.0,1000,250,7.01,7.16,True,high,True,high,True,HVHA
sub-mit061_trial-04_window-019,sub-mit061,modeling_primary,4,sub-mit061_trial-04,19,9000,10000,data/processed/sub-mit061/trials/sub-mit061_trial-04_eeg.fif,pass,high,high,HVHA,0.043478260869565216,36.0,40.0,1000,250,7.01,7.16,True,high,True,high,True,HVHA
sub-mit061_trial-04_window-020,sub-mit061,modeling_primary,4,sub-mit061_trial-04,20,9500,10500,data/processed/sub-mit061/trials/sub-mit061_trial-04_eeg.fif,pass,high,high,HVHA,0.043478260869565216,38.0,42.0,1000,250,7.01,7.16,True,high,True,high,True,HVHA
sub-mit061_trial-04_window-021,sub-mit061,modeling_primary,4,sub-mit061_trial-04,21,10000,11000,data/processed/sub-mit061/trials/sub-mit061_trial-04_eeg.fif,pass,high,high,HVHA,0.043478260869565216,40.0,44.0,1000,250,7.01,7.16,True,high,True,high,True,HVHA
sub-mit061_trial-04_window-022,sub-mit061,modeling_primary,4,sub-mit061_trial-04,22,10500,11500,data/processed/sub-mit061/trials/sub-mit061_trial-04_eeg.fif,pass,high,high,HVHA,0.043478260869565216,42.0,46.0,1000,250,7.01,7.16,True,high,True,high,True,HVHA
sub-mit061_trial-04_window-023,sub-mit061,modeling_primary,4,sub-mit061_trial-04,23,11000,12000,data/processed/sub-mit061/trials/sub-mit061_trial-04_eeg.fif,pass,high,high,HVHA,0.043478260869565216,44.0,48.0,1000,250,7.01,7.16,True,high,True,high,True,HVHA
sub-mit061_trial-04_window-024,sub-mit061,modeling_primary,4,sub-mit061_trial-04,24,11500,12500,data/processed/sub-mit061/trials/sub-mit061_trial-04_eeg.fif,pass,high,high,HVHA,0.043478260869565216,46.0,50.0,1000,250,7.01,7.16,True,high,True,high,True,HVHA
sub-mit061_trial-04_window-025,sub-mit061,modeling_primary,4,sub-mit061_trial-04,25,12000,13000,data/processed/sub-mit061/trials/sub-mit061_trial-04_eeg.fif,pass,high,high,HVHA,0.043478260869565216,48.0,52.0,1000,250,7.01,7.16,True,high,True,high,True,HVHA
sub-mit061_trial-04_window-026,sub-mit061,modeling_primary,4,sub-mit061_trial-04,26,12500,13500,data/processed/sub-mit061/trials/sub-mit061_trial-04_eeg.fif,pass,high,high,HVHA,0.043478260869565216,50.0,54.0,1000,250,7.01,7.16,True,high,True,high,True,HVHA
sub-mit061_trial-04_window-029,sub-mit061,modeling_primary,4,sub-mit061_trial-04,29,14000,15000,data/processed/sub-mit061/trials/sub-mit061_trial-04_eeg.fif,pass,high,high,HVHA,0.043478260869565216,56.0,60.0,1000,250,7.01,7.16,True,high,True,high,True,HVHA
sub-mit061_trial-05_window-009,sub-mit061,modeling_primary,5,sub-mit061_trial-05,9,4000,5000,data/processed/sub-mit061/trials/sub-mit061_trial-05_eeg.fif,pass,high,high,HVHA,0.06666666666666667,16.0,20.0,1000,250,6.95,6.49,True,high,True,high,True,HVHA
sub-mit061_trial-05_window-012,sub-mit061,modeling_primary,5,sub-mit061_trial-05,12,5500,6500,data/processed/sub-mit061/trials/sub-mit061_trial-05_eeg.fif,pass,high,high,HVHA,0.06666666666666667,22.0,26.0,1000,250,6.95,6.49,True,high,True,high,True,HVHA
sub-mit061_trial-05_window-017,sub-mit061,modeling_primary,5,sub-mit061_trial-05,17,8000,9000,data/processed/sub-mit061/trials/sub-mit061_trial-05_eeg.fif,pass,high,high,HVHA,0.06666666666666667,32.0,36.0,1000,250,6.95,6.49,True,high,True,high,True,HVHA
sub-mit061_trial-05_window-018,sub-mit061,modeling_primary,5,sub-mit061_trial-05,18,8500,9500,data/processed/sub-mit061/trials/sub-mit061_trial-05_eeg.fif,pass,high,high,HVHA,0.06666666666666667,34.0,38.0,1000,250,6.95,6.49,True,high,True,high,True,HVHA
sub-mit061_trial-05_window-019,sub-mit061,modeling_primary,5,sub-mit061_trial-05,19,9000,10000,data/processed/sub-mit061/trials/sub-mit061_trial-05_eeg.fif,pass,high,high,HVHA,0.06666666666666667,36.0,40.0,1000,250,6.95,6.49,True,high,True,high,True,HVHA
sub-mit061_trial-05_window-020,sub-mit061,modeling_primary,5,sub-mit061_trial-05,20,9500,10500,data/processed/sub-mit061/trials/sub-mit061_trial-05_eeg.fif,pass,high,high,HVHA,0.06666666666666667,38.0,42.0,1000,250,6.95,6.49,True,high,True,high,True,HVHA
sub-mit061_trial-05_window-021,sub-mit061,modeling_primary,5,sub-mit061_trial-05,21,10000,11000,data/processed/sub-mit061/trials/sub-mit061_trial-05_eeg.fif,pass,high,high,HVHA,0.06666666666666667,40.0,44.0,1000,250,6.95,6.49,True,high,True,high,True,HVHA
sub-mit061_trial-05_window-022,sub-mit061,modeling_primary,5,sub-mit061_trial-05,22,10500,11500,data/processed/sub-mit061/trials/sub-mit061_trial-05_eeg.fif,pass,high,high,HVHA,0.06666666666666667,42.0,46.0,1000,250,6.95,6.49,True,high,True,high,True,HVHA
sub-mit061_trial-05_window-023,sub-mit061,modeling_primary,5,sub-mit061_trial-05,23,11000,12000,data/processed/sub-mit061/trials/sub-mit061_trial-05_eeg.fif,pass,high,high,HVHA,0.06666666666666667,44.0,48.0,1000,250,6.95,6.49,True,high,True,high,True,HVHA
sub-mit061_trial-05_window-024,sub-mit061,modeling_primary,5,sub-mit061_trial-05,24,11500,12500,data/processed/sub-mit061/trials/sub-mit061_trial-05_eeg.fif,pass,high,high,HVHA,0.06666666666666667,46.0,50.0,1000,250,6.95,6.49,True,high,True,high,True,HVHA
sub-mit061_trial-05_window-025,sub-mit061,modeling_primary,5,sub-mit061_trial-05,25,12000,13000,data/processed/sub-mit061/trials/sub-mit061_trial-05_eeg.fif,pass,high,high,HVHA,0.06666666666666667,48.0,52.0,1000,250,6.95,6.49,True,high,True,high,True,HVHA
sub-mit061_trial-05_window-026,sub-mit061,modeling_primary,5,sub-mit061_trial-05,26,12500,13500,data/processed/sub-mit061/trials/sub-mit061_trial-05_eeg.fif,pass,high,high,HVHA,0.06666666666666667,50.0,54.0,1000,250,6.95,6.49,True,high,True,high,True,HVHA
sub-mit061_trial-05_window-027,sub-mit061,modeling_primary,5,sub-mit061_trial-05,27,13000,14000,data/processed/sub-mit061/trials/sub-mit061_trial-05_eeg.fif,pass,high,high,HVHA,0.06666666666666667,52.0,56.0,1000,250,6.95,6.49,True,high,True,high,True,HVHA
sub-mit061_trial-05_window-028,sub-mit061,modeling_primary,5,sub-mit061_trial-05,28,13500,14500,data/processed/sub-mit061/trials/sub-mit061_trial-05_eeg.fif,pass,high,high,HVHA,0.06666666666666667,54.0,58.0,1000,250,6.95,6.49,True,high,True,high,True,HVHA
sub-mit061_trial-05_window-029,sub-mit061,modeling_primary,5,sub-mit061_trial-05,29,14000,15000,data/processed/sub-mit061/trials/sub-mit061_trial-05_eeg.fif,pass,high,high,HVHA,0.06666666666666667,56.0,60.0,1000,250,6.95,6.49,True,high,True,high,True,HVHA
sub-mit061_trial-06_window-001,sub-mit061,modeling_primary,6,sub-mit061_trial-06,1,0,1000,data/processed/sub-mit061/trials/sub-mit061_trial-06_eeg.fif,pass,high,high,HVHA,0.05555555555555555,0.0,4.0,1000,250,7.1,5.58,True,high,True,high,True,HVHA
sub-mit061_trial-06_window-002,sub-mit061,modeling_primary,6,sub-mit061_trial-06,2,500,1500,data/processed/sub-mit061/trials/sub-mit061_trial-06_eeg.fif,pass,high,high,HVHA,0.05555555555555555,2.0,6.0,1000,250,7.1,5.58,True,high,True,high,True,HVHA
sub-mit061_trial-06_window-003,sub-mit061,modeling_primary,6,sub-mit061_trial-06,3,1000,2000,data/processed/sub-mit061/trials/sub-mit061_trial-06_eeg.fif,pass,high,high,HVHA,0.05555555555555555,4.0,8.0,1000,250,7.1,5.58,True,high,True,high,True,HVHA
sub-mit061_trial-06_window-005,sub-mit061,modeling_primary,6,sub-mit061_trial-06,5,2000,3000,data/processed/sub-mit061/trials/sub-mit061_trial-06_eeg.fif,pass,high,high,HVHA,0.05555555555555555,8.0,12.0,1000,250,7.1,5.58,True,high,True,high,True,HVHA
sub-mit061_trial-06_window-006,sub-mit061,modeling_primary,6,sub-mit061_trial-06,6,2500,3500,data/processed/sub-mit061/trials/sub-mit061_trial-06_eeg.fif,pass,high,high,HVHA,0.05555555555555555,10.0,14.0,1000,250,7.1,5.58,True,high,True,high,True,HVHA
sub-mit061_trial-06_window-007,sub-mit061,modeling_primary,6,sub-mit061_trial-06,7,3000,4000,data/processed/sub-mit061/trials/sub-mit061_trial-06_eeg.fif,pass,high,high,HVHA,0.05555555555555555,12.0,16.0,1000,250,7.1,5.58,True,high,True,high,True,HVHA
sub-mit061_trial-06_window-008,sub-mit061,modeling_primary,6,sub-mit061_trial-06,8,3500,4500,data/processed/sub-mit061/trials/sub-mit061_trial-06_eeg.fif,pass,high,high,HVHA,0.05555555555555555,14.0,18.0,1000,250,7.1,5.58,True,high,True,high,True,HVHA
sub-mit061_trial-06_window-009,sub-mit061,modeling_primary,6,sub-mit061_trial-06,9,4000,5000,data/processed/sub-mit061/trials/sub-mit061_trial-06_eeg.fif,pass,high,high,HVHA,0.05555555555555555,16.0,20.0,1000,250,7.1,5.58,True,high,True,high,True,HVHA
sub-mit061_trial-06_window-010,sub-mit061,modeling_primary,6,sub-mit061_trial-06,10,4500,5500,data/processed/sub-mit061/trials/sub-mit061_trial-06_eeg.fif,pass,high,high,HVHA,0.05555555555555555,18.0,22.0,1000,250,7.1,5.58,True,high,True,high,True,HVHA
sub-mit061_trial-06_window-011,sub-mit061,modeling_primary,6,sub-mit061_trial-06,11,5000,6000,data/processed/sub-mit061/trials/sub-mit061_trial-06_eeg.fif,pass,high,high,HVHA,0.05555555555555555,20.0,24.0,1000,250,7.1,5.58,True,high,True,high,True,HVHA
sub-mit061_trial-06_window-012,sub-mit061,modeling_primary,6,sub-mit061_trial-06,12,5500,6500,data/processed/sub-mit061/trials/sub-mit061_trial-06_eeg.fif,pass,high,high,HVHA,0.05555555555555555,22.0,26.0,1000,250,7.1,5.58,True,high,True,high,True,HVHA
sub-mit061_trial-06_window-013,sub-mit061,modeling_primary,6,sub-mit061_trial-06,13,6000,7000,data/processed/sub-mit061/trials/sub-mit061_trial-06_eeg.fif,pass,high,high,HVHA,0.05555555555555555,24.0,28.0,1000,250,7.1,5.58,True,high,True,high,True,HVHA
sub-mit061_trial-06_window-014,sub-mit061,modeling_primary,6,sub-mit061_trial-06,14,6500,7500,data/processed/sub-mit061/trials/sub-mit061_trial-06_eeg.fif,pass,high,high,HVHA,0.05555555555555555,26.0,30.0,1000,250,7.1,5.58,True,high,True,high,True,HVHA
sub-mit061_trial-06_window-015,sub-mit061,modeling_primary,6,sub-mit061_trial-06,15,7000,8000,data/processed/sub-mit061/trials/sub-mit061_trial-06_eeg.fif,pass,high,high,HVHA,0.05555555555555555,28.0,32.0,1000,250,7.1,5.58,True,high,True,high,True,HVHA
sub-mit061_trial-06_window-016,sub-mit061,modeling_primary,6,sub-mit061_trial-06,16,7500,8500,data/processed/sub-mit061/trials/sub-mit061_trial-06_eeg.fif,pass,high,high,HVHA,0.05555555555555555,30.0,34.0,1000,250,7.1,5.58,True,high,True,high,True,HVHA
sub-mit061_trial-06_window-017,sub-mit061,modeling_primary,6,sub-mit061_trial-06,17,8000,9000,data/processed/sub-mit061/trials/sub-mit061_trial-06_eeg.fif,pass,high,high,HVHA,0.05555555555555555,32.0,36.0,1000,250,7.1,5.58,True,high,True,high,True,HVHA
sub-mit061_trial-06_window-023,sub-mit061,modeling_primary,6,sub-mit061_trial-06,23,11000,12000,data/processed/sub-mit061/trials/sub-mit061_trial-06_eeg.fif,pass,high,high,HVHA,0.05555555555555555,44.0,48.0,1000,250,7.1,5.58,True,high,True,high,True,HVHA
sub-mit061_trial-06_window-026,sub-mit061,modeling_primary,6,sub-mit061_trial-06,26,12500,13500,data/processed/sub-mit061/trials/sub-mit061_trial-06_eeg.fif,pass,high,high,HVHA,0.05555555555555555,50.0,54.0,1000,250,7.1,5.58,True,high,True,high,True,HVHA
sub-mit061_trial-08_window-001,sub-mit061,modeling_primary,8,sub-mit061_trial-08,1,0,1000,data/processed/sub-mit061/trials/sub-mit061_trial-08_eeg.fif,pass,high,high,HVHA,0.0625,0.0,4.0,1000,250,9.0,7.06,True,high,True,high,True,HVHA
sub-mit061_trial-08_window-002,sub-mit061,modeling_primary,8,sub-mit061_trial-08,2,500,1500,data/processed/sub-mit061/trials/sub-mit061_trial-08_eeg.fif,pass,high,high,HVHA,0.0625,2.0,6.0,1000,250,9.0,7.06,True,high,True,high,True,HVHA
sub-mit061_trial-08_window-010,sub-mit061,modeling_primary,8,sub-mit061_trial-08,10,4500,5500,data/processed/sub-mit061/trials/sub-mit061_trial-08_eeg.fif,pass,high,high,HVHA,0.0625,18.0,22.0,1000,250,9.0,7.06,True,high,True,high,True,HVHA
sub-mit061_trial-08_window-011,sub-mit061,modeling_primary,8,sub-mit061_trial-08,11,5000,6000,data/processed/sub-mit061/trials/sub-mit061_trial-08_eeg.fif,pass,high,high,HVHA,0.0625,20.0,24.0,1000,250,9.0,7.06,True,high,True,high,True,HVHA
sub-mit061_trial-08_window-012,sub-mit061,modeling_primary,8,sub-mit061_trial-08,12,5500,6500,data/processed/sub-mit061/trials/sub-mit061_trial-08_eeg.fif,pass,high,high,HVHA,0.0625,22.0,26.0,1000,250,9.0,7.06,True,high,True,high,True,HVHA
sub-mit061_trial-08_window-013,sub-mit061,modeling_primary,8,sub-mit061_trial-08,13,6000,7000,data/processed/sub-mit061/trials/sub-mit061_trial-08_eeg.fif,pass,high,high,HVHA,0.0625,24.0,28.0,1000,250,9.0,7.06,True,high,True,high,True,HVHA
sub-mit061_trial-08_window-014,sub-mit061,modeling_primary,8,sub-mit061_trial-08,14,6500,7500,data/processed/sub-mit061/trials/sub-mit061_trial-08_eeg.fif,pass,high,high,HVHA,0.0625,26.0,30.0,1000,250,9.0,7.06,True,high,True,high,True,HVHA
sub-mit061_trial-08_window-015,sub-mit061,modeling_primary,8,sub-mit061_trial-08,15,7000,8000,data/processed/sub-mit061/trials/sub-mit061_trial-08_eeg.fif,pass,high,high,HVHA,0.0625,28.0,32.0,1000,250,9.0,7.06,True,high,True,high,True,HVHA
sub-mit061_trial-08_window-016,sub-mit061,modeling_primary,8,sub-mit061_trial-08,16,7500,8500,data/processed/sub-mit061/trials/sub-mit061_trial-08_eeg.fif,pass,high,high,HVHA,0.0625,30.0,34.0,1000,250,9.0,7.06,True,high,True,high,True,HVHA
sub-mit061_trial-08_window-017,sub-mit061,modeling_primary,8,sub-mit061_trial-08,17,8000,9000,data/processed/sub-mit061/trials/sub-mit061_trial-08_eeg.fif,pass,high,high,HVHA,0.0625,32.0,36.0,1000,250,9.0,7.06,True,high,True,high,True,HVHA
sub-mit061_trial-08_window-018,sub-mit061,modeling_primary,8,sub-mit061_trial-08,18,8500,9500,data/processed/sub-mit061/trials/sub-mit061_trial-08_eeg.fif,pass,high,high,HVHA,0.0625,34.0,38.0,1000,250,9.0,7.06,True,high,True,high,True,HVHA
sub-mit061_trial-08_window-019,sub-mit061,modeling_primary,8,sub-mit061_trial-08,19,9000,10000,data/processed/sub-mit061/trials/sub-mit061_trial-08_eeg.fif,pass,high,high,HVHA,0.0625,36.0,40.0,1000,250,9.0,7.06,True,high,True,high,True,HVHA
sub-mit061_trial-08_window-020,sub-mit061,modeling_primary,8,sub-mit061_trial-08,20,9500,10500,data/processed/sub-mit061/trials/sub-mit061_trial-08_eeg.fif,pass,high,high,HVHA,0.0625,38.0,42.0,1000,250,9.0,7.06,True,high,True,high,True,HVHA
sub-mit061_trial-08_window-023,sub-mit061,modeling_primary,8,sub-mit061_trial-08,23,11000,12000,data/processed/sub-mit061/trials/sub-mit061_trial-08_eeg.fif,pass,high,high,HVHA,0.0625,44.0,48.0,1000,250,9.0,7.06,True,high,True,high,True,HVHA
sub-mit061_trial-08_window-026,sub-mit061,modeling_primary,8,sub-mit061_trial-08,26,12500,13500,data/processed/sub-mit061/trials/sub-mit061_trial-08_eeg.fif,pass,high,high,HVHA,0.0625,50.0,54.0,1000,250,9.0,7.06,True,high,True,high,True,HVHA
sub-mit061_trial-08_window-029,sub-mit061,modeling_primary,8,sub-mit061_trial-08,29,14000,15000,data/processed/sub-mit061/trials/sub-mit061_trial-08_eeg.fif,pass,high,high,HVHA,0.0625,56.0,60.0,1000,250,9.0,7.06,True,high,True,high,True,HVHA
sub-mit061_trial-09_window-001,sub-mit061,modeling_primary,9,sub-mit061_trial-09,1,0,1000,data/processed/sub-mit061/trials/sub-mit061_trial-09_eeg.fif,pass,high,low,HVLA,0.08333333333333333,0.0,4.0,1000,250,5.04,2.94,True,high,True,low,True,HVLA
sub-mit061_trial-09_window-002,sub-mit061,modeling_primary,9,sub-mit061_trial-09,2,500,1500,data/processed/sub-mit061/trials/sub-mit061_trial-09_eeg.fif,pass,high,low,HVLA,0.08333333333333333,2.0,6.0,1000,250,5.04,2.94,True,high,True,low,True,HVLA
sub-mit061_trial-09_window-003,sub-mit061,modeling_primary,9,sub-mit061_trial-09,3,1000,2000,data/processed/sub-mit061/trials/sub-mit061_trial-09_eeg.fif,pass,high,low,HVLA,0.08333333333333333,4.0,8.0,1000,250,5.04,2.94,True,high,True,low,True,HVLA
sub-mit061_trial-09_window-004,sub-mit061,modeling_primary,9,sub-mit061_trial-09,4,1500,2500,data/processed/sub-mit061/trials/sub-mit061_trial-09_eeg.fif,pass,high,low,HVLA,0.08333333333333333,6.0,10.0,1000,250,5.04,2.94,True,high,True,low,True,HVLA
sub-mit061_trial-09_window-008,sub-mit061,modeling_primary,9,sub-mit061_trial-09,8,3500,4500,data/processed/sub-mit061/trials/sub-mit061_trial-09_eeg.fif,pass,high,low,HVLA,0.08333333333333333,14.0,18.0,1000,250,5.04,2.94,True,high,True,low,True,HVLA
sub-mit061_trial-09_window-011,sub-mit061,modeling_primary,9,sub-mit061_trial-09,11,5000,6000,data/processed/sub-mit061/trials/sub-mit061_trial-09_eeg.fif,pass,high,low,HVLA,0.08333333333333333,20.0,24.0,1000,250,5.04,2.94,True,high,True,low,True,HVLA
sub-mit061_trial-09_window-012,sub-mit061,modeling_primary,9,sub-mit061_trial-09,12,5500,6500,data/processed/sub-mit061/trials/sub-mit061_trial-09_eeg.fif,pass,high,low,HVLA,0.08333333333333333,22.0,26.0,1000,250,5.04,2.94,True,high,True,low,True,HVLA
sub-mit061_trial-09_window-013,sub-mit061,modeling_primary,9,sub-mit061_trial-09,13,6000,7000,data/processed/sub-mit061/trials/sub-mit061_trial-09_eeg.fif,pass,high,low,HVLA,0.08333333333333333,24.0,28.0,1000,250,5.04,2.94,True,high,True,low,True,HVLA
sub-mit061_trial-09_window-017,sub-mit061,modeling_primary,9,sub-mit061_trial-09,17,8000,9000,data/processed/sub-mit061/trials/sub-mit061_trial-09_eeg.fif,pass,high,low,HVLA,0.08333333333333333,32.0,36.0,1000,250,5.04,2.94,True,high,True,low,True,HVLA
sub-mit061_trial-09_window-021,sub-mit061,modeling_primary,9,sub-mit061_trial-09,21,10000,11000,data/processed/sub-mit061/trials/sub-mit061_trial-09_eeg.fif,pass,high,low,HVLA,0.08333333333333333,40.0,44.0,1000,250,5.04,2.94,True,high,True,low,True,HVLA
sub-mit061_trial-09_window-024,sub-mit061,modeling_primary,9,sub-mit061_trial-09,24,11500,12500,data/processed/sub-mit061/trials/sub-mit061_trial-09_eeg.fif,pass,high,low,HVLA,0.08333333333333333,46.0,50.0,1000,250,5.04,2.94,True,high,True,low,True,HVLA
sub-mit061_trial-09_window-029,sub-mit061,modeling_primary,9,sub-mit061_trial-09,29,14000,15000,data/processed/sub-mit061/trials/sub-mit061_trial-09_eeg.fif,pass,high,low,HVLA,0.08333333333333333,56.0,60.0,1000,250,5.04,2.94,True,high,True,low,True,HVLA
sub-mit061_trial-10_window-003,sub-mit061,modeling_primary,10,sub-mit061_trial-10,3,1000,2000,data/processed/sub-mit061/trials/sub-mit061_trial-10_eeg.fif,pass,low,low,LVLA,0.05263157894736842,4.0,8.0,1000,250,1.93,3.19,True,low,True,low,True,LVLA
sub-mit061_trial-10_window-004,sub-mit061,modeling_primary,10,sub-mit061_trial-10,4,1500,2500,data/processed/sub-mit061/trials/sub-mit061_trial-10_eeg.fif,pass,low,low,LVLA,0.05263157894736842,6.0,10.0,1000,250,1.93,3.19,True,low,True,low,True,LVLA
sub-mit061_trial-10_window-005,sub-mit061,modeling_primary,10,sub-mit061_trial-10,5,2000,3000,data/processed/sub-mit061/trials/sub-mit061_trial-10_eeg.fif,pass,low,low,LVLA,0.05263157894736842,8.0,12.0,1000,250,1.93,3.19,True,low,True,low,True,LVLA
sub-mit061_trial-10_window-006,sub-mit061,modeling_primary,10,sub-mit061_trial-10,6,2500,3500,data/processed/sub-mit061/trials/sub-mit061_trial-10_eeg.fif,pass,low,low,LVLA,0.05263157894736842,10.0,14.0,1000,250,1.93,3.19,True,low,True,low,True,LVLA
sub-mit061_trial-10_window-007,sub-mit061,modeling_primary,10,sub-mit061_trial-10,7,3000,4000,data/processed/sub-mit061/trials/sub-mit061_trial-10_eeg.fif,pass,low,low,LVLA,0.05263157894736842,12.0,16.0,1000,250,1.93,3.19,True,low,True,low,True,LVLA
sub-mit061_trial-10_window-010,sub-mit061,modeling_primary,10,sub-mit061_trial-10,10,4500,5500,data/processed/sub-mit061/trials/sub-mit061_trial-10_eeg.fif,pass,low,low,LVLA,0.05263157894736842,18.0,22.0,1000,250,1.93,3.19,True,low,True,low,True,LVLA
sub-mit061_trial-10_window-011,sub-mit061,modeling_primary,10,sub-mit061_trial-10,11,5000,6000,data/processed/sub-mit061/trials/sub-mit061_trial-10_eeg.fif,pass,low,low,LVLA,0.05263157894736842,20.0,24.0,1000,250,1.93,3.19,True,low,True,low,True,LVLA
sub-mit061_trial-10_window-012,sub-mit061,modeling_primary,10,sub-mit061_trial-10,12,5500,6500,data/processed/sub-mit061/trials/sub-mit061_trial-10_eeg.fif,pass,low,low,LVLA,0.05263157894736842,22.0,26.0,1000,250,1.93,3.19,True,low,True,low,True,LVLA
sub-mit061_trial-10_window-013,sub-mit061,modeling_primary,10,sub-mit061_trial-10,13,6000,7000,data/processed/sub-mit061/trials/sub-mit061_trial-10_eeg.fif,pass,low,low,LVLA,0.05263157894736842,24.0,28.0,1000,250,1.93,3.19,True,low,True,low,True,LVLA
sub-mit061_trial-10_window-014,sub-mit061,modeling_primary,10,sub-mit061_trial-10,14,6500,7500,data/processed/sub-mit061/trials/sub-mit061_trial-10_eeg.fif,pass,low,low,LVLA,0.05263157894736842,26.0,30.0,1000,250,1.93,3.19,True,low,True,low,True,LVLA
sub-mit061_trial-10_window-015,sub-mit061,modeling_primary,10,sub-mit061_trial-10,15,7000,8000,data/processed/sub-mit061/trials/sub-mit061_trial-10_eeg.fif,pass,low,low,LVLA,0.05263157894736842,28.0,32.0,1000,250,1.93,3.19,True,low,True,low,True,LVLA
sub-mit061_trial-10_window-016,sub-mit061,modeling_primary,10,sub-mit061_trial-10,16,7500,8500,data/processed/sub-mit061/trials/sub-mit061_trial-10_eeg.fif,pass,low,low,LVLA,0.05263157894736842,30.0,34.0,1000,250,1.93,3.19,True,low,True,low,True,LVLA
sub-mit061_trial-10_window-017,sub-mit061,modeling_primary,10,sub-mit061_trial-10,17,8000,9000,data/processed/sub-mit061/trials/sub-mit061_trial-10_eeg.fif,pass,low,low,LVLA,0.05263157894736842,32.0,36.0,1000,250,1.93,3.19,True,low,True,low,True,LVLA
sub-mit061_trial-10_window-019,sub-mit061,modeling_primary,10,sub-mit061_trial-10,19,9000,10000,data/processed/sub-mit061/trials/sub-mit061_trial-10_eeg.fif,pass,low,low,LVLA,0.05263157894736842,36.0,40.0,1000,250,1.93,3.19,True,low,True,low,True,LVLA
sub-mit061_trial-10_window-020,sub-mit061,modeling_primary,10,sub-mit061_trial-10,20,9500,10500,data/processed/sub-mit061/trials/sub-mit061_trial-10_eeg.fif,pass,low,low,LVLA,0.05263157894736842,38.0,42.0,1000,250,1.93,3.19,True,low,True,low,True,LVLA
sub-mit061_trial-10_window-021,sub-mit061,modeling_primary,10,sub-mit061_trial-10,21,10000,11000,data/processed/sub-mit061/trials/sub-mit061_trial-10_eeg.fif,pass,low,low,LVLA,0.05263157894736842,40.0,44.0,1000,250,1.93,3.19,True,low,True,low,True,LVLA
sub-mit061_trial-10_window-022,sub-mit061,modeling_primary,10,sub-mit061_trial-10,22,10500,11500,data/processed/sub-mit061/trials/sub-mit061_trial-10_eeg.fif,pass,low,low,LVLA,0.05263157894736842,42.0,46.0,1000,250,1.93,3.19,True,low,True,low,True,LVLA
sub-mit061_trial-10_window-024,sub-mit061,modeling_primary,10,sub-mit061_trial-10,24,11500,12500,data/processed/sub-mit061/trials/sub-mit061_trial-10_eeg.fif,pass,low,low,LVLA,0.05263157894736842,46.0,50.0,1000,250,1.93,3.19,True,low,True,low,True,LVLA
sub-mit061_trial-10_window-025,sub-mit061,modeling_primary,10,sub-mit061_trial-10,25,12000,13000,data/processed/sub-mit061/trials/sub-mit061_trial-10_eeg.fif,pass,low,low,LVLA,0.05263157894736842,48.0,52.0,1000,250,1.93,3.19,True,low,True,low,True,LVLA
sub-mit061_trial-11_window-003,sub-mit061,modeling_primary,11,sub-mit061_trial-11,3,1000,2000,data/processed/sub-mit061/trials/sub-mit061_trial-11_eeg.fif,pass,ambiguous,high,ambiguous,0.038461538461538464,4.0,8.0,1000,250,5.0,6.77,False,ambiguous,True,high,False,ambiguous
sub-mit061_trial-11_window-004,sub-mit061,modeling_primary,11,sub-mit061_trial-11,4,1500,2500,data/processed/sub-mit061/trials/sub-mit061_trial-11_eeg.fif,pass,ambiguous,high,ambiguous,0.038461538461538464,6.0,10.0,1000,250,5.0,6.77,False,ambiguous,True,high,False,ambiguous
sub-mit061_trial-11_window-005,sub-mit061,modeling_primary,11,sub-mit061_trial-11,5,2000,3000,data/processed/sub-mit061/trials/sub-mit061_trial-11_eeg.fif,pass,ambiguous,high,ambiguous,0.038461538461538464,8.0,12.0,1000,250,5.0,6.77,False,ambiguous,True,high,False,ambiguous
sub-mit061_trial-11_window-006,sub-mit061,modeling_primary,11,sub-mit061_trial-11,6,2500,3500,data/processed/sub-mit061/trials/sub-mit061_trial-11_eeg.fif,pass,ambiguous,high,ambiguous,0.038461538461538464,10.0,14.0,1000,250,5.0,6.77,False,ambiguous,True,high,False,ambiguous
sub-mit061_trial-11_window-007,sub-mit061,modeling_primary,11,sub-mit061_trial-11,7,3000,4000,data/processed/sub-mit061/trials/sub-mit061_trial-11_eeg.fif,pass,ambiguous,high,ambiguous,0.038461538461538464,12.0,16.0,1000,250,5.0,6.77,False,ambiguous,True,high,False,ambiguous
sub-mit061_trial-11_window-008,sub-mit061,modeling_primary,11,sub-mit061_trial-11,8,3500,4500,data/processed/sub-mit061/trials/sub-mit061_trial-11_eeg.fif,pass,ambiguous,high,ambiguous,0.038461538461538464,14.0,18.0,1000,250,5.0,6.77,False,ambiguous,True,high,False,ambiguous
sub-mit061_trial-11_window-009,sub-mit061,modeling_primary,11,sub-mit061_trial-11,9,4000,5000,data/processed/sub-mit061/trials/sub-mit061_trial-11_eeg.fif,pass,ambiguous,high,ambiguous,0.038461538461538464,16.0,20.0,1000,250,5.0,6.77,False,ambiguous,True,high,False,ambiguous
sub-mit061_trial-11_window-010,sub-mit061,modeling_primary,11,sub-mit061_trial-11,10,4500,5500,data/processed/sub-mit061/trials/sub-mit061_trial-11_eeg.fif,pass,ambiguous,high,ambiguous,0.038461538461538464,18.0,22.0,1000,250,5.0,6.77,False,ambiguous,True,high,False,ambiguous
sub-mit061_trial-11_window-011,sub-mit061,modeling_primary,11,sub-mit061_trial-11,11,5000,6000,data/processed/sub-mit061/trials/sub-mit061_trial-11_eeg.fif,pass,ambiguous,high,ambiguous,0.038461538461538464,20.0,24.0,1000,250,5.0,6.77,False,ambiguous,True,high,False,ambiguous
sub-mit061_trial-11_window-012,sub-mit061,modeling_primary,11,sub-mit061_trial-11,12,5500,6500,data/processed/sub-mit061/trials/sub-mit061_trial-11_eeg.fif,pass,ambiguous,high,ambiguous,0.038461538461538464,22.0,26.0,1000,250,5.0,6.77,False,ambiguous,True,high,False,ambiguous
sub-mit061_trial-11_window-013,sub-mit061,modeling_primary,11,sub-mit061_trial-11,13,6000,7000,data/processed/sub-mit061/trials/sub-mit061_trial-11_eeg.fif,pass,ambiguous,high,ambiguous,0.038461538461538464,24.0,28.0,1000,250,5.0,6.77,False,ambiguous,True,high,False,ambiguous
sub-mit061_trial-11_window-014,sub-mit061,modeling_primary,11,sub-mit061_trial-11,14,6500,7500,data/processed/sub-mit061/trials/sub-mit061_trial-11_eeg.fif,pass,ambiguous,high,ambiguous,0.038461538461538464,26.0,30.0,1000,250,5.0,6.77,False,ambiguous,True,high,False,ambiguous
sub-mit061_trial-11_window-015,sub-mit061,modeling_primary,11,sub-mit061_trial-11,15,7000,8000,data/processed/sub-mit061/trials/sub-mit061_trial-11_eeg.fif,pass,ambiguous,high,ambiguous,0.038461538461538464,28.0,32.0,1000,250,5.0,6.77,False,ambiguous,True,high,False,ambiguous
sub-mit061_trial-11_window-016,sub-mit061,modeling_primary,11,sub-mit061_trial-11,16,7500,8500,data/processed/sub-mit061/trials/sub-mit061_trial-11_eeg.fif,pass,ambiguous,high,ambiguous,0.038461538461538464,30.0,34.0,1000,250,5.0,6.77,False,ambiguous,True,high,False,ambiguous
sub-mit061_trial-11_window-017,sub-mit061,modeling_primary,11,sub-mit061_trial-11,17,8000,9000,data/processed/sub-mit061/trials/sub-mit061_trial-11_eeg.fif,pass,ambiguous,high,ambiguous,0.038461538461538464,32.0,36.0,1000,250,5.0,6.77,False,ambiguous,True,high,False,ambiguous
sub-mit061_trial-11_window-018,sub-mit061,modeling_primary,11,sub-mit061_trial-11,18,8500,9500,data/processed/sub-mit061/trials/sub-mit061_trial-11_eeg.fif,pass,ambiguous,high,ambiguous,0.038461538461538464,34.0,38.0,1000,250,5.0,6.77,False,ambiguous,True,high,False,ambiguous
sub-mit061_trial-11_window-019,sub-mit061,modeling_primary,11,sub-mit061_trial-11,19,9000,10000,data/processed/sub-mit061/trials/sub-mit061_trial-11_eeg.fif,pass,ambiguous,high,ambiguous,0.038461538461538464,36.0,40.0,1000,250,5.0,6.77,False,ambiguous,True,high,False,ambiguous
sub-mit061_trial-11_window-020,sub-mit061,modeling_primary,11,sub-mit061_trial-11,20,9500,10500,data/processed/sub-mit061/trials/sub-mit061_trial-11_eeg.fif,pass,ambiguous,high,ambiguous,0.038461538461538464,38.0,42.0,1000,250,5.0,6.77,False,ambiguous,True,high,False,ambiguous
sub-mit061_trial-11_window-021,sub-mit061,modeling_primary,11,sub-mit061_trial-11,21,10000,11000,data/processed/sub-mit061/trials/sub-mit061_trial-11_eeg.fif,pass,ambiguous,high,ambiguous,0.038461538461538464,40.0,44.0,1000,250,5.0,6.77,False,ambiguous,True,high,False,ambiguous
sub-mit061_trial-11_window-022,sub-mit061,modeling_primary,11,sub-mit061_trial-11,22,10500,11500,data/processed/sub-mit061/trials/sub-mit061_trial-11_eeg.fif,pass,ambiguous,high,ambiguous,0.038461538461538464,42.0,46.0,1000,250,5.0,6.77,False,ambiguous,True,high,False,ambiguous
sub-mit061_trial-11_window-023,sub-mit061,modeling_primary,11,sub-mit061_trial-11,23,11000,12000,data/processed/sub-mit061/trials/sub-mit061_trial-11_eeg.fif,pass,ambiguous,high,ambiguous,0.038461538461538464,44.0,48.0,1000,250,5.0,6.77,False,ambiguous,True,high,False,ambiguous
sub-mit061_trial-11_window-024,sub-mit061,modeling_primary,11,sub-mit061_trial-11,24,11500,12500,data/processed/sub-mit061/trials/sub-mit061_trial-11_eeg.fif,pass,ambiguous,high,ambiguous,0.038461538461538464,46.0,50.0,1000,250,5.0,6.77,False,ambiguous,True,high,False,ambiguous
sub-mit061_trial-11_window-025,sub-mit061,modeling_primary,11,sub-mit061_trial-11,25,12000,13000,data/processed/sub-mit061/trials/sub-mit061_trial-11_eeg.fif,pass,ambiguous,high,ambiguous,0.038461538461538464,48.0,52.0,1000,250,5.0,6.77,False,ambiguous,True,high,False,ambiguous
sub-mit061_trial-11_window-026,sub-mit061,modeling_primary,11,sub-mit061_trial-11,26,12500,13500,data/processed/sub-mit061/trials/sub-mit061_trial-11_eeg.fif,pass,ambiguous,high,ambiguous,0.038461538461538464,50.0,54.0,1000,250,5.0,6.77,False,ambiguous,True,high,False,ambiguous
sub-mit061_trial-11_window-027,sub-mit061,modeling_primary,11,sub-mit061_trial-11,27,13000,14000,data/processed/sub-mit061/trials/sub-mit061_trial-11_eeg.fif,pass,ambiguous,high,ambiguous,0.038461538461538464,52.0,56.0,1000,250,5.0,6.77,False,ambiguous,True,high,False,ambiguous
sub-mit061_trial-11_window-028,sub-mit061,modeling_primary,11,sub-mit061_trial-11,28,13500,14500,data/processed/sub-mit061/trials/sub-mit061_trial-11_eeg.fif,pass,ambiguous,high,ambiguous,0.038461538461538464,54.0,58.0,1000,250,5.0,6.77,False,ambiguous,True,high,False,ambiguous
sub-mit076_trial-01_window-003,sub-mit076,modeling_primary,1,sub-mit076_trial-01,3,1000,2000,data/processed/sub-mit076/trials/sub-mit076_trial-01_eeg.fif,pass,low,low,LVLA,0.09090909090909091,4.0,8.0,1000,250,4.92,4.94,True,low,True,low,True,LVLA
sub-mit076_trial-01_window-004,sub-mit076,modeling_primary,1,sub-mit076_trial-01,4,1500,2500,data/processed/sub-mit076/trials/sub-mit076_trial-01_eeg.fif,pass,low,low,LVLA,0.09090909090909091,6.0,10.0,1000,250,4.92,4.94,True,low,True,low,True,LVLA
sub-mit076_trial-01_window-005,sub-mit076,modeling_primary,1,sub-mit076_trial-01,5,2000,3000,data/processed/sub-mit076/trials/sub-mit076_trial-01_eeg.fif,pass,low,low,LVLA,0.09090909090909091,8.0,12.0,1000,250,4.92,4.94,True,low,True,low,True,LVLA
sub-mit076_trial-01_window-006,sub-mit076,modeling_primary,1,sub-mit076_trial-01,6,2500,3500,data/processed/sub-mit076/trials/sub-mit076_trial-01_eeg.fif,pass,low,low,LVLA,0.09090909090909091,10.0,14.0,1000,250,4.92,4.94,True,low,True,low,True,LVLA
sub-mit076_trial-01_window-007,sub-mit076,modeling_primary,1,sub-mit076_trial-01,7,3000,4000,data/processed/sub-mit076/trials/sub-mit076_trial-01_eeg.fif,pass,low,low,LVLA,0.09090909090909091,12.0,16.0,1000,250,4.92,4.94,True,low,True,low,True,LVLA
sub-mit076_trial-01_window-008,sub-mit076,modeling_primary,1,sub-mit076_trial-01,8,3500,4500,data/processed/sub-mit076/trials/sub-mit076_trial-01_eeg.fif,pass,low,low,LVLA,0.09090909090909091,14.0,18.0,1000,250,4.92,4.94,True,low,True,low,True,LVLA
sub-mit076_trial-01_window-012,sub-mit076,modeling_primary,1,sub-mit076_trial-01,12,5500,6500,data/processed/sub-mit076/trials/sub-mit076_trial-01_eeg.fif,pass,low,low,LVLA,0.09090909090909091,22.0,26.0,1000,250,4.92,4.94,True,low,True,low,True,LVLA
sub-mit076_trial-01_window-018,sub-mit076,modeling_primary,1,sub-mit076_trial-01,18,8500,9500,data/processed/sub-mit076/trials/sub-mit076_trial-01_eeg.fif,pass,low,low,LVLA,0.09090909090909091,34.0,38.0,1000,250,4.92,4.94,True,low,True,low,True,LVLA
sub-mit076_trial-01_window-019,sub-mit076,modeling_primary,1,sub-mit076_trial-01,19,9000,10000,data/processed/sub-mit076/trials/sub-mit076_trial-01_eeg.fif,pass,low,low,LVLA,0.09090909090909091,36.0,40.0,1000,250,4.92,4.94,True,low,True,low,True,LVLA
sub-mit076_trial-01_window-024,sub-mit076,modeling_primary,1,sub-mit076_trial-01,24,11500,12500,data/processed/sub-mit076/trials/sub-mit076_trial-01_eeg.fif,pass,low,low,LVLA,0.09090909090909091,46.0,50.0,1000,250,4.92,4.94,True,low,True,low,True,LVLA
sub-mit076_trial-01_window-025,sub-mit076,modeling_primary,1,sub-mit076_trial-01,25,12000,13000,data/processed/sub-mit076/trials/sub-mit076_trial-01_eeg.fif,pass,low,low,LVLA,0.09090909090909091,48.0,52.0,1000,250,4.92,4.94,True,low,True,low,True,LVLA
sub-mit076_trial-02_window-002,sub-mit076,modeling_primary,2,sub-mit076_trial-02,2,500,1500,data/processed/sub-mit076/trials/sub-mit076_trial-02_eeg.fif,pass,low,high,LVHA,0.06666666666666667,2.0,6.0,1000,250,1.03,8.92,True,low,True,high,True,LVHA
sub-mit076_trial-02_window-003,sub-mit076,modeling_primary,2,sub-mit076_trial-02,3,1000,2000,data/processed/sub-mit076/trials/sub-mit076_trial-02_eeg.fif,pass,low,high,LVHA,0.06666666666666667,4.0,8.0,1000,250,1.03,8.92,True,low,True,high,True,LVHA
sub-mit076_trial-02_window-010,sub-mit076,modeling_primary,2,sub-mit076_trial-02,10,4500,5500,data/processed/sub-mit076/trials/sub-mit076_trial-02_eeg.fif,pass,low,high,LVHA,0.06666666666666667,18.0,22.0,1000,250,1.03,8.92,True,low,True,high,True,LVHA
sub-mit076_trial-02_window-011,sub-mit076,modeling_primary,2,sub-mit076_trial-02,11,5000,6000,data/processed/sub-mit076/trials/sub-mit076_trial-02_eeg.fif,pass,low,high,LVHA,0.06666666666666667,20.0,24.0,1000,250,1.03,8.92,True,low,True,high,True,LVHA
sub-mit076_trial-02_window-014,sub-mit076,modeling_primary,2,sub-mit076_trial-02,14,6500,7500,data/processed/sub-mit076/trials/sub-mit076_trial-02_eeg.fif,pass,low,high,LVHA,0.06666666666666667,26.0,30.0,1000,250,1.03,8.92,True,low,True,high,True,LVHA
sub-mit076_trial-02_window-015,sub-mit076,modeling_primary,2,sub-mit076_trial-02,15,7000,8000,data/processed/sub-mit076/trials/sub-mit076_trial-02_eeg.fif,pass,low,high,LVHA,0.06666666666666667,28.0,32.0,1000,250,1.03,8.92,True,low,True,high,True,LVHA
sub-mit076_trial-02_window-016,sub-mit076,modeling_primary,2,sub-mit076_trial-02,16,7500,8500,data/processed/sub-mit076/trials/sub-mit076_trial-02_eeg.fif,pass,low,high,LVHA,0.06666666666666667,30.0,34.0,1000,250,1.03,8.92,True,low,True,high,True,LVHA
sub-mit076_trial-02_window-020,sub-mit076,modeling_primary,2,sub-mit076_trial-02,20,9500,10500,data/processed/sub-mit076/trials/sub-mit076_trial-02_eeg.fif,pass,low,high,LVHA,0.06666666666666667,38.0,42.0,1000,250,1.03,8.92,True,low,True,high,True,LVHA
sub-mit076_trial-02_window-023,sub-mit076,modeling_primary,2,sub-mit076_trial-02,23,11000,12000,data/processed/sub-mit076/trials/sub-mit076_trial-02_eeg.fif,pass,low,high,LVHA,0.06666666666666667,44.0,48.0,1000,250,1.03,8.92,True,low,True,high,True,LVHA
sub-mit076_trial-02_window-024,sub-mit076,modeling_primary,2,sub-mit076_trial-02,24,11500,12500,data/processed/sub-mit076/trials/sub-mit076_trial-02_eeg.fif,pass,low,high,LVHA,0.06666666666666667,46.0,50.0,1000,250,1.03,8.92,True,low,True,high,True,LVHA
sub-mit076_trial-02_window-025,sub-mit076,modeling_primary,2,sub-mit076_trial-02,25,12000,13000,data/processed/sub-mit076/trials/sub-mit076_trial-02_eeg.fif,pass,low,high,LVHA,0.06666666666666667,48.0,52.0,1000,250,1.03,8.92,True,low,True,high,True,LVHA
sub-mit076_trial-02_window-026,sub-mit076,modeling_primary,2,sub-mit076_trial-02,26,12500,13500,data/processed/sub-mit076/trials/sub-mit076_trial-02_eeg.fif,pass,low,high,LVHA,0.06666666666666667,50.0,54.0,1000,250,1.03,8.92,True,low,True,high,True,LVHA
sub-mit076_trial-02_window-027,sub-mit076,modeling_primary,2,sub-mit076_trial-02,27,13000,14000,data/processed/sub-mit076/trials/sub-mit076_trial-02_eeg.fif,pass,low,high,LVHA,0.06666666666666667,52.0,56.0,1000,250,1.03,8.92,True,low,True,high,True,LVHA
sub-mit076_trial-02_window-028,sub-mit076,modeling_primary,2,sub-mit076_trial-02,28,13500,14500,data/processed/sub-mit076/trials/sub-mit076_trial-02_eeg.fif,pass,low,high,LVHA,0.06666666666666667,54.0,58.0,1000,250,1.03,8.92,True,low,True,high,True,LVHA
sub-mit076_trial-02_window-029,sub-mit076,modeling_primary,2,sub-mit076_trial-02,29,14000,15000,data/processed/sub-mit076/trials/sub-mit076_trial-02_eeg.fif,pass,low,high,LVHA,0.06666666666666667,56.0,60.0,1000,250,1.03,8.92,True,low,True,high,True,LVHA
sub-mit076_trial-03_window-002,sub-mit076,modeling_primary,3,sub-mit076_trial-03,2,500,1500,data/processed/sub-mit076/trials/sub-mit076_trial-03_eeg.fif,pass,high,high,HVHA,0.05263157894736842,2.0,6.0,1000,250,8.97,5.02,True,high,True,high,True,HVHA
sub-mit076_trial-03_window-003,sub-mit076,modeling_primary,3,sub-mit076_trial-03,3,1000,2000,data/processed/sub-mit076/trials/sub-mit076_trial-03_eeg.fif,pass,high,high,HVHA,0.05263157894736842,4.0,8.0,1000,250,8.97,5.02,True,high,True,high,True,HVHA
sub-mit076_trial-03_window-004,sub-mit076,modeling_primary,3,sub-mit076_trial-03,4,1500,2500,data/processed/sub-mit076/trials/sub-mit076_trial-03_eeg.fif,pass,high,high,HVHA,0.05263157894736842,6.0,10.0,1000,250,8.97,5.02,True,high,True,high,True,HVHA
sub-mit076_trial-03_window-007,sub-mit076,modeling_primary,3,sub-mit076_trial-03,7,3000,4000,data/processed/sub-mit076/trials/sub-mit076_trial-03_eeg.fif,pass,high,high,HVHA,0.05263157894736842,12.0,16.0,1000,250,8.97,5.02,True,high,True,high,True,HVHA
sub-mit076_trial-03_window-008,sub-mit076,modeling_primary,3,sub-mit076_trial-03,8,3500,4500,data/processed/sub-mit076/trials/sub-mit076_trial-03_eeg.fif,pass,high,high,HVHA,0.05263157894736842,14.0,18.0,1000,250,8.97,5.02,True,high,True,high,True,HVHA
sub-mit076_trial-03_window-009,sub-mit076,modeling_primary,3,sub-mit076_trial-03,9,4000,5000,data/processed/sub-mit076/trials/sub-mit076_trial-03_eeg.fif,pass,high,high,HVHA,0.05263157894736842,16.0,20.0,1000,250,8.97,5.02,True,high,True,high,True,HVHA
sub-mit076_trial-03_window-012,sub-mit076,modeling_primary,3,sub-mit076_trial-03,12,5500,6500,data/processed/sub-mit076/trials/sub-mit076_trial-03_eeg.fif,pass,high,high,HVHA,0.05263157894736842,22.0,26.0,1000,250,8.97,5.02,True,high,True,high,True,HVHA
sub-mit076_trial-03_window-013,sub-mit076,modeling_primary,3,sub-mit076_trial-03,13,6000,7000,data/processed/sub-mit076/trials/sub-mit076_trial-03_eeg.fif,pass,high,high,HVHA,0.05263157894736842,24.0,28.0,1000,250,8.97,5.02,True,high,True,high,True,HVHA
sub-mit076_trial-03_window-014,sub-mit076,modeling_primary,3,sub-mit076_trial-03,14,6500,7500,data/processed/sub-mit076/trials/sub-mit076_trial-03_eeg.fif,pass,high,high,HVHA,0.05263157894736842,26.0,30.0,1000,250,8.97,5.02,True,high,True,high,True,HVHA
sub-mit076_trial-03_window-015,sub-mit076,modeling_primary,3,sub-mit076_trial-03,15,7000,8000,data/processed/sub-mit076/trials/sub-mit076_trial-03_eeg.fif,pass,high,high,HVHA,0.05263157894736842,28.0,32.0,1000,250,8.97,5.02,True,high,True,high,True,HVHA
sub-mit076_trial-03_window-018,sub-mit076,modeling_primary,3,sub-mit076_trial-03,18,8500,9500,data/processed/sub-mit076/trials/sub-mit076_trial-03_eeg.fif,pass,high,high,HVHA,0.05263157894736842,34.0,38.0,1000,250,8.97,5.02,True,high,True,high,True,HVHA
sub-mit076_trial-03_window-019,sub-mit076,modeling_primary,3,sub-mit076_trial-03,19,9000,10000,data/processed/sub-mit076/trials/sub-mit076_trial-03_eeg.fif,pass,high,high,HVHA,0.05263157894736842,36.0,40.0,1000,250,8.97,5.02,True,high,True,high,True,HVHA
sub-mit076_trial-03_window-020,sub-mit076,modeling_primary,3,sub-mit076_trial-03,20,9500,10500,data/processed/sub-mit076/trials/sub-mit076_trial-03_eeg.fif,pass,high,high,HVHA,0.05263157894736842,38.0,42.0,1000,250,8.97,5.02,True,high,True,high,True,HVHA
sub-mit076_trial-03_window-021,sub-mit076,modeling_primary,3,sub-mit076_trial-03,21,10000,11000,data/processed/sub-mit076/trials/sub-mit076_trial-03_eeg.fif,pass,high,high,HVHA,0.05263157894736842,40.0,44.0,1000,250,8.97,5.02,True,high,True,high,True,HVHA
sub-mit076_trial-03_window-022,sub-mit076,modeling_primary,3,sub-mit076_trial-03,22,10500,11500,data/processed/sub-mit076/trials/sub-mit076_trial-03_eeg.fif,pass,high,high,HVHA,0.05263157894736842,42.0,46.0,1000,250,8.97,5.02,True,high,True,high,True,HVHA
sub-mit076_trial-03_window-023,sub-mit076,modeling_primary,3,sub-mit076_trial-03,23,11000,12000,data/processed/sub-mit076/trials/sub-mit076_trial-03_eeg.fif,pass,high,high,HVHA,0.05263157894736842,44.0,48.0,1000,250,8.97,5.02,True,high,True,high,True,HVHA
sub-mit076_trial-03_window-024,sub-mit076,modeling_primary,3,sub-mit076_trial-03,24,11500,12500,data/processed/sub-mit076/trials/sub-mit076_trial-03_eeg.fif,pass,high,high,HVHA,0.05263157894736842,46.0,50.0,1000,250,8.97,5.02,True,high,True,high,True,HVHA
sub-mit076_trial-03_window-025,sub-mit076,modeling_primary,3,sub-mit076_trial-03,25,12000,13000,data/processed/sub-mit076/trials/sub-mit076_trial-03_eeg.fif,pass,high,high,HVHA,0.05263157894736842,48.0,52.0,1000,250,8.97,5.02,True,high,True,high,True,HVHA
sub-mit076_trial-03_window-026,sub-mit076,modeling_primary,3,sub-mit076_trial-03,26,12500,13500,data/processed/sub-mit076/trials/sub-mit076_trial-03_eeg.fif,pass,high,high,HVHA,0.05263157894736842,50.0,54.0,1000,250,8.97,5.02,True,high,True,high,True,HVHA
sub-mit076_trial-04_window-001,sub-mit076,modeling_primary,4,sub-mit076_trial-04,1,0,1000,data/processed/sub-mit076/trials/sub-mit076_trial-04_eeg.fif,pass,low,high,LVHA,0.034482758620689655,0.0,4.0,1000,250,1.05,9.0,True,low,True,high,True,LVHA
sub-mit076_trial-04_window-002,sub-mit076,modeling_primary,4,sub-mit076_trial-04,2,500,1500,data/processed/sub-mit076/trials/sub-mit076_trial-04_eeg.fif,pass,low,high,LVHA,0.034482758620689655,2.0,6.0,1000,250,1.05,9.0,True,low,True,high,True,LVHA
sub-mit076_trial-04_window-003,sub-mit076,modeling_primary,4,sub-mit076_trial-04,3,1000,2000,data/processed/sub-mit076/trials/sub-mit076_trial-04_eeg.fif,pass,low,high,LVHA,0.034482758620689655,4.0,8.0,1000,250,1.05,9.0,True,low,True,high,True,LVHA
sub-mit076_trial-04_window-004,sub-mit076,modeling_primary,4,sub-mit076_trial-04,4,1500,2500,data/processed/sub-mit076/trials/sub-mit076_trial-04_eeg.fif,pass,low,high,LVHA,0.034482758620689655,6.0,10.0,1000,250,1.05,9.0,True,low,True,high,True,LVHA
sub-mit076_trial-04_window-005,sub-mit076,modeling_primary,4,sub-mit076_trial-04,5,2000,3000,data/processed/sub-mit076/trials/sub-mit076_trial-04_eeg.fif,pass,low,high,LVHA,0.034482758620689655,8.0,12.0,1000,250,1.05,9.0,True,low,True,high,True,LVHA
sub-mit076_trial-04_window-006,sub-mit076,modeling_primary,4,sub-mit076_trial-04,6,2500,3500,data/processed/sub-mit076/trials/sub-mit076_trial-04_eeg.fif,pass,low,high,LVHA,0.034482758620689655,10.0,14.0,1000,250,1.05,9.0,True,low,True,high,True,LVHA
sub-mit076_trial-04_window-007,sub-mit076,modeling_primary,4,sub-mit076_trial-04,7,3000,4000,data/processed/sub-mit076/trials/sub-mit076_trial-04_eeg.fif,pass,low,high,LVHA,0.034482758620689655,12.0,16.0,1000,250,1.05,9.0,True,low,True,high,True,LVHA
sub-mit076_trial-04_window-008,sub-mit076,modeling_primary,4,sub-mit076_trial-04,8,3500,4500,data/processed/sub-mit076/trials/sub-mit076_trial-04_eeg.fif,pass,low,high,LVHA,0.034482758620689655,14.0,18.0,1000,250,1.05,9.0,True,low,True,high,True,LVHA
sub-mit076_trial-04_window-009,sub-mit076,modeling_primary,4,sub-mit076_trial-04,9,4000,5000,data/processed/sub-mit076/trials/sub-mit076_trial-04_eeg.fif,pass,low,high,LVHA,0.034482758620689655,16.0,20.0,1000,250,1.05,9.0,True,low,True,high,True,LVHA
sub-mit076_trial-04_window-010,sub-mit076,modeling_primary,4,sub-mit076_trial-04,10,4500,5500,data/processed/sub-mit076/trials/sub-mit076_trial-04_eeg.fif,pass,low,high,LVHA,0.034482758620689655,18.0,22.0,1000,250,1.05,9.0,True,low,True,high,True,LVHA
sub-mit076_trial-04_window-011,sub-mit076,modeling_primary,4,sub-mit076_trial-04,11,5000,6000,data/processed/sub-mit076/trials/sub-mit076_trial-04_eeg.fif,pass,low,high,LVHA,0.034482758620689655,20.0,24.0,1000,250,1.05,9.0,True,low,True,high,True,LVHA
sub-mit076_trial-04_window-012,sub-mit076,modeling_primary,4,sub-mit076_trial-04,12,5500,6500,data/processed/sub-mit076/trials/sub-mit076_trial-04_eeg.fif,pass,low,high,LVHA,0.034482758620689655,22.0,26.0,1000,250,1.05,9.0,True,low,True,high,True,LVHA
sub-mit076_trial-04_window-013,sub-mit076,modeling_primary,4,sub-mit076_trial-04,13,6000,7000,data/processed/sub-mit076/trials/sub-mit076_trial-04_eeg.fif,pass,low,high,LVHA,0.034482758620689655,24.0,28.0,1000,250,1.05,9.0,True,low,True,high,True,LVHA
sub-mit076_trial-04_window-014,sub-mit076,modeling_primary,4,sub-mit076_trial-04,14,6500,7500,data/processed/sub-mit076/trials/sub-mit076_trial-04_eeg.fif,pass,low,high,LVHA,0.034482758620689655,26.0,30.0,1000,250,1.05,9.0,True,low,True,high,True,LVHA
sub-mit076_trial-04_window-015,sub-mit076,modeling_primary,4,sub-mit076_trial-04,15,7000,8000,data/processed/sub-mit076/trials/sub-mit076_trial-04_eeg.fif,pass,low,high,LVHA,0.034482758620689655,28.0,32.0,1000,250,1.05,9.0,True,low,True,high,True,LVHA
sub-mit076_trial-04_window-016,sub-mit076,modeling_primary,4,sub-mit076_trial-04,16,7500,8500,data/processed/sub-mit076/trials/sub-mit076_trial-04_eeg.fif,pass,low,high,LVHA,0.034482758620689655,30.0,34.0,1000,250,1.05,9.0,True,low,True,high,True,LVHA
sub-mit076_trial-04_window-017,sub-mit076,modeling_primary,4,sub-mit076_trial-04,17,8000,9000,data/processed/sub-mit076/trials/sub-mit076_trial-04_eeg.fif,pass,low,high,LVHA,0.034482758620689655,32.0,36.0,1000,250,1.05,9.0,True,low,True,high,True,LVHA
sub-mit076_trial-04_window-018,sub-mit076,modeling_primary,4,sub-mit076_trial-04,18,8500,9500,data/processed/sub-mit076/trials/sub-mit076_trial-04_eeg.fif,pass,low,high,LVHA,0.034482758620689655,34.0,38.0,1000,250,1.05,9.0,True,low,True,high,True,LVHA
sub-mit076_trial-04_window-019,sub-mit076,modeling_primary,4,sub-mit076_trial-04,19,9000,10000,data/processed/sub-mit076/trials/sub-mit076_trial-04_eeg.fif,pass,low,high,LVHA,0.034482758620689655,36.0,40.0,1000,250,1.05,9.0,True,low,True,high,True,LVHA
sub-mit076_trial-04_window-020,sub-mit076,modeling_primary,4,sub-mit076_trial-04,20,9500,10500,data/processed/sub-mit076/trials/sub-mit076_trial-04_eeg.fif,pass,low,high,LVHA,0.034482758620689655,38.0,42.0,1000,250,1.05,9.0,True,low,True,high,True,LVHA
sub-mit076_trial-04_window-021,sub-mit076,modeling_primary,4,sub-mit076_trial-04,21,10000,11000,data/processed/sub-mit076/trials/sub-mit076_trial-04_eeg.fif,pass,low,high,LVHA,0.034482758620689655,40.0,44.0,1000,250,1.05,9.0,True,low,True,high,True,LVHA
sub-mit076_trial-04_window-022,sub-mit076,modeling_primary,4,sub-mit076_trial-04,22,10500,11500,data/processed/sub-mit076/trials/sub-mit076_trial-04_eeg.fif,pass,low,high,LVHA,0.034482758620689655,42.0,46.0,1000,250,1.05,9.0,True,low,True,high,True,LVHA
sub-mit076_trial-04_window-023,sub-mit076,modeling_primary,4,sub-mit076_trial-04,23,11000,12000,data/processed/sub-mit076/trials/sub-mit076_trial-04_eeg.fif,pass,low,high,LVHA,0.034482758620689655,44.0,48.0,1000,250,1.05,9.0,True,low,True,high,True,LVHA
sub-mit076_trial-04_window-024,sub-mit076,modeling_primary,4,sub-mit076_trial-04,24,11500,12500,data/processed/sub-mit076/trials/sub-mit076_trial-04_eeg.fif,pass,low,high,LVHA,0.034482758620689655,46.0,50.0,1000,250,1.05,9.0,True,low,True,high,True,LVHA
sub-mit076_trial-04_window-025,sub-mit076,modeling_primary,4,sub-mit076_trial-04,25,12000,13000,data/processed/sub-mit076/trials/sub-mit076_trial-04_eeg.fif,pass,low,high,LVHA,0.034482758620689655,48.0,52.0,1000,250,1.05,9.0,True,low,True,high,True,LVHA
sub-mit076_trial-04_window-026,sub-mit076,modeling_primary,4,sub-mit076_trial-04,26,12500,13500,data/processed/sub-mit076/trials/sub-mit076_trial-04_eeg.fif,pass,low,high,LVHA,0.034482758620689655,50.0,54.0,1000,250,1.05,9.0,True,low,True,high,True,LVHA
sub-mit076_trial-04_window-027,sub-mit076,modeling_primary,4,sub-mit076_trial-04,27,13000,14000,data/processed/sub-mit076/trials/sub-mit076_trial-04_eeg.fif,pass,low,high,LVHA,0.034482758620689655,52.0,56.0,1000,250,1.05,9.0,True,low,True,high,True,LVHA
sub-mit076_trial-04_window-028,sub-mit076,modeling_primary,4,sub-mit076_trial-04,28,13500,14500,data/processed/sub-mit076/trials/sub-mit076_trial-04_eeg.fif,pass,low,high,LVHA,0.034482758620689655,54.0,58.0,1000,250,1.05,9.0,True,low,True,high,True,LVHA
sub-mit076_trial-04_window-029,sub-mit076,modeling_primary,4,sub-mit076_trial-04,29,14000,15000,data/processed/sub-mit076/trials/sub-mit076_trial-04_eeg.fif,pass,low,high,LVHA,0.034482758620689655,56.0,60.0,1000,250,1.05,9.0,True,low,True,high,True,LVHA
sub-mit076_trial-05_window-003,sub-mit076,modeling_primary,5,sub-mit076_trial-05,3,1000,2000,data/processed/sub-mit076/trials/sub-mit076_trial-05_eeg.fif,pass,high,high,HVHA,0.041666666666666664,4.0,8.0,1000,250,7.93,7.06,True,high,True,high,True,HVHA
sub-mit076_trial-05_window-004,sub-mit076,modeling_primary,5,sub-mit076_trial-05,4,1500,2500,data/processed/sub-mit076/trials/sub-mit076_trial-05_eeg.fif,pass,high,high,HVHA,0.041666666666666664,6.0,10.0,1000,250,7.93,7.06,True,high,True,high,True,HVHA
sub-mit076_trial-05_window-006,sub-mit076,modeling_primary,5,sub-mit076_trial-05,6,2500,3500,data/processed/sub-mit076/trials/sub-mit076_trial-05_eeg.fif,pass,high,high,HVHA,0.041666666666666664,10.0,14.0,1000,250,7.93,7.06,True,high,True,high,True,HVHA
sub-mit076_trial-05_window-007,sub-mit076,modeling_primary,5,sub-mit076_trial-05,7,3000,4000,data/processed/sub-mit076/trials/sub-mit076_trial-05_eeg.fif,pass,high,high,HVHA,0.041666666666666664,12.0,16.0,1000,250,7.93,7.06,True,high,True,high,True,HVHA
sub-mit076_trial-05_window-008,sub-mit076,modeling_primary,5,sub-mit076_trial-05,8,3500,4500,data/processed/sub-mit076/trials/sub-mit076_trial-05_eeg.fif,pass,high,high,HVHA,0.041666666666666664,14.0,18.0,1000,250,7.93,7.06,True,high,True,high,True,HVHA
sub-mit076_trial-05_window-009,sub-mit076,modeling_primary,5,sub-mit076_trial-05,9,4000,5000,data/processed/sub-mit076/trials/sub-mit076_trial-05_eeg.fif,pass,high,high,HVHA,0.041666666666666664,16.0,20.0,1000,250,7.93,7.06,True,high,True,high,True,HVHA
sub-mit076_trial-05_window-010,sub-mit076,modeling_primary,5,sub-mit076_trial-05,10,4500,5500,data/processed/sub-mit076/trials/sub-mit076_trial-05_eeg.fif,pass,high,high,HVHA,0.041666666666666664,18.0,22.0,1000,250,7.93,7.06,True,high,True,high,True,HVHA
sub-mit076_trial-05_window-011,sub-mit076,modeling_primary,5,sub-mit076_trial-05,11,5000,6000,data/processed/sub-mit076/trials/sub-mit076_trial-05_eeg.fif,pass,high,high,HVHA,0.041666666666666664,20.0,24.0,1000,250,7.93,7.06,True,high,True,high,True,HVHA
sub-mit076_trial-05_window-012,sub-mit076,modeling_primary,5,sub-mit076_trial-05,12,5500,6500,data/processed/sub-mit076/trials/sub-mit076_trial-05_eeg.fif,pass,high,high,HVHA,0.041666666666666664,22.0,26.0,1000,250,7.93,7.06,True,high,True,high,True,HVHA
sub-mit076_trial-05_window-013,sub-mit076,modeling_primary,5,sub-mit076_trial-05,13,6000,7000,data/processed/sub-mit076/trials/sub-mit076_trial-05_eeg.fif,pass,high,high,HVHA,0.041666666666666664,24.0,28.0,1000,250,7.93,7.06,True,high,True,high,True,HVHA
sub-mit076_trial-05_window-014,sub-mit076,modeling_primary,5,sub-mit076_trial-05,14,6500,7500,data/processed/sub-mit076/trials/sub-mit076_trial-05_eeg.fif,pass,high,high,HVHA,0.041666666666666664,26.0,30.0,1000,250,7.93,7.06,True,high,True,high,True,HVHA
sub-mit076_trial-05_window-015,sub-mit076,modeling_primary,5,sub-mit076_trial-05,15,7000,8000,data/processed/sub-mit076/trials/sub-mit076_trial-05_eeg.fif,pass,high,high,HVHA,0.041666666666666664,28.0,32.0,1000,250,7.93,7.06,True,high,True,high,True,HVHA
sub-mit076_trial-05_window-016,sub-mit076,modeling_primary,5,sub-mit076_trial-05,16,7500,8500,data/processed/sub-mit076/trials/sub-mit076_trial-05_eeg.fif,pass,high,high,HVHA,0.041666666666666664,30.0,34.0,1000,250,7.93,7.06,True,high,True,high,True,HVHA
sub-mit076_trial-05_window-017,sub-mit076,modeling_primary,5,sub-mit076_trial-05,17,8000,9000,data/processed/sub-mit076/trials/sub-mit076_trial-05_eeg.fif,pass,high,high,HVHA,0.041666666666666664,32.0,36.0,1000,250,7.93,7.06,True,high,True,high,True,HVHA
sub-mit076_trial-05_window-020,sub-mit076,modeling_primary,5,sub-mit076_trial-05,20,9500,10500,data/processed/sub-mit076/trials/sub-mit076_trial-05_eeg.fif,pass,high,high,HVHA,0.041666666666666664,38.0,42.0,1000,250,7.93,7.06,True,high,True,high,True,HVHA
sub-mit076_trial-05_window-021,sub-mit076,modeling_primary,5,sub-mit076_trial-05,21,10000,11000,data/processed/sub-mit076/trials/sub-mit076_trial-05_eeg.fif,pass,high,high,HVHA,0.041666666666666664,40.0,44.0,1000,250,7.93,7.06,True,high,True,high,True,HVHA
sub-mit076_trial-05_window-022,sub-mit076,modeling_primary,5,sub-mit076_trial-05,22,10500,11500,data/processed/sub-mit076/trials/sub-mit076_trial-05_eeg.fif,pass,high,high,HVHA,0.041666666666666664,42.0,46.0,1000,250,7.93,7.06,True,high,True,high,True,HVHA
sub-mit076_trial-05_window-023,sub-mit076,modeling_primary,5,sub-mit076_trial-05,23,11000,12000,data/processed/sub-mit076/trials/sub-mit076_trial-05_eeg.fif,pass,high,high,HVHA,0.041666666666666664,44.0,48.0,1000,250,7.93,7.06,True,high,True,high,True,HVHA
sub-mit076_trial-05_window-024,sub-mit076,modeling_primary,5,sub-mit076_trial-05,24,11500,12500,data/processed/sub-mit076/trials/sub-mit076_trial-05_eeg.fif,pass,high,high,HVHA,0.041666666666666664,46.0,50.0,1000,250,7.93,7.06,True,high,True,high,True,HVHA
sub-mit076_trial-05_window-025,sub-mit076,modeling_primary,5,sub-mit076_trial-05,25,12000,13000,data/processed/sub-mit076/trials/sub-mit076_trial-05_eeg.fif,pass,high,high,HVHA,0.041666666666666664,48.0,52.0,1000,250,7.93,7.06,True,high,True,high,True,HVHA
sub-mit076_trial-05_window-026,sub-mit076,modeling_primary,5,sub-mit076_trial-05,26,12500,13500,data/processed/sub-mit076/trials/sub-mit076_trial-05_eeg.fif,pass,high,high,HVHA,0.041666666666666664,50.0,54.0,1000,250,7.93,7.06,True,high,True,high,True,HVHA
sub-mit076_trial-05_window-027,sub-mit076,modeling_primary,5,sub-mit076_trial-05,27,13000,14000,data/processed/sub-mit076/trials/sub-mit076_trial-05_eeg.fif,pass,high,high,HVHA,0.041666666666666664,52.0,56.0,1000,250,7.93,7.06,True,high,True,high,True,HVHA
sub-mit076_trial-05_window-028,sub-mit076,modeling_primary,5,sub-mit076_trial-05,28,13500,14500,data/processed/sub-mit076/trials/sub-mit076_trial-05_eeg.fif,pass,high,high,HVHA,0.041666666666666664,54.0,58.0,1000,250,7.93,7.06,True,high,True,high,True,HVHA
sub-mit076_trial-05_window-029,sub-mit076,modeling_primary,5,sub-mit076_trial-05,29,14000,15000,data/processed/sub-mit076/trials/sub-mit076_trial-05_eeg.fif,pass,high,high,HVHA,0.041666666666666664,56.0,60.0,1000,250,7.93,7.06,True,high,True,high,True,HVHA
sub-mit076_trial-06_window-001,sub-mit076,modeling_primary,6,sub-mit076_trial-06,1,0,1000,data/processed/sub-mit076/trials/sub-mit076_trial-06_eeg.fif,pass,low,high,LVHA,0.07142857142857142,0.0,4.0,1000,250,1.0,7.18,True,low,True,high,True,LVHA
sub-mit076_trial-06_window-002,sub-mit076,modeling_primary,6,sub-mit076_trial-06,2,500,1500,data/processed/sub-mit076/trials/sub-mit076_trial-06_eeg.fif,pass,low,high,LVHA,0.07142857142857142,2.0,6.0,1000,250,1.0,7.18,True,low,True,high,True,LVHA
sub-mit076_trial-06_window-007,sub-mit076,modeling_primary,6,sub-mit076_trial-06,7,3000,4000,data/processed/sub-mit076/trials/sub-mit076_trial-06_eeg.fif,pass,low,high,LVHA,0.07142857142857142,12.0,16.0,1000,250,1.0,7.18,True,low,True,high,True,LVHA
sub-mit076_trial-06_window-008,sub-mit076,modeling_primary,6,sub-mit076_trial-06,8,3500,4500,data/processed/sub-mit076/trials/sub-mit076_trial-06_eeg.fif,pass,low,high,LVHA,0.07142857142857142,14.0,18.0,1000,250,1.0,7.18,True,low,True,high,True,LVHA
sub-mit076_trial-06_window-010,sub-mit076,modeling_primary,6,sub-mit076_trial-06,10,4500,5500,data/processed/sub-mit076/trials/sub-mit076_trial-06_eeg.fif,pass,low,high,LVHA,0.07142857142857142,18.0,22.0,1000,250,1.0,7.18,True,low,True,high,True,LVHA
sub-mit076_trial-06_window-011,sub-mit076,modeling_primary,6,sub-mit076_trial-06,11,5000,6000,data/processed/sub-mit076/trials/sub-mit076_trial-06_eeg.fif,pass,low,high,LVHA,0.07142857142857142,20.0,24.0,1000,250,1.0,7.18,True,low,True,high,True,LVHA
sub-mit076_trial-06_window-018,sub-mit076,modeling_primary,6,sub-mit076_trial-06,18,8500,9500,data/processed/sub-mit076/trials/sub-mit076_trial-06_eeg.fif,pass,low,high,LVHA,0.07142857142857142,34.0,38.0,1000,250,1.0,7.18,True,low,True,high,True,LVHA
sub-mit076_trial-06_window-021,sub-mit076,modeling_primary,6,sub-mit076_trial-06,21,10000,11000,data/processed/sub-mit076/trials/sub-mit076_trial-06_eeg.fif,pass,low,high,LVHA,0.07142857142857142,40.0,44.0,1000,250,1.0,7.18,True,low,True,high,True,LVHA
sub-mit076_trial-06_window-024,sub-mit076,modeling_primary,6,sub-mit076_trial-06,24,11500,12500,data/processed/sub-mit076/trials/sub-mit076_trial-06_eeg.fif,pass,low,high,LVHA,0.07142857142857142,46.0,50.0,1000,250,1.0,7.18,True,low,True,high,True,LVHA
sub-mit076_trial-06_window-025,sub-mit076,modeling_primary,6,sub-mit076_trial-06,25,12000,13000,data/processed/sub-mit076/trials/sub-mit076_trial-06_eeg.fif,pass,low,high,LVHA,0.07142857142857142,48.0,52.0,1000,250,1.0,7.18,True,low,True,high,True,LVHA
sub-mit076_trial-06_window-026,sub-mit076,modeling_primary,6,sub-mit076_trial-06,26,12500,13500,data/processed/sub-mit076/trials/sub-mit076_trial-06_eeg.fif,pass,low,high,LVHA,0.07142857142857142,50.0,54.0,1000,250,1.0,7.18,True,low,True,high,True,LVHA
sub-mit076_trial-06_window-027,sub-mit076,modeling_primary,6,sub-mit076_trial-06,27,13000,14000,data/processed/sub-mit076/trials/sub-mit076_trial-06_eeg.fif,pass,low,high,LVHA,0.07142857142857142,52.0,56.0,1000,250,1.0,7.18,True,low,True,high,True,LVHA
sub-mit076_trial-06_window-028,sub-mit076,modeling_primary,6,sub-mit076_trial-06,28,13500,14500,data/processed/sub-mit076/trials/sub-mit076_trial-06_eeg.fif,pass,low,high,LVHA,0.07142857142857142,54.0,58.0,1000,250,1.0,7.18,True,low,True,high,True,LVHA
sub-mit076_trial-06_window-029,sub-mit076,modeling_primary,6,sub-mit076_trial-06,29,14000,15000,data/processed/sub-mit076/trials/sub-mit076_trial-06_eeg.fif,pass,low,high,LVHA,0.07142857142857142,56.0,60.0,1000,250,1.0,7.18,True,low,True,high,True,LVHA
sub-mit076_trial-07_window-010,sub-mit076,modeling_primary,7,sub-mit076_trial-07,10,4500,5500,data/processed/sub-mit076/trials/sub-mit076_trial-07_eeg.fif,pass,high,high,HVHA,0.1,18.0,22.0,1000,250,8.05,5.08,True,high,True,high,True,HVHA
sub-mit076_trial-07_window-015,sub-mit076,modeling_primary,7,sub-mit076_trial-07,15,7000,8000,data/processed/sub-mit076/trials/sub-mit076_trial-07_eeg.fif,pass,high,high,HVHA,0.1,28.0,32.0,1000,250,8.05,5.08,True,high,True,high,True,HVHA
sub-mit076_trial-07_window-016,sub-mit076,modeling_primary,7,sub-mit076_trial-07,16,7500,8500,data/processed/sub-mit076/trials/sub-mit076_trial-07_eeg.fif,pass,high,high,HVHA,0.1,30.0,34.0,1000,250,8.05,5.08,True,high,True,high,True,HVHA
sub-mit076_trial-07_window-017,sub-mit076,modeling_primary,7,sub-mit076_trial-07,17,8000,9000,data/processed/sub-mit076/trials/sub-mit076_trial-07_eeg.fif,pass,high,high,HVHA,0.1,32.0,36.0,1000,250,8.05,5.08,True,high,True,high,True,HVHA
sub-mit076_trial-07_window-018,sub-mit076,modeling_primary,7,sub-mit076_trial-07,18,8500,9500,data/processed/sub-mit076/trials/sub-mit076_trial-07_eeg.fif,pass,high,high,HVHA,0.1,34.0,38.0,1000,250,8.05,5.08,True,high,True,high,True,HVHA
sub-mit076_trial-07_window-021,sub-mit076,modeling_primary,7,sub-mit076_trial-07,21,10000,11000,data/processed/sub-mit076/trials/sub-mit076_trial-07_eeg.fif,pass,high,high,HVHA,0.1,40.0,44.0,1000,250,8.05,5.08,True,high,True,high,True,HVHA
sub-mit076_trial-07_window-022,sub-mit076,modeling_primary,7,sub-mit076_trial-07,22,10500,11500,data/processed/sub-mit076/trials/sub-mit076_trial-07_eeg.fif,pass,high,high,HVHA,0.1,42.0,46.0,1000,250,8.05,5.08,True,high,True,high,True,HVHA
sub-mit076_trial-07_window-023,sub-mit076,modeling_primary,7,sub-mit076_trial-07,23,11000,12000,data/processed/sub-mit076/trials/sub-mit076_trial-07_eeg.fif,pass,high,high,HVHA,0.1,44.0,48.0,1000,250,8.05,5.08,True,high,True,high,True,HVHA
sub-mit076_trial-07_window-025,sub-mit076,modeling_primary,7,sub-mit076_trial-07,25,12000,13000,data/processed/sub-mit076/trials/sub-mit076_trial-07_eeg.fif,pass,high,high,HVHA,0.1,48.0,52.0,1000,250,8.05,5.08,True,high,True,high,True,HVHA
sub-mit076_trial-07_window-026,sub-mit076,modeling_primary,7,sub-mit076_trial-07,26,12500,13500,data/processed/sub-mit076/trials/sub-mit076_trial-07_eeg.fif,pass,high,high,HVHA,0.1,50.0,54.0,1000,250,8.05,5.08,True,high,True,high,True,HVHA
sub-mit076_trial-08_window-001,sub-mit076,modeling_primary,8,sub-mit076_trial-08,1,0,1000,data/processed/sub-mit076/trials/sub-mit076_trial-08_eeg.fif,pass,low,high,LVHA,0.037037037037037035,0.0,4.0,1000,250,1.0,6.93,True,low,True,high,True,LVHA
sub-mit076_trial-08_window-002,sub-mit076,modeling_primary,8,sub-mit076_trial-08,2,500,1500,data/processed/sub-mit076/trials/sub-mit076_trial-08_eeg.fif,pass,low,high,LVHA,0.037037037037037035,2.0,6.0,1000,250,1.0,6.93,True,low,True,high,True,LVHA
sub-mit076_trial-08_window-004,sub-mit076,modeling_primary,8,sub-mit076_trial-08,4,1500,2500,data/processed/sub-mit076/trials/sub-mit076_trial-08_eeg.fif,pass,low,high,LVHA,0.037037037037037035,6.0,10.0,1000,250,1.0,6.93,True,low,True,high,True,LVHA
sub-mit076_trial-08_window-005,sub-mit076,modeling_primary,8,sub-mit076_trial-08,5,2000,3000,data/processed/sub-mit076/trials/sub-mit076_trial-08_eeg.fif,pass,low,high,LVHA,0.037037037037037035,8.0,12.0,1000,250,1.0,6.93,True,low,True,high,True,LVHA
sub-mit076_trial-08_window-006,sub-mit076,modeling_primary,8,sub-mit076_trial-08,6,2500,3500,data/processed/sub-mit076/trials/sub-mit076_trial-08_eeg.fif,pass,low,high,LVHA,0.037037037037037035,10.0,14.0,1000,250,1.0,6.93,True,low,True,high,True,LVHA
sub-mit076_trial-08_window-007,sub-mit076,modeling_primary,8,sub-mit076_trial-08,7,3000,4000,data/processed/sub-mit076/trials/sub-mit076_trial-08_eeg.fif,pass,low,high,LVHA,0.037037037037037035,12.0,16.0,1000,250,1.0,6.93,True,low,True,high,True,LVHA
sub-mit076_trial-08_window-008,sub-mit076,modeling_primary,8,sub-mit076_trial-08,8,3500,4500,data/processed/sub-mit076/trials/sub-mit076_trial-08_eeg.fif,pass,low,high,LVHA,0.037037037037037035,14.0,18.0,1000,250,1.0,6.93,True,low,True,high,True,LVHA
sub-mit076_trial-08_window-009,sub-mit076,modeling_primary,8,sub-mit076_trial-08,9,4000,5000,data/processed/sub-mit076/trials/sub-mit076_trial-08_eeg.fif,pass,low,high,LVHA,0.037037037037037035,16.0,20.0,1000,250,1.0,6.93,True,low,True,high,True,LVHA
sub-mit076_trial-08_window-010,sub-mit076,modeling_primary,8,sub-mit076_trial-08,10,4500,5500,data/processed/sub-mit076/trials/sub-mit076_trial-08_eeg.fif,pass,low,high,LVHA,0.037037037037037035,18.0,22.0,1000,250,1.0,6.93,True,low,True,high,True,LVHA
sub-mit076_trial-08_window-011,sub-mit076,modeling_primary,8,sub-mit076_trial-08,11,5000,6000,data/processed/sub-mit076/trials/sub-mit076_trial-08_eeg.fif,pass,low,high,LVHA,0.037037037037037035,20.0,24.0,1000,250,1.0,6.93,True,low,True,high,True,LVHA
sub-mit076_trial-08_window-012,sub-mit076,modeling_primary,8,sub-mit076_trial-08,12,5500,6500,data/processed/sub-mit076/trials/sub-mit076_trial-08_eeg.fif,pass,low,high,LVHA,0.037037037037037035,22.0,26.0,1000,250,1.0,6.93,True,low,True,high,True,LVHA
sub-mit076_trial-08_window-013,sub-mit076,modeling_primary,8,sub-mit076_trial-08,13,6000,7000,data/processed/sub-mit076/trials/sub-mit076_trial-08_eeg.fif,pass,low,high,LVHA,0.037037037037037035,24.0,28.0,1000,250,1.0,6.93,True,low,True,high,True,LVHA
sub-mit076_trial-08_window-014,sub-mit076,modeling_primary,8,sub-mit076_trial-08,14,6500,7500,data/processed/sub-mit076/trials/sub-mit076_trial-08_eeg.fif,pass,low,high,LVHA,0.037037037037037035,26.0,30.0,1000,250,1.0,6.93,True,low,True,high,True,LVHA
sub-mit076_trial-08_window-015,sub-mit076,modeling_primary,8,sub-mit076_trial-08,15,7000,8000,data/processed/sub-mit076/trials/sub-mit076_trial-08_eeg.fif,pass,low,high,LVHA,0.037037037037037035,28.0,32.0,1000,250,1.0,6.93,True,low,True,high,True,LVHA
sub-mit076_trial-08_window-016,sub-mit076,modeling_primary,8,sub-mit076_trial-08,16,7500,8500,data/processed/sub-mit076/trials/sub-mit076_trial-08_eeg.fif,pass,low,high,LVHA,0.037037037037037035,30.0,34.0,1000,250,1.0,6.93,True,low,True,high,True,LVHA
sub-mit076_trial-08_window-017,sub-mit076,modeling_primary,8,sub-mit076_trial-08,17,8000,9000,data/processed/sub-mit076/trials/sub-mit076_trial-08_eeg.fif,pass,low,high,LVHA,0.037037037037037035,32.0,36.0,1000,250,1.0,6.93,True,low,True,high,True,LVHA
sub-mit076_trial-08_window-018,sub-mit076,modeling_primary,8,sub-mit076_trial-08,18,8500,9500,data/processed/sub-mit076/trials/sub-mit076_trial-08_eeg.fif,pass,low,high,LVHA,0.037037037037037035,34.0,38.0,1000,250,1.0,6.93,True,low,True,high,True,LVHA
sub-mit076_trial-08_window-019,sub-mit076,modeling_primary,8,sub-mit076_trial-08,19,9000,10000,data/processed/sub-mit076/trials/sub-mit076_trial-08_eeg.fif,pass,low,high,LVHA,0.037037037037037035,36.0,40.0,1000,250,1.0,6.93,True,low,True,high,True,LVHA
sub-mit076_trial-08_window-020,sub-mit076,modeling_primary,8,sub-mit076_trial-08,20,9500,10500,data/processed/sub-mit076/trials/sub-mit076_trial-08_eeg.fif,pass,low,high,LVHA,0.037037037037037035,38.0,42.0,1000,250,1.0,6.93,True,low,True,high,True,LVHA
sub-mit076_trial-08_window-021,sub-mit076,modeling_primary,8,sub-mit076_trial-08,21,10000,11000,data/processed/sub-mit076/trials/sub-mit076_trial-08_eeg.fif,pass,low,high,LVHA,0.037037037037037035,40.0,44.0,1000,250,1.0,6.93,True,low,True,high,True,LVHA
sub-mit076_trial-08_window-022,sub-mit076,modeling_primary,8,sub-mit076_trial-08,22,10500,11500,data/processed/sub-mit076/trials/sub-mit076_trial-08_eeg.fif,pass,low,high,LVHA,0.037037037037037035,42.0,46.0,1000,250,1.0,6.93,True,low,True,high,True,LVHA
sub-mit076_trial-08_window-023,sub-mit076,modeling_primary,8,sub-mit076_trial-08,23,11000,12000,data/processed/sub-mit076/trials/sub-mit076_trial-08_eeg.fif,pass,low,high,LVHA,0.037037037037037035,44.0,48.0,1000,250,1.0,6.93,True,low,True,high,True,LVHA
sub-mit076_trial-08_window-024,sub-mit076,modeling_primary,8,sub-mit076_trial-08,24,11500,12500,data/processed/sub-mit076/trials/sub-mit076_trial-08_eeg.fif,pass,low,high,LVHA,0.037037037037037035,46.0,50.0,1000,250,1.0,6.93,True,low,True,high,True,LVHA
sub-mit076_trial-08_window-025,sub-mit076,modeling_primary,8,sub-mit076_trial-08,25,12000,13000,data/processed/sub-mit076/trials/sub-mit076_trial-08_eeg.fif,pass,low,high,LVHA,0.037037037037037035,48.0,52.0,1000,250,1.0,6.93,True,low,True,high,True,LVHA
sub-mit076_trial-08_window-026,sub-mit076,modeling_primary,8,sub-mit076_trial-08,26,12500,13500,data/processed/sub-mit076/trials/sub-mit076_trial-08_eeg.fif,pass,low,high,LVHA,0.037037037037037035,50.0,54.0,1000,250,1.0,6.93,True,low,True,high,True,LVHA
sub-mit076_trial-08_window-027,sub-mit076,modeling_primary,8,sub-mit076_trial-08,27,13000,14000,data/processed/sub-mit076/trials/sub-mit076_trial-08_eeg.fif,pass,low,high,LVHA,0.037037037037037035,52.0,56.0,1000,250,1.0,6.93,True,low,True,high,True,LVHA
sub-mit076_trial-08_window-028,sub-mit076,modeling_primary,8,sub-mit076_trial-08,28,13500,14500,data/processed/sub-mit076/trials/sub-mit076_trial-08_eeg.fif,pass,low,high,LVHA,0.037037037037037035,54.0,58.0,1000,250,1.0,6.93,True,low,True,high,True,LVHA
sub-mit076_trial-09_window-004,sub-mit076,modeling_primary,9,sub-mit076_trial-09,4,1500,2500,data/processed/sub-mit076/trials/sub-mit076_trial-09_eeg.fif,pass,ambiguous,low,ambiguous,0.09090909090909091,6.0,10.0,1000,250,5.0,1.0,False,ambiguous,True,low,False,ambiguous
sub-mit076_trial-09_window-005,sub-mit076,modeling_primary,9,sub-mit076_trial-09,5,2000,3000,data/processed/sub-mit076/trials/sub-mit076_trial-09_eeg.fif,pass,ambiguous,low,ambiguous,0.09090909090909091,8.0,12.0,1000,250,5.0,1.0,False,ambiguous,True,low,False,ambiguous
sub-mit076_trial-09_window-011,sub-mit076,modeling_primary,9,sub-mit076_trial-09,11,5000,6000,data/processed/sub-mit076/trials/sub-mit076_trial-09_eeg.fif,pass,ambiguous,low,ambiguous,0.09090909090909091,20.0,24.0,1000,250,5.0,1.0,False,ambiguous,True,low,False,ambiguous
sub-mit076_trial-09_window-018,sub-mit076,modeling_primary,9,sub-mit076_trial-09,18,8500,9500,data/processed/sub-mit076/trials/sub-mit076_trial-09_eeg.fif,pass,ambiguous,low,ambiguous,0.09090909090909091,34.0,38.0,1000,250,5.0,1.0,False,ambiguous,True,low,False,ambiguous
sub-mit076_trial-09_window-021,sub-mit076,modeling_primary,9,sub-mit076_trial-09,21,10000,11000,data/processed/sub-mit076/trials/sub-mit076_trial-09_eeg.fif,pass,ambiguous,low,ambiguous,0.09090909090909091,40.0,44.0,1000,250,5.0,1.0,False,ambiguous,True,low,False,ambiguous
sub-mit076_trial-09_window-022,sub-mit076,modeling_primary,9,sub-mit076_trial-09,22,10500,11500,data/processed/sub-mit076/trials/sub-mit076_trial-09_eeg.fif,pass,ambiguous,low,ambiguous,0.09090909090909091,42.0,46.0,1000,250,5.0,1.0,False,ambiguous,True,low,False,ambiguous
sub-mit076_trial-09_window-023,sub-mit076,modeling_primary,9,sub-mit076_trial-09,23,11000,12000,data/processed/sub-mit076/trials/sub-mit076_trial-09_eeg.fif,pass,ambiguous,low,ambiguous,0.09090909090909091,44.0,48.0,1000,250,5.0,1.0,False,ambiguous,True,low,False,ambiguous
sub-mit076_trial-09_window-026,sub-mit076,modeling_primary,9,sub-mit076_trial-09,26,12500,13500,data/processed/sub-mit076/trials/sub-mit076_trial-09_eeg.fif,pass,ambiguous,low,ambiguous,0.09090909090909091,50.0,54.0,1000,250,5.0,1.0,False,ambiguous,True,low,False,ambiguous
sub-mit076_trial-09_window-027,sub-mit076,modeling_primary,9,sub-mit076_trial-09,27,13000,14000,data/processed/sub-mit076/trials/sub-mit076_trial-09_eeg.fif,pass,ambiguous,low,ambiguous,0.09090909090909091,52.0,56.0,1000,250,5.0,1.0,False,ambiguous,True,low,False,ambiguous
sub-mit076_trial-09_window-028,sub-mit076,modeling_primary,9,sub-mit076_trial-09,28,13500,14500,data/processed/sub-mit076/trials/sub-mit076_trial-09_eeg.fif,pass,ambiguous,low,ambiguous,0.09090909090909091,54.0,58.0,1000,250,5.0,1.0,False,ambiguous,True,low,False,ambiguous
sub-mit076_trial-09_window-029,sub-mit076,modeling_primary,9,sub-mit076_trial-09,29,14000,15000,data/processed/sub-mit076/trials/sub-mit076_trial-09_eeg.fif,pass,ambiguous,low,ambiguous,0.09090909090909091,56.0,60.0,1000,250,5.0,1.0,False,ambiguous,True,low,False,ambiguous
sub-mit076_trial-10_window-001,sub-mit076,modeling_primary,10,sub-mit076_trial-10,1,0,1000,data/processed/sub-mit076/trials/sub-mit076_trial-10_eeg.fif,pass,high,high,HVHA,0.047619047619047616,0.0,4.0,1000,250,8.05,9.0,True,high,True,high,True,HVHA
sub-mit076_trial-10_window-002,sub-mit076,modeling_primary,10,sub-mit076_trial-10,2,500,1500,data/processed/sub-mit076/trials/sub-mit076_trial-10_eeg.fif,pass,high,high,HVHA,0.047619047619047616,2.0,6.0,1000,250,8.05,9.0,True,high,True,high,True,HVHA
sub-mit076_trial-10_window-003,sub-mit076,modeling_primary,10,sub-mit076_trial-10,3,1000,2000,data/processed/sub-mit076/trials/sub-mit076_trial-10_eeg.fif,pass,high,high,HVHA,0.047619047619047616,4.0,8.0,1000,250,8.05,9.0,True,high,True,high,True,HVHA
sub-mit076_trial-10_window-004,sub-mit076,modeling_primary,10,sub-mit076_trial-10,4,1500,2500,data/processed/sub-mit076/trials/sub-mit076_trial-10_eeg.fif,pass,high,high,HVHA,0.047619047619047616,6.0,10.0,1000,250,8.05,9.0,True,high,True,high,True,HVHA
sub-mit076_trial-10_window-005,sub-mit076,modeling_primary,10,sub-mit076_trial-10,5,2000,3000,data/processed/sub-mit076/trials/sub-mit076_trial-10_eeg.fif,pass,high,high,HVHA,0.047619047619047616,8.0,12.0,1000,250,8.05,9.0,True,high,True,high,True,HVHA
sub-mit076_trial-10_window-006,sub-mit076,modeling_primary,10,sub-mit076_trial-10,6,2500,3500,data/processed/sub-mit076/trials/sub-mit076_trial-10_eeg.fif,pass,high,high,HVHA,0.047619047619047616,10.0,14.0,1000,250,8.05,9.0,True,high,True,high,True,HVHA
sub-mit076_trial-10_window-007,sub-mit076,modeling_primary,10,sub-mit076_trial-10,7,3000,4000,data/processed/sub-mit076/trials/sub-mit076_trial-10_eeg.fif,pass,high,high,HVHA,0.047619047619047616,12.0,16.0,1000,250,8.05,9.0,True,high,True,high,True,HVHA
sub-mit076_trial-10_window-008,sub-mit076,modeling_primary,10,sub-mit076_trial-10,8,3500,4500,data/processed/sub-mit076/trials/sub-mit076_trial-10_eeg.fif,pass,high,high,HVHA,0.047619047619047616,14.0,18.0,1000,250,8.05,9.0,True,high,True,high,True,HVHA
sub-mit076_trial-10_window-010,sub-mit076,modeling_primary,10,sub-mit076_trial-10,10,4500,5500,data/processed/sub-mit076/trials/sub-mit076_trial-10_eeg.fif,pass,high,high,HVHA,0.047619047619047616,18.0,22.0,1000,250,8.05,9.0,True,high,True,high,True,HVHA
sub-mit076_trial-10_window-011,sub-mit076,modeling_primary,10,sub-mit076_trial-10,11,5000,6000,data/processed/sub-mit076/trials/sub-mit076_trial-10_eeg.fif,pass,high,high,HVHA,0.047619047619047616,20.0,24.0,1000,250,8.05,9.0,True,high,True,high,True,HVHA
sub-mit076_trial-10_window-014,sub-mit076,modeling_primary,10,sub-mit076_trial-10,14,6500,7500,data/processed/sub-mit076/trials/sub-mit076_trial-10_eeg.fif,pass,high,high,HVHA,0.047619047619047616,26.0,30.0,1000,250,8.05,9.0,True,high,True,high,True,HVHA
sub-mit076_trial-10_window-018,sub-mit076,modeling_primary,10,sub-mit076_trial-10,18,8500,9500,data/processed/sub-mit076/trials/sub-mit076_trial-10_eeg.fif,pass,high,high,HVHA,0.047619047619047616,34.0,38.0,1000,250,8.05,9.0,True,high,True,high,True,HVHA
sub-mit076_trial-10_window-019,sub-mit076,modeling_primary,10,sub-mit076_trial-10,19,9000,10000,data/processed/sub-mit076/trials/sub-mit076_trial-10_eeg.fif,pass,high,high,HVHA,0.047619047619047616,36.0,40.0,1000,250,8.05,9.0,True,high,True,high,True,HVHA
sub-mit076_trial-10_window-020,sub-mit076,modeling_primary,10,sub-mit076_trial-10,20,9500,10500,data/processed/sub-mit076/trials/sub-mit076_trial-10_eeg.fif,pass,high,high,HVHA,0.047619047619047616,38.0,42.0,1000,250,8.05,9.0,True,high,True,high,True,HVHA
sub-mit076_trial-10_window-022,sub-mit076,modeling_primary,10,sub-mit076_trial-10,22,10500,11500,data/processed/sub-mit076/trials/sub-mit076_trial-10_eeg.fif,pass,high,high,HVHA,0.047619047619047616,42.0,46.0,1000,250,8.05,9.0,True,high,True,high,True,HVHA
sub-mit076_trial-10_window-023,sub-mit076,modeling_primary,10,sub-mit076_trial-10,23,11000,12000,data/processed/sub-mit076/trials/sub-mit076_trial-10_eeg.fif,pass,high,high,HVHA,0.047619047619047616,44.0,48.0,1000,250,8.05,9.0,True,high,True,high,True,HVHA
sub-mit076_trial-10_window-024,sub-mit076,modeling_primary,10,sub-mit076_trial-10,24,11500,12500,data/processed/sub-mit076/trials/sub-mit076_trial-10_eeg.fif,pass,high,high,HVHA,0.047619047619047616,46.0,50.0,1000,250,8.05,9.0,True,high,True,high,True,HVHA
sub-mit076_trial-10_window-025,sub-mit076,modeling_primary,10,sub-mit076_trial-10,25,12000,13000,data/processed/sub-mit076/trials/sub-mit076_trial-10_eeg.fif,pass,high,high,HVHA,0.047619047619047616,48.0,52.0,1000,250,8.05,9.0,True,high,True,high,True,HVHA
sub-mit076_trial-10_window-026,sub-mit076,modeling_primary,10,sub-mit076_trial-10,26,12500,13500,data/processed/sub-mit076/trials/sub-mit076_trial-10_eeg.fif,pass,high,high,HVHA,0.047619047619047616,50.0,54.0,1000,250,8.05,9.0,True,high,True,high,True,HVHA
sub-mit076_trial-10_window-027,sub-mit076,modeling_primary,10,sub-mit076_trial-10,27,13000,14000,data/processed/sub-mit076/trials/sub-mit076_trial-10_eeg.fif,pass,high,high,HVHA,0.047619047619047616,52.0,56.0,1000,250,8.05,9.0,True,high,True,high,True,HVHA
sub-mit076_trial-10_window-028,sub-mit076,modeling_primary,10,sub-mit076_trial-10,28,13500,14500,data/processed/sub-mit076/trials/sub-mit076_trial-10_eeg.fif,pass,high,high,HVHA,0.047619047619047616,54.0,58.0,1000,250,8.05,9.0,True,high,True,high,True,HVHA
sub-mit117_trial-08_window-003,sub-mit117,sensitivity_only,8,sub-mit117_trial-08,3,1000,2000,data/processed/sub-mit117/trials/sub-mit117_trial-08_eeg.fif,pass,low,high,LVHA,0.1111111111111111,4.0,8.0,1000,250,1.05,6.04,True,low,True,high,True,LVHA
sub-mit117_trial-08_window-007,sub-mit117,sensitivity_only,8,sub-mit117_trial-08,7,3000,4000,data/processed/sub-mit117/trials/sub-mit117_trial-08_eeg.fif,pass,low,high,LVHA,0.1111111111111111,12.0,16.0,1000,250,1.05,6.04,True,low,True,high,True,LVHA
sub-mit117_trial-08_window-010,sub-mit117,sensitivity_only,8,sub-mit117_trial-08,10,4500,5500,data/processed/sub-mit117/trials/sub-mit117_trial-08_eeg.fif,pass,low,high,LVHA,0.1111111111111111,18.0,22.0,1000,250,1.05,6.04,True,low,True,high,True,LVHA
sub-mit117_trial-08_window-011,sub-mit117,sensitivity_only,8,sub-mit117_trial-08,11,5000,6000,data/processed/sub-mit117/trials/sub-mit117_trial-08_eeg.fif,pass,low,high,LVHA,0.1111111111111111,20.0,24.0,1000,250,1.05,6.04,True,low,True,high,True,LVHA
sub-mit117_trial-08_window-018,sub-mit117,sensitivity_only,8,sub-mit117_trial-08,18,8500,9500,data/processed/sub-mit117/trials/sub-mit117_trial-08_eeg.fif,pass,low,high,LVHA,0.1111111111111111,34.0,38.0,1000,250,1.05,6.04,True,low,True,high,True,LVHA
sub-mit117_trial-08_window-019,sub-mit117,sensitivity_only,8,sub-mit117_trial-08,19,9000,10000,data/processed/sub-mit117/trials/sub-mit117_trial-08_eeg.fif,pass,low,high,LVHA,0.1111111111111111,36.0,40.0,1000,250,1.05,6.04,True,low,True,high,True,LVHA
sub-mit117_trial-08_window-022,sub-mit117,sensitivity_only,8,sub-mit117_trial-08,22,10500,11500,data/processed/sub-mit117/trials/sub-mit117_trial-08_eeg.fif,pass,low,high,LVHA,0.1111111111111111,42.0,46.0,1000,250,1.05,6.04,True,low,True,high,True,LVHA
sub-mit117_trial-08_window-023,sub-mit117,sensitivity_only,8,sub-mit117_trial-08,23,11000,12000,data/processed/sub-mit117/trials/sub-mit117_trial-08_eeg.fif,pass,low,high,LVHA,0.1111111111111111,44.0,48.0,1000,250,1.05,6.04,True,low,True,high,True,LVHA
sub-mit117_trial-08_window-027,sub-mit117,sensitivity_only,8,sub-mit117_trial-08,27,13000,14000,data/processed/sub-mit117/trials/sub-mit117_trial-08_eeg.fif,pass,low,high,LVHA,0.1111111111111111,52.0,56.0,1000,250,1.05,6.04,True,low,True,high,True,LVHA
sub-mit121_trial-01_window-001,sub-mit121,modeling_primary,1,sub-mit121_trial-01,1,0,1000,data/processed/sub-mit121/trials/sub-mit121_trial-01_eeg.fif,pass,high,high,HVHA,0.04,0.0,4.0,1000,250,7.01,7.04,True,high,True,high,True,HVHA
sub-mit121_trial-01_window-002,sub-mit121,modeling_primary,1,sub-mit121_trial-01,2,500,1500,data/processed/sub-mit121/trials/sub-mit121_trial-01_eeg.fif,pass,high,high,HVHA,0.04,2.0,6.0,1000,250,7.01,7.04,True,high,True,high,True,HVHA
sub-mit121_trial-01_window-003,sub-mit121,modeling_primary,1,sub-mit121_trial-01,3,1000,2000,data/processed/sub-mit121/trials/sub-mit121_trial-01_eeg.fif,pass,high,high,HVHA,0.04,4.0,8.0,1000,250,7.01,7.04,True,high,True,high,True,HVHA
sub-mit121_trial-01_window-004,sub-mit121,modeling_primary,1,sub-mit121_trial-01,4,1500,2500,data/processed/sub-mit121/trials/sub-mit121_trial-01_eeg.fif,pass,high,high,HVHA,0.04,6.0,10.0,1000,250,7.01,7.04,True,high,True,high,True,HVHA
sub-mit121_trial-01_window-005,sub-mit121,modeling_primary,1,sub-mit121_trial-01,5,2000,3000,data/processed/sub-mit121/trials/sub-mit121_trial-01_eeg.fif,pass,high,high,HVHA,0.04,8.0,12.0,1000,250,7.01,7.04,True,high,True,high,True,HVHA
sub-mit121_trial-01_window-006,sub-mit121,modeling_primary,1,sub-mit121_trial-01,6,2500,3500,data/processed/sub-mit121/trials/sub-mit121_trial-01_eeg.fif,pass,high,high,HVHA,0.04,10.0,14.0,1000,250,7.01,7.04,True,high,True,high,True,HVHA
sub-mit121_trial-01_window-007,sub-mit121,modeling_primary,1,sub-mit121_trial-01,7,3000,4000,data/processed/sub-mit121/trials/sub-mit121_trial-01_eeg.fif,pass,high,high,HVHA,0.04,12.0,16.0,1000,250,7.01,7.04,True,high,True,high,True,HVHA
sub-mit121_trial-01_window-008,sub-mit121,modeling_primary,1,sub-mit121_trial-01,8,3500,4500,data/processed/sub-mit121/trials/sub-mit121_trial-01_eeg.fif,pass,high,high,HVHA,0.04,14.0,18.0,1000,250,7.01,7.04,True,high,True,high,True,HVHA
sub-mit121_trial-01_window-009,sub-mit121,modeling_primary,1,sub-mit121_trial-01,9,4000,5000,data/processed/sub-mit121/trials/sub-mit121_trial-01_eeg.fif,pass,high,high,HVHA,0.04,16.0,20.0,1000,250,7.01,7.04,True,high,True,high,True,HVHA
sub-mit121_trial-01_window-012,sub-mit121,modeling_primary,1,sub-mit121_trial-01,12,5500,6500,data/processed/sub-mit121/trials/sub-mit121_trial-01_eeg.fif,pass,high,high,HVHA,0.04,22.0,26.0,1000,250,7.01,7.04,True,high,True,high,True,HVHA
sub-mit121_trial-01_window-013,sub-mit121,modeling_primary,1,sub-mit121_trial-01,13,6000,7000,data/processed/sub-mit121/trials/sub-mit121_trial-01_eeg.fif,pass,high,high,HVHA,0.04,24.0,28.0,1000,250,7.01,7.04,True,high,True,high,True,HVHA
sub-mit121_trial-01_window-016,sub-mit121,modeling_primary,1,sub-mit121_trial-01,16,7500,8500,data/processed/sub-mit121/trials/sub-mit121_trial-01_eeg.fif,pass,high,high,HVHA,0.04,30.0,34.0,1000,250,7.01,7.04,True,high,True,high,True,HVHA
sub-mit121_trial-01_window-017,sub-mit121,modeling_primary,1,sub-mit121_trial-01,17,8000,9000,data/processed/sub-mit121/trials/sub-mit121_trial-01_eeg.fif,pass,high,high,HVHA,0.04,32.0,36.0,1000,250,7.01,7.04,True,high,True,high,True,HVHA
sub-mit121_trial-01_window-018,sub-mit121,modeling_primary,1,sub-mit121_trial-01,18,8500,9500,data/processed/sub-mit121/trials/sub-mit121_trial-01_eeg.fif,pass,high,high,HVHA,0.04,34.0,38.0,1000,250,7.01,7.04,True,high,True,high,True,HVHA
sub-mit121_trial-01_window-019,sub-mit121,modeling_primary,1,sub-mit121_trial-01,19,9000,10000,data/processed/sub-mit121/trials/sub-mit121_trial-01_eeg.fif,pass,high,high,HVHA,0.04,36.0,40.0,1000,250,7.01,7.04,True,high,True,high,True,HVHA
sub-mit121_trial-01_window-020,sub-mit121,modeling_primary,1,sub-mit121_trial-01,20,9500,10500,data/processed/sub-mit121/trials/sub-mit121_trial-01_eeg.fif,pass,high,high,HVHA,0.04,38.0,42.0,1000,250,7.01,7.04,True,high,True,high,True,HVHA
sub-mit121_trial-01_window-021,sub-mit121,modeling_primary,1,sub-mit121_trial-01,21,10000,11000,data/processed/sub-mit121/trials/sub-mit121_trial-01_eeg.fif,pass,high,high,HVHA,0.04,40.0,44.0,1000,250,7.01,7.04,True,high,True,high,True,HVHA
sub-mit121_trial-01_window-022,sub-mit121,modeling_primary,1,sub-mit121_trial-01,22,10500,11500,data/processed/sub-mit121/trials/sub-mit121_trial-01_eeg.fif,pass,high,high,HVHA,0.04,42.0,46.0,1000,250,7.01,7.04,True,high,True,high,True,HVHA
sub-mit121_trial-01_window-023,sub-mit121,modeling_primary,1,sub-mit121_trial-01,23,11000,12000,data/processed/sub-mit121/trials/sub-mit121_trial-01_eeg.fif,pass,high,high,HVHA,0.04,44.0,48.0,1000,250,7.01,7.04,True,high,True,high,True,HVHA
sub-mit121_trial-01_window-024,sub-mit121,modeling_primary,1,sub-mit121_trial-01,24,11500,12500,data/processed/sub-mit121/trials/sub-mit121_trial-01_eeg.fif,pass,high,high,HVHA,0.04,46.0,50.0,1000,250,7.01,7.04,True,high,True,high,True,HVHA
sub-mit121_trial-01_window-025,sub-mit121,modeling_primary,1,sub-mit121_trial-01,25,12000,13000,data/processed/sub-mit121/trials/sub-mit121_trial-01_eeg.fif,pass,high,high,HVHA,0.04,48.0,52.0,1000,250,7.01,7.04,True,high,True,high,True,HVHA
sub-mit121_trial-01_window-026,sub-mit121,modeling_primary,1,sub-mit121_trial-01,26,12500,13500,data/processed/sub-mit121/trials/sub-mit121_trial-01_eeg.fif,pass,high,high,HVHA,0.04,50.0,54.0,1000,250,7.01,7.04,True,high,True,high,True,HVHA
sub-mit121_trial-01_window-027,sub-mit121,modeling_primary,1,sub-mit121_trial-01,27,13000,14000,data/processed/sub-mit121/trials/sub-mit121_trial-01_eeg.fif,pass,high,high,HVHA,0.04,52.0,56.0,1000,250,7.01,7.04,True,high,True,high,True,HVHA
sub-mit121_trial-01_window-028,sub-mit121,modeling_primary,1,sub-mit121_trial-01,28,13500,14500,data/processed/sub-mit121/trials/sub-mit121_trial-01_eeg.fif,pass,high,high,HVHA,0.04,54.0,58.0,1000,250,7.01,7.04,True,high,True,high,True,HVHA
sub-mit121_trial-01_window-029,sub-mit121,modeling_primary,1,sub-mit121_trial-01,29,14000,15000,data/processed/sub-mit121/trials/sub-mit121_trial-01_eeg.fif,pass,high,high,HVHA,0.04,56.0,60.0,1000,250,7.01,7.04,True,high,True,high,True,HVHA
sub-mit121_trial-02_window-001,sub-mit121,modeling_primary,2,sub-mit121_trial-02,1,0,1000,data/processed/sub-mit121/trials/sub-mit121_trial-02_eeg.fif,pass,high,high,HVHA,0.04,0.0,4.0,1000,250,8.74,8.2,True,high,True,high,True,HVHA
sub-mit121_trial-02_window-003,sub-mit121,modeling_primary,2,sub-mit121_trial-02,3,1000,2000,data/processed/sub-mit121/trials/sub-mit121_trial-02_eeg.fif,pass,high,high,HVHA,0.04,4.0,8.0,1000,250,8.74,8.2,True,high,True,high,True,HVHA
sub-mit121_trial-02_window-004,sub-mit121,modeling_primary,2,sub-mit121_trial-02,4,1500,2500,data/processed/sub-mit121/trials/sub-mit121_trial-02_eeg.fif,pass,high,high,HVHA,0.04,6.0,10.0,1000,250,8.74,8.2,True,high,True,high,True,HVHA
sub-mit121_trial-02_window-005,sub-mit121,modeling_primary,2,sub-mit121_trial-02,5,2000,3000,data/processed/sub-mit121/trials/sub-mit121_trial-02_eeg.fif,pass,high,high,HVHA,0.04,8.0,12.0,1000,250,8.74,8.2,True,high,True,high,True,HVHA
sub-mit121_trial-02_window-006,sub-mit121,modeling_primary,2,sub-mit121_trial-02,6,2500,3500,data/processed/sub-mit121/trials/sub-mit121_trial-02_eeg.fif,pass,high,high,HVHA,0.04,10.0,14.0,1000,250,8.74,8.2,True,high,True,high,True,HVHA
sub-mit121_trial-02_window-007,sub-mit121,modeling_primary,2,sub-mit121_trial-02,7,3000,4000,data/processed/sub-mit121/trials/sub-mit121_trial-02_eeg.fif,pass,high,high,HVHA,0.04,12.0,16.0,1000,250,8.74,8.2,True,high,True,high,True,HVHA
sub-mit121_trial-02_window-009,sub-mit121,modeling_primary,2,sub-mit121_trial-02,9,4000,5000,data/processed/sub-mit121/trials/sub-mit121_trial-02_eeg.fif,pass,high,high,HVHA,0.04,16.0,20.0,1000,250,8.74,8.2,True,high,True,high,True,HVHA
sub-mit121_trial-02_window-010,sub-mit121,modeling_primary,2,sub-mit121_trial-02,10,4500,5500,data/processed/sub-mit121/trials/sub-mit121_trial-02_eeg.fif,pass,high,high,HVHA,0.04,18.0,22.0,1000,250,8.74,8.2,True,high,True,high,True,HVHA
sub-mit121_trial-02_window-011,sub-mit121,modeling_primary,2,sub-mit121_trial-02,11,5000,6000,data/processed/sub-mit121/trials/sub-mit121_trial-02_eeg.fif,pass,high,high,HVHA,0.04,20.0,24.0,1000,250,8.74,8.2,True,high,True,high,True,HVHA
sub-mit121_trial-02_window-012,sub-mit121,modeling_primary,2,sub-mit121_trial-02,12,5500,6500,data/processed/sub-mit121/trials/sub-mit121_trial-02_eeg.fif,pass,high,high,HVHA,0.04,22.0,26.0,1000,250,8.74,8.2,True,high,True,high,True,HVHA
sub-mit121_trial-02_window-013,sub-mit121,modeling_primary,2,sub-mit121_trial-02,13,6000,7000,data/processed/sub-mit121/trials/sub-mit121_trial-02_eeg.fif,pass,high,high,HVHA,0.04,24.0,28.0,1000,250,8.74,8.2,True,high,True,high,True,HVHA
sub-mit121_trial-02_window-014,sub-mit121,modeling_primary,2,sub-mit121_trial-02,14,6500,7500,data/processed/sub-mit121/trials/sub-mit121_trial-02_eeg.fif,pass,high,high,HVHA,0.04,26.0,30.0,1000,250,8.74,8.2,True,high,True,high,True,HVHA
sub-mit121_trial-02_window-015,sub-mit121,modeling_primary,2,sub-mit121_trial-02,15,7000,8000,data/processed/sub-mit121/trials/sub-mit121_trial-02_eeg.fif,pass,high,high,HVHA,0.04,28.0,32.0,1000,250,8.74,8.2,True,high,True,high,True,HVHA
sub-mit121_trial-02_window-016,sub-mit121,modeling_primary,2,sub-mit121_trial-02,16,7500,8500,data/processed/sub-mit121/trials/sub-mit121_trial-02_eeg.fif,pass,high,high,HVHA,0.04,30.0,34.0,1000,250,8.74,8.2,True,high,True,high,True,HVHA
sub-mit121_trial-02_window-017,sub-mit121,modeling_primary,2,sub-mit121_trial-02,17,8000,9000,data/processed/sub-mit121/trials/sub-mit121_trial-02_eeg.fif,pass,high,high,HVHA,0.04,32.0,36.0,1000,250,8.74,8.2,True,high,True,high,True,HVHA
sub-mit121_trial-02_window-018,sub-mit121,modeling_primary,2,sub-mit121_trial-02,18,8500,9500,data/processed/sub-mit121/trials/sub-mit121_trial-02_eeg.fif,pass,high,high,HVHA,0.04,34.0,38.0,1000,250,8.74,8.2,True,high,True,high,True,HVHA
sub-mit121_trial-02_window-019,sub-mit121,modeling_primary,2,sub-mit121_trial-02,19,9000,10000,data/processed/sub-mit121/trials/sub-mit121_trial-02_eeg.fif,pass,high,high,HVHA,0.04,36.0,40.0,1000,250,8.74,8.2,True,high,True,high,True,HVHA
sub-mit121_trial-02_window-020,sub-mit121,modeling_primary,2,sub-mit121_trial-02,20,9500,10500,data/processed/sub-mit121/trials/sub-mit121_trial-02_eeg.fif,pass,high,high,HVHA,0.04,38.0,42.0,1000,250,8.74,8.2,True,high,True,high,True,HVHA
sub-mit121_trial-02_window-021,sub-mit121,modeling_primary,2,sub-mit121_trial-02,21,10000,11000,data/processed/sub-mit121/trials/sub-mit121_trial-02_eeg.fif,pass,high,high,HVHA,0.04,40.0,44.0,1000,250,8.74,8.2,True,high,True,high,True,HVHA
sub-mit121_trial-02_window-022,sub-mit121,modeling_primary,2,sub-mit121_trial-02,22,10500,11500,data/processed/sub-mit121/trials/sub-mit121_trial-02_eeg.fif,pass,high,high,HVHA,0.04,42.0,46.0,1000,250,8.74,8.2,True,high,True,high,True,HVHA
sub-mit121_trial-02_window-025,sub-mit121,modeling_primary,2,sub-mit121_trial-02,25,12000,13000,data/processed/sub-mit121/trials/sub-mit121_trial-02_eeg.fif,pass,high,high,HVHA,0.04,48.0,52.0,1000,250,8.74,8.2,True,high,True,high,True,HVHA
sub-mit121_trial-02_window-026,sub-mit121,modeling_primary,2,sub-mit121_trial-02,26,12500,13500,data/processed/sub-mit121/trials/sub-mit121_trial-02_eeg.fif,pass,high,high,HVHA,0.04,50.0,54.0,1000,250,8.74,8.2,True,high,True,high,True,HVHA
sub-mit121_trial-02_window-027,sub-mit121,modeling_primary,2,sub-mit121_trial-02,27,13000,14000,data/processed/sub-mit121/trials/sub-mit121_trial-02_eeg.fif,pass,high,high,HVHA,0.04,52.0,56.0,1000,250,8.74,8.2,True,high,True,high,True,HVHA
sub-mit121_trial-02_window-028,sub-mit121,modeling_primary,2,sub-mit121_trial-02,28,13500,14500,data/processed/sub-mit121/trials/sub-mit121_trial-02_eeg.fif,pass,high,high,HVHA,0.04,54.0,58.0,1000,250,8.74,8.2,True,high,True,high,True,HVHA
sub-mit121_trial-02_window-029,sub-mit121,modeling_primary,2,sub-mit121_trial-02,29,14000,15000,data/processed/sub-mit121/trials/sub-mit121_trial-02_eeg.fif,pass,high,high,HVHA,0.04,56.0,60.0,1000,250,8.74,8.2,True,high,True,high,True,HVHA
sub-mit121_trial-03_window-002,sub-mit121,modeling_primary,3,sub-mit121_trial-03,2,500,1500,data/processed/sub-mit121/trials/sub-mit121_trial-03_eeg.fif,pass,low,high,LVHA,0.038461538461538464,2.0,6.0,1000,250,4.02,6.04,True,low,True,high,True,LVHA
sub-mit121_trial-03_window-003,sub-mit121,modeling_primary,3,sub-mit121_trial-03,3,1000,2000,data/processed/sub-mit121/trials/sub-mit121_trial-03_eeg.fif,pass,low,high,LVHA,0.038461538461538464,4.0,8.0,1000,250,4.02,6.04,True,low,True,high,True,LVHA
sub-mit121_trial-03_window-004,sub-mit121,modeling_primary,3,sub-mit121_trial-03,4,1500,2500,data/processed/sub-mit121/trials/sub-mit121_trial-03_eeg.fif,pass,low,high,LVHA,0.038461538461538464,6.0,10.0,1000,250,4.02,6.04,True,low,True,high,True,LVHA
sub-mit121_trial-03_window-005,sub-mit121,modeling_primary,3,sub-mit121_trial-03,5,2000,3000,data/processed/sub-mit121/trials/sub-mit121_trial-03_eeg.fif,pass,low,high,LVHA,0.038461538461538464,8.0,12.0,1000,250,4.02,6.04,True,low,True,high,True,LVHA
sub-mit121_trial-03_window-006,sub-mit121,modeling_primary,3,sub-mit121_trial-03,6,2500,3500,data/processed/sub-mit121/trials/sub-mit121_trial-03_eeg.fif,pass,low,high,LVHA,0.038461538461538464,10.0,14.0,1000,250,4.02,6.04,True,low,True,high,True,LVHA
sub-mit121_trial-03_window-007,sub-mit121,modeling_primary,3,sub-mit121_trial-03,7,3000,4000,data/processed/sub-mit121/trials/sub-mit121_trial-03_eeg.fif,pass,low,high,LVHA,0.038461538461538464,12.0,16.0,1000,250,4.02,6.04,True,low,True,high,True,LVHA
sub-mit121_trial-03_window-008,sub-mit121,modeling_primary,3,sub-mit121_trial-03,8,3500,4500,data/processed/sub-mit121/trials/sub-mit121_trial-03_eeg.fif,pass,low,high,LVHA,0.038461538461538464,14.0,18.0,1000,250,4.02,6.04,True,low,True,high,True,LVHA
sub-mit121_trial-03_window-009,sub-mit121,modeling_primary,3,sub-mit121_trial-03,9,4000,5000,data/processed/sub-mit121/trials/sub-mit121_trial-03_eeg.fif,pass,low,high,LVHA,0.038461538461538464,16.0,20.0,1000,250,4.02,6.04,True,low,True,high,True,LVHA
sub-mit121_trial-03_window-010,sub-mit121,modeling_primary,3,sub-mit121_trial-03,10,4500,5500,data/processed/sub-mit121/trials/sub-mit121_trial-03_eeg.fif,pass,low,high,LVHA,0.038461538461538464,18.0,22.0,1000,250,4.02,6.04,True,low,True,high,True,LVHA
sub-mit121_trial-03_window-011,sub-mit121,modeling_primary,3,sub-mit121_trial-03,11,5000,6000,data/processed/sub-mit121/trials/sub-mit121_trial-03_eeg.fif,pass,low,high,LVHA,0.038461538461538464,20.0,24.0,1000,250,4.02,6.04,True,low,True,high,True,LVHA
sub-mit121_trial-03_window-012,sub-mit121,modeling_primary,3,sub-mit121_trial-03,12,5500,6500,data/processed/sub-mit121/trials/sub-mit121_trial-03_eeg.fif,pass,low,high,LVHA,0.038461538461538464,22.0,26.0,1000,250,4.02,6.04,True,low,True,high,True,LVHA
sub-mit121_trial-03_window-013,sub-mit121,modeling_primary,3,sub-mit121_trial-03,13,6000,7000,data/processed/sub-mit121/trials/sub-mit121_trial-03_eeg.fif,pass,low,high,LVHA,0.038461538461538464,24.0,28.0,1000,250,4.02,6.04,True,low,True,high,True,LVHA
sub-mit121_trial-03_window-014,sub-mit121,modeling_primary,3,sub-mit121_trial-03,14,6500,7500,data/processed/sub-mit121/trials/sub-mit121_trial-03_eeg.fif,pass,low,high,LVHA,0.038461538461538464,26.0,30.0,1000,250,4.02,6.04,True,low,True,high,True,LVHA
sub-mit121_trial-03_window-015,sub-mit121,modeling_primary,3,sub-mit121_trial-03,15,7000,8000,data/processed/sub-mit121/trials/sub-mit121_trial-03_eeg.fif,pass,low,high,LVHA,0.038461538461538464,28.0,32.0,1000,250,4.02,6.04,True,low,True,high,True,LVHA
sub-mit121_trial-03_window-016,sub-mit121,modeling_primary,3,sub-mit121_trial-03,16,7500,8500,data/processed/sub-mit121/trials/sub-mit121_trial-03_eeg.fif,pass,low,high,LVHA,0.038461538461538464,30.0,34.0,1000,250,4.02,6.04,True,low,True,high,True,LVHA
sub-mit121_trial-03_window-017,sub-mit121,modeling_primary,3,sub-mit121_trial-03,17,8000,9000,data/processed/sub-mit121/trials/sub-mit121_trial-03_eeg.fif,pass,low,high,LVHA,0.038461538461538464,32.0,36.0,1000,250,4.02,6.04,True,low,True,high,True,LVHA
sub-mit121_trial-03_window-018,sub-mit121,modeling_primary,3,sub-mit121_trial-03,18,8500,9500,data/processed/sub-mit121/trials/sub-mit121_trial-03_eeg.fif,pass,low,high,LVHA,0.038461538461538464,34.0,38.0,1000,250,4.02,6.04,True,low,True,high,True,LVHA
sub-mit121_trial-03_window-019,sub-mit121,modeling_primary,3,sub-mit121_trial-03,19,9000,10000,data/processed/sub-mit121/trials/sub-mit121_trial-03_eeg.fif,pass,low,high,LVHA,0.038461538461538464,36.0,40.0,1000,250,4.02,6.04,True,low,True,high,True,LVHA
sub-mit121_trial-03_window-020,sub-mit121,modeling_primary,3,sub-mit121_trial-03,20,9500,10500,data/processed/sub-mit121/trials/sub-mit121_trial-03_eeg.fif,pass,low,high,LVHA,0.038461538461538464,38.0,42.0,1000,250,4.02,6.04,True,low,True,high,True,LVHA
sub-mit121_trial-03_window-023,sub-mit121,modeling_primary,3,sub-mit121_trial-03,23,11000,12000,data/processed/sub-mit121/trials/sub-mit121_trial-03_eeg.fif,pass,low,high,LVHA,0.038461538461538464,44.0,48.0,1000,250,4.02,6.04,True,low,True,high,True,LVHA
sub-mit121_trial-03_window-024,sub-mit121,modeling_primary,3,sub-mit121_trial-03,24,11500,12500,data/processed/sub-mit121/trials/sub-mit121_trial-03_eeg.fif,pass,low,high,LVHA,0.038461538461538464,46.0,50.0,1000,250,4.02,6.04,True,low,True,high,True,LVHA
sub-mit121_trial-03_window-025,sub-mit121,modeling_primary,3,sub-mit121_trial-03,25,12000,13000,data/processed/sub-mit121/trials/sub-mit121_trial-03_eeg.fif,pass,low,high,LVHA,0.038461538461538464,48.0,52.0,1000,250,4.02,6.04,True,low,True,high,True,LVHA
sub-mit121_trial-03_window-026,sub-mit121,modeling_primary,3,sub-mit121_trial-03,26,12500,13500,data/processed/sub-mit121/trials/sub-mit121_trial-03_eeg.fif,pass,low,high,LVHA,0.038461538461538464,50.0,54.0,1000,250,4.02,6.04,True,low,True,high,True,LVHA
sub-mit121_trial-03_window-027,sub-mit121,modeling_primary,3,sub-mit121_trial-03,27,13000,14000,data/processed/sub-mit121/trials/sub-mit121_trial-03_eeg.fif,pass,low,high,LVHA,0.038461538461538464,52.0,56.0,1000,250,4.02,6.04,True,low,True,high,True,LVHA
sub-mit121_trial-03_window-028,sub-mit121,modeling_primary,3,sub-mit121_trial-03,28,13500,14500,data/processed/sub-mit121/trials/sub-mit121_trial-03_eeg.fif,pass,low,high,LVHA,0.038461538461538464,54.0,58.0,1000,250,4.02,6.04,True,low,True,high,True,LVHA
sub-mit121_trial-03_window-029,sub-mit121,modeling_primary,3,sub-mit121_trial-03,29,14000,15000,data/processed/sub-mit121/trials/sub-mit121_trial-03_eeg.fif,pass,low,high,LVHA,0.038461538461538464,56.0,60.0,1000,250,4.02,6.04,True,low,True,high,True,LVHA
sub-mit121_trial-04_window-001,sub-mit121,modeling_primary,4,sub-mit121_trial-04,1,0,1000,data/processed/sub-mit121/trials/sub-mit121_trial-04_eeg.fif,pass,low,high,LVHA,0.05,0.0,4.0,1000,250,4.98,5.91,True,low,True,high,True,LVHA
sub-mit121_trial-04_window-002,sub-mit121,modeling_primary,4,sub-mit121_trial-04,2,500,1500,data/processed/sub-mit121/trials/sub-mit121_trial-04_eeg.fif,pass,low,high,LVHA,0.05,2.0,6.0,1000,250,4.98,5.91,True,low,True,high,True,LVHA
sub-mit121_trial-04_window-003,sub-mit121,modeling_primary,4,sub-mit121_trial-04,3,1000,2000,data/processed/sub-mit121/trials/sub-mit121_trial-04_eeg.fif,pass,low,high,LVHA,0.05,4.0,8.0,1000,250,4.98,5.91,True,low,True,high,True,LVHA
sub-mit121_trial-04_window-004,sub-mit121,modeling_primary,4,sub-mit121_trial-04,4,1500,2500,data/processed/sub-mit121/trials/sub-mit121_trial-04_eeg.fif,pass,low,high,LVHA,0.05,6.0,10.0,1000,250,4.98,5.91,True,low,True,high,True,LVHA
sub-mit121_trial-04_window-005,sub-mit121,modeling_primary,4,sub-mit121_trial-04,5,2000,3000,data/processed/sub-mit121/trials/sub-mit121_trial-04_eeg.fif,pass,low,high,LVHA,0.05,8.0,12.0,1000,250,4.98,5.91,True,low,True,high,True,LVHA
sub-mit121_trial-04_window-008,sub-mit121,modeling_primary,4,sub-mit121_trial-04,8,3500,4500,data/processed/sub-mit121/trials/sub-mit121_trial-04_eeg.fif,pass,low,high,LVHA,0.05,14.0,18.0,1000,250,4.98,5.91,True,low,True,high,True,LVHA
sub-mit121_trial-04_window-011,sub-mit121,modeling_primary,4,sub-mit121_trial-04,11,5000,6000,data/processed/sub-mit121/trials/sub-mit121_trial-04_eeg.fif,pass,low,high,LVHA,0.05,20.0,24.0,1000,250,4.98,5.91,True,low,True,high,True,LVHA
sub-mit121_trial-04_window-012,sub-mit121,modeling_primary,4,sub-mit121_trial-04,12,5500,6500,data/processed/sub-mit121/trials/sub-mit121_trial-04_eeg.fif,pass,low,high,LVHA,0.05,22.0,26.0,1000,250,4.98,5.91,True,low,True,high,True,LVHA
sub-mit121_trial-04_window-015,sub-mit121,modeling_primary,4,sub-mit121_trial-04,15,7000,8000,data/processed/sub-mit121/trials/sub-mit121_trial-04_eeg.fif,pass,low,high,LVHA,0.05,28.0,32.0,1000,250,4.98,5.91,True,low,True,high,True,LVHA
sub-mit121_trial-04_window-016,sub-mit121,modeling_primary,4,sub-mit121_trial-04,16,7500,8500,data/processed/sub-mit121/trials/sub-mit121_trial-04_eeg.fif,pass,low,high,LVHA,0.05,30.0,34.0,1000,250,4.98,5.91,True,low,True,high,True,LVHA
sub-mit121_trial-04_window-017,sub-mit121,modeling_primary,4,sub-mit121_trial-04,17,8000,9000,data/processed/sub-mit121/trials/sub-mit121_trial-04_eeg.fif,pass,low,high,LVHA,0.05,32.0,36.0,1000,250,4.98,5.91,True,low,True,high,True,LVHA
sub-mit121_trial-04_window-018,sub-mit121,modeling_primary,4,sub-mit121_trial-04,18,8500,9500,data/processed/sub-mit121/trials/sub-mit121_trial-04_eeg.fif,pass,low,high,LVHA,0.05,34.0,38.0,1000,250,4.98,5.91,True,low,True,high,True,LVHA
sub-mit121_trial-04_window-019,sub-mit121,modeling_primary,4,sub-mit121_trial-04,19,9000,10000,data/processed/sub-mit121/trials/sub-mit121_trial-04_eeg.fif,pass,low,high,LVHA,0.05,36.0,40.0,1000,250,4.98,5.91,True,low,True,high,True,LVHA
sub-mit121_trial-04_window-020,sub-mit121,modeling_primary,4,sub-mit121_trial-04,20,9500,10500,data/processed/sub-mit121/trials/sub-mit121_trial-04_eeg.fif,pass,low,high,LVHA,0.05,38.0,42.0,1000,250,4.98,5.91,True,low,True,high,True,LVHA
sub-mit121_trial-04_window-021,sub-mit121,modeling_primary,4,sub-mit121_trial-04,21,10000,11000,data/processed/sub-mit121/trials/sub-mit121_trial-04_eeg.fif,pass,low,high,LVHA,0.05,40.0,44.0,1000,250,4.98,5.91,True,low,True,high,True,LVHA
sub-mit121_trial-04_window-022,sub-mit121,modeling_primary,4,sub-mit121_trial-04,22,10500,11500,data/processed/sub-mit121/trials/sub-mit121_trial-04_eeg.fif,pass,low,high,LVHA,0.05,42.0,46.0,1000,250,4.98,5.91,True,low,True,high,True,LVHA
sub-mit121_trial-04_window-023,sub-mit121,modeling_primary,4,sub-mit121_trial-04,23,11000,12000,data/processed/sub-mit121/trials/sub-mit121_trial-04_eeg.fif,pass,low,high,LVHA,0.05,44.0,48.0,1000,250,4.98,5.91,True,low,True,high,True,LVHA
sub-mit121_trial-04_window-024,sub-mit121,modeling_primary,4,sub-mit121_trial-04,24,11500,12500,data/processed/sub-mit121/trials/sub-mit121_trial-04_eeg.fif,pass,low,high,LVHA,0.05,46.0,50.0,1000,250,4.98,5.91,True,low,True,high,True,LVHA
sub-mit121_trial-04_window-025,sub-mit121,modeling_primary,4,sub-mit121_trial-04,25,12000,13000,data/processed/sub-mit121/trials/sub-mit121_trial-04_eeg.fif,pass,low,high,LVHA,0.05,48.0,52.0,1000,250,4.98,5.91,True,low,True,high,True,LVHA
sub-mit121_trial-04_window-028,sub-mit121,modeling_primary,4,sub-mit121_trial-04,28,13500,14500,data/processed/sub-mit121/trials/sub-mit121_trial-04_eeg.fif,pass,low,high,LVHA,0.05,54.0,58.0,1000,250,4.98,5.91,True,low,True,high,True,LVHA
sub-mit121_trial-05_window-001,sub-mit121,modeling_primary,5,sub-mit121_trial-05,1,0,1000,data/processed/sub-mit121/trials/sub-mit121_trial-05_eeg.fif,pass,low,high,LVHA,0.037037037037037035,0.0,4.0,1000,250,1.95,7.03,True,low,True,high,True,LVHA
sub-mit121_trial-05_window-002,sub-mit121,modeling_primary,5,sub-mit121_trial-05,2,500,1500,data/processed/sub-mit121/trials/sub-mit121_trial-05_eeg.fif,pass,low,high,LVHA,0.037037037037037035,2.0,6.0,1000,250,1.95,7.03,True,low,True,high,True,LVHA
sub-mit121_trial-05_window-003,sub-mit121,modeling_primary,5,sub-mit121_trial-05,3,1000,2000,data/processed/sub-mit121/trials/sub-mit121_trial-05_eeg.fif,pass,low,high,LVHA,0.037037037037037035,4.0,8.0,1000,250,1.95,7.03,True,low,True,high,True,LVHA
sub-mit121_trial-05_window-004,sub-mit121,modeling_primary,5,sub-mit121_trial-05,4,1500,2500,data/processed/sub-mit121/trials/sub-mit121_trial-05_eeg.fif,pass,low,high,LVHA,0.037037037037037035,6.0,10.0,1000,250,1.95,7.03,True,low,True,high,True,LVHA
sub-mit121_trial-05_window-005,sub-mit121,modeling_primary,5,sub-mit121_trial-05,5,2000,3000,data/processed/sub-mit121/trials/sub-mit121_trial-05_eeg.fif,pass,low,high,LVHA,0.037037037037037035,8.0,12.0,1000,250,1.95,7.03,True,low,True,high,True,LVHA
sub-mit121_trial-05_window-006,sub-mit121,modeling_primary,5,sub-mit121_trial-05,6,2500,3500,data/processed/sub-mit121/trials/sub-mit121_trial-05_eeg.fif,pass,low,high,LVHA,0.037037037037037035,10.0,14.0,1000,250,1.95,7.03,True,low,True,high,True,LVHA
sub-mit121_trial-05_window-007,sub-mit121,modeling_primary,5,sub-mit121_trial-05,7,3000,4000,data/processed/sub-mit121/trials/sub-mit121_trial-05_eeg.fif,pass,low,high,LVHA,0.037037037037037035,12.0,16.0,1000,250,1.95,7.03,True,low,True,high,True,LVHA
sub-mit121_trial-05_window-008,sub-mit121,modeling_primary,5,sub-mit121_trial-05,8,3500,4500,data/processed/sub-mit121/trials/sub-mit121_trial-05_eeg.fif,pass,low,high,LVHA,0.037037037037037035,14.0,18.0,1000,250,1.95,7.03,True,low,True,high,True,LVHA
sub-mit121_trial-05_window-009,sub-mit121,modeling_primary,5,sub-mit121_trial-05,9,4000,5000,data/processed/sub-mit121/trials/sub-mit121_trial-05_eeg.fif,pass,low,high,LVHA,0.037037037037037035,16.0,20.0,1000,250,1.95,7.03,True,low,True,high,True,LVHA
sub-mit121_trial-05_window-010,sub-mit121,modeling_primary,5,sub-mit121_trial-05,10,4500,5500,data/processed/sub-mit121/trials/sub-mit121_trial-05_eeg.fif,pass,low,high,LVHA,0.037037037037037035,18.0,22.0,1000,250,1.95,7.03,True,low,True,high,True,LVHA
sub-mit121_trial-05_window-011,sub-mit121,modeling_primary,5,sub-mit121_trial-05,11,5000,6000,data/processed/sub-mit121/trials/sub-mit121_trial-05_eeg.fif,pass,low,high,LVHA,0.037037037037037035,20.0,24.0,1000,250,1.95,7.03,True,low,True,high,True,LVHA
sub-mit121_trial-05_window-012,sub-mit121,modeling_primary,5,sub-mit121_trial-05,12,5500,6500,data/processed/sub-mit121/trials/sub-mit121_trial-05_eeg.fif,pass,low,high,LVHA,0.037037037037037035,22.0,26.0,1000,250,1.95,7.03,True,low,True,high,True,LVHA
sub-mit121_trial-05_window-013,sub-mit121,modeling_primary,5,sub-mit121_trial-05,13,6000,7000,data/processed/sub-mit121/trials/sub-mit121_trial-05_eeg.fif,pass,low,high,LVHA,0.037037037037037035,24.0,28.0,1000,250,1.95,7.03,True,low,True,high,True,LVHA
sub-mit121_trial-05_window-014,sub-mit121,modeling_primary,5,sub-mit121_trial-05,14,6500,7500,data/processed/sub-mit121/trials/sub-mit121_trial-05_eeg.fif,pass,low,high,LVHA,0.037037037037037035,26.0,30.0,1000,250,1.95,7.03,True,low,True,high,True,LVHA
sub-mit121_trial-05_window-015,sub-mit121,modeling_primary,5,sub-mit121_trial-05,15,7000,8000,data/processed/sub-mit121/trials/sub-mit121_trial-05_eeg.fif,pass,low,high,LVHA,0.037037037037037035,28.0,32.0,1000,250,1.95,7.03,True,low,True,high,True,LVHA
sub-mit121_trial-05_window-016,sub-mit121,modeling_primary,5,sub-mit121_trial-05,16,7500,8500,data/processed/sub-mit121/trials/sub-mit121_trial-05_eeg.fif,pass,low,high,LVHA,0.037037037037037035,30.0,34.0,1000,250,1.95,7.03,True,low,True,high,True,LVHA
sub-mit121_trial-05_window-017,sub-mit121,modeling_primary,5,sub-mit121_trial-05,17,8000,9000,data/processed/sub-mit121/trials/sub-mit121_trial-05_eeg.fif,pass,low,high,LVHA,0.037037037037037035,32.0,36.0,1000,250,1.95,7.03,True,low,True,high,True,LVHA
sub-mit121_trial-05_window-018,sub-mit121,modeling_primary,5,sub-mit121_trial-05,18,8500,9500,data/processed/sub-mit121/trials/sub-mit121_trial-05_eeg.fif,pass,low,high,LVHA,0.037037037037037035,34.0,38.0,1000,250,1.95,7.03,True,low,True,high,True,LVHA
sub-mit121_trial-05_window-019,sub-mit121,modeling_primary,5,sub-mit121_trial-05,19,9000,10000,data/processed/sub-mit121/trials/sub-mit121_trial-05_eeg.fif,pass,low,high,LVHA,0.037037037037037035,36.0,40.0,1000,250,1.95,7.03,True,low,True,high,True,LVHA
sub-mit121_trial-05_window-020,sub-mit121,modeling_primary,5,sub-mit121_trial-05,20,9500,10500,data/processed/sub-mit121/trials/sub-mit121_trial-05_eeg.fif,pass,low,high,LVHA,0.037037037037037035,38.0,42.0,1000,250,1.95,7.03,True,low,True,high,True,LVHA
sub-mit121_trial-05_window-021,sub-mit121,modeling_primary,5,sub-mit121_trial-05,21,10000,11000,data/processed/sub-mit121/trials/sub-mit121_trial-05_eeg.fif,pass,low,high,LVHA,0.037037037037037035,40.0,44.0,1000,250,1.95,7.03,True,low,True,high,True,LVHA
sub-mit121_trial-05_window-024,sub-mit121,modeling_primary,5,sub-mit121_trial-05,24,11500,12500,data/processed/sub-mit121/trials/sub-mit121_trial-05_eeg.fif,pass,low,high,LVHA,0.037037037037037035,46.0,50.0,1000,250,1.95,7.03,True,low,True,high,True,LVHA
sub-mit121_trial-05_window-025,sub-mit121,modeling_primary,5,sub-mit121_trial-05,25,12000,13000,data/processed/sub-mit121/trials/sub-mit121_trial-05_eeg.fif,pass,low,high,LVHA,0.037037037037037035,48.0,52.0,1000,250,1.95,7.03,True,low,True,high,True,LVHA
sub-mit121_trial-05_window-026,sub-mit121,modeling_primary,5,sub-mit121_trial-05,26,12500,13500,data/processed/sub-mit121/trials/sub-mit121_trial-05_eeg.fif,pass,low,high,LVHA,0.037037037037037035,50.0,54.0,1000,250,1.95,7.03,True,low,True,high,True,LVHA
sub-mit121_trial-05_window-027,sub-mit121,modeling_primary,5,sub-mit121_trial-05,27,13000,14000,data/processed/sub-mit121/trials/sub-mit121_trial-05_eeg.fif,pass,low,high,LVHA,0.037037037037037035,52.0,56.0,1000,250,1.95,7.03,True,low,True,high,True,LVHA
sub-mit121_trial-05_window-028,sub-mit121,modeling_primary,5,sub-mit121_trial-05,28,13500,14500,data/processed/sub-mit121/trials/sub-mit121_trial-05_eeg.fif,pass,low,high,LVHA,0.037037037037037035,54.0,58.0,1000,250,1.95,7.03,True,low,True,high,True,LVHA
sub-mit121_trial-05_window-029,sub-mit121,modeling_primary,5,sub-mit121_trial-05,29,14000,15000,data/processed/sub-mit121/trials/sub-mit121_trial-05_eeg.fif,pass,low,high,LVHA,0.037037037037037035,56.0,60.0,1000,250,1.95,7.03,True,low,True,high,True,LVHA
sub-mit121_trial-06_window-003,sub-mit121,modeling_primary,6,sub-mit121_trial-06,3,1000,2000,data/processed/sub-mit121/trials/sub-mit121_trial-06_eeg.fif,pass,high,high,HVHA,0.041666666666666664,4.0,8.0,1000,250,5.27,5.33,True,high,True,high,True,HVHA
sub-mit121_trial-06_window-004,sub-mit121,modeling_primary,6,sub-mit121_trial-06,4,1500,2500,data/processed/sub-mit121/trials/sub-mit121_trial-06_eeg.fif,pass,high,high,HVHA,0.041666666666666664,6.0,10.0,1000,250,5.27,5.33,True,high,True,high,True,HVHA
sub-mit121_trial-06_window-008,sub-mit121,modeling_primary,6,sub-mit121_trial-06,8,3500,4500,data/processed/sub-mit121/trials/sub-mit121_trial-06_eeg.fif,pass,high,high,HVHA,0.041666666666666664,14.0,18.0,1000,250,5.27,5.33,True,high,True,high,True,HVHA
sub-mit121_trial-06_window-009,sub-mit121,modeling_primary,6,sub-mit121_trial-06,9,4000,5000,data/processed/sub-mit121/trials/sub-mit121_trial-06_eeg.fif,pass,high,high,HVHA,0.041666666666666664,16.0,20.0,1000,250,5.27,5.33,True,high,True,high,True,HVHA
sub-mit121_trial-06_window-010,sub-mit121,modeling_primary,6,sub-mit121_trial-06,10,4500,5500,data/processed/sub-mit121/trials/sub-mit121_trial-06_eeg.fif,pass,high,high,HVHA,0.041666666666666664,18.0,22.0,1000,250,5.27,5.33,True,high,True,high,True,HVHA
sub-mit121_trial-06_window-011,sub-mit121,modeling_primary,6,sub-mit121_trial-06,11,5000,6000,data/processed/sub-mit121/trials/sub-mit121_trial-06_eeg.fif,pass,high,high,HVHA,0.041666666666666664,20.0,24.0,1000,250,5.27,5.33,True,high,True,high,True,HVHA
sub-mit121_trial-06_window-012,sub-mit121,modeling_primary,6,sub-mit121_trial-06,12,5500,6500,data/processed/sub-mit121/trials/sub-mit121_trial-06_eeg.fif,pass,high,high,HVHA,0.041666666666666664,22.0,26.0,1000,250,5.27,5.33,True,high,True,high,True,HVHA
sub-mit121_trial-06_window-013,sub-mit121,modeling_primary,6,sub-mit121_trial-06,13,6000,7000,data/processed/sub-mit121/trials/sub-mit121_trial-06_eeg.fif,pass,high,high,HVHA,0.041666666666666664,24.0,28.0,1000,250,5.27,5.33,True,high,True,high,True,HVHA
sub-mit121_trial-06_window-014,sub-mit121,modeling_primary,6,sub-mit121_trial-06,14,6500,7500,data/processed/sub-mit121/trials/sub-mit121_trial-06_eeg.fif,pass,high,high,HVHA,0.041666666666666664,26.0,30.0,1000,250,5.27,5.33,True,high,True,high,True,HVHA
sub-mit121_trial-06_window-015,sub-mit121,modeling_primary,6,sub-mit121_trial-06,15,7000,8000,data/processed/sub-mit121/trials/sub-mit121_trial-06_eeg.fif,pass,high,high,HVHA,0.041666666666666664,28.0,32.0,1000,250,5.27,5.33,True,high,True,high,True,HVHA
sub-mit121_trial-06_window-016,sub-mit121,modeling_primary,6,sub-mit121_trial-06,16,7500,8500,data/processed/sub-mit121/trials/sub-mit121_trial-06_eeg.fif,pass,high,high,HVHA,0.041666666666666664,30.0,34.0,1000,250,5.27,5.33,True,high,True,high,True,HVHA
sub-mit121_trial-06_window-017,sub-mit121,modeling_primary,6,sub-mit121_trial-06,17,8000,9000,data/processed/sub-mit121/trials/sub-mit121_trial-06_eeg.fif,pass,high,high,HVHA,0.041666666666666664,32.0,36.0,1000,250,5.27,5.33,True,high,True,high,True,HVHA
sub-mit121_trial-06_window-018,sub-mit121,modeling_primary,6,sub-mit121_trial-06,18,8500,9500,data/processed/sub-mit121/trials/sub-mit121_trial-06_eeg.fif,pass,high,high,HVHA,0.041666666666666664,34.0,38.0,1000,250,5.27,5.33,True,high,True,high,True,HVHA
sub-mit121_trial-06_window-019,sub-mit121,modeling_primary,6,sub-mit121_trial-06,19,9000,10000,data/processed/sub-mit121/trials/sub-mit121_trial-06_eeg.fif,pass,high,high,HVHA,0.041666666666666664,36.0,40.0,1000,250,5.27,5.33,True,high,True,high,True,HVHA
sub-mit121_trial-06_window-020,sub-mit121,modeling_primary,6,sub-mit121_trial-06,20,9500,10500,data/processed/sub-mit121/trials/sub-mit121_trial-06_eeg.fif,pass,high,high,HVHA,0.041666666666666664,38.0,42.0,1000,250,5.27,5.33,True,high,True,high,True,HVHA
sub-mit121_trial-06_window-021,sub-mit121,modeling_primary,6,sub-mit121_trial-06,21,10000,11000,data/processed/sub-mit121/trials/sub-mit121_trial-06_eeg.fif,pass,high,high,HVHA,0.041666666666666664,40.0,44.0,1000,250,5.27,5.33,True,high,True,high,True,HVHA
sub-mit121_trial-06_window-022,sub-mit121,modeling_primary,6,sub-mit121_trial-06,22,10500,11500,data/processed/sub-mit121/trials/sub-mit121_trial-06_eeg.fif,pass,high,high,HVHA,0.041666666666666664,42.0,46.0,1000,250,5.27,5.33,True,high,True,high,True,HVHA
sub-mit121_trial-06_window-023,sub-mit121,modeling_primary,6,sub-mit121_trial-06,23,11000,12000,data/processed/sub-mit121/trials/sub-mit121_trial-06_eeg.fif,pass,high,high,HVHA,0.041666666666666664,44.0,48.0,1000,250,5.27,5.33,True,high,True,high,True,HVHA
sub-mit121_trial-06_window-024,sub-mit121,modeling_primary,6,sub-mit121_trial-06,24,11500,12500,data/processed/sub-mit121/trials/sub-mit121_trial-06_eeg.fif,pass,high,high,HVHA,0.041666666666666664,46.0,50.0,1000,250,5.27,5.33,True,high,True,high,True,HVHA
sub-mit121_trial-06_window-025,sub-mit121,modeling_primary,6,sub-mit121_trial-06,25,12000,13000,data/processed/sub-mit121/trials/sub-mit121_trial-06_eeg.fif,pass,high,high,HVHA,0.041666666666666664,48.0,52.0,1000,250,5.27,5.33,True,high,True,high,True,HVHA
sub-mit121_trial-06_window-026,sub-mit121,modeling_primary,6,sub-mit121_trial-06,26,12500,13500,data/processed/sub-mit121/trials/sub-mit121_trial-06_eeg.fif,pass,high,high,HVHA,0.041666666666666664,50.0,54.0,1000,250,5.27,5.33,True,high,True,high,True,HVHA
sub-mit121_trial-06_window-027,sub-mit121,modeling_primary,6,sub-mit121_trial-06,27,13000,14000,data/processed/sub-mit121/trials/sub-mit121_trial-06_eeg.fif,pass,high,high,HVHA,0.041666666666666664,52.0,56.0,1000,250,5.27,5.33,True,high,True,high,True,HVHA
sub-mit121_trial-06_window-028,sub-mit121,modeling_primary,6,sub-mit121_trial-06,28,13500,14500,data/processed/sub-mit121/trials/sub-mit121_trial-06_eeg.fif,pass,high,high,HVHA,0.041666666666666664,54.0,58.0,1000,250,5.27,5.33,True,high,True,high,True,HVHA
sub-mit121_trial-06_window-029,sub-mit121,modeling_primary,6,sub-mit121_trial-06,29,14000,15000,data/processed/sub-mit121/trials/sub-mit121_trial-06_eeg.fif,pass,high,high,HVHA,0.041666666666666664,56.0,60.0,1000,250,5.27,5.33,True,high,True,high,True,HVHA
sub-mit121_trial-07_window-001,sub-mit121,modeling_primary,7,sub-mit121_trial-07,1,0,1000,data/processed/sub-mit121/trials/sub-mit121_trial-07_eeg.fif,pass,low,low,LVLA,0.045454545454545456,0.0,4.0,1000,250,2.03,3.01,True,low,True,low,True,LVLA
sub-mit121_trial-07_window-005,sub-mit121,modeling_primary,7,sub-mit121_trial-07,5,2000,3000,data/processed/sub-mit121/trials/sub-mit121_trial-07_eeg.fif,pass,low,low,LVLA,0.045454545454545456,8.0,12.0,1000,250,2.03,3.01,True,low,True,low,True,LVLA
sub-mit121_trial-07_window-006,sub-mit121,modeling_primary,7,sub-mit121_trial-07,6,2500,3500,data/processed/sub-mit121/trials/sub-mit121_trial-07_eeg.fif,pass,low,low,LVLA,0.045454545454545456,10.0,14.0,1000,250,2.03,3.01,True,low,True,low,True,LVLA
sub-mit121_trial-07_window-007,sub-mit121,modeling_primary,7,sub-mit121_trial-07,7,3000,4000,data/processed/sub-mit121/trials/sub-mit121_trial-07_eeg.fif,pass,low,low,LVLA,0.045454545454545456,12.0,16.0,1000,250,2.03,3.01,True,low,True,low,True,LVLA
sub-mit121_trial-07_window-008,sub-mit121,modeling_primary,7,sub-mit121_trial-07,8,3500,4500,data/processed/sub-mit121/trials/sub-mit121_trial-07_eeg.fif,pass,low,low,LVLA,0.045454545454545456,14.0,18.0,1000,250,2.03,3.01,True,low,True,low,True,LVLA
sub-mit121_trial-07_window-009,sub-mit121,modeling_primary,7,sub-mit121_trial-07,9,4000,5000,data/processed/sub-mit121/trials/sub-mit121_trial-07_eeg.fif,pass,low,low,LVLA,0.045454545454545456,16.0,20.0,1000,250,2.03,3.01,True,low,True,low,True,LVLA
sub-mit121_trial-07_window-010,sub-mit121,modeling_primary,7,sub-mit121_trial-07,10,4500,5500,data/processed/sub-mit121/trials/sub-mit121_trial-07_eeg.fif,pass,low,low,LVLA,0.045454545454545456,18.0,22.0,1000,250,2.03,3.01,True,low,True,low,True,LVLA
sub-mit121_trial-07_window-011,sub-mit121,modeling_primary,7,sub-mit121_trial-07,11,5000,6000,data/processed/sub-mit121/trials/sub-mit121_trial-07_eeg.fif,pass,low,low,LVLA,0.045454545454545456,20.0,24.0,1000,250,2.03,3.01,True,low,True,low,True,LVLA
sub-mit121_trial-07_window-012,sub-mit121,modeling_primary,7,sub-mit121_trial-07,12,5500,6500,data/processed/sub-mit121/trials/sub-mit121_trial-07_eeg.fif,pass,low,low,LVLA,0.045454545454545456,22.0,26.0,1000,250,2.03,3.01,True,low,True,low,True,LVLA
sub-mit121_trial-07_window-013,sub-mit121,modeling_primary,7,sub-mit121_trial-07,13,6000,7000,data/processed/sub-mit121/trials/sub-mit121_trial-07_eeg.fif,pass,low,low,LVLA,0.045454545454545456,24.0,28.0,1000,250,2.03,3.01,True,low,True,low,True,LVLA
sub-mit121_trial-07_window-014,sub-mit121,modeling_primary,7,sub-mit121_trial-07,14,6500,7500,data/processed/sub-mit121/trials/sub-mit121_trial-07_eeg.fif,pass,low,low,LVLA,0.045454545454545456,26.0,30.0,1000,250,2.03,3.01,True,low,True,low,True,LVLA
sub-mit121_trial-07_window-015,sub-mit121,modeling_primary,7,sub-mit121_trial-07,15,7000,8000,data/processed/sub-mit121/trials/sub-mit121_trial-07_eeg.fif,pass,low,low,LVLA,0.045454545454545456,28.0,32.0,1000,250,2.03,3.01,True,low,True,low,True,LVLA
sub-mit121_trial-07_window-016,sub-mit121,modeling_primary,7,sub-mit121_trial-07,16,7500,8500,data/processed/sub-mit121/trials/sub-mit121_trial-07_eeg.fif,pass,low,low,LVLA,0.045454545454545456,30.0,34.0,1000,250,2.03,3.01,True,low,True,low,True,LVLA
sub-mit121_trial-07_window-019,sub-mit121,modeling_primary,7,sub-mit121_trial-07,19,9000,10000,data/processed/sub-mit121/trials/sub-mit121_trial-07_eeg.fif,pass,low,low,LVLA,0.045454545454545456,36.0,40.0,1000,250,2.03,3.01,True,low,True,low,True,LVLA
sub-mit121_trial-07_window-020,sub-mit121,modeling_primary,7,sub-mit121_trial-07,20,9500,10500,data/processed/sub-mit121/trials/sub-mit121_trial-07_eeg.fif,pass,low,low,LVLA,0.045454545454545456,38.0,42.0,1000,250,2.03,3.01,True,low,True,low,True,LVLA
sub-mit121_trial-07_window-021,sub-mit121,modeling_primary,7,sub-mit121_trial-07,21,10000,11000,data/processed/sub-mit121/trials/sub-mit121_trial-07_eeg.fif,pass,low,low,LVLA,0.045454545454545456,40.0,44.0,1000,250,2.03,3.01,True,low,True,low,True,LVLA
sub-mit121_trial-07_window-022,sub-mit121,modeling_primary,7,sub-mit121_trial-07,22,10500,11500,data/processed/sub-mit121/trials/sub-mit121_trial-07_eeg.fif,pass,low,low,LVLA,0.045454545454545456,42.0,46.0,1000,250,2.03,3.01,True,low,True,low,True,LVLA
sub-mit121_trial-07_window-023,sub-mit121,modeling_primary,7,sub-mit121_trial-07,23,11000,12000,data/processed/sub-mit121/trials/sub-mit121_trial-07_eeg.fif,pass,low,low,LVLA,0.045454545454545456,44.0,48.0,1000,250,2.03,3.01,True,low,True,low,True,LVLA
sub-mit121_trial-07_window-024,sub-mit121,modeling_primary,7,sub-mit121_trial-07,24,11500,12500,data/processed/sub-mit121/trials/sub-mit121_trial-07_eeg.fif,pass,low,low,LVLA,0.045454545454545456,46.0,50.0,1000,250,2.03,3.01,True,low,True,low,True,LVLA
sub-mit121_trial-07_window-025,sub-mit121,modeling_primary,7,sub-mit121_trial-07,25,12000,13000,data/processed/sub-mit121/trials/sub-mit121_trial-07_eeg.fif,pass,low,low,LVLA,0.045454545454545456,48.0,52.0,1000,250,2.03,3.01,True,low,True,low,True,LVLA
sub-mit121_trial-07_window-028,sub-mit121,modeling_primary,7,sub-mit121_trial-07,28,13500,14500,data/processed/sub-mit121/trials/sub-mit121_trial-07_eeg.fif,pass,low,low,LVLA,0.045454545454545456,54.0,58.0,1000,250,2.03,3.01,True,low,True,low,True,LVLA
sub-mit121_trial-07_window-029,sub-mit121,modeling_primary,7,sub-mit121_trial-07,29,14000,15000,data/processed/sub-mit121/trials/sub-mit121_trial-07_eeg.fif,pass,low,low,LVLA,0.045454545454545456,56.0,60.0,1000,250,2.03,3.01,True,low,True,low,True,LVLA
sub-mit121_trial-08_window-001,sub-mit121,modeling_primary,8,sub-mit121_trial-08,1,0,1000,data/processed/sub-mit121/trials/sub-mit121_trial-08_eeg.fif,pass,high,high,HVHA,0.04,0.0,4.0,1000,250,7.91,5.04,True,high,True,high,True,HVHA
sub-mit121_trial-08_window-002,sub-mit121,modeling_primary,8,sub-mit121_trial-08,2,500,1500,data/processed/sub-mit121/trials/sub-mit121_trial-08_eeg.fif,pass,high,high,HVHA,0.04,2.0,6.0,1000,250,7.91,5.04,True,high,True,high,True,HVHA
sub-mit121_trial-08_window-005,sub-mit121,modeling_primary,8,sub-mit121_trial-08,5,2000,3000,data/processed/sub-mit121/trials/sub-mit121_trial-08_eeg.fif,pass,high,high,HVHA,0.04,8.0,12.0,1000,250,7.91,5.04,True,high,True,high,True,HVHA
sub-mit121_trial-08_window-006,sub-mit121,modeling_primary,8,sub-mit121_trial-08,6,2500,3500,data/processed/sub-mit121/trials/sub-mit121_trial-08_eeg.fif,pass,high,high,HVHA,0.04,10.0,14.0,1000,250,7.91,5.04,True,high,True,high,True,HVHA
sub-mit121_trial-08_window-009,sub-mit121,modeling_primary,8,sub-mit121_trial-08,9,4000,5000,data/processed/sub-mit121/trials/sub-mit121_trial-08_eeg.fif,pass,high,high,HVHA,0.04,16.0,20.0,1000,250,7.91,5.04,True,high,True,high,True,HVHA
sub-mit121_trial-08_window-010,sub-mit121,modeling_primary,8,sub-mit121_trial-08,10,4500,5500,data/processed/sub-mit121/trials/sub-mit121_trial-08_eeg.fif,pass,high,high,HVHA,0.04,18.0,22.0,1000,250,7.91,5.04,True,high,True,high,True,HVHA
sub-mit121_trial-08_window-011,sub-mit121,modeling_primary,8,sub-mit121_trial-08,11,5000,6000,data/processed/sub-mit121/trials/sub-mit121_trial-08_eeg.fif,pass,high,high,HVHA,0.04,20.0,24.0,1000,250,7.91,5.04,True,high,True,high,True,HVHA
sub-mit121_trial-08_window-012,sub-mit121,modeling_primary,8,sub-mit121_trial-08,12,5500,6500,data/processed/sub-mit121/trials/sub-mit121_trial-08_eeg.fif,pass,high,high,HVHA,0.04,22.0,26.0,1000,250,7.91,5.04,True,high,True,high,True,HVHA
sub-mit121_trial-08_window-013,sub-mit121,modeling_primary,8,sub-mit121_trial-08,13,6000,7000,data/processed/sub-mit121/trials/sub-mit121_trial-08_eeg.fif,pass,high,high,HVHA,0.04,24.0,28.0,1000,250,7.91,5.04,True,high,True,high,True,HVHA
sub-mit121_trial-08_window-014,sub-mit121,modeling_primary,8,sub-mit121_trial-08,14,6500,7500,data/processed/sub-mit121/trials/sub-mit121_trial-08_eeg.fif,pass,high,high,HVHA,0.04,26.0,30.0,1000,250,7.91,5.04,True,high,True,high,True,HVHA
sub-mit121_trial-08_window-015,sub-mit121,modeling_primary,8,sub-mit121_trial-08,15,7000,8000,data/processed/sub-mit121/trials/sub-mit121_trial-08_eeg.fif,pass,high,high,HVHA,0.04,28.0,32.0,1000,250,7.91,5.04,True,high,True,high,True,HVHA
sub-mit121_trial-08_window-016,sub-mit121,modeling_primary,8,sub-mit121_trial-08,16,7500,8500,data/processed/sub-mit121/trials/sub-mit121_trial-08_eeg.fif,pass,high,high,HVHA,0.04,30.0,34.0,1000,250,7.91,5.04,True,high,True,high,True,HVHA
sub-mit121_trial-08_window-017,sub-mit121,modeling_primary,8,sub-mit121_trial-08,17,8000,9000,data/processed/sub-mit121/trials/sub-mit121_trial-08_eeg.fif,pass,high,high,HVHA,0.04,32.0,36.0,1000,250,7.91,5.04,True,high,True,high,True,HVHA
sub-mit121_trial-08_window-018,sub-mit121,modeling_primary,8,sub-mit121_trial-08,18,8500,9500,data/processed/sub-mit121/trials/sub-mit121_trial-08_eeg.fif,pass,high,high,HVHA,0.04,34.0,38.0,1000,250,7.91,5.04,True,high,True,high,True,HVHA
sub-mit121_trial-08_window-019,sub-mit121,modeling_primary,8,sub-mit121_trial-08,19,9000,10000,data/processed/sub-mit121/trials/sub-mit121_trial-08_eeg.fif,pass,high,high,HVHA,0.04,36.0,40.0,1000,250,7.91,5.04,True,high,True,high,True,HVHA
sub-mit121_trial-08_window-020,sub-mit121,modeling_primary,8,sub-mit121_trial-08,20,9500,10500,data/processed/sub-mit121/trials/sub-mit121_trial-08_eeg.fif,pass,high,high,HVHA,0.04,38.0,42.0,1000,250,7.91,5.04,True,high,True,high,True,HVHA
sub-mit121_trial-08_window-021,sub-mit121,modeling_primary,8,sub-mit121_trial-08,21,10000,11000,data/processed/sub-mit121/trials/sub-mit121_trial-08_eeg.fif,pass,high,high,HVHA,0.04,40.0,44.0,1000,250,7.91,5.04,True,high,True,high,True,HVHA
sub-mit121_trial-08_window-022,sub-mit121,modeling_primary,8,sub-mit121_trial-08,22,10500,11500,data/processed/sub-mit121/trials/sub-mit121_trial-08_eeg.fif,pass,high,high,HVHA,0.04,42.0,46.0,1000,250,7.91,5.04,True,high,True,high,True,HVHA
sub-mit121_trial-08_window-023,sub-mit121,modeling_primary,8,sub-mit121_trial-08,23,11000,12000,data/processed/sub-mit121/trials/sub-mit121_trial-08_eeg.fif,pass,high,high,HVHA,0.04,44.0,48.0,1000,250,7.91,5.04,True,high,True,high,True,HVHA
sub-mit121_trial-08_window-024,sub-mit121,modeling_primary,8,sub-mit121_trial-08,24,11500,12500,data/processed/sub-mit121/trials/sub-mit121_trial-08_eeg.fif,pass,high,high,HVHA,0.04,46.0,50.0,1000,250,7.91,5.04,True,high,True,high,True,HVHA
sub-mit121_trial-08_window-025,sub-mit121,modeling_primary,8,sub-mit121_trial-08,25,12000,13000,data/processed/sub-mit121/trials/sub-mit121_trial-08_eeg.fif,pass,high,high,HVHA,0.04,48.0,52.0,1000,250,7.91,5.04,True,high,True,high,True,HVHA
sub-mit121_trial-08_window-026,sub-mit121,modeling_primary,8,sub-mit121_trial-08,26,12500,13500,data/processed/sub-mit121/trials/sub-mit121_trial-08_eeg.fif,pass,high,high,HVHA,0.04,50.0,54.0,1000,250,7.91,5.04,True,high,True,high,True,HVHA
sub-mit121_trial-08_window-027,sub-mit121,modeling_primary,8,sub-mit121_trial-08,27,13000,14000,data/processed/sub-mit121/trials/sub-mit121_trial-08_eeg.fif,pass,high,high,HVHA,0.04,52.0,56.0,1000,250,7.91,5.04,True,high,True,high,True,HVHA
sub-mit121_trial-08_window-028,sub-mit121,modeling_primary,8,sub-mit121_trial-08,28,13500,14500,data/processed/sub-mit121/trials/sub-mit121_trial-08_eeg.fif,pass,high,high,HVHA,0.04,54.0,58.0,1000,250,7.91,5.04,True,high,True,high,True,HVHA
sub-mit121_trial-08_window-029,sub-mit121,modeling_primary,8,sub-mit121_trial-08,29,14000,15000,data/processed/sub-mit121/trials/sub-mit121_trial-08_eeg.fif,pass,high,high,HVHA,0.04,56.0,60.0,1000,250,7.91,5.04,True,high,True,high,True,HVHA
sub-mit121_trial-09_window-001,sub-mit121,modeling_primary,9,sub-mit121_trial-09,1,0,1000,data/processed/sub-mit121/trials/sub-mit121_trial-09_eeg.fif,pass,low,low,LVLA,0.038461538461538464,0.0,4.0,1000,250,1.55,4.96,True,low,True,low,True,LVLA
sub-mit121_trial-09_window-002,sub-mit121,modeling_primary,9,sub-mit121_trial-09,2,500,1500,data/processed/sub-mit121/trials/sub-mit121_trial-09_eeg.fif,pass,low,low,LVLA,0.038461538461538464,2.0,6.0,1000,250,1.55,4.96,True,low,True,low,True,LVLA
sub-mit121_trial-09_window-004,sub-mit121,modeling_primary,9,sub-mit121_trial-09,4,1500,2500,data/processed/sub-mit121/trials/sub-mit121_trial-09_eeg.fif,pass,low,low,LVLA,0.038461538461538464,6.0,10.0,1000,250,1.55,4.96,True,low,True,low,True,LVLA
sub-mit121_trial-09_window-005,sub-mit121,modeling_primary,9,sub-mit121_trial-09,5,2000,3000,data/processed/sub-mit121/trials/sub-mit121_trial-09_eeg.fif,pass,low,low,LVLA,0.038461538461538464,8.0,12.0,1000,250,1.55,4.96,True,low,True,low,True,LVLA
sub-mit121_trial-09_window-006,sub-mit121,modeling_primary,9,sub-mit121_trial-09,6,2500,3500,data/processed/sub-mit121/trials/sub-mit121_trial-09_eeg.fif,pass,low,low,LVLA,0.038461538461538464,10.0,14.0,1000,250,1.55,4.96,True,low,True,low,True,LVLA
sub-mit121_trial-09_window-007,sub-mit121,modeling_primary,9,sub-mit121_trial-09,7,3000,4000,data/processed/sub-mit121/trials/sub-mit121_trial-09_eeg.fif,pass,low,low,LVLA,0.038461538461538464,12.0,16.0,1000,250,1.55,4.96,True,low,True,low,True,LVLA
sub-mit121_trial-09_window-008,sub-mit121,modeling_primary,9,sub-mit121_trial-09,8,3500,4500,data/processed/sub-mit121/trials/sub-mit121_trial-09_eeg.fif,pass,low,low,LVLA,0.038461538461538464,14.0,18.0,1000,250,1.55,4.96,True,low,True,low,True,LVLA
sub-mit121_trial-09_window-009,sub-mit121,modeling_primary,9,sub-mit121_trial-09,9,4000,5000,data/processed/sub-mit121/trials/sub-mit121_trial-09_eeg.fif,pass,low,low,LVLA,0.038461538461538464,16.0,20.0,1000,250,1.55,4.96,True,low,True,low,True,LVLA
sub-mit121_trial-09_window-010,sub-mit121,modeling_primary,9,sub-mit121_trial-09,10,4500,5500,data/processed/sub-mit121/trials/sub-mit121_trial-09_eeg.fif,pass,low,low,LVLA,0.038461538461538464,18.0,22.0,1000,250,1.55,4.96,True,low,True,low,True,LVLA
sub-mit121_trial-09_window-011,sub-mit121,modeling_primary,9,sub-mit121_trial-09,11,5000,6000,data/processed/sub-mit121/trials/sub-mit121_trial-09_eeg.fif,pass,low,low,LVLA,0.038461538461538464,20.0,24.0,1000,250,1.55,4.96,True,low,True,low,True,LVLA
sub-mit121_trial-09_window-012,sub-mit121,modeling_primary,9,sub-mit121_trial-09,12,5500,6500,data/processed/sub-mit121/trials/sub-mit121_trial-09_eeg.fif,pass,low,low,LVLA,0.038461538461538464,22.0,26.0,1000,250,1.55,4.96,True,low,True,low,True,LVLA
sub-mit121_trial-09_window-013,sub-mit121,modeling_primary,9,sub-mit121_trial-09,13,6000,7000,data/processed/sub-mit121/trials/sub-mit121_trial-09_eeg.fif,pass,low,low,LVLA,0.038461538461538464,24.0,28.0,1000,250,1.55,4.96,True,low,True,low,True,LVLA
sub-mit121_trial-09_window-014,sub-mit121,modeling_primary,9,sub-mit121_trial-09,14,6500,7500,data/processed/sub-mit121/trials/sub-mit121_trial-09_eeg.fif,pass,low,low,LVLA,0.038461538461538464,26.0,30.0,1000,250,1.55,4.96,True,low,True,low,True,LVLA
sub-mit121_trial-09_window-015,sub-mit121,modeling_primary,9,sub-mit121_trial-09,15,7000,8000,data/processed/sub-mit121/trials/sub-mit121_trial-09_eeg.fif,pass,low,low,LVLA,0.038461538461538464,28.0,32.0,1000,250,1.55,4.96,True,low,True,low,True,LVLA
sub-mit121_trial-09_window-016,sub-mit121,modeling_primary,9,sub-mit121_trial-09,16,7500,8500,data/processed/sub-mit121/trials/sub-mit121_trial-09_eeg.fif,pass,low,low,LVLA,0.038461538461538464,30.0,34.0,1000,250,1.55,4.96,True,low,True,low,True,LVLA
sub-mit121_trial-09_window-017,sub-mit121,modeling_primary,9,sub-mit121_trial-09,17,8000,9000,data/processed/sub-mit121/trials/sub-mit121_trial-09_eeg.fif,pass,low,low,LVLA,0.038461538461538464,32.0,36.0,1000,250,1.55,4.96,True,low,True,low,True,LVLA
sub-mit121_trial-09_window-020,sub-mit121,modeling_primary,9,sub-mit121_trial-09,20,9500,10500,data/processed/sub-mit121/trials/sub-mit121_trial-09_eeg.fif,pass,low,low,LVLA,0.038461538461538464,38.0,42.0,1000,250,1.55,4.96,True,low,True,low,True,LVLA
sub-mit121_trial-09_window-021,sub-mit121,modeling_primary,9,sub-mit121_trial-09,21,10000,11000,data/processed/sub-mit121/trials/sub-mit121_trial-09_eeg.fif,pass,low,low,LVLA,0.038461538461538464,40.0,44.0,1000,250,1.55,4.96,True,low,True,low,True,LVLA
sub-mit121_trial-09_window-022,sub-mit121,modeling_primary,9,sub-mit121_trial-09,22,10500,11500,data/processed/sub-mit121/trials/sub-mit121_trial-09_eeg.fif,pass,low,low,LVLA,0.038461538461538464,42.0,46.0,1000,250,1.55,4.96,True,low,True,low,True,LVLA
sub-mit121_trial-09_window-023,sub-mit121,modeling_primary,9,sub-mit121_trial-09,23,11000,12000,data/processed/sub-mit121/trials/sub-mit121_trial-09_eeg.fif,pass,low,low,LVLA,0.038461538461538464,44.0,48.0,1000,250,1.55,4.96,True,low,True,low,True,LVLA
sub-mit121_trial-09_window-024,sub-mit121,modeling_primary,9,sub-mit121_trial-09,24,11500,12500,data/processed/sub-mit121/trials/sub-mit121_trial-09_eeg.fif,pass,low,low,LVLA,0.038461538461538464,46.0,50.0,1000,250,1.55,4.96,True,low,True,low,True,LVLA
sub-mit121_trial-09_window-025,sub-mit121,modeling_primary,9,sub-mit121_trial-09,25,12000,13000,data/processed/sub-mit121/trials/sub-mit121_trial-09_eeg.fif,pass,low,low,LVLA,0.038461538461538464,48.0,52.0,1000,250,1.55,4.96,True,low,True,low,True,LVLA
sub-mit121_trial-09_window-026,sub-mit121,modeling_primary,9,sub-mit121_trial-09,26,12500,13500,data/processed/sub-mit121/trials/sub-mit121_trial-09_eeg.fif,pass,low,low,LVLA,0.038461538461538464,50.0,54.0,1000,250,1.55,4.96,True,low,True,low,True,LVLA
sub-mit121_trial-09_window-027,sub-mit121,modeling_primary,9,sub-mit121_trial-09,27,13000,14000,data/processed/sub-mit121/trials/sub-mit121_trial-09_eeg.fif,pass,low,low,LVLA,0.038461538461538464,52.0,56.0,1000,250,1.55,4.96,True,low,True,low,True,LVLA
sub-mit121_trial-09_window-028,sub-mit121,modeling_primary,9,sub-mit121_trial-09,28,13500,14500,data/processed/sub-mit121/trials/sub-mit121_trial-09_eeg.fif,pass,low,low,LVLA,0.038461538461538464,54.0,58.0,1000,250,1.55,4.96,True,low,True,low,True,LVLA
sub-mit121_trial-09_window-029,sub-mit121,modeling_primary,9,sub-mit121_trial-09,29,14000,15000,data/processed/sub-mit121/trials/sub-mit121_trial-09_eeg.fif,pass,low,low,LVLA,0.038461538461538464,56.0,60.0,1000,250,1.55,4.96,True,low,True,low,True,LVLA
sub-mit121_trial-10_window-001,sub-mit121,modeling_primary,10,sub-mit121_trial-10,1,0,1000,data/processed/sub-mit121/trials/sub-mit121_trial-10_eeg.fif,pass,low,high,LVHA,0.037037037037037035,0.0,4.0,1000,250,2.07,5.96,True,low,True,high,True,LVHA
sub-mit121_trial-10_window-002,sub-mit121,modeling_primary,10,sub-mit121_trial-10,2,500,1500,data/processed/sub-mit121/trials/sub-mit121_trial-10_eeg.fif,pass,low,high,LVHA,0.037037037037037035,2.0,6.0,1000,250,2.07,5.96,True,low,True,high,True,LVHA
sub-mit121_trial-10_window-003,sub-mit121,modeling_primary,10,sub-mit121_trial-10,3,1000,2000,data/processed/sub-mit121/trials/sub-mit121_trial-10_eeg.fif,pass,low,high,LVHA,0.037037037037037035,4.0,8.0,1000,250,2.07,5.96,True,low,True,high,True,LVHA
sub-mit121_trial-10_window-004,sub-mit121,modeling_primary,10,sub-mit121_trial-10,4,1500,2500,data/processed/sub-mit121/trials/sub-mit121_trial-10_eeg.fif,pass,low,high,LVHA,0.037037037037037035,6.0,10.0,1000,250,2.07,5.96,True,low,True,high,True,LVHA
sub-mit121_trial-10_window-005,sub-mit121,modeling_primary,10,sub-mit121_trial-10,5,2000,3000,data/processed/sub-mit121/trials/sub-mit121_trial-10_eeg.fif,pass,low,high,LVHA,0.037037037037037035,8.0,12.0,1000,250,2.07,5.96,True,low,True,high,True,LVHA
sub-mit121_trial-10_window-006,sub-mit121,modeling_primary,10,sub-mit121_trial-10,6,2500,3500,data/processed/sub-mit121/trials/sub-mit121_trial-10_eeg.fif,pass,low,high,LVHA,0.037037037037037035,10.0,14.0,1000,250,2.07,5.96,True,low,True,high,True,LVHA
sub-mit121_trial-10_window-007,sub-mit121,modeling_primary,10,sub-mit121_trial-10,7,3000,4000,data/processed/sub-mit121/trials/sub-mit121_trial-10_eeg.fif,pass,low,high,LVHA,0.037037037037037035,12.0,16.0,1000,250,2.07,5.96,True,low,True,high,True,LVHA
sub-mit121_trial-10_window-008,sub-mit121,modeling_primary,10,sub-mit121_trial-10,8,3500,4500,data/processed/sub-mit121/trials/sub-mit121_trial-10_eeg.fif,pass,low,high,LVHA,0.037037037037037035,14.0,18.0,1000,250,2.07,5.96,True,low,True,high,True,LVHA
sub-mit121_trial-10_window-009,sub-mit121,modeling_primary,10,sub-mit121_trial-10,9,4000,5000,data/processed/sub-mit121/trials/sub-mit121_trial-10_eeg.fif,pass,low,high,LVHA,0.037037037037037035,16.0,20.0,1000,250,2.07,5.96,True,low,True,high,True,LVHA
sub-mit121_trial-10_window-010,sub-mit121,modeling_primary,10,sub-mit121_trial-10,10,4500,5500,data/processed/sub-mit121/trials/sub-mit121_trial-10_eeg.fif,pass,low,high,LVHA,0.037037037037037035,18.0,22.0,1000,250,2.07,5.96,True,low,True,high,True,LVHA
sub-mit121_trial-10_window-011,sub-mit121,modeling_primary,10,sub-mit121_trial-10,11,5000,6000,data/processed/sub-mit121/trials/sub-mit121_trial-10_eeg.fif,pass,low,high,LVHA,0.037037037037037035,20.0,24.0,1000,250,2.07,5.96,True,low,True,high,True,LVHA
sub-mit121_trial-10_window-012,sub-mit121,modeling_primary,10,sub-mit121_trial-10,12,5500,6500,data/processed/sub-mit121/trials/sub-mit121_trial-10_eeg.fif,pass,low,high,LVHA,0.037037037037037035,22.0,26.0,1000,250,2.07,5.96,True,low,True,high,True,LVHA
sub-mit121_trial-10_window-015,sub-mit121,modeling_primary,10,sub-mit121_trial-10,15,7000,8000,data/processed/sub-mit121/trials/sub-mit121_trial-10_eeg.fif,pass,low,high,LVHA,0.037037037037037035,28.0,32.0,1000,250,2.07,5.96,True,low,True,high,True,LVHA
sub-mit121_trial-10_window-016,sub-mit121,modeling_primary,10,sub-mit121_trial-10,16,7500,8500,data/processed/sub-mit121/trials/sub-mit121_trial-10_eeg.fif,pass,low,high,LVHA,0.037037037037037035,30.0,34.0,1000,250,2.07,5.96,True,low,True,high,True,LVHA
sub-mit121_trial-10_window-017,sub-mit121,modeling_primary,10,sub-mit121_trial-10,17,8000,9000,data/processed/sub-mit121/trials/sub-mit121_trial-10_eeg.fif,pass,low,high,LVHA,0.037037037037037035,32.0,36.0,1000,250,2.07,5.96,True,low,True,high,True,LVHA
sub-mit121_trial-10_window-018,sub-mit121,modeling_primary,10,sub-mit121_trial-10,18,8500,9500,data/processed/sub-mit121/trials/sub-mit121_trial-10_eeg.fif,pass,low,high,LVHA,0.037037037037037035,34.0,38.0,1000,250,2.07,5.96,True,low,True,high,True,LVHA
sub-mit121_trial-10_window-019,sub-mit121,modeling_primary,10,sub-mit121_trial-10,19,9000,10000,data/processed/sub-mit121/trials/sub-mit121_trial-10_eeg.fif,pass,low,high,LVHA,0.037037037037037035,36.0,40.0,1000,250,2.07,5.96,True,low,True,high,True,LVHA
sub-mit121_trial-10_window-020,sub-mit121,modeling_primary,10,sub-mit121_trial-10,20,9500,10500,data/processed/sub-mit121/trials/sub-mit121_trial-10_eeg.fif,pass,low,high,LVHA,0.037037037037037035,38.0,42.0,1000,250,2.07,5.96,True,low,True,high,True,LVHA
sub-mit121_trial-10_window-021,sub-mit121,modeling_primary,10,sub-mit121_trial-10,21,10000,11000,data/processed/sub-mit121/trials/sub-mit121_trial-10_eeg.fif,pass,low,high,LVHA,0.037037037037037035,40.0,44.0,1000,250,2.07,5.96,True,low,True,high,True,LVHA
sub-mit121_trial-10_window-022,sub-mit121,modeling_primary,10,sub-mit121_trial-10,22,10500,11500,data/processed/sub-mit121/trials/sub-mit121_trial-10_eeg.fif,pass,low,high,LVHA,0.037037037037037035,42.0,46.0,1000,250,2.07,5.96,True,low,True,high,True,LVHA
sub-mit121_trial-10_window-023,sub-mit121,modeling_primary,10,sub-mit121_trial-10,23,11000,12000,data/processed/sub-mit121/trials/sub-mit121_trial-10_eeg.fif,pass,low,high,LVHA,0.037037037037037035,44.0,48.0,1000,250,2.07,5.96,True,low,True,high,True,LVHA
sub-mit121_trial-10_window-024,sub-mit121,modeling_primary,10,sub-mit121_trial-10,24,11500,12500,data/processed/sub-mit121/trials/sub-mit121_trial-10_eeg.fif,pass,low,high,LVHA,0.037037037037037035,46.0,50.0,1000,250,2.07,5.96,True,low,True,high,True,LVHA
sub-mit121_trial-10_window-025,sub-mit121,modeling_primary,10,sub-mit121_trial-10,25,12000,13000,data/processed/sub-mit121/trials/sub-mit121_trial-10_eeg.fif,pass,low,high,LVHA,0.037037037037037035,48.0,52.0,1000,250,2.07,5.96,True,low,True,high,True,LVHA
sub-mit121_trial-10_window-026,sub-mit121,modeling_primary,10,sub-mit121_trial-10,26,12500,13500,data/processed/sub-mit121/trials/sub-mit121_trial-10_eeg.fif,pass,low,high,LVHA,0.037037037037037035,50.0,54.0,1000,250,2.07,5.96,True,low,True,high,True,LVHA
sub-mit121_trial-10_window-027,sub-mit121,modeling_primary,10,sub-mit121_trial-10,27,13000,14000,data/processed/sub-mit121/trials/sub-mit121_trial-10_eeg.fif,pass,low,high,LVHA,0.037037037037037035,52.0,56.0,1000,250,2.07,5.96,True,low,True,high,True,LVHA
sub-mit121_trial-10_window-028,sub-mit121,modeling_primary,10,sub-mit121_trial-10,28,13500,14500,data/processed/sub-mit121/trials/sub-mit121_trial-10_eeg.fif,pass,low,high,LVHA,0.037037037037037035,54.0,58.0,1000,250,2.07,5.96,True,low,True,high,True,LVHA
sub-mit121_trial-10_window-029,sub-mit121,modeling_primary,10,sub-mit121_trial-10,29,14000,15000,data/processed/sub-mit121/trials/sub-mit121_trial-10_eeg.fif,pass,low,high,LVHA,0.037037037037037035,56.0,60.0,1000,250,2.07,5.96,True,low,True,high,True,LVHA
sub-mit121_trial-11_window-001,sub-mit121,modeling_primary,11,sub-mit121_trial-11,1,0,1000,data/processed/sub-mit121/trials/sub-mit121_trial-11_eeg.fif,pass,high,high,HVHA,0.045454545454545456,0.0,4.0,1000,250,5.96,7.06,True,high,True,high,True,HVHA
sub-mit121_trial-11_window-002,sub-mit121,modeling_primary,11,sub-mit121_trial-11,2,500,1500,data/processed/sub-mit121/trials/sub-mit121_trial-11_eeg.fif,pass,high,high,HVHA,0.045454545454545456,2.0,6.0,1000,250,5.96,7.06,True,high,True,high,True,HVHA
sub-mit121_trial-11_window-003,sub-mit121,modeling_primary,11,sub-mit121_trial-11,3,1000,2000,data/processed/sub-mit121/trials/sub-mit121_trial-11_eeg.fif,pass,high,high,HVHA,0.045454545454545456,4.0,8.0,1000,250,5.96,7.06,True,high,True,high,True,HVHA
sub-mit121_trial-11_window-004,sub-mit121,modeling_primary,11,sub-mit121_trial-11,4,1500,2500,data/processed/sub-mit121/trials/sub-mit121_trial-11_eeg.fif,pass,high,high,HVHA,0.045454545454545456,6.0,10.0,1000,250,5.96,7.06,True,high,True,high,True,HVHA
sub-mit121_trial-11_window-006,sub-mit121,modeling_primary,11,sub-mit121_trial-11,6,2500,3500,data/processed/sub-mit121/trials/sub-mit121_trial-11_eeg.fif,pass,high,high,HVHA,0.045454545454545456,10.0,14.0,1000,250,5.96,7.06,True,high,True,high,True,HVHA
sub-mit121_trial-11_window-009,sub-mit121,modeling_primary,11,sub-mit121_trial-11,9,4000,5000,data/processed/sub-mit121/trials/sub-mit121_trial-11_eeg.fif,pass,high,high,HVHA,0.045454545454545456,16.0,20.0,1000,250,5.96,7.06,True,high,True,high,True,HVHA
sub-mit121_trial-11_window-010,sub-mit121,modeling_primary,11,sub-mit121_trial-11,10,4500,5500,data/processed/sub-mit121/trials/sub-mit121_trial-11_eeg.fif,pass,high,high,HVHA,0.045454545454545456,18.0,22.0,1000,250,5.96,7.06,True,high,True,high,True,HVHA
sub-mit121_trial-11_window-011,sub-mit121,modeling_primary,11,sub-mit121_trial-11,11,5000,6000,data/processed/sub-mit121/trials/sub-mit121_trial-11_eeg.fif,pass,high,high,HVHA,0.045454545454545456,20.0,24.0,1000,250,5.96,7.06,True,high,True,high,True,HVHA
sub-mit121_trial-11_window-012,sub-mit121,modeling_primary,11,sub-mit121_trial-11,12,5500,6500,data/processed/sub-mit121/trials/sub-mit121_trial-11_eeg.fif,pass,high,high,HVHA,0.045454545454545456,22.0,26.0,1000,250,5.96,7.06,True,high,True,high,True,HVHA
sub-mit121_trial-11_window-013,sub-mit121,modeling_primary,11,sub-mit121_trial-11,13,6000,7000,data/processed/sub-mit121/trials/sub-mit121_trial-11_eeg.fif,pass,high,high,HVHA,0.045454545454545456,24.0,28.0,1000,250,5.96,7.06,True,high,True,high,True,HVHA
sub-mit121_trial-11_window-014,sub-mit121,modeling_primary,11,sub-mit121_trial-11,14,6500,7500,data/processed/sub-mit121/trials/sub-mit121_trial-11_eeg.fif,pass,high,high,HVHA,0.045454545454545456,26.0,30.0,1000,250,5.96,7.06,True,high,True,high,True,HVHA
sub-mit121_trial-11_window-015,sub-mit121,modeling_primary,11,sub-mit121_trial-11,15,7000,8000,data/processed/sub-mit121/trials/sub-mit121_trial-11_eeg.fif,pass,high,high,HVHA,0.045454545454545456,28.0,32.0,1000,250,5.96,7.06,True,high,True,high,True,HVHA
sub-mit121_trial-11_window-016,sub-mit121,modeling_primary,11,sub-mit121_trial-11,16,7500,8500,data/processed/sub-mit121/trials/sub-mit121_trial-11_eeg.fif,pass,high,high,HVHA,0.045454545454545456,30.0,34.0,1000,250,5.96,7.06,True,high,True,high,True,HVHA
sub-mit121_trial-11_window-017,sub-mit121,modeling_primary,11,sub-mit121_trial-11,17,8000,9000,data/processed/sub-mit121/trials/sub-mit121_trial-11_eeg.fif,pass,high,high,HVHA,0.045454545454545456,32.0,36.0,1000,250,5.96,7.06,True,high,True,high,True,HVHA
sub-mit121_trial-11_window-018,sub-mit121,modeling_primary,11,sub-mit121_trial-11,18,8500,9500,data/processed/sub-mit121/trials/sub-mit121_trial-11_eeg.fif,pass,high,high,HVHA,0.045454545454545456,34.0,38.0,1000,250,5.96,7.06,True,high,True,high,True,HVHA
sub-mit121_trial-11_window-019,sub-mit121,modeling_primary,11,sub-mit121_trial-11,19,9000,10000,data/processed/sub-mit121/trials/sub-mit121_trial-11_eeg.fif,pass,high,high,HVHA,0.045454545454545456,36.0,40.0,1000,250,5.96,7.06,True,high,True,high,True,HVHA
sub-mit121_trial-11_window-020,sub-mit121,modeling_primary,11,sub-mit121_trial-11,20,9500,10500,data/processed/sub-mit121/trials/sub-mit121_trial-11_eeg.fif,pass,high,high,HVHA,0.045454545454545456,38.0,42.0,1000,250,5.96,7.06,True,high,True,high,True,HVHA
sub-mit121_trial-11_window-023,sub-mit121,modeling_primary,11,sub-mit121_trial-11,23,11000,12000,data/processed/sub-mit121/trials/sub-mit121_trial-11_eeg.fif,pass,high,high,HVHA,0.045454545454545456,44.0,48.0,1000,250,5.96,7.06,True,high,True,high,True,HVHA
sub-mit121_trial-11_window-024,sub-mit121,modeling_primary,11,sub-mit121_trial-11,24,11500,12500,data/processed/sub-mit121/trials/sub-mit121_trial-11_eeg.fif,pass,high,high,HVHA,0.045454545454545456,46.0,50.0,1000,250,5.96,7.06,True,high,True,high,True,HVHA
sub-mit121_trial-11_window-025,sub-mit121,modeling_primary,11,sub-mit121_trial-11,25,12000,13000,data/processed/sub-mit121/trials/sub-mit121_trial-11_eeg.fif,pass,high,high,HVHA,0.045454545454545456,48.0,52.0,1000,250,5.96,7.06,True,high,True,high,True,HVHA
sub-mit121_trial-11_window-026,sub-mit121,modeling_primary,11,sub-mit121_trial-11,26,12500,13500,data/processed/sub-mit121/trials/sub-mit121_trial-11_eeg.fif,pass,high,high,HVHA,0.045454545454545456,50.0,54.0,1000,250,5.96,7.06,True,high,True,high,True,HVHA
sub-mit121_trial-11_window-029,sub-mit121,modeling_primary,11,sub-mit121_trial-11,29,14000,15000,data/processed/sub-mit121/trials/sub-mit121_trial-11_eeg.fif,pass,high,high,HVHA,0.045454545454545456,56.0,60.0,1000,250,5.96,7.06,True,high,True,high,True,HVHA
sub-mit123_trial-01_window-001,sub-mit123,modeling_primary,1,sub-mit123_trial-01,1,0,1000,data/processed/sub-mit123/trials/sub-mit123_trial-01_eeg.fif,pass,high,low,HVLA,0.047619047619047616,0.0,4.0,1000,250,5.81,1.99,True,high,True,low,True,HVLA
sub-mit123_trial-01_window-002,sub-mit123,modeling_primary,1,sub-mit123_trial-01,2,500,1500,data/processed/sub-mit123/trials/sub-mit123_trial-01_eeg.fif,pass,high,low,HVLA,0.047619047619047616,2.0,6.0,1000,250,5.81,1.99,True,high,True,low,True,HVLA
sub-mit123_trial-01_window-003,sub-mit123,modeling_primary,1,sub-mit123_trial-01,3,1000,2000,data/processed/sub-mit123/trials/sub-mit123_trial-01_eeg.fif,pass,high,low,HVLA,0.047619047619047616,4.0,8.0,1000,250,5.81,1.99,True,high,True,low,True,HVLA
sub-mit123_trial-01_window-004,sub-mit123,modeling_primary,1,sub-mit123_trial-01,4,1500,2500,data/processed/sub-mit123/trials/sub-mit123_trial-01_eeg.fif,pass,high,low,HVLA,0.047619047619047616,6.0,10.0,1000,250,5.81,1.99,True,high,True,low,True,HVLA
sub-mit123_trial-01_window-005,sub-mit123,modeling_primary,1,sub-mit123_trial-01,5,2000,3000,data/processed/sub-mit123/trials/sub-mit123_trial-01_eeg.fif,pass,high,low,HVLA,0.047619047619047616,8.0,12.0,1000,250,5.81,1.99,True,high,True,low,True,HVLA
sub-mit123_trial-01_window-006,sub-mit123,modeling_primary,1,sub-mit123_trial-01,6,2500,3500,data/processed/sub-mit123/trials/sub-mit123_trial-01_eeg.fif,pass,high,low,HVLA,0.047619047619047616,10.0,14.0,1000,250,5.81,1.99,True,high,True,low,True,HVLA
sub-mit123_trial-01_window-007,sub-mit123,modeling_primary,1,sub-mit123_trial-01,7,3000,4000,data/processed/sub-mit123/trials/sub-mit123_trial-01_eeg.fif,pass,high,low,HVLA,0.047619047619047616,12.0,16.0,1000,250,5.81,1.99,True,high,True,low,True,HVLA
sub-mit123_trial-01_window-010,sub-mit123,modeling_primary,1,sub-mit123_trial-01,10,4500,5500,data/processed/sub-mit123/trials/sub-mit123_trial-01_eeg.fif,pass,high,low,HVLA,0.047619047619047616,18.0,22.0,1000,250,5.81,1.99,True,high,True,low,True,HVLA
sub-mit123_trial-01_window-013,sub-mit123,modeling_primary,1,sub-mit123_trial-01,13,6000,7000,data/processed/sub-mit123/trials/sub-mit123_trial-01_eeg.fif,pass,high,low,HVLA,0.047619047619047616,24.0,28.0,1000,250,5.81,1.99,True,high,True,low,True,HVLA
sub-mit123_trial-01_window-014,sub-mit123,modeling_primary,1,sub-mit123_trial-01,14,6500,7500,data/processed/sub-mit123/trials/sub-mit123_trial-01_eeg.fif,pass,high,low,HVLA,0.047619047619047616,26.0,30.0,1000,250,5.81,1.99,True,high,True,low,True,HVLA
sub-mit123_trial-01_window-015,sub-mit123,modeling_primary,1,sub-mit123_trial-01,15,7000,8000,data/processed/sub-mit123/trials/sub-mit123_trial-01_eeg.fif,pass,high,low,HVLA,0.047619047619047616,28.0,32.0,1000,250,5.81,1.99,True,high,True,low,True,HVLA
sub-mit123_trial-01_window-016,sub-mit123,modeling_primary,1,sub-mit123_trial-01,16,7500,8500,data/processed/sub-mit123/trials/sub-mit123_trial-01_eeg.fif,pass,high,low,HVLA,0.047619047619047616,30.0,34.0,1000,250,5.81,1.99,True,high,True,low,True,HVLA
sub-mit123_trial-01_window-018,sub-mit123,modeling_primary,1,sub-mit123_trial-01,18,8500,9500,data/processed/sub-mit123/trials/sub-mit123_trial-01_eeg.fif,pass,high,low,HVLA,0.047619047619047616,34.0,38.0,1000,250,5.81,1.99,True,high,True,low,True,HVLA
sub-mit123_trial-01_window-019,sub-mit123,modeling_primary,1,sub-mit123_trial-01,19,9000,10000,data/processed/sub-mit123/trials/sub-mit123_trial-01_eeg.fif,pass,high,low,HVLA,0.047619047619047616,36.0,40.0,1000,250,5.81,1.99,True,high,True,low,True,HVLA
sub-mit123_trial-01_window-021,sub-mit123,modeling_primary,1,sub-mit123_trial-01,21,10000,11000,data/processed/sub-mit123/trials/sub-mit123_trial-01_eeg.fif,pass,high,low,HVLA,0.047619047619047616,40.0,44.0,1000,250,5.81,1.99,True,high,True,low,True,HVLA
sub-mit123_trial-01_window-022,sub-mit123,modeling_primary,1,sub-mit123_trial-01,22,10500,11500,data/processed/sub-mit123/trials/sub-mit123_trial-01_eeg.fif,pass,high,low,HVLA,0.047619047619047616,42.0,46.0,1000,250,5.81,1.99,True,high,True,low,True,HVLA
sub-mit123_trial-01_window-024,sub-mit123,modeling_primary,1,sub-mit123_trial-01,24,11500,12500,data/processed/sub-mit123/trials/sub-mit123_trial-01_eeg.fif,pass,high,low,HVLA,0.047619047619047616,46.0,50.0,1000,250,5.81,1.99,True,high,True,low,True,HVLA
sub-mit123_trial-01_window-025,sub-mit123,modeling_primary,1,sub-mit123_trial-01,25,12000,13000,data/processed/sub-mit123/trials/sub-mit123_trial-01_eeg.fif,pass,high,low,HVLA,0.047619047619047616,48.0,52.0,1000,250,5.81,1.99,True,high,True,low,True,HVLA
sub-mit123_trial-01_window-026,sub-mit123,modeling_primary,1,sub-mit123_trial-01,26,12500,13500,data/processed/sub-mit123/trials/sub-mit123_trial-01_eeg.fif,pass,high,low,HVLA,0.047619047619047616,50.0,54.0,1000,250,5.81,1.99,True,high,True,low,True,HVLA
sub-mit123_trial-01_window-028,sub-mit123,modeling_primary,1,sub-mit123_trial-01,28,13500,14500,data/processed/sub-mit123/trials/sub-mit123_trial-01_eeg.fif,pass,high,low,HVLA,0.047619047619047616,54.0,58.0,1000,250,5.81,1.99,True,high,True,low,True,HVLA
sub-mit123_trial-01_window-029,sub-mit123,modeling_primary,1,sub-mit123_trial-01,29,14000,15000,data/processed/sub-mit123/trials/sub-mit123_trial-01_eeg.fif,pass,high,low,HVLA,0.047619047619047616,56.0,60.0,1000,250,5.81,1.99,True,high,True,low,True,HVLA
sub-mit123_trial-02_window-001,sub-mit123,modeling_primary,2,sub-mit123_trial-02,1,0,1000,data/processed/sub-mit123/trials/sub-mit123_trial-02_eeg.fif,pass,low,high,LVHA,0.038461538461538464,0.0,4.0,1000,250,1.1,5.46,True,low,True,high,True,LVHA
sub-mit123_trial-02_window-002,sub-mit123,modeling_primary,2,sub-mit123_trial-02,2,500,1500,data/processed/sub-mit123/trials/sub-mit123_trial-02_eeg.fif,pass,low,high,LVHA,0.038461538461538464,2.0,6.0,1000,250,1.1,5.46,True,low,True,high,True,LVHA
sub-mit123_trial-02_window-003,sub-mit123,modeling_primary,2,sub-mit123_trial-02,3,1000,2000,data/processed/sub-mit123/trials/sub-mit123_trial-02_eeg.fif,pass,low,high,LVHA,0.038461538461538464,4.0,8.0,1000,250,1.1,5.46,True,low,True,high,True,LVHA
sub-mit123_trial-02_window-004,sub-mit123,modeling_primary,2,sub-mit123_trial-02,4,1500,2500,data/processed/sub-mit123/trials/sub-mit123_trial-02_eeg.fif,pass,low,high,LVHA,0.038461538461538464,6.0,10.0,1000,250,1.1,5.46,True,low,True,high,True,LVHA
sub-mit123_trial-02_window-005,sub-mit123,modeling_primary,2,sub-mit123_trial-02,5,2000,3000,data/processed/sub-mit123/trials/sub-mit123_trial-02_eeg.fif,pass,low,high,LVHA,0.038461538461538464,8.0,12.0,1000,250,1.1,5.46,True,low,True,high,True,LVHA
sub-mit123_trial-02_window-006,sub-mit123,modeling_primary,2,sub-mit123_trial-02,6,2500,3500,data/processed/sub-mit123/trials/sub-mit123_trial-02_eeg.fif,pass,low,high,LVHA,0.038461538461538464,10.0,14.0,1000,250,1.1,5.46,True,low,True,high,True,LVHA
sub-mit123_trial-02_window-007,sub-mit123,modeling_primary,2,sub-mit123_trial-02,7,3000,4000,data/processed/sub-mit123/trials/sub-mit123_trial-02_eeg.fif,pass,low,high,LVHA,0.038461538461538464,12.0,16.0,1000,250,1.1,5.46,True,low,True,high,True,LVHA
sub-mit123_trial-02_window-008,sub-mit123,modeling_primary,2,sub-mit123_trial-02,8,3500,4500,data/processed/sub-mit123/trials/sub-mit123_trial-02_eeg.fif,pass,low,high,LVHA,0.038461538461538464,14.0,18.0,1000,250,1.1,5.46,True,low,True,high,True,LVHA
sub-mit123_trial-02_window-009,sub-mit123,modeling_primary,2,sub-mit123_trial-02,9,4000,5000,data/processed/sub-mit123/trials/sub-mit123_trial-02_eeg.fif,pass,low,high,LVHA,0.038461538461538464,16.0,20.0,1000,250,1.1,5.46,True,low,True,high,True,LVHA
sub-mit123_trial-02_window-010,sub-mit123,modeling_primary,2,sub-mit123_trial-02,10,4500,5500,data/processed/sub-mit123/trials/sub-mit123_trial-02_eeg.fif,pass,low,high,LVHA,0.038461538461538464,18.0,22.0,1000,250,1.1,5.46,True,low,True,high,True,LVHA
sub-mit123_trial-02_window-011,sub-mit123,modeling_primary,2,sub-mit123_trial-02,11,5000,6000,data/processed/sub-mit123/trials/sub-mit123_trial-02_eeg.fif,pass,low,high,LVHA,0.038461538461538464,20.0,24.0,1000,250,1.1,5.46,True,low,True,high,True,LVHA
sub-mit123_trial-02_window-013,sub-mit123,modeling_primary,2,sub-mit123_trial-02,13,6000,7000,data/processed/sub-mit123/trials/sub-mit123_trial-02_eeg.fif,pass,low,high,LVHA,0.038461538461538464,24.0,28.0,1000,250,1.1,5.46,True,low,True,high,True,LVHA
sub-mit123_trial-02_window-014,sub-mit123,modeling_primary,2,sub-mit123_trial-02,14,6500,7500,data/processed/sub-mit123/trials/sub-mit123_trial-02_eeg.fif,pass,low,high,LVHA,0.038461538461538464,26.0,30.0,1000,250,1.1,5.46,True,low,True,high,True,LVHA
sub-mit123_trial-02_window-015,sub-mit123,modeling_primary,2,sub-mit123_trial-02,15,7000,8000,data/processed/sub-mit123/trials/sub-mit123_trial-02_eeg.fif,pass,low,high,LVHA,0.038461538461538464,28.0,32.0,1000,250,1.1,5.46,True,low,True,high,True,LVHA
sub-mit123_trial-02_window-016,sub-mit123,modeling_primary,2,sub-mit123_trial-02,16,7500,8500,data/processed/sub-mit123/trials/sub-mit123_trial-02_eeg.fif,pass,low,high,LVHA,0.038461538461538464,30.0,34.0,1000,250,1.1,5.46,True,low,True,high,True,LVHA
sub-mit123_trial-02_window-017,sub-mit123,modeling_primary,2,sub-mit123_trial-02,17,8000,9000,data/processed/sub-mit123/trials/sub-mit123_trial-02_eeg.fif,pass,low,high,LVHA,0.038461538461538464,32.0,36.0,1000,250,1.1,5.46,True,low,True,high,True,LVHA
sub-mit123_trial-02_window-018,sub-mit123,modeling_primary,2,sub-mit123_trial-02,18,8500,9500,data/processed/sub-mit123/trials/sub-mit123_trial-02_eeg.fif,pass,low,high,LVHA,0.038461538461538464,34.0,38.0,1000,250,1.1,5.46,True,low,True,high,True,LVHA
sub-mit123_trial-02_window-019,sub-mit123,modeling_primary,2,sub-mit123_trial-02,19,9000,10000,data/processed/sub-mit123/trials/sub-mit123_trial-02_eeg.fif,pass,low,high,LVHA,0.038461538461538464,36.0,40.0,1000,250,1.1,5.46,True,low,True,high,True,LVHA
sub-mit123_trial-02_window-020,sub-mit123,modeling_primary,2,sub-mit123_trial-02,20,9500,10500,data/processed/sub-mit123/trials/sub-mit123_trial-02_eeg.fif,pass,low,high,LVHA,0.038461538461538464,38.0,42.0,1000,250,1.1,5.46,True,low,True,high,True,LVHA
sub-mit123_trial-02_window-021,sub-mit123,modeling_primary,2,sub-mit123_trial-02,21,10000,11000,data/processed/sub-mit123/trials/sub-mit123_trial-02_eeg.fif,pass,low,high,LVHA,0.038461538461538464,40.0,44.0,1000,250,1.1,5.46,True,low,True,high,True,LVHA
sub-mit123_trial-02_window-022,sub-mit123,modeling_primary,2,sub-mit123_trial-02,22,10500,11500,data/processed/sub-mit123/trials/sub-mit123_trial-02_eeg.fif,pass,low,high,LVHA,0.038461538461538464,42.0,46.0,1000,250,1.1,5.46,True,low,True,high,True,LVHA
sub-mit123_trial-02_window-023,sub-mit123,modeling_primary,2,sub-mit123_trial-02,23,11000,12000,data/processed/sub-mit123/trials/sub-mit123_trial-02_eeg.fif,pass,low,high,LVHA,0.038461538461538464,44.0,48.0,1000,250,1.1,5.46,True,low,True,high,True,LVHA
sub-mit123_trial-02_window-024,sub-mit123,modeling_primary,2,sub-mit123_trial-02,24,11500,12500,data/processed/sub-mit123/trials/sub-mit123_trial-02_eeg.fif,pass,low,high,LVHA,0.038461538461538464,46.0,50.0,1000,250,1.1,5.46,True,low,True,high,True,LVHA
sub-mit123_trial-02_window-025,sub-mit123,modeling_primary,2,sub-mit123_trial-02,25,12000,13000,data/processed/sub-mit123/trials/sub-mit123_trial-02_eeg.fif,pass,low,high,LVHA,0.038461538461538464,48.0,52.0,1000,250,1.1,5.46,True,low,True,high,True,LVHA
sub-mit123_trial-02_window-028,sub-mit123,modeling_primary,2,sub-mit123_trial-02,28,13500,14500,data/processed/sub-mit123/trials/sub-mit123_trial-02_eeg.fif,pass,low,high,LVHA,0.038461538461538464,54.0,58.0,1000,250,1.1,5.46,True,low,True,high,True,LVHA
sub-mit123_trial-02_window-029,sub-mit123,modeling_primary,2,sub-mit123_trial-02,29,14000,15000,data/processed/sub-mit123/trials/sub-mit123_trial-02_eeg.fif,pass,low,high,LVHA,0.038461538461538464,56.0,60.0,1000,250,1.1,5.46,True,low,True,high,True,LVHA
sub-mit123_trial-03_window-001,sub-mit123,modeling_primary,3,sub-mit123_trial-03,1,0,1000,data/processed/sub-mit123/trials/sub-mit123_trial-03_eeg.fif,pass,high,low,HVLA,0.045454545454545456,0.0,4.0,1000,250,7.04,3.01,True,high,True,low,True,HVLA
sub-mit123_trial-03_window-002,sub-mit123,modeling_primary,3,sub-mit123_trial-03,2,500,1500,data/processed/sub-mit123/trials/sub-mit123_trial-03_eeg.fif,pass,high,low,HVLA,0.045454545454545456,2.0,6.0,1000,250,7.04,3.01,True,high,True,low,True,HVLA
sub-mit123_trial-03_window-004,sub-mit123,modeling_primary,3,sub-mit123_trial-03,4,1500,2500,data/processed/sub-mit123/trials/sub-mit123_trial-03_eeg.fif,pass,high,low,HVLA,0.045454545454545456,6.0,10.0,1000,250,7.04,3.01,True,high,True,low,True,HVLA
sub-mit123_trial-03_window-005,sub-mit123,modeling_primary,3,sub-mit123_trial-03,5,2000,3000,data/processed/sub-mit123/trials/sub-mit123_trial-03_eeg.fif,pass,high,low,HVLA,0.045454545454545456,8.0,12.0,1000,250,7.04,3.01,True,high,True,low,True,HVLA
sub-mit123_trial-03_window-006,sub-mit123,modeling_primary,3,sub-mit123_trial-03,6,2500,3500,data/processed/sub-mit123/trials/sub-mit123_trial-03_eeg.fif,pass,high,low,HVLA,0.045454545454545456,10.0,14.0,1000,250,7.04,3.01,True,high,True,low,True,HVLA
sub-mit123_trial-03_window-007,sub-mit123,modeling_primary,3,sub-mit123_trial-03,7,3000,4000,data/processed/sub-mit123/trials/sub-mit123_trial-03_eeg.fif,pass,high,low,HVLA,0.045454545454545456,12.0,16.0,1000,250,7.04,3.01,True,high,True,low,True,HVLA
sub-mit123_trial-03_window-008,sub-mit123,modeling_primary,3,sub-mit123_trial-03,8,3500,4500,data/processed/sub-mit123/trials/sub-mit123_trial-03_eeg.fif,pass,high,low,HVLA,0.045454545454545456,14.0,18.0,1000,250,7.04,3.01,True,high,True,low,True,HVLA
sub-mit123_trial-03_window-009,sub-mit123,modeling_primary,3,sub-mit123_trial-03,9,4000,5000,data/processed/sub-mit123/trials/sub-mit123_trial-03_eeg.fif,pass,high,low,HVLA,0.045454545454545456,16.0,20.0,1000,250,7.04,3.01,True,high,True,low,True,HVLA
sub-mit123_trial-03_window-010,sub-mit123,modeling_primary,3,sub-mit123_trial-03,10,4500,5500,data/processed/sub-mit123/trials/sub-mit123_trial-03_eeg.fif,pass,high,low,HVLA,0.045454545454545456,18.0,22.0,1000,250,7.04,3.01,True,high,True,low,True,HVLA
sub-mit123_trial-03_window-014,sub-mit123,modeling_primary,3,sub-mit123_trial-03,14,6500,7500,data/processed/sub-mit123/trials/sub-mit123_trial-03_eeg.fif,pass,high,low,HVLA,0.045454545454545456,26.0,30.0,1000,250,7.04,3.01,True,high,True,low,True,HVLA
sub-mit123_trial-03_window-015,sub-mit123,modeling_primary,3,sub-mit123_trial-03,15,7000,8000,data/processed/sub-mit123/trials/sub-mit123_trial-03_eeg.fif,pass,high,low,HVLA,0.045454545454545456,28.0,32.0,1000,250,7.04,3.01,True,high,True,low,True,HVLA
sub-mit123_trial-03_window-016,sub-mit123,modeling_primary,3,sub-mit123_trial-03,16,7500,8500,data/processed/sub-mit123/trials/sub-mit123_trial-03_eeg.fif,pass,high,low,HVLA,0.045454545454545456,30.0,34.0,1000,250,7.04,3.01,True,high,True,low,True,HVLA
sub-mit123_trial-03_window-017,sub-mit123,modeling_primary,3,sub-mit123_trial-03,17,8000,9000,data/processed/sub-mit123/trials/sub-mit123_trial-03_eeg.fif,pass,high,low,HVLA,0.045454545454545456,32.0,36.0,1000,250,7.04,3.01,True,high,True,low,True,HVLA
sub-mit123_trial-03_window-018,sub-mit123,modeling_primary,3,sub-mit123_trial-03,18,8500,9500,data/processed/sub-mit123/trials/sub-mit123_trial-03_eeg.fif,pass,high,low,HVLA,0.045454545454545456,34.0,38.0,1000,250,7.04,3.01,True,high,True,low,True,HVLA
sub-mit123_trial-03_window-019,sub-mit123,modeling_primary,3,sub-mit123_trial-03,19,9000,10000,data/processed/sub-mit123/trials/sub-mit123_trial-03_eeg.fif,pass,high,low,HVLA,0.045454545454545456,36.0,40.0,1000,250,7.04,3.01,True,high,True,low,True,HVLA
sub-mit123_trial-03_window-020,sub-mit123,modeling_primary,3,sub-mit123_trial-03,20,9500,10500,data/processed/sub-mit123/trials/sub-mit123_trial-03_eeg.fif,pass,high,low,HVLA,0.045454545454545456,38.0,42.0,1000,250,7.04,3.01,True,high,True,low,True,HVLA
sub-mit123_trial-03_window-022,sub-mit123,modeling_primary,3,sub-mit123_trial-03,22,10500,11500,data/processed/sub-mit123/trials/sub-mit123_trial-03_eeg.fif,pass,high,low,HVLA,0.045454545454545456,42.0,46.0,1000,250,7.04,3.01,True,high,True,low,True,HVLA
sub-mit123_trial-03_window-023,sub-mit123,modeling_primary,3,sub-mit123_trial-03,23,11000,12000,data/processed/sub-mit123/trials/sub-mit123_trial-03_eeg.fif,pass,high,low,HVLA,0.045454545454545456,44.0,48.0,1000,250,7.04,3.01,True,high,True,low,True,HVLA
sub-mit123_trial-03_window-024,sub-mit123,modeling_primary,3,sub-mit123_trial-03,24,11500,12500,data/processed/sub-mit123/trials/sub-mit123_trial-03_eeg.fif,pass,high,low,HVLA,0.045454545454545456,46.0,50.0,1000,250,7.04,3.01,True,high,True,low,True,HVLA
sub-mit123_trial-03_window-025,sub-mit123,modeling_primary,3,sub-mit123_trial-03,25,12000,13000,data/processed/sub-mit123/trials/sub-mit123_trial-03_eeg.fif,pass,high,low,HVLA,0.045454545454545456,48.0,52.0,1000,250,7.04,3.01,True,high,True,low,True,HVLA
sub-mit123_trial-03_window-027,sub-mit123,modeling_primary,3,sub-mit123_trial-03,27,13000,14000,data/processed/sub-mit123/trials/sub-mit123_trial-03_eeg.fif,pass,high,low,HVLA,0.045454545454545456,52.0,56.0,1000,250,7.04,3.01,True,high,True,low,True,HVLA
sub-mit123_trial-03_window-029,sub-mit123,modeling_primary,3,sub-mit123_trial-03,29,14000,15000,data/processed/sub-mit123/trials/sub-mit123_trial-03_eeg.fif,pass,high,low,HVLA,0.045454545454545456,56.0,60.0,1000,250,7.04,3.01,True,high,True,low,True,HVLA
sub-mit123_trial-04_window-002,sub-mit123,modeling_primary,4,sub-mit123_trial-04,2,500,1500,data/processed/sub-mit123/trials/sub-mit123_trial-04_eeg.fif,pass,low,low,LVLA,0.037037037037037035,2.0,6.0,1000,250,1.08,2.97,True,low,True,low,True,LVLA
sub-mit123_trial-04_window-003,sub-mit123,modeling_primary,4,sub-mit123_trial-04,3,1000,2000,data/processed/sub-mit123/trials/sub-mit123_trial-04_eeg.fif,pass,low,low,LVLA,0.037037037037037035,4.0,8.0,1000,250,1.08,2.97,True,low,True,low,True,LVLA
sub-mit123_trial-04_window-004,sub-mit123,modeling_primary,4,sub-mit123_trial-04,4,1500,2500,data/processed/sub-mit123/trials/sub-mit123_trial-04_eeg.fif,pass,low,low,LVLA,0.037037037037037035,6.0,10.0,1000,250,1.08,2.97,True,low,True,low,True,LVLA
sub-mit123_trial-04_window-005,sub-mit123,modeling_primary,4,sub-mit123_trial-04,5,2000,3000,data/processed/sub-mit123/trials/sub-mit123_trial-04_eeg.fif,pass,low,low,LVLA,0.037037037037037035,8.0,12.0,1000,250,1.08,2.97,True,low,True,low,True,LVLA
sub-mit123_trial-04_window-006,sub-mit123,modeling_primary,4,sub-mit123_trial-04,6,2500,3500,data/processed/sub-mit123/trials/sub-mit123_trial-04_eeg.fif,pass,low,low,LVLA,0.037037037037037035,10.0,14.0,1000,250,1.08,2.97,True,low,True,low,True,LVLA
sub-mit123_trial-04_window-007,sub-mit123,modeling_primary,4,sub-mit123_trial-04,7,3000,4000,data/processed/sub-mit123/trials/sub-mit123_trial-04_eeg.fif,pass,low,low,LVLA,0.037037037037037035,12.0,16.0,1000,250,1.08,2.97,True,low,True,low,True,LVLA
sub-mit123_trial-04_window-008,sub-mit123,modeling_primary,4,sub-mit123_trial-04,8,3500,4500,data/processed/sub-mit123/trials/sub-mit123_trial-04_eeg.fif,pass,low,low,LVLA,0.037037037037037035,14.0,18.0,1000,250,1.08,2.97,True,low,True,low,True,LVLA
sub-mit123_trial-04_window-009,sub-mit123,modeling_primary,4,sub-mit123_trial-04,9,4000,5000,data/processed/sub-mit123/trials/sub-mit123_trial-04_eeg.fif,pass,low,low,LVLA,0.037037037037037035,16.0,20.0,1000,250,1.08,2.97,True,low,True,low,True,LVLA
sub-mit123_trial-04_window-010,sub-mit123,modeling_primary,4,sub-mit123_trial-04,10,4500,5500,data/processed/sub-mit123/trials/sub-mit123_trial-04_eeg.fif,pass,low,low,LVLA,0.037037037037037035,18.0,22.0,1000,250,1.08,2.97,True,low,True,low,True,LVLA
sub-mit123_trial-04_window-011,sub-mit123,modeling_primary,4,sub-mit123_trial-04,11,5000,6000,data/processed/sub-mit123/trials/sub-mit123_trial-04_eeg.fif,pass,low,low,LVLA,0.037037037037037035,20.0,24.0,1000,250,1.08,2.97,True,low,True,low,True,LVLA
sub-mit123_trial-04_window-012,sub-mit123,modeling_primary,4,sub-mit123_trial-04,12,5500,6500,data/processed/sub-mit123/trials/sub-mit123_trial-04_eeg.fif,pass,low,low,LVLA,0.037037037037037035,22.0,26.0,1000,250,1.08,2.97,True,low,True,low,True,LVLA
sub-mit123_trial-04_window-013,sub-mit123,modeling_primary,4,sub-mit123_trial-04,13,6000,7000,data/processed/sub-mit123/trials/sub-mit123_trial-04_eeg.fif,pass,low,low,LVLA,0.037037037037037035,24.0,28.0,1000,250,1.08,2.97,True,low,True,low,True,LVLA
sub-mit123_trial-04_window-014,sub-mit123,modeling_primary,4,sub-mit123_trial-04,14,6500,7500,data/processed/sub-mit123/trials/sub-mit123_trial-04_eeg.fif,pass,low,low,LVLA,0.037037037037037035,26.0,30.0,1000,250,1.08,2.97,True,low,True,low,True,LVLA
sub-mit123_trial-04_window-015,sub-mit123,modeling_primary,4,sub-mit123_trial-04,15,7000,8000,data/processed/sub-mit123/trials/sub-mit123_trial-04_eeg.fif,pass,low,low,LVLA,0.037037037037037035,28.0,32.0,1000,250,1.08,2.97,True,low,True,low,True,LVLA
sub-mit123_trial-04_window-016,sub-mit123,modeling_primary,4,sub-mit123_trial-04,16,7500,8500,data/processed/sub-mit123/trials/sub-mit123_trial-04_eeg.fif,pass,low,low,LVLA,0.037037037037037035,30.0,34.0,1000,250,1.08,2.97,True,low,True,low,True,LVLA
sub-mit123_trial-04_window-017,sub-mit123,modeling_primary,4,sub-mit123_trial-04,17,8000,9000,data/processed/sub-mit123/trials/sub-mit123_trial-04_eeg.fif,pass,low,low,LVLA,0.037037037037037035,32.0,36.0,1000,250,1.08,2.97,True,low,True,low,True,LVLA
sub-mit123_trial-04_window-018,sub-mit123,modeling_primary,4,sub-mit123_trial-04,18,8500,9500,data/processed/sub-mit123/trials/sub-mit123_trial-04_eeg.fif,pass,low,low,LVLA,0.037037037037037035,34.0,38.0,1000,250,1.08,2.97,True,low,True,low,True,LVLA
sub-mit123_trial-04_window-019,sub-mit123,modeling_primary,4,sub-mit123_trial-04,19,9000,10000,data/processed/sub-mit123/trials/sub-mit123_trial-04_eeg.fif,pass,low,low,LVLA,0.037037037037037035,36.0,40.0,1000,250,1.08,2.97,True,low,True,low,True,LVLA
sub-mit123_trial-04_window-020,sub-mit123,modeling_primary,4,sub-mit123_trial-04,20,9500,10500,data/processed/sub-mit123/trials/sub-mit123_trial-04_eeg.fif,pass,low,low,LVLA,0.037037037037037035,38.0,42.0,1000,250,1.08,2.97,True,low,True,low,True,LVLA
sub-mit123_trial-04_window-021,sub-mit123,modeling_primary,4,sub-mit123_trial-04,21,10000,11000,data/processed/sub-mit123/trials/sub-mit123_trial-04_eeg.fif,pass,low,low,LVLA,0.037037037037037035,40.0,44.0,1000,250,1.08,2.97,True,low,True,low,True,LVLA
sub-mit123_trial-04_window-022,sub-mit123,modeling_primary,4,sub-mit123_trial-04,22,10500,11500,data/processed/sub-mit123/trials/sub-mit123_trial-04_eeg.fif,pass,low,low,LVLA,0.037037037037037035,42.0,46.0,1000,250,1.08,2.97,True,low,True,low,True,LVLA
sub-mit123_trial-04_window-023,sub-mit123,modeling_primary,4,sub-mit123_trial-04,23,11000,12000,data/processed/sub-mit123/trials/sub-mit123_trial-04_eeg.fif,pass,low,low,LVLA,0.037037037037037035,44.0,48.0,1000,250,1.08,2.97,True,low,True,low,True,LVLA
sub-mit123_trial-04_window-024,sub-mit123,modeling_primary,4,sub-mit123_trial-04,24,11500,12500,data/processed/sub-mit123/trials/sub-mit123_trial-04_eeg.fif,pass,low,low,LVLA,0.037037037037037035,46.0,50.0,1000,250,1.08,2.97,True,low,True,low,True,LVLA
sub-mit123_trial-04_window-026,sub-mit123,modeling_primary,4,sub-mit123_trial-04,26,12500,13500,data/processed/sub-mit123/trials/sub-mit123_trial-04_eeg.fif,pass,low,low,LVLA,0.037037037037037035,50.0,54.0,1000,250,1.08,2.97,True,low,True,low,True,LVLA
sub-mit123_trial-04_window-027,sub-mit123,modeling_primary,4,sub-mit123_trial-04,27,13000,14000,data/processed/sub-mit123/trials/sub-mit123_trial-04_eeg.fif,pass,low,low,LVLA,0.037037037037037035,52.0,56.0,1000,250,1.08,2.97,True,low,True,low,True,LVLA
sub-mit123_trial-04_window-028,sub-mit123,modeling_primary,4,sub-mit123_trial-04,28,13500,14500,data/processed/sub-mit123/trials/sub-mit123_trial-04_eeg.fif,pass,low,low,LVLA,0.037037037037037035,54.0,58.0,1000,250,1.08,2.97,True,low,True,low,True,LVLA
sub-mit123_trial-04_window-029,sub-mit123,modeling_primary,4,sub-mit123_trial-04,29,14000,15000,data/processed/sub-mit123/trials/sub-mit123_trial-04_eeg.fif,pass,low,low,LVLA,0.037037037037037035,56.0,60.0,1000,250,1.08,2.97,True,low,True,low,True,LVLA
sub-mit123_trial-05_window-003,sub-mit123,modeling_primary,5,sub-mit123_trial-05,3,1000,2000,data/processed/sub-mit123/trials/sub-mit123_trial-05_eeg.fif,pass,low,low,LVLA,0.045454545454545456,4.0,8.0,1000,250,1.0,4.88,True,low,True,low,True,LVLA
sub-mit123_trial-05_window-004,sub-mit123,modeling_primary,5,sub-mit123_trial-05,4,1500,2500,data/processed/sub-mit123/trials/sub-mit123_trial-05_eeg.fif,pass,low,low,LVLA,0.045454545454545456,6.0,10.0,1000,250,1.0,4.88,True,low,True,low,True,LVLA
sub-mit123_trial-05_window-005,sub-mit123,modeling_primary,5,sub-mit123_trial-05,5,2000,3000,data/processed/sub-mit123/trials/sub-mit123_trial-05_eeg.fif,pass,low,low,LVLA,0.045454545454545456,8.0,12.0,1000,250,1.0,4.88,True,low,True,low,True,LVLA
sub-mit123_trial-05_window-006,sub-mit123,modeling_primary,5,sub-mit123_trial-05,6,2500,3500,data/processed/sub-mit123/trials/sub-mit123_trial-05_eeg.fif,pass,low,low,LVLA,0.045454545454545456,10.0,14.0,1000,250,1.0,4.88,True,low,True,low,True,LVLA
sub-mit123_trial-05_window-007,sub-mit123,modeling_primary,5,sub-mit123_trial-05,7,3000,4000,data/processed/sub-mit123/trials/sub-mit123_trial-05_eeg.fif,pass,low,low,LVLA,0.045454545454545456,12.0,16.0,1000,250,1.0,4.88,True,low,True,low,True,LVLA
sub-mit123_trial-05_window-008,sub-mit123,modeling_primary,5,sub-mit123_trial-05,8,3500,4500,data/processed/sub-mit123/trials/sub-mit123_trial-05_eeg.fif,pass,low,low,LVLA,0.045454545454545456,14.0,18.0,1000,250,1.0,4.88,True,low,True,low,True,LVLA
sub-mit123_trial-05_window-009,sub-mit123,modeling_primary,5,sub-mit123_trial-05,9,4000,5000,data/processed/sub-mit123/trials/sub-mit123_trial-05_eeg.fif,pass,low,low,LVLA,0.045454545454545456,16.0,20.0,1000,250,1.0,4.88,True,low,True,low,True,LVLA
sub-mit123_trial-05_window-010,sub-mit123,modeling_primary,5,sub-mit123_trial-05,10,4500,5500,data/processed/sub-mit123/trials/sub-mit123_trial-05_eeg.fif,pass,low,low,LVLA,0.045454545454545456,18.0,22.0,1000,250,1.0,4.88,True,low,True,low,True,LVLA
sub-mit123_trial-05_window-011,sub-mit123,modeling_primary,5,sub-mit123_trial-05,11,5000,6000,data/processed/sub-mit123/trials/sub-mit123_trial-05_eeg.fif,pass,low,low,LVLA,0.045454545454545456,20.0,24.0,1000,250,1.0,4.88,True,low,True,low,True,LVLA
sub-mit123_trial-05_window-012,sub-mit123,modeling_primary,5,sub-mit123_trial-05,12,5500,6500,data/processed/sub-mit123/trials/sub-mit123_trial-05_eeg.fif,pass,low,low,LVLA,0.045454545454545456,22.0,26.0,1000,250,1.0,4.88,True,low,True,low,True,LVLA
sub-mit123_trial-05_window-015,sub-mit123,modeling_primary,5,sub-mit123_trial-05,15,7000,8000,data/processed/sub-mit123/trials/sub-mit123_trial-05_eeg.fif,pass,low,low,LVLA,0.045454545454545456,28.0,32.0,1000,250,1.0,4.88,True,low,True,low,True,LVLA
sub-mit123_trial-05_window-017,sub-mit123,modeling_primary,5,sub-mit123_trial-05,17,8000,9000,data/processed/sub-mit123/trials/sub-mit123_trial-05_eeg.fif,pass,low,low,LVLA,0.045454545454545456,32.0,36.0,1000,250,1.0,4.88,True,low,True,low,True,LVLA
sub-mit123_trial-05_window-018,sub-mit123,modeling_primary,5,sub-mit123_trial-05,18,8500,9500,data/processed/sub-mit123/trials/sub-mit123_trial-05_eeg.fif,pass,low,low,LVLA,0.045454545454545456,34.0,38.0,1000,250,1.0,4.88,True,low,True,low,True,LVLA
sub-mit123_trial-05_window-019,sub-mit123,modeling_primary,5,sub-mit123_trial-05,19,9000,10000,data/processed/sub-mit123/trials/sub-mit123_trial-05_eeg.fif,pass,low,low,LVLA,0.045454545454545456,36.0,40.0,1000,250,1.0,4.88,True,low,True,low,True,LVLA
sub-mit123_trial-05_window-020,sub-mit123,modeling_primary,5,sub-mit123_trial-05,20,9500,10500,data/processed/sub-mit123/trials/sub-mit123_trial-05_eeg.fif,pass,low,low,LVLA,0.045454545454545456,38.0,42.0,1000,250,1.0,4.88,True,low,True,low,True,LVLA
sub-mit123_trial-05_window-021,sub-mit123,modeling_primary,5,sub-mit123_trial-05,21,10000,11000,data/processed/sub-mit123/trials/sub-mit123_trial-05_eeg.fif,pass,low,low,LVLA,0.045454545454545456,40.0,44.0,1000,250,1.0,4.88,True,low,True,low,True,LVLA
sub-mit123_trial-05_window-022,sub-mit123,modeling_primary,5,sub-mit123_trial-05,22,10500,11500,data/processed/sub-mit123/trials/sub-mit123_trial-05_eeg.fif,pass,low,low,LVLA,0.045454545454545456,42.0,46.0,1000,250,1.0,4.88,True,low,True,low,True,LVLA
sub-mit123_trial-05_window-023,sub-mit123,modeling_primary,5,sub-mit123_trial-05,23,11000,12000,data/processed/sub-mit123/trials/sub-mit123_trial-05_eeg.fif,pass,low,low,LVLA,0.045454545454545456,44.0,48.0,1000,250,1.0,4.88,True,low,True,low,True,LVLA
sub-mit123_trial-05_window-024,sub-mit123,modeling_primary,5,sub-mit123_trial-05,24,11500,12500,data/processed/sub-mit123/trials/sub-mit123_trial-05_eeg.fif,pass,low,low,LVLA,0.045454545454545456,46.0,50.0,1000,250,1.0,4.88,True,low,True,low,True,LVLA
sub-mit123_trial-05_window-025,sub-mit123,modeling_primary,5,sub-mit123_trial-05,25,12000,13000,data/processed/sub-mit123/trials/sub-mit123_trial-05_eeg.fif,pass,low,low,LVLA,0.045454545454545456,48.0,52.0,1000,250,1.0,4.88,True,low,True,low,True,LVLA
sub-mit123_trial-05_window-026,sub-mit123,modeling_primary,5,sub-mit123_trial-05,26,12500,13500,data/processed/sub-mit123/trials/sub-mit123_trial-05_eeg.fif,pass,low,low,LVLA,0.045454545454545456,50.0,54.0,1000,250,1.0,4.88,True,low,True,low,True,LVLA
sub-mit123_trial-05_window-029,sub-mit123,modeling_primary,5,sub-mit123_trial-05,29,14000,15000,data/processed/sub-mit123/trials/sub-mit123_trial-05_eeg.fif,pass,low,low,LVLA,0.045454545454545456,56.0,60.0,1000,250,1.0,4.88,True,low,True,low,True,LVLA
sub-mit123_trial-06_window-002,sub-mit123,modeling_primary,6,sub-mit123_trial-06,2,500,1500,data/processed/sub-mit123/trials/sub-mit123_trial-06_eeg.fif,pass,ambiguous,low,ambiguous,0.047619047619047616,2.0,6.0,1000,250,5.0,1.45,False,ambiguous,True,low,False,ambiguous
sub-mit123_trial-06_window-003,sub-mit123,modeling_primary,6,sub-mit123_trial-06,3,1000,2000,data/processed/sub-mit123/trials/sub-mit123_trial-06_eeg.fif,pass,ambiguous,low,ambiguous,0.047619047619047616,4.0,8.0,1000,250,5.0,1.45,False,ambiguous,True,low,False,ambiguous
sub-mit123_trial-06_window-004,sub-mit123,modeling_primary,6,sub-mit123_trial-06,4,1500,2500,data/processed/sub-mit123/trials/sub-mit123_trial-06_eeg.fif,pass,ambiguous,low,ambiguous,0.047619047619047616,6.0,10.0,1000,250,5.0,1.45,False,ambiguous,True,low,False,ambiguous
sub-mit123_trial-06_window-008,sub-mit123,modeling_primary,6,sub-mit123_trial-06,8,3500,4500,data/processed/sub-mit123/trials/sub-mit123_trial-06_eeg.fif,pass,ambiguous,low,ambiguous,0.047619047619047616,14.0,18.0,1000,250,5.0,1.45,False,ambiguous,True,low,False,ambiguous
sub-mit123_trial-06_window-009,sub-mit123,modeling_primary,6,sub-mit123_trial-06,9,4000,5000,data/processed/sub-mit123/trials/sub-mit123_trial-06_eeg.fif,pass,ambiguous,low,ambiguous,0.047619047619047616,16.0,20.0,1000,250,5.0,1.45,False,ambiguous,True,low,False,ambiguous
sub-mit123_trial-06_window-010,sub-mit123,modeling_primary,6,sub-mit123_trial-06,10,4500,5500,data/processed/sub-mit123/trials/sub-mit123_trial-06_eeg.fif,pass,ambiguous,low,ambiguous,0.047619047619047616,18.0,22.0,1000,250,5.0,1.45,False,ambiguous,True,low,False,ambiguous
sub-mit123_trial-06_window-011,sub-mit123,modeling_primary,6,sub-mit123_trial-06,11,5000,6000,data/processed/sub-mit123/trials/sub-mit123_trial-06_eeg.fif,pass,ambiguous,low,ambiguous,0.047619047619047616,20.0,24.0,1000,250,5.0,1.45,False,ambiguous,True,low,False,ambiguous
sub-mit123_trial-06_window-012,sub-mit123,modeling_primary,6,sub-mit123_trial-06,12,5500,6500,data/processed/sub-mit123/trials/sub-mit123_trial-06_eeg.fif,pass,ambiguous,low,ambiguous,0.047619047619047616,22.0,26.0,1000,250,5.0,1.45,False,ambiguous,True,low,False,ambiguous
sub-mit123_trial-06_window-015,sub-mit123,modeling_primary,6,sub-mit123_trial-06,15,7000,8000,data/processed/sub-mit123/trials/sub-mit123_trial-06_eeg.fif,pass,ambiguous,low,ambiguous,0.047619047619047616,28.0,32.0,1000,250,5.0,1.45,False,ambiguous,True,low,False,ambiguous
sub-mit123_trial-06_window-016,sub-mit123,modeling_primary,6,sub-mit123_trial-06,16,7500,8500,data/processed/sub-mit123/trials/sub-mit123_trial-06_eeg.fif,pass,ambiguous,low,ambiguous,0.047619047619047616,30.0,34.0,1000,250,5.0,1.45,False,ambiguous,True,low,False,ambiguous
sub-mit123_trial-06_window-017,sub-mit123,modeling_primary,6,sub-mit123_trial-06,17,8000,9000,data/processed/sub-mit123/trials/sub-mit123_trial-06_eeg.fif,pass,ambiguous,low,ambiguous,0.047619047619047616,32.0,36.0,1000,250,5.0,1.45,False,ambiguous,True,low,False,ambiguous
sub-mit123_trial-06_window-020,sub-mit123,modeling_primary,6,sub-mit123_trial-06,20,9500,10500,data/processed/sub-mit123/trials/sub-mit123_trial-06_eeg.fif,pass,ambiguous,low,ambiguous,0.047619047619047616,38.0,42.0,1000,250,5.0,1.45,False,ambiguous,True,low,False,ambiguous
sub-mit123_trial-06_window-021,sub-mit123,modeling_primary,6,sub-mit123_trial-06,21,10000,11000,data/processed/sub-mit123/trials/sub-mit123_trial-06_eeg.fif,pass,ambiguous,low,ambiguous,0.047619047619047616,40.0,44.0,1000,250,5.0,1.45,False,ambiguous,True,low,False,ambiguous
sub-mit123_trial-06_window-022,sub-mit123,modeling_primary,6,sub-mit123_trial-06,22,10500,11500,data/processed/sub-mit123/trials/sub-mit123_trial-06_eeg.fif,pass,ambiguous,low,ambiguous,0.047619047619047616,42.0,46.0,1000,250,5.0,1.45,False,ambiguous,True,low,False,ambiguous
sub-mit123_trial-06_window-023,sub-mit123,modeling_primary,6,sub-mit123_trial-06,23,11000,12000,data/processed/sub-mit123/trials/sub-mit123_trial-06_eeg.fif,pass,ambiguous,low,ambiguous,0.047619047619047616,44.0,48.0,1000,250,5.0,1.45,False,ambiguous,True,low,False,ambiguous
sub-mit123_trial-06_window-024,sub-mit123,modeling_primary,6,sub-mit123_trial-06,24,11500,12500,data/processed/sub-mit123/trials/sub-mit123_trial-06_eeg.fif,pass,ambiguous,low,ambiguous,0.047619047619047616,46.0,50.0,1000,250,5.0,1.45,False,ambiguous,True,low,False,ambiguous
sub-mit123_trial-06_window-025,sub-mit123,modeling_primary,6,sub-mit123_trial-06,25,12000,13000,data/processed/sub-mit123/trials/sub-mit123_trial-06_eeg.fif,pass,ambiguous,low,ambiguous,0.047619047619047616,48.0,52.0,1000,250,5.0,1.45,False,ambiguous,True,low,False,ambiguous
sub-mit123_trial-06_window-026,sub-mit123,modeling_primary,6,sub-mit123_trial-06,26,12500,13500,data/processed/sub-mit123/trials/sub-mit123_trial-06_eeg.fif,pass,ambiguous,low,ambiguous,0.047619047619047616,50.0,54.0,1000,250,5.0,1.45,False,ambiguous,True,low,False,ambiguous
sub-mit123_trial-06_window-027,sub-mit123,modeling_primary,6,sub-mit123_trial-06,27,13000,14000,data/processed/sub-mit123/trials/sub-mit123_trial-06_eeg.fif,pass,ambiguous,low,ambiguous,0.047619047619047616,52.0,56.0,1000,250,5.0,1.45,False,ambiguous,True,low,False,ambiguous
sub-mit123_trial-06_window-028,sub-mit123,modeling_primary,6,sub-mit123_trial-06,28,13500,14500,data/processed/sub-mit123/trials/sub-mit123_trial-06_eeg.fif,pass,ambiguous,low,ambiguous,0.047619047619047616,54.0,58.0,1000,250,5.0,1.45,False,ambiguous,True,low,False,ambiguous
sub-mit123_trial-06_window-029,sub-mit123,modeling_primary,6,sub-mit123_trial-06,29,14000,15000,data/processed/sub-mit123/trials/sub-mit123_trial-06_eeg.fif,pass,ambiguous,low,ambiguous,0.047619047619047616,56.0,60.0,1000,250,5.0,1.45,False,ambiguous,True,low,False,ambiguous
sub-mit123_trial-07_window-001,sub-mit123,modeling_primary,7,sub-mit123_trial-07,1,0,1000,data/processed/sub-mit123/trials/sub-mit123_trial-07_eeg.fif,pass,low,high,LVHA,0.04,0.0,4.0,1000,250,1.0,5.46,True,low,True,high,True,LVHA
sub-mit123_trial-07_window-002,sub-mit123,modeling_primary,7,sub-mit123_trial-07,2,500,1500,data/processed/sub-mit123/trials/sub-mit123_trial-07_eeg.fif,pass,low,high,LVHA,0.04,2.0,6.0,1000,250,1.0,5.46,True,low,True,high,True,LVHA
sub-mit123_trial-07_window-003,sub-mit123,modeling_primary,7,sub-mit123_trial-07,3,1000,2000,data/processed/sub-mit123/trials/sub-mit123_trial-07_eeg.fif,pass,low,high,LVHA,0.04,4.0,8.0,1000,250,1.0,5.46,True,low,True,high,True,LVHA
sub-mit123_trial-07_window-004,sub-mit123,modeling_primary,7,sub-mit123_trial-07,4,1500,2500,data/processed/sub-mit123/trials/sub-mit123_trial-07_eeg.fif,pass,low,high,LVHA,0.04,6.0,10.0,1000,250,1.0,5.46,True,low,True,high,True,LVHA
sub-mit123_trial-07_window-005,sub-mit123,modeling_primary,7,sub-mit123_trial-07,5,2000,3000,data/processed/sub-mit123/trials/sub-mit123_trial-07_eeg.fif,pass,low,high,LVHA,0.04,8.0,12.0,1000,250,1.0,5.46,True,low,True,high,True,LVHA
sub-mit123_trial-07_window-006,sub-mit123,modeling_primary,7,sub-mit123_trial-07,6,2500,3500,data/processed/sub-mit123/trials/sub-mit123_trial-07_eeg.fif,pass,low,high,LVHA,0.04,10.0,14.0,1000,250,1.0,5.46,True,low,True,high,True,LVHA
sub-mit123_trial-07_window-007,sub-mit123,modeling_primary,7,sub-mit123_trial-07,7,3000,4000,data/processed/sub-mit123/trials/sub-mit123_trial-07_eeg.fif,pass,low,high,LVHA,0.04,12.0,16.0,1000,250,1.0,5.46,True,low,True,high,True,LVHA
sub-mit123_trial-07_window-008,sub-mit123,modeling_primary,7,sub-mit123_trial-07,8,3500,4500,data/processed/sub-mit123/trials/sub-mit123_trial-07_eeg.fif,pass,low,high,LVHA,0.04,14.0,18.0,1000,250,1.0,5.46,True,low,True,high,True,LVHA
sub-mit123_trial-07_window-009,sub-mit123,modeling_primary,7,sub-mit123_trial-07,9,4000,5000,data/processed/sub-mit123/trials/sub-mit123_trial-07_eeg.fif,pass,low,high,LVHA,0.04,16.0,20.0,1000,250,1.0,5.46,True,low,True,high,True,LVHA
sub-mit123_trial-07_window-010,sub-mit123,modeling_primary,7,sub-mit123_trial-07,10,4500,5500,data/processed/sub-mit123/trials/sub-mit123_trial-07_eeg.fif,pass,low,high,LVHA,0.04,18.0,22.0,1000,250,1.0,5.46,True,low,True,high,True,LVHA
sub-mit123_trial-07_window-011,sub-mit123,modeling_primary,7,sub-mit123_trial-07,11,5000,6000,data/processed/sub-mit123/trials/sub-mit123_trial-07_eeg.fif,pass,low,high,LVHA,0.04,20.0,24.0,1000,250,1.0,5.46,True,low,True,high,True,LVHA
sub-mit123_trial-07_window-012,sub-mit123,modeling_primary,7,sub-mit123_trial-07,12,5500,6500,data/processed/sub-mit123/trials/sub-mit123_trial-07_eeg.fif,pass,low,high,LVHA,0.04,22.0,26.0,1000,250,1.0,5.46,True,low,True,high,True,LVHA
sub-mit123_trial-07_window-013,sub-mit123,modeling_primary,7,sub-mit123_trial-07,13,6000,7000,data/processed/sub-mit123/trials/sub-mit123_trial-07_eeg.fif,pass,low,high,LVHA,0.04,24.0,28.0,1000,250,1.0,5.46,True,low,True,high,True,LVHA
sub-mit123_trial-07_window-014,sub-mit123,modeling_primary,7,sub-mit123_trial-07,14,6500,7500,data/processed/sub-mit123/trials/sub-mit123_trial-07_eeg.fif,pass,low,high,LVHA,0.04,26.0,30.0,1000,250,1.0,5.46,True,low,True,high,True,LVHA
sub-mit123_trial-07_window-015,sub-mit123,modeling_primary,7,sub-mit123_trial-07,15,7000,8000,data/processed/sub-mit123/trials/sub-mit123_trial-07_eeg.fif,pass,low,high,LVHA,0.04,28.0,32.0,1000,250,1.0,5.46,True,low,True,high,True,LVHA
sub-mit123_trial-07_window-016,sub-mit123,modeling_primary,7,sub-mit123_trial-07,16,7500,8500,data/processed/sub-mit123/trials/sub-mit123_trial-07_eeg.fif,pass,low,high,LVHA,0.04,30.0,34.0,1000,250,1.0,5.46,True,low,True,high,True,LVHA
sub-mit123_trial-07_window-017,sub-mit123,modeling_primary,7,sub-mit123_trial-07,17,8000,9000,data/processed/sub-mit123/trials/sub-mit123_trial-07_eeg.fif,pass,low,high,LVHA,0.04,32.0,36.0,1000,250,1.0,5.46,True,low,True,high,True,LVHA
sub-mit123_trial-07_window-020,sub-mit123,modeling_primary,7,sub-mit123_trial-07,20,9500,10500,data/processed/sub-mit123/trials/sub-mit123_trial-07_eeg.fif,pass,low,high,LVHA,0.04,38.0,42.0,1000,250,1.0,5.46,True,low,True,high,True,LVHA
sub-mit123_trial-07_window-023,sub-mit123,modeling_primary,7,sub-mit123_trial-07,23,11000,12000,data/processed/sub-mit123/trials/sub-mit123_trial-07_eeg.fif,pass,low,high,LVHA,0.04,44.0,48.0,1000,250,1.0,5.46,True,low,True,high,True,LVHA
sub-mit123_trial-07_window-024,sub-mit123,modeling_primary,7,sub-mit123_trial-07,24,11500,12500,data/processed/sub-mit123/trials/sub-mit123_trial-07_eeg.fif,pass,low,high,LVHA,0.04,46.0,50.0,1000,250,1.0,5.46,True,low,True,high,True,LVHA
sub-mit123_trial-07_window-025,sub-mit123,modeling_primary,7,sub-mit123_trial-07,25,12000,13000,data/processed/sub-mit123/trials/sub-mit123_trial-07_eeg.fif,pass,low,high,LVHA,0.04,48.0,52.0,1000,250,1.0,5.46,True,low,True,high,True,LVHA
sub-mit123_trial-07_window-026,sub-mit123,modeling_primary,7,sub-mit123_trial-07,26,12500,13500,data/processed/sub-mit123/trials/sub-mit123_trial-07_eeg.fif,pass,low,high,LVHA,0.04,50.0,54.0,1000,250,1.0,5.46,True,low,True,high,True,LVHA
sub-mit123_trial-07_window-027,sub-mit123,modeling_primary,7,sub-mit123_trial-07,27,13000,14000,data/processed/sub-mit123/trials/sub-mit123_trial-07_eeg.fif,pass,low,high,LVHA,0.04,52.0,56.0,1000,250,1.0,5.46,True,low,True,high,True,LVHA
sub-mit123_trial-07_window-028,sub-mit123,modeling_primary,7,sub-mit123_trial-07,28,13500,14500,data/processed/sub-mit123/trials/sub-mit123_trial-07_eeg.fif,pass,low,high,LVHA,0.04,54.0,58.0,1000,250,1.0,5.46,True,low,True,high,True,LVHA
sub-mit123_trial-07_window-029,sub-mit123,modeling_primary,7,sub-mit123_trial-07,29,14000,15000,data/processed/sub-mit123/trials/sub-mit123_trial-07_eeg.fif,pass,low,high,LVHA,0.04,56.0,60.0,1000,250,1.0,5.46,True,low,True,high,True,LVHA
sub-mit123_trial-08_window-001,sub-mit123,modeling_primary,8,sub-mit123_trial-08,1,0,1000,data/processed/sub-mit123/trials/sub-mit123_trial-08_eeg.fif,pass,low,high,LVHA,0.05,0.0,4.0,1000,250,1.08,6.95,True,low,True,high,True,LVHA
sub-mit123_trial-08_window-002,sub-mit123,modeling_primary,8,sub-mit123_trial-08,2,500,1500,data/processed/sub-mit123/trials/sub-mit123_trial-08_eeg.fif,pass,low,high,LVHA,0.05,2.0,6.0,1000,250,1.08,6.95,True,low,True,high,True,LVHA
sub-mit123_trial-08_window-003,sub-mit123,modeling_primary,8,sub-mit123_trial-08,3,1000,2000,data/processed/sub-mit123/trials/sub-mit123_trial-08_eeg.fif,pass,low,high,LVHA,0.05,4.0,8.0,1000,250,1.08,6.95,True,low,True,high,True,LVHA
sub-mit123_trial-08_window-004,sub-mit123,modeling_primary,8,sub-mit123_trial-08,4,1500,2500,data/processed/sub-mit123/trials/sub-mit123_trial-08_eeg.fif,pass,low,high,LVHA,0.05,6.0,10.0,1000,250,1.08,6.95,True,low,True,high,True,LVHA
sub-mit123_trial-08_window-005,sub-mit123,modeling_primary,8,sub-mit123_trial-08,5,2000,3000,data/processed/sub-mit123/trials/sub-mit123_trial-08_eeg.fif,pass,low,high,LVHA,0.05,8.0,12.0,1000,250,1.08,6.95,True,low,True,high,True,LVHA
sub-mit123_trial-08_window-009,sub-mit123,modeling_primary,8,sub-mit123_trial-08,9,4000,5000,data/processed/sub-mit123/trials/sub-mit123_trial-08_eeg.fif,pass,low,high,LVHA,0.05,16.0,20.0,1000,250,1.08,6.95,True,low,True,high,True,LVHA
sub-mit123_trial-08_window-010,sub-mit123,modeling_primary,8,sub-mit123_trial-08,10,4500,5500,data/processed/sub-mit123/trials/sub-mit123_trial-08_eeg.fif,pass,low,high,LVHA,0.05,18.0,22.0,1000,250,1.08,6.95,True,low,True,high,True,LVHA
sub-mit123_trial-08_window-011,sub-mit123,modeling_primary,8,sub-mit123_trial-08,11,5000,6000,data/processed/sub-mit123/trials/sub-mit123_trial-08_eeg.fif,pass,low,high,LVHA,0.05,20.0,24.0,1000,250,1.08,6.95,True,low,True,high,True,LVHA
sub-mit123_trial-08_window-012,sub-mit123,modeling_primary,8,sub-mit123_trial-08,12,5500,6500,data/processed/sub-mit123/trials/sub-mit123_trial-08_eeg.fif,pass,low,high,LVHA,0.05,22.0,26.0,1000,250,1.08,6.95,True,low,True,high,True,LVHA
sub-mit123_trial-08_window-013,sub-mit123,modeling_primary,8,sub-mit123_trial-08,13,6000,7000,data/processed/sub-mit123/trials/sub-mit123_trial-08_eeg.fif,pass,low,high,LVHA,0.05,24.0,28.0,1000,250,1.08,6.95,True,low,True,high,True,LVHA
sub-mit123_trial-08_window-014,sub-mit123,modeling_primary,8,sub-mit123_trial-08,14,6500,7500,data/processed/sub-mit123/trials/sub-mit123_trial-08_eeg.fif,pass,low,high,LVHA,0.05,26.0,30.0,1000,250,1.08,6.95,True,low,True,high,True,LVHA
sub-mit123_trial-08_window-015,sub-mit123,modeling_primary,8,sub-mit123_trial-08,15,7000,8000,data/processed/sub-mit123/trials/sub-mit123_trial-08_eeg.fif,pass,low,high,LVHA,0.05,28.0,32.0,1000,250,1.08,6.95,True,low,True,high,True,LVHA
sub-mit123_trial-08_window-016,sub-mit123,modeling_primary,8,sub-mit123_trial-08,16,7500,8500,data/processed/sub-mit123/trials/sub-mit123_trial-08_eeg.fif,pass,low,high,LVHA,0.05,30.0,34.0,1000,250,1.08,6.95,True,low,True,high,True,LVHA
sub-mit123_trial-08_window-017,sub-mit123,modeling_primary,8,sub-mit123_trial-08,17,8000,9000,data/processed/sub-mit123/trials/sub-mit123_trial-08_eeg.fif,pass,low,high,LVHA,0.05,32.0,36.0,1000,250,1.08,6.95,True,low,True,high,True,LVHA
sub-mit123_trial-08_window-018,sub-mit123,modeling_primary,8,sub-mit123_trial-08,18,8500,9500,data/processed/sub-mit123/trials/sub-mit123_trial-08_eeg.fif,pass,low,high,LVHA,0.05,34.0,38.0,1000,250,1.08,6.95,True,low,True,high,True,LVHA
sub-mit123_trial-08_window-019,sub-mit123,modeling_primary,8,sub-mit123_trial-08,19,9000,10000,data/processed/sub-mit123/trials/sub-mit123_trial-08_eeg.fif,pass,low,high,LVHA,0.05,36.0,40.0,1000,250,1.08,6.95,True,low,True,high,True,LVHA
sub-mit123_trial-08_window-020,sub-mit123,modeling_primary,8,sub-mit123_trial-08,20,9500,10500,data/processed/sub-mit123/trials/sub-mit123_trial-08_eeg.fif,pass,low,high,LVHA,0.05,38.0,42.0,1000,250,1.08,6.95,True,low,True,high,True,LVHA
sub-mit123_trial-08_window-023,sub-mit123,modeling_primary,8,sub-mit123_trial-08,23,11000,12000,data/processed/sub-mit123/trials/sub-mit123_trial-08_eeg.fif,pass,low,high,LVHA,0.05,44.0,48.0,1000,250,1.08,6.95,True,low,True,high,True,LVHA
sub-mit123_trial-08_window-027,sub-mit123,modeling_primary,8,sub-mit123_trial-08,27,13000,14000,data/processed/sub-mit123/trials/sub-mit123_trial-08_eeg.fif,pass,low,high,LVHA,0.05,52.0,56.0,1000,250,1.08,6.95,True,low,True,high,True,LVHA
sub-mit123_trial-08_window-029,sub-mit123,modeling_primary,8,sub-mit123_trial-08,29,14000,15000,data/processed/sub-mit123/trials/sub-mit123_trial-08_eeg.fif,pass,low,high,LVHA,0.05,56.0,60.0,1000,250,1.08,6.95,True,low,True,high,True,LVHA
sub-mit123_trial-09_window-001,sub-mit123,modeling_primary,9,sub-mit123_trial-09,1,0,1000,data/processed/sub-mit123/trials/sub-mit123_trial-09_eeg.fif,pass,low,high,LVHA,0.038461538461538464,0.0,4.0,1000,250,1.26,6.29,True,low,True,high,True,LVHA
sub-mit123_trial-09_window-002,sub-mit123,modeling_primary,9,sub-mit123_trial-09,2,500,1500,data/processed/sub-mit123/trials/sub-mit123_trial-09_eeg.fif,pass,low,high,LVHA,0.038461538461538464,2.0,6.0,1000,250,1.26,6.29,True,low,True,high,True,LVHA
sub-mit123_trial-09_window-003,sub-mit123,modeling_primary,9,sub-mit123_trial-09,3,1000,2000,data/processed/sub-mit123/trials/sub-mit123_trial-09_eeg.fif,pass,low,high,LVHA,0.038461538461538464,4.0,8.0,1000,250,1.26,6.29,True,low,True,high,True,LVHA
sub-mit123_trial-09_window-004,sub-mit123,modeling_primary,9,sub-mit123_trial-09,4,1500,2500,data/processed/sub-mit123/trials/sub-mit123_trial-09_eeg.fif,pass,low,high,LVHA,0.038461538461538464,6.0,10.0,1000,250,1.26,6.29,True,low,True,high,True,LVHA
sub-mit123_trial-09_window-005,sub-mit123,modeling_primary,9,sub-mit123_trial-09,5,2000,3000,data/processed/sub-mit123/trials/sub-mit123_trial-09_eeg.fif,pass,low,high,LVHA,0.038461538461538464,8.0,12.0,1000,250,1.26,6.29,True,low,True,high,True,LVHA
sub-mit123_trial-09_window-006,sub-mit123,modeling_primary,9,sub-mit123_trial-09,6,2500,3500,data/processed/sub-mit123/trials/sub-mit123_trial-09_eeg.fif,pass,low,high,LVHA,0.038461538461538464,10.0,14.0,1000,250,1.26,6.29,True,low,True,high,True,LVHA
sub-mit123_trial-09_window-007,sub-mit123,modeling_primary,9,sub-mit123_trial-09,7,3000,4000,data/processed/sub-mit123/trials/sub-mit123_trial-09_eeg.fif,pass,low,high,LVHA,0.038461538461538464,12.0,16.0,1000,250,1.26,6.29,True,low,True,high,True,LVHA
sub-mit123_trial-09_window-008,sub-mit123,modeling_primary,9,sub-mit123_trial-09,8,3500,4500,data/processed/sub-mit123/trials/sub-mit123_trial-09_eeg.fif,pass,low,high,LVHA,0.038461538461538464,14.0,18.0,1000,250,1.26,6.29,True,low,True,high,True,LVHA
sub-mit123_trial-09_window-011,sub-mit123,modeling_primary,9,sub-mit123_trial-09,11,5000,6000,data/processed/sub-mit123/trials/sub-mit123_trial-09_eeg.fif,pass,low,high,LVHA,0.038461538461538464,20.0,24.0,1000,250,1.26,6.29,True,low,True,high,True,LVHA
sub-mit123_trial-09_window-012,sub-mit123,modeling_primary,9,sub-mit123_trial-09,12,5500,6500,data/processed/sub-mit123/trials/sub-mit123_trial-09_eeg.fif,pass,low,high,LVHA,0.038461538461538464,22.0,26.0,1000,250,1.26,6.29,True,low,True,high,True,LVHA
sub-mit123_trial-09_window-013,sub-mit123,modeling_primary,9,sub-mit123_trial-09,13,6000,7000,data/processed/sub-mit123/trials/sub-mit123_trial-09_eeg.fif,pass,low,high,LVHA,0.038461538461538464,24.0,28.0,1000,250,1.26,6.29,True,low,True,high,True,LVHA
sub-mit123_trial-09_window-014,sub-mit123,modeling_primary,9,sub-mit123_trial-09,14,6500,7500,data/processed/sub-mit123/trials/sub-mit123_trial-09_eeg.fif,pass,low,high,LVHA,0.038461538461538464,26.0,30.0,1000,250,1.26,6.29,True,low,True,high,True,LVHA
sub-mit123_trial-09_window-015,sub-mit123,modeling_primary,9,sub-mit123_trial-09,15,7000,8000,data/processed/sub-mit123/trials/sub-mit123_trial-09_eeg.fif,pass,low,high,LVHA,0.038461538461538464,28.0,32.0,1000,250,1.26,6.29,True,low,True,high,True,LVHA
sub-mit123_trial-09_window-016,sub-mit123,modeling_primary,9,sub-mit123_trial-09,16,7500,8500,data/processed/sub-mit123/trials/sub-mit123_trial-09_eeg.fif,pass,low,high,LVHA,0.038461538461538464,30.0,34.0,1000,250,1.26,6.29,True,low,True,high,True,LVHA
sub-mit123_trial-09_window-017,sub-mit123,modeling_primary,9,sub-mit123_trial-09,17,8000,9000,data/processed/sub-mit123/trials/sub-mit123_trial-09_eeg.fif,pass,low,high,LVHA,0.038461538461538464,32.0,36.0,1000,250,1.26,6.29,True,low,True,high,True,LVHA
sub-mit123_trial-09_window-018,sub-mit123,modeling_primary,9,sub-mit123_trial-09,18,8500,9500,data/processed/sub-mit123/trials/sub-mit123_trial-09_eeg.fif,pass,low,high,LVHA,0.038461538461538464,34.0,38.0,1000,250,1.26,6.29,True,low,True,high,True,LVHA
sub-mit123_trial-09_window-019,sub-mit123,modeling_primary,9,sub-mit123_trial-09,19,9000,10000,data/processed/sub-mit123/trials/sub-mit123_trial-09_eeg.fif,pass,low,high,LVHA,0.038461538461538464,36.0,40.0,1000,250,1.26,6.29,True,low,True,high,True,LVHA
sub-mit123_trial-09_window-020,sub-mit123,modeling_primary,9,sub-mit123_trial-09,20,9500,10500,data/processed/sub-mit123/trials/sub-mit123_trial-09_eeg.fif,pass,low,high,LVHA,0.038461538461538464,38.0,42.0,1000,250,1.26,6.29,True,low,True,high,True,LVHA
sub-mit123_trial-09_window-021,sub-mit123,modeling_primary,9,sub-mit123_trial-09,21,10000,11000,data/processed/sub-mit123/trials/sub-mit123_trial-09_eeg.fif,pass,low,high,LVHA,0.038461538461538464,40.0,44.0,1000,250,1.26,6.29,True,low,True,high,True,LVHA
sub-mit123_trial-09_window-023,sub-mit123,modeling_primary,9,sub-mit123_trial-09,23,11000,12000,data/processed/sub-mit123/trials/sub-mit123_trial-09_eeg.fif,pass,low,high,LVHA,0.038461538461538464,44.0,48.0,1000,250,1.26,6.29,True,low,True,high,True,LVHA
sub-mit123_trial-09_window-024,sub-mit123,modeling_primary,9,sub-mit123_trial-09,24,11500,12500,data/processed/sub-mit123/trials/sub-mit123_trial-09_eeg.fif,pass,low,high,LVHA,0.038461538461538464,46.0,50.0,1000,250,1.26,6.29,True,low,True,high,True,LVHA
sub-mit123_trial-09_window-025,sub-mit123,modeling_primary,9,sub-mit123_trial-09,25,12000,13000,data/processed/sub-mit123/trials/sub-mit123_trial-09_eeg.fif,pass,low,high,LVHA,0.038461538461538464,48.0,52.0,1000,250,1.26,6.29,True,low,True,high,True,LVHA
sub-mit123_trial-09_window-026,sub-mit123,modeling_primary,9,sub-mit123_trial-09,26,12500,13500,data/processed/sub-mit123/trials/sub-mit123_trial-09_eeg.fif,pass,low,high,LVHA,0.038461538461538464,50.0,54.0,1000,250,1.26,6.29,True,low,True,high,True,LVHA
sub-mit123_trial-09_window-027,sub-mit123,modeling_primary,9,sub-mit123_trial-09,27,13000,14000,data/processed/sub-mit123/trials/sub-mit123_trial-09_eeg.fif,pass,low,high,LVHA,0.038461538461538464,52.0,56.0,1000,250,1.26,6.29,True,low,True,high,True,LVHA
sub-mit123_trial-09_window-028,sub-mit123,modeling_primary,9,sub-mit123_trial-09,28,13500,14500,data/processed/sub-mit123/trials/sub-mit123_trial-09_eeg.fif,pass,low,high,LVHA,0.038461538461538464,54.0,58.0,1000,250,1.26,6.29,True,low,True,high,True,LVHA
sub-mit123_trial-09_window-029,sub-mit123,modeling_primary,9,sub-mit123_trial-09,29,14000,15000,data/processed/sub-mit123/trials/sub-mit123_trial-09_eeg.fif,pass,low,high,LVHA,0.038461538461538464,56.0,60.0,1000,250,1.26,6.29,True,low,True,high,True,LVHA
sub-mit123_trial-10_window-001,sub-mit123,modeling_primary,10,sub-mit123_trial-10,1,0,1000,data/processed/sub-mit123/trials/sub-mit123_trial-10_eeg.fif,pass,low,low,LVLA,0.03571428571428571,0.0,4.0,1000,250,2.55,2.88,True,low,True,low,True,LVLA
sub-mit123_trial-10_window-002,sub-mit123,modeling_primary,10,sub-mit123_trial-10,2,500,1500,data/processed/sub-mit123/trials/sub-mit123_trial-10_eeg.fif,pass,low,low,LVLA,0.03571428571428571,2.0,6.0,1000,250,2.55,2.88,True,low,True,low,True,LVLA
sub-mit123_trial-10_window-003,sub-mit123,modeling_primary,10,sub-mit123_trial-10,3,1000,2000,data/processed/sub-mit123/trials/sub-mit123_trial-10_eeg.fif,pass,low,low,LVLA,0.03571428571428571,4.0,8.0,1000,250,2.55,2.88,True,low,True,low,True,LVLA
sub-mit123_trial-10_window-005,sub-mit123,modeling_primary,10,sub-mit123_trial-10,5,2000,3000,data/processed/sub-mit123/trials/sub-mit123_trial-10_eeg.fif,pass,low,low,LVLA,0.03571428571428571,8.0,12.0,1000,250,2.55,2.88,True,low,True,low,True,LVLA
sub-mit123_trial-10_window-006,sub-mit123,modeling_primary,10,sub-mit123_trial-10,6,2500,3500,data/processed/sub-mit123/trials/sub-mit123_trial-10_eeg.fif,pass,low,low,LVLA,0.03571428571428571,10.0,14.0,1000,250,2.55,2.88,True,low,True,low,True,LVLA
sub-mit123_trial-10_window-007,sub-mit123,modeling_primary,10,sub-mit123_trial-10,7,3000,4000,data/processed/sub-mit123/trials/sub-mit123_trial-10_eeg.fif,pass,low,low,LVLA,0.03571428571428571,12.0,16.0,1000,250,2.55,2.88,True,low,True,low,True,LVLA
sub-mit123_trial-10_window-008,sub-mit123,modeling_primary,10,sub-mit123_trial-10,8,3500,4500,data/processed/sub-mit123/trials/sub-mit123_trial-10_eeg.fif,pass,low,low,LVLA,0.03571428571428571,14.0,18.0,1000,250,2.55,2.88,True,low,True,low,True,LVLA
sub-mit123_trial-10_window-009,sub-mit123,modeling_primary,10,sub-mit123_trial-10,9,4000,5000,data/processed/sub-mit123/trials/sub-mit123_trial-10_eeg.fif,pass,low,low,LVLA,0.03571428571428571,16.0,20.0,1000,250,2.55,2.88,True,low,True,low,True,LVLA
sub-mit123_trial-10_window-010,sub-mit123,modeling_primary,10,sub-mit123_trial-10,10,4500,5500,data/processed/sub-mit123/trials/sub-mit123_trial-10_eeg.fif,pass,low,low,LVLA,0.03571428571428571,18.0,22.0,1000,250,2.55,2.88,True,low,True,low,True,LVLA
sub-mit123_trial-10_window-011,sub-mit123,modeling_primary,10,sub-mit123_trial-10,11,5000,6000,data/processed/sub-mit123/trials/sub-mit123_trial-10_eeg.fif,pass,low,low,LVLA,0.03571428571428571,20.0,24.0,1000,250,2.55,2.88,True,low,True,low,True,LVLA
sub-mit123_trial-10_window-012,sub-mit123,modeling_primary,10,sub-mit123_trial-10,12,5500,6500,data/processed/sub-mit123/trials/sub-mit123_trial-10_eeg.fif,pass,low,low,LVLA,0.03571428571428571,22.0,26.0,1000,250,2.55,2.88,True,low,True,low,True,LVLA
sub-mit123_trial-10_window-013,sub-mit123,modeling_primary,10,sub-mit123_trial-10,13,6000,7000,data/processed/sub-mit123/trials/sub-mit123_trial-10_eeg.fif,pass,low,low,LVLA,0.03571428571428571,24.0,28.0,1000,250,2.55,2.88,True,low,True,low,True,LVLA
sub-mit123_trial-10_window-014,sub-mit123,modeling_primary,10,sub-mit123_trial-10,14,6500,7500,data/processed/sub-mit123/trials/sub-mit123_trial-10_eeg.fif,pass,low,low,LVLA,0.03571428571428571,26.0,30.0,1000,250,2.55,2.88,True,low,True,low,True,LVLA
sub-mit123_trial-10_window-015,sub-mit123,modeling_primary,10,sub-mit123_trial-10,15,7000,8000,data/processed/sub-mit123/trials/sub-mit123_trial-10_eeg.fif,pass,low,low,LVLA,0.03571428571428571,28.0,32.0,1000,250,2.55,2.88,True,low,True,low,True,LVLA
sub-mit123_trial-10_window-016,sub-mit123,modeling_primary,10,sub-mit123_trial-10,16,7500,8500,data/processed/sub-mit123/trials/sub-mit123_trial-10_eeg.fif,pass,low,low,LVLA,0.03571428571428571,30.0,34.0,1000,250,2.55,2.88,True,low,True,low,True,LVLA
sub-mit123_trial-10_window-017,sub-mit123,modeling_primary,10,sub-mit123_trial-10,17,8000,9000,data/processed/sub-mit123/trials/sub-mit123_trial-10_eeg.fif,pass,low,low,LVLA,0.03571428571428571,32.0,36.0,1000,250,2.55,2.88,True,low,True,low,True,LVLA
sub-mit123_trial-10_window-018,sub-mit123,modeling_primary,10,sub-mit123_trial-10,18,8500,9500,data/processed/sub-mit123/trials/sub-mit123_trial-10_eeg.fif,pass,low,low,LVLA,0.03571428571428571,34.0,38.0,1000,250,2.55,2.88,True,low,True,low,True,LVLA
sub-mit123_trial-10_window-019,sub-mit123,modeling_primary,10,sub-mit123_trial-10,19,9000,10000,data/processed/sub-mit123/trials/sub-mit123_trial-10_eeg.fif,pass,low,low,LVLA,0.03571428571428571,36.0,40.0,1000,250,2.55,2.88,True,low,True,low,True,LVLA
sub-mit123_trial-10_window-020,sub-mit123,modeling_primary,10,sub-mit123_trial-10,20,9500,10500,data/processed/sub-mit123/trials/sub-mit123_trial-10_eeg.fif,pass,low,low,LVLA,0.03571428571428571,38.0,42.0,1000,250,2.55,2.88,True,low,True,low,True,LVLA
sub-mit123_trial-10_window-021,sub-mit123,modeling_primary,10,sub-mit123_trial-10,21,10000,11000,data/processed/sub-mit123/trials/sub-mit123_trial-10_eeg.fif,pass,low,low,LVLA,0.03571428571428571,40.0,44.0,1000,250,2.55,2.88,True,low,True,low,True,LVLA
sub-mit123_trial-10_window-022,sub-mit123,modeling_primary,10,sub-mit123_trial-10,22,10500,11500,data/processed/sub-mit123/trials/sub-mit123_trial-10_eeg.fif,pass,low,low,LVLA,0.03571428571428571,42.0,46.0,1000,250,2.55,2.88,True,low,True,low,True,LVLA
sub-mit123_trial-10_window-023,sub-mit123,modeling_primary,10,sub-mit123_trial-10,23,11000,12000,data/processed/sub-mit123/trials/sub-mit123_trial-10_eeg.fif,pass,low,low,LVLA,0.03571428571428571,44.0,48.0,1000,250,2.55,2.88,True,low,True,low,True,LVLA
sub-mit123_trial-10_window-024,sub-mit123,modeling_primary,10,sub-mit123_trial-10,24,11500,12500,data/processed/sub-mit123/trials/sub-mit123_trial-10_eeg.fif,pass,low,low,LVLA,0.03571428571428571,46.0,50.0,1000,250,2.55,2.88,True,low,True,low,True,LVLA
sub-mit123_trial-10_window-025,sub-mit123,modeling_primary,10,sub-mit123_trial-10,25,12000,13000,data/processed/sub-mit123/trials/sub-mit123_trial-10_eeg.fif,pass,low,low,LVLA,0.03571428571428571,48.0,52.0,1000,250,2.55,2.88,True,low,True,low,True,LVLA
sub-mit123_trial-10_window-026,sub-mit123,modeling_primary,10,sub-mit123_trial-10,26,12500,13500,data/processed/sub-mit123/trials/sub-mit123_trial-10_eeg.fif,pass,low,low,LVLA,0.03571428571428571,50.0,54.0,1000,250,2.55,2.88,True,low,True,low,True,LVLA
sub-mit123_trial-10_window-027,sub-mit123,modeling_primary,10,sub-mit123_trial-10,27,13000,14000,data/processed/sub-mit123/trials/sub-mit123_trial-10_eeg.fif,pass,low,low,LVLA,0.03571428571428571,52.0,56.0,1000,250,2.55,2.88,True,low,True,low,True,LVLA
sub-mit123_trial-10_window-028,sub-mit123,modeling_primary,10,sub-mit123_trial-10,28,13500,14500,data/processed/sub-mit123/trials/sub-mit123_trial-10_eeg.fif,pass,low,low,LVLA,0.03571428571428571,54.0,58.0,1000,250,2.55,2.88,True,low,True,low,True,LVLA
sub-mit123_trial-10_window-029,sub-mit123,modeling_primary,10,sub-mit123_trial-10,29,14000,15000,data/processed/sub-mit123/trials/sub-mit123_trial-10_eeg.fif,pass,low,low,LVLA,0.03571428571428571,56.0,60.0,1000,250,2.55,2.88,True,low,True,low,True,LVLA
sub-mit123_trial-11_window-001,sub-mit123,modeling_primary,11,sub-mit123_trial-11,1,0,1000,data/processed/sub-mit123/trials/sub-mit123_trial-11_eeg.fif,pass,low,low,LVLA,0.034482758620689655,0.0,4.0,1000,250,2.92,1.72,True,low,True,low,True,LVLA
sub-mit123_trial-11_window-002,sub-mit123,modeling_primary,11,sub-mit123_trial-11,2,500,1500,data/processed/sub-mit123/trials/sub-mit123_trial-11_eeg.fif,pass,low,low,LVLA,0.034482758620689655,2.0,6.0,1000,250,2.92,1.72,True,low,True,low,True,LVLA
sub-mit123_trial-11_window-003,sub-mit123,modeling_primary,11,sub-mit123_trial-11,3,1000,2000,data/processed/sub-mit123/trials/sub-mit123_trial-11_eeg.fif,pass,low,low,LVLA,0.034482758620689655,4.0,8.0,1000,250,2.92,1.72,True,low,True,low,True,LVLA
sub-mit123_trial-11_window-004,sub-mit123,modeling_primary,11,sub-mit123_trial-11,4,1500,2500,data/processed/sub-mit123/trials/sub-mit123_trial-11_eeg.fif,pass,low,low,LVLA,0.034482758620689655,6.0,10.0,1000,250,2.92,1.72,True,low,True,low,True,LVLA
sub-mit123_trial-11_window-005,sub-mit123,modeling_primary,11,sub-mit123_trial-11,5,2000,3000,data/processed/sub-mit123/trials/sub-mit123_trial-11_eeg.fif,pass,low,low,LVLA,0.034482758620689655,8.0,12.0,1000,250,2.92,1.72,True,low,True,low,True,LVLA
sub-mit123_trial-11_window-006,sub-mit123,modeling_primary,11,sub-mit123_trial-11,6,2500,3500,data/processed/sub-mit123/trials/sub-mit123_trial-11_eeg.fif,pass,low,low,LVLA,0.034482758620689655,10.0,14.0,1000,250,2.92,1.72,True,low,True,low,True,LVLA
sub-mit123_trial-11_window-007,sub-mit123,modeling_primary,11,sub-mit123_trial-11,7,3000,4000,data/processed/sub-mit123/trials/sub-mit123_trial-11_eeg.fif,pass,low,low,LVLA,0.034482758620689655,12.0,16.0,1000,250,2.92,1.72,True,low,True,low,True,LVLA
sub-mit123_trial-11_window-008,sub-mit123,modeling_primary,11,sub-mit123_trial-11,8,3500,4500,data/processed/sub-mit123/trials/sub-mit123_trial-11_eeg.fif,pass,low,low,LVLA,0.034482758620689655,14.0,18.0,1000,250,2.92,1.72,True,low,True,low,True,LVLA
sub-mit123_trial-11_window-009,sub-mit123,modeling_primary,11,sub-mit123_trial-11,9,4000,5000,data/processed/sub-mit123/trials/sub-mit123_trial-11_eeg.fif,pass,low,low,LVLA,0.034482758620689655,16.0,20.0,1000,250,2.92,1.72,True,low,True,low,True,LVLA
sub-mit123_trial-11_window-010,sub-mit123,modeling_primary,11,sub-mit123_trial-11,10,4500,5500,data/processed/sub-mit123/trials/sub-mit123_trial-11_eeg.fif,pass,low,low,LVLA,0.034482758620689655,18.0,22.0,1000,250,2.92,1.72,True,low,True,low,True,LVLA
sub-mit123_trial-11_window-011,sub-mit123,modeling_primary,11,sub-mit123_trial-11,11,5000,6000,data/processed/sub-mit123/trials/sub-mit123_trial-11_eeg.fif,pass,low,low,LVLA,0.034482758620689655,20.0,24.0,1000,250,2.92,1.72,True,low,True,low,True,LVLA
sub-mit123_trial-11_window-012,sub-mit123,modeling_primary,11,sub-mit123_trial-11,12,5500,6500,data/processed/sub-mit123/trials/sub-mit123_trial-11_eeg.fif,pass,low,low,LVLA,0.034482758620689655,22.0,26.0,1000,250,2.92,1.72,True,low,True,low,True,LVLA
sub-mit123_trial-11_window-013,sub-mit123,modeling_primary,11,sub-mit123_trial-11,13,6000,7000,data/processed/sub-mit123/trials/sub-mit123_trial-11_eeg.fif,pass,low,low,LVLA,0.034482758620689655,24.0,28.0,1000,250,2.92,1.72,True,low,True,low,True,LVLA
sub-mit123_trial-11_window-014,sub-mit123,modeling_primary,11,sub-mit123_trial-11,14,6500,7500,data/processed/sub-mit123/trials/sub-mit123_trial-11_eeg.fif,pass,low,low,LVLA,0.034482758620689655,26.0,30.0,1000,250,2.92,1.72,True,low,True,low,True,LVLA
sub-mit123_trial-11_window-015,sub-mit123,modeling_primary,11,sub-mit123_trial-11,15,7000,8000,data/processed/sub-mit123/trials/sub-mit123_trial-11_eeg.fif,pass,low,low,LVLA,0.034482758620689655,28.0,32.0,1000,250,2.92,1.72,True,low,True,low,True,LVLA
sub-mit123_trial-11_window-016,sub-mit123,modeling_primary,11,sub-mit123_trial-11,16,7500,8500,data/processed/sub-mit123/trials/sub-mit123_trial-11_eeg.fif,pass,low,low,LVLA,0.034482758620689655,30.0,34.0,1000,250,2.92,1.72,True,low,True,low,True,LVLA
sub-mit123_trial-11_window-017,sub-mit123,modeling_primary,11,sub-mit123_trial-11,17,8000,9000,data/processed/sub-mit123/trials/sub-mit123_trial-11_eeg.fif,pass,low,low,LVLA,0.034482758620689655,32.0,36.0,1000,250,2.92,1.72,True,low,True,low,True,LVLA
sub-mit123_trial-11_window-018,sub-mit123,modeling_primary,11,sub-mit123_trial-11,18,8500,9500,data/processed/sub-mit123/trials/sub-mit123_trial-11_eeg.fif,pass,low,low,LVLA,0.034482758620689655,34.0,38.0,1000,250,2.92,1.72,True,low,True,low,True,LVLA
sub-mit123_trial-11_window-019,sub-mit123,modeling_primary,11,sub-mit123_trial-11,19,9000,10000,data/processed/sub-mit123/trials/sub-mit123_trial-11_eeg.fif,pass,low,low,LVLA,0.034482758620689655,36.0,40.0,1000,250,2.92,1.72,True,low,True,low,True,LVLA
sub-mit123_trial-11_window-020,sub-mit123,modeling_primary,11,sub-mit123_trial-11,20,9500,10500,data/processed/sub-mit123/trials/sub-mit123_trial-11_eeg.fif,pass,low,low,LVLA,0.034482758620689655,38.0,42.0,1000,250,2.92,1.72,True,low,True,low,True,LVLA
sub-mit123_trial-11_window-021,sub-mit123,modeling_primary,11,sub-mit123_trial-11,21,10000,11000,data/processed/sub-mit123/trials/sub-mit123_trial-11_eeg.fif,pass,low,low,LVLA,0.034482758620689655,40.0,44.0,1000,250,2.92,1.72,True,low,True,low,True,LVLA
sub-mit123_trial-11_window-022,sub-mit123,modeling_primary,11,sub-mit123_trial-11,22,10500,11500,data/processed/sub-mit123/trials/sub-mit123_trial-11_eeg.fif,pass,low,low,LVLA,0.034482758620689655,42.0,46.0,1000,250,2.92,1.72,True,low,True,low,True,LVLA
sub-mit123_trial-11_window-023,sub-mit123,modeling_primary,11,sub-mit123_trial-11,23,11000,12000,data/processed/sub-mit123/trials/sub-mit123_trial-11_eeg.fif,pass,low,low,LVLA,0.034482758620689655,44.0,48.0,1000,250,2.92,1.72,True,low,True,low,True,LVLA
sub-mit123_trial-11_window-024,sub-mit123,modeling_primary,11,sub-mit123_trial-11,24,11500,12500,data/processed/sub-mit123/trials/sub-mit123_trial-11_eeg.fif,pass,low,low,LVLA,0.034482758620689655,46.0,50.0,1000,250,2.92,1.72,True,low,True,low,True,LVLA
sub-mit123_trial-11_window-025,sub-mit123,modeling_primary,11,sub-mit123_trial-11,25,12000,13000,data/processed/sub-mit123/trials/sub-mit123_trial-11_eeg.fif,pass,low,low,LVLA,0.034482758620689655,48.0,52.0,1000,250,2.92,1.72,True,low,True,low,True,LVLA
sub-mit123_trial-11_window-026,sub-mit123,modeling_primary,11,sub-mit123_trial-11,26,12500,13500,data/processed/sub-mit123/trials/sub-mit123_trial-11_eeg.fif,pass,low,low,LVLA,0.034482758620689655,50.0,54.0,1000,250,2.92,1.72,True,low,True,low,True,LVLA
sub-mit123_trial-11_window-027,sub-mit123,modeling_primary,11,sub-mit123_trial-11,27,13000,14000,data/processed/sub-mit123/trials/sub-mit123_trial-11_eeg.fif,pass,low,low,LVLA,0.034482758620689655,52.0,56.0,1000,250,2.92,1.72,True,low,True,low,True,LVLA
sub-mit123_trial-11_window-028,sub-mit123,modeling_primary,11,sub-mit123_trial-11,28,13500,14500,data/processed/sub-mit123/trials/sub-mit123_trial-11_eeg.fif,pass,low,low,LVLA,0.034482758620689655,54.0,58.0,1000,250,2.92,1.72,True,low,True,low,True,LVLA
sub-mit123_trial-11_window-029,sub-mit123,modeling_primary,11,sub-mit123_trial-11,29,14000,15000,data/processed/sub-mit123/trials/sub-mit123_trial-11_eeg.fif,pass,low,low,LVLA,0.034482758620689655,56.0,60.0,1000,250,2.92,1.72,True,low,True,low,True,LVLA
