protocol,task,partition,sample_id,subject,trial,split_group,label,valence
single_class_sensitivity,valence_binary_fixed5,refit,sub-mit003_trial-01_window-001,sub-mit003,1,sub-mit003_trial-01,high,8.97
single_class_sensitivity,valence_binary_fixed5,refit,sub-mit003_trial-01_window-002,sub-mit003,1,sub-mit003_trial-01,high,8.97
single_class_sensitivity,valence_binary_fixed5,refit,sub-mit003_trial-01_window-003,sub-mit003,1,sub-mit003_trial-01,high,8.97
single_class_sensitivity,valence_binary_fixed5,refit,sub-mit003_trial-01_window-004,sub-mit003,1,sub-mit003_trial-01,high,8.97
single_class_sensitivity,valence_binary_fixed5,refit,sub-mit003_trial-01_window-005,sub-mit003,1,sub-mit003_trial-01,high,8.97
single_class_sensitivity,valence_binary_fixed5,refit,sub-mit003_trial-01_window-006,sub-mit003,1,sub-mit003_trial-01,high,8.97
single_class_sensitivity,valence_binary_fixed5,refit,sub-mit003_trial-01_window-007,sub-mit003,1,sub-mit003_trial-01,high,8.97
single_class_sensitivity,valence_binary_fixed5,refit,sub-mit003_trial-01_window-008,sub-mit003,1,sub-mit003_trial-01,high,8.97
single_class_sensitivity,valence_binary_fixed5,refit,sub-mit003_trial-01_window-009,sub-mit003,1,sub-mit003_trial-01,high,8.97
single_class_sensitivity,valence_binary_fixed5,refit,sub-mit003_trial-01_window-010,sub-mit003,1,sub-mit003_trial-01,high,8.97
single_class_sensitivity,valence_binary_fixed5,refit,sub-mit003_trial-01_window-011,sub-mit003,1,sub-mit003_trial-01,high,8.97
single_class_sensitivity,valence_binary_fixed5,refit,sub-mit003_trial-01_window-012,sub-mit003,1,sub-mit003_trial-01,high,8.97
single_class_sensitivity,valence_binary_fixed5,refit,sub-mit003_trial-01_window-013,sub-mit003,1,sub-mit003_trial-01,high,8.97
single_class_sensitivity,valence_binary_fixed5,refit,sub-mit003_trial-01_window-014,sub-mit003,1,sub-mit003_trial-01,high,8.97
single_class_sensitivity,valence_binary_fixed5,refit,sub-mit003_trial-01_window-015,sub-mit003,1,sub-mit003_trial-01,high,8.97
single_class_sensitivity,valence_binary_fixed5,refit,sub-mit003_trial-01_window-016,sub-mit003,1,sub-mit003_trial-01,high,8.97
single_class_sensitivity,valence_binary_fixed5,refit,sub-mit003_trial-01_window-019,sub-mit003,1,sub-mit003_trial-01,high,8.97
single_class_sensitivity,valence_binary_fixed5,refit,sub-mit003_trial-01_window-020,sub-mit003,1,sub-mit003_trial-01,high,8.97
single_class_sensitivity,valence_binary_fixed5,refit,sub-mit003_trial-01_window-021,sub-mit003,1,sub-mit003_trial-01,high,8.97
single_class_sensitivity,valence_binary_fixed5,refit,sub-mit003_trial-01_window-022,sub-mit003,1,sub-mit003_trial-01,high,8.97
single_class_sensitivity,valence_binary_fixed5,refit,sub-mit003_trial-01_window-024,sub-mit003,1,sub-mit003_trial-01,high,8.97
single_class_sensitivity,valence_binary_fixed5,refit,sub-mit003_trial-01_window-025,sub-mit003,1,sub-mit003_trial-01,high,8.97
single_class_sensitivity,valence_binary_fixed5,refit,sub-mit003_trial-01_window-026,sub-mit003,1,sub-mit003_trial-01,high,8.97
single_class_sensitivity,valence_binary_fixed5,refit,sub-mit003_trial-01_window-027,sub-mit003,1,sub-mit003_trial-01,high,8.97
single_class_sensitivity,valence_binary_fixed5,refit,sub-mit003_trial-01_window-028,sub-mit003,1,sub-mit003_trial-01,high,8.97
single_class_sensitivity,valence_binary_fixed5,refit,sub-mit003_trial-01_window-029,sub-mit003,1,sub-mit003_trial-01,high,8.97
single_class_sensitivity,valence_binary_fixed5,refit,sub-mit003_trial-02_window-004,sub-mit003,2,sub-mit003_trial-02,high,9.0
single_class_sensitivity,valence_binary_fixed5,refit,sub-mit003_trial-02_window-005,sub-mit003,2,sub-mit003_trial-02,high,9.0
single_class_sensitivity,valence_binary_fixed5,refit,sub-mit003_trial-02_window-006,sub-mit003,2,sub-mit003_trial-02,high,9.0
single_class_sensitivity,valence_binary_fixed5,refit,sub-mit003_trial-02_window-007,sub-mit003,2,sub-mit003_trial-02,high,9.0
single_class_sensitivity,valence_binary_fixed5,refit,sub-mit003_trial-02_window-008,sub-mit003,2,sub-mit003_trial-02,high,9.0
single_class_sensitivity,valence_binary_fixed5,refit,sub-mit003_trial-02_window-009,sub-mit003,2,sub-mit003_trial-02,high,9.0
single_class_sensitivity,valence_binary_fixed5,refit,sub-mit003_trial-02_window-010,sub-mit003,2,sub-mit003_trial-02,high,9.0
single_class_sensitivity,valence_binary_fixed5,refit,sub-mit003_trial-02_window-011,sub-mit003,2,sub-mit003_trial-02,high,9.0
single_class_sensitivity,valence_binary_fixed5,refit,sub-mit003_trial-02_window-012,sub-mit003,2,sub-mit003_trial-02,high,9.0
single_class_sensitivity,valence_binary_fixed5,refit,sub-mit003_trial-02_window-013,sub-mit003,2,sub-mit003_trial-02,high,9.0
single_class_sensitivity,valence_binary_fixed5,refit,sub-mit003_trial-02_window-014,sub-mit003,2,sub-mit003_trial-02,high,9.0
single_class_sensitivity,valence_binary_fixed5,refit,sub-mit003_trial-02_window-015,sub-mit003,2,sub-mit003_trial-02,high,9.0
single_class_sensitivity,valence_binary_fixed5,refit,sub-mit003_trial-02_window-016,sub-mit003,2,sub-mit003_trial-02,high,9.0
single_class_sensitivity,valence_binary_fixed5,refit,sub-mit003_trial-02_window-017,sub-mit003,2,sub-mit003_trial-02,high,9.0
single_class_sensitivity,valence_binary_fixed5,refit,sub-mit003_trial-02_window-018,sub-mit003,2,sub-mit003_trial-02,high,9.0
single_class_sensitivity,valence_binary_fixed5,refit,sub-mit003_trial-02_window-019,sub-mit003,2,sub-mit003_trial-02,high,9.0
single_class_sensitivity,valence_binary_fixed5,refit,sub-mit003_trial-02_window-024,sub-mit003,2,sub-mit003_trial-02,high,9.0
single_class_sensitivity,valence_binary_fixed5,refit,sub-mit003_trial-02_window-025,sub-mit003,2,sub-mit003_trial-02,high,9.0
single_class_sensitivity,valence_binary_fixed5,refit,sub-mit003_trial-02_window-027,sub-mit003,2,sub-mit003_trial-02,high,9.0
single_class_sensitivity,valence_binary_fixed5,refit,sub-mit003_trial-02_window-028,sub-mit003,2,sub-mit003_trial-02,high,9.0
single_class_sensitivity,valence_binary_fixed5,refit,sub-mit003_trial-02_window-029,sub-mit003,2,sub-mit003_trial-02,high,9.0
single_class_sensitivity,valence_binary_fixed5,refit,sub-mit003_trial-03_window-001,sub-mit003,3,sub-mit003_trial-03,high,7.01
single_class_sensitivity,valence_binary_fixed5,refit,sub-mit003_trial-03_window-002,sub-mit003,3,sub-mit003_trial-03,high,7.01
single_class_sensitivity,valence_binary_fixed5,refit,sub-mit003_trial-03_window-003,sub-mit003,3,sub-mit003_trial-03,high,7.01
single_class_sensitivity,valence_binary_fixed5,refit,sub-mit003_trial-03_window-004,sub-mit003,3,sub-mit003_trial-03,high,7.01
single_class_sensitivity,valence_binary_fixed5,refit,sub-mit003_trial-03_window-005,sub-mit003,3,sub-mit003_trial-03,high,7.01
single_class_sensitivity,valence_binary_fixed5,refit,sub-mit003_trial-03_window-006,sub-mit003,3,sub-mit003_trial-03,high,7.01
single_class_sensitivity,valence_binary_fixed5,refit,sub-mit003_trial-03_window-007,sub-mit003,3,sub-mit003_trial-03,high,7.01
single_class_sensitivity,valence_binary_fixed5,refit,sub-mit003_trial-03_window-008,sub-mit003,3,sub-mit003_trial-03,high,7.01
single_class_sensitivity,valence_binary_fixed5,refit,sub-mit003_trial-03_window-012,sub-mit003,3,sub-mit003_trial-03,high,7.01
single_class_sensitivity,valence_binary_fixed5,refit,sub-mit003_trial-03_window-013,sub-mit003,3,sub-mit003_trial-03,high,7.01
single_class_sensitivity,valence_binary_fixed5,refit,sub-mit003_trial-03_window-015,sub-mit003,3,sub-mit003_trial-03,high,7.01
single_class_sensitivity,valence_binary_fixed5,refit,sub-mit003_trial-03_window-016,sub-mit003,3,sub-mit003_trial-03,high,7.01
single_class_sensitivity,valence_binary_fixed5,refit,sub-mit003_trial-03_window-019,sub-mit003,3,sub-mit003_trial-03,high,7.01
single_class_sensitivity,valence_binary_fixed5,refit,sub-mit003_trial-03_window-020,sub-mit003,3,sub-mit003_trial-03,high,7.01
single_class_sensitivity,valence_binary_fixed5,refit,sub-mit003_trial-03_window-024,sub-mit003,3,sub-mit003_trial-03,high,7.01
single_class_sensitivity,valence_binary_fixed5,refit,sub-mit003_trial-03_window-025,sub-mit003,3,sub-mit003_trial-03,high,7.01
single_class_sensitivity,valence_binary_fixed5,refit,sub-mit003_trial-03_window-026,sub-mit003,3,sub-mit003_trial-03,high,7.01
single_class_sensitivity,valence_binary_fixed5,refit,sub-mit003_trial-03_window-027,sub-mit003,3,sub-mit003_trial-03,high,7.01
single_class_sensitivity,valence_binary_fixed5,refit,sub-mit003_trial-03_window-028,sub-mit003,3,sub-mit003_trial-03,high,7.01
single_class_sensitivity,valence_binary_fixed5,refit,sub-mit003_trial-03_window-029,sub-mit003,3,sub-mit003_trial-03,high,7.01
single_class_sensitivity,valence_binary_fixed5,refit,sub-mit003_trial-04_window-002,sub-mit003,4,sub-mit003_trial-04,low,1.05
single_class_sensitivity,valence_binary_fixed5,refit,sub-mit003_trial-04_window-003,sub-mit003,4,sub-mit003_trial-04,low,1.05
single_class_sensitivity,valence_binary_fixed5,refit,sub-mit003_trial-04_window-004,sub-mit003,4,sub-mit003_trial-04,low,1.05
single_class_sensitivity,valence_binary_fixed5,refit,sub-mit003_trial-04_window-005,sub-mit003,4,sub-mit003_trial-04,low,1.05
single_class_sensitivity,valence_binary_fixed5,refit,sub-mit003_trial-04_window-006,sub-mit003,4,sub-mit003_trial-04,low,1.05
single_class_sensitivity,valence_binary_fixed5,refit,sub-mit003_trial-04_window-007,sub-mit003,4,sub-mit003_trial-04,low,1.05
single_class_sensitivity,valence_binary_fixed5,refit,sub-mit003_trial-04_window-008,sub-mit003,4,sub-mit003_trial-04,low,1.05
single_class_sensitivity,valence_binary_fixed5,refit,sub-mit003_trial-04_window-009,sub-mit003,4,sub-mit003_trial-04,low,1.05
single_class_sensitivity,valence_binary_fixed5,refit,sub-mit003_trial-04_window-010,sub-mit003,4,sub-mit003_trial-04,low,1.05
single_class_sensitivity,valence_binary_fixed5,refit,sub-mit003_trial-04_window-011,sub-mit003,4,sub-mit003_trial-04,low,1.05
single_class_sensitivity,valence_binary_fixed5,refit,sub-mit003_trial-04_window-012,sub-mit003,4,sub-mit003_trial-04,low,1.05
single_class_sensitivity,valence_binary_fixed5,refit,sub-mit003_trial-04_window-013,sub-mit003,4,sub-mit003_trial-04,low,1.05
single_class_sensitivity,valence_binary_fixed5,refit,sub-mit003_trial-04_window-014,sub-mit003,4,sub-mit003_trial-04,low,1.05
single_class_sensitivity,valence_binary_fixed5,refit,sub-mit003_trial-04_window-015,sub-mit003,4,sub-mit003_trial-04,low,1.05
single_class_sensitivity,valence_binary_fixed5,refit,sub-mit003_trial-04_window-016,sub-mit003,4,sub-mit003_trial-04,low,1.05
single_class_sensitivity,valence_binary_fixed5,refit,sub-mit003_trial-04_window-017,sub-mit003,4,sub-mit003_trial-04,low,1.05
single_class_sensitivity,valence_binary_fixed5,refit,sub-mit003_trial-04_window-018,sub-mit003,4,sub-mit003_trial-04,low,1.05
single_class_sensitivity,valence_binary_fixed5,refit,sub-mit003_trial-04_window-019,sub-mit003,4,sub-mit003_trial-04,low,1.05
single_class_sensitivity,valence_binary_fixed5,refit,sub-mit003_trial-04_window-021,sub-mit003,4,sub-mit003_trial-04,low,1.05
single_class_sensitivity,valence_binary_fixed5,refit,sub-mit003_trial-04_window-022,sub-mit003,4,sub-mit003_trial-04,low,1.05
single_class_sensitivity,valence_binary_fixed5,refit,sub-mit003_trial-04_window-023,sub-mit003,4,sub-mit003_trial-04,low,1.05
single_class_sensitivity,valence_binary_fixed5,refit,sub-mit003_trial-04_window-024,sub-mit003,4,sub-mit003_trial-04,low,1.05
single_class_sensitivity,valence_binary_fixed5,refit,sub-mit003_trial-04_window-025,sub-mit003,4,sub-mit003_trial-04,low,1.05
single_class_sensitivity,valence_binary_fixed5,refit,sub-mit003_trial-04_window-026,sub-mit003,4,sub-mit003_trial-04,low,1.05
single_class_sensitivity,valence_binary_fixed5,refit,sub-mit003_trial-04_window-027,sub-mit003,4,sub-mit003_trial-04,low,1.05
single_class_sensitivity,valence_binary_fixed5,refit,sub-mit003_trial-04_window-028,sub-mit003,4,sub-mit003_trial-04,low,1.05
single_class_sensitivity,valence_binary_fixed5,refit,sub-mit003_trial-05_window-002,sub-mit003,5,sub-mit003_trial-05,low,1.0
single_class_sensitivity,valence_binary_fixed5,refit,sub-mit003_trial-05_window-003,sub-mit003,5,sub-mit003_trial-05,low,1.0
single_class_sensitivity,valence_binary_fixed5,refit,sub-mit003_trial-05_window-004,sub-mit003,5,sub-mit003_trial-05,low,1.0
single_class_sensitivity,valence_binary_fixed5,refit,sub-mit003_trial-05_window-005,sub-mit003,5,sub-mit003_trial-05,low,1.0
single_class_sensitivity,valence_binary_fixed5,refit,sub-mit003_trial-05_window-006,sub-mit003,5,sub-mit003_trial-05,low,1.0
single_class_sensitivity,valence_binary_fixed5,refit,sub-mit003_trial-05_window-007,sub-mit003,5,sub-mit003_trial-05,low,1.0
single_class_sensitivity,valence_binary_fixed5,refit,sub-mit003_trial-05_window-008,sub-mit003,5,sub-mit003_trial-05,low,1.0
single_class_sensitivity,valence_binary_fixed5,refit,sub-mit003_trial-05_window-009,sub-mit003,5,sub-mit003_trial-05,low,1.0
single_class_sensitivity,valence_binary_fixed5,refit,sub-mit003_trial-05_window-010,sub-mit003,5,sub-mit003_trial-05,low,1.0
single_class_sensitivity,valence_binary_fixed5,refit,sub-mit003_trial-05_window-011,sub-mit003,5,sub-mit003_trial-05,low,1.0
single_class_sensitivity,valence_binary_fixed5,refit,sub-mit003_trial-05_window-012,sub-mit003,5,sub-mit003_trial-05,low,1.0
single_class_sensitivity,valence_binary_fixed5,refit,sub-mit003_trial-05_window-013,sub-mit003,5,sub-mit003_trial-05,low,1.0
single_class_sensitivity,valence_binary_fixed5,refit,sub-mit003_trial-05_window-014,sub-mit003,5,sub-mit003_trial-05,low,1.0
single_class_sensitivity,valence_binary_fixed5,refit,sub-mit003_trial-05_window-015,sub-mit003,5,sub-mit003_trial-05,low,1.0
single_class_sensitivity,valence_binary_fixed5,refit,sub-mit003_trial-05_window-016,sub-mit003,5,sub-mit003_trial-05,low,1.0
single_class_sensitivity,valence_binary_fixed5,refit,sub-mit003_trial-05_window-017,sub-mit003,5,sub-mit003_trial-05,low,1.0
single_class_sensitivity,valence_binary_fixed5,refit,sub-mit003_trial-05_window-018,sub-mit003,5,sub-mit003_trial-05,low,1.0
single_class_sensitivity,valence_binary_fixed5,refit,sub-mit003_trial-05_window-019,sub-mit003,5,sub-mit003_trial-05,low,1.0
single_class_sensitivity,valence_binary_fixed5,refit,sub-mit003_trial-05_window-020,sub-mit003,5,sub-mit003_trial-05,low,1.0
single_class_sensitivity,valence_binary_fixed5,refit,sub-mit003_trial-05_window-021,sub-mit003,5,sub-mit003_trial-05,low,1.0
single_class_sensitivity,valence_binary_fixed5,refit,sub-mit003_trial-05_window-022,sub-mit003,5,sub-mit003_trial-05,low,1.0
single_class_sensitivity,valence_binary_fixed5,refit,sub-mit003_trial-05_window-023,sub-mit003,5,sub-mit003_trial-05,low,1.0
single_class_sensitivity,valence_binary_fixed5,refit,sub-mit003_trial-05_window-024,sub-mit003,5,sub-mit003_trial-05,low,1.0
single_class_sensitivity,valence_binary_fixed5,refit,sub-mit003_trial-05_window-025,sub-mit003,5,sub-mit003_trial-05,low,1.0
single_class_sensitivity,valence_binary_fixed5,refit,sub-mit003_trial-05_window-026,sub-mit003,5,sub-mit003_trial-05,low,1.0
single_class_sensitivity,valence_binary_fixed5,refit,sub-mit003_trial-05_window-027,sub-mit003,5,sub-mit003_trial-05,low,1.0
single_class_sensitivity,valence_binary_fixed5,refit,sub-mit003_trial-05_window-029,sub-mit003,5,sub-mit003_trial-05,low,1.0
single_class_sensitivity,valence_binary_fixed5,refit,sub-mit003_trial-06_window-001,sub-mit003,6,sub-mit003_trial-06,low,4.42
single_class_sensitivity,valence_binary_fixed5,refit,sub-mit003_trial-06_window-002,sub-mit003,6,sub-mit003_trial-06,low,4.42
single_class_sensitivity,valence_binary_fixed5,refit,sub-mit003_trial-06_window-003,sub-mit003,6,sub-mit003_trial-06,low,4.42
single_class_sensitivity,valence_binary_fixed5,refit,sub-mit003_trial-06_window-004,sub-mit003,6,sub-mit003_trial-06,low,4.42
single_class_sensitivity,valence_binary_fixed5,refit,sub-mit003_trial-06_window-008,sub-mit003,6,sub-mit003_trial-06,low,4.42
single_class_sensitivity,valence_binary_fixed5,refit,sub-mit003_trial-06_window-009,sub-mit003,6,sub-mit003_trial-06,low,4.42
single_class_sensitivity,valence_binary_fixed5,refit,sub-mit003_trial-06_window-013,sub-mit003,6,sub-mit003_trial-06,low,4.42
single_class_sensitivity,valence_binary_fixed5,refit,sub-mit003_trial-06_window-018,sub-mit003,6,sub-mit003_trial-06,low,4.42
single_class_sensitivity,valence_binary_fixed5,refit,sub-mit003_trial-06_window-019,sub-mit003,6,sub-mit003_trial-06,low,4.42
single_class_sensitivity,valence_binary_fixed5,refit,sub-mit003_trial-06_window-020,sub-mit003,6,sub-mit003_trial-06,low,4.42
single_class_sensitivity,valence_binary_fixed5,refit,sub-mit003_trial-06_window-021,sub-mit003,6,sub-mit003_trial-06,low,4.42
single_class_sensitivity,valence_binary_fixed5,refit,sub-mit003_trial-06_window-022,sub-mit003,6,sub-mit003_trial-06,low,4.42
single_class_sensitivity,valence_binary_fixed5,refit,sub-mit003_trial-06_window-023,sub-mit003,6,sub-mit003_trial-06,low,4.42
single_class_sensitivity,valence_binary_fixed5,refit,sub-mit003_trial-06_window-026,sub-mit003,6,sub-mit003_trial-06,low,4.42
single_class_sensitivity,valence_binary_fixed5,refit,sub-mit003_trial-06_window-027,sub-mit003,6,sub-mit003_trial-06,low,4.42
single_class_sensitivity,valence_binary_fixed5,refit,sub-mit003_trial-06_window-028,sub-mit003,6,sub-mit003_trial-06,low,4.42
single_class_sensitivity,valence_binary_fixed5,refit,sub-mit003_trial-06_window-029,sub-mit003,6,sub-mit003_trial-06,low,4.42
single_class_sensitivity,valence_binary_fixed5,refit,sub-mit003_trial-07_window-001,sub-mit003,7,sub-mit003_trial-07,low,1.0
single_class_sensitivity,valence_binary_fixed5,refit,sub-mit003_trial-07_window-002,sub-mit003,7,sub-mit003_trial-07,low,1.0
single_class_sensitivity,valence_binary_fixed5,refit,sub-mit003_trial-07_window-006,sub-mit003,7,sub-mit003_trial-07,low,1.0
single_class_sensitivity,valence_binary_fixed5,refit,sub-mit003_trial-07_window-007,sub-mit003,7,sub-mit003_trial-07,low,1.0
single_class_sensitivity,valence_binary_fixed5,refit,sub-mit003_trial-07_window-008,sub-mit003,7,sub-mit003_trial-07,low,1.0
single_class_sensitivity,valence_binary_fixed5,refit,sub-mit003_trial-07_window-009,sub-mit003,7,sub-mit003_trial-07,low,1.0
single_class_sensitivity,valence_binary_fixed5,refit,sub-mit003_trial-07_window-010,sub-mit003,7,sub-mit003_trial-07,low,1.0
single_class_sensitivity,valence_binary_fixed5,refit,sub-mit003_trial-07_window-011,sub-mit003,7,sub-mit003_trial-07,low,1.0
single_class_sensitivity,valence_binary_fixed5,refit,sub-mit003_trial-07_window-012,sub-mit003,7,sub-mit003_trial-07,low,1.0
single_class_sensitivity,valence_binary_fixed5,refit,sub-mit003_trial-07_window-013,sub-mit003,7,sub-mit003_trial-07,low,1.0
single_class_sensitivity,valence_binary_fixed5,refit,sub-mit003_trial-07_window-014,sub-mit003,7,sub-mit003_trial-07,low,1.0
single_class_sensitivity,valence_binary_fixed5,refit,sub-mit003_trial-07_window-016,sub-mit003,7,sub-mit003_trial-07,low,1.0
single_class_sensitivity,valence_binary_fixed5,refit,sub-mit003_trial-07_window-017,sub-mit003,7,sub-mit003_trial-07,low,1.0
single_class_sensitivity,valence_binary_fixed5,refit,sub-mit003_trial-07_window-019,sub-mit003,7,sub-mit003_trial-07,low,1.0
single_class_sensitivity,valence_binary_fixed5,refit,sub-mit003_trial-07_window-020,sub-mit003,7,sub-mit003_trial-07,low,1.0
single_class_sensitivity,valence_binary_fixed5,refit,sub-mit003_trial-07_window-021,sub-mit003,7,sub-mit003_trial-07,low,1.0
single_class_sensitivity,valence_binary_fixed5,refit,sub-mit003_trial-07_window-024,sub-mit003,7,sub-mit003_trial-07,low,1.0
single_class_sensitivity,valence_binary_fixed5,refit,sub-mit003_trial-07_window-025,sub-mit003,7,sub-mit003_trial-07,low,1.0
single_class_sensitivity,valence_binary_fixed5,refit,sub-mit003_trial-07_window-026,sub-mit003,7,sub-mit003_trial-07,low,1.0
single_class_sensitivity,valence_binary_fixed5,refit,sub-mit003_trial-07_window-027,sub-mit003,7,sub-mit003_trial-07,low,1.0
single_class_sensitivity,valence_binary_fixed5,refit,sub-mit003_trial-07_window-028,sub-mit003,7,sub-mit003_trial-07,low,1.0
single_class_sensitivity,valence_binary_fixed5,refit,sub-mit003_trial-07_window-029,sub-mit003,7,sub-mit003_trial-07,low,1.0
single_class_sensitivity,valence_binary_fixed5,refit,sub-mit003_trial-08_window-001,sub-mit003,8,sub-mit003_trial-08,high,6.06
single_class_sensitivity,valence_binary_fixed5,refit,sub-mit003_trial-08_window-009,sub-mit003,8,sub-mit003_trial-08,high,6.06
single_class_sensitivity,valence_binary_fixed5,refit,sub-mit003_trial-08_window-010,sub-mit003,8,sub-mit003_trial-08,high,6.06
single_class_sensitivity,valence_binary_fixed5,refit,sub-mit003_trial-08_window-011,sub-mit003,8,sub-mit003_trial-08,high,6.06
single_class_sensitivity,valence_binary_fixed5,refit,sub-mit003_trial-08_window-012,sub-mit003,8,sub-mit003_trial-08,high,6.06
single_class_sensitivity,valence_binary_fixed5,refit,sub-mit003_trial-08_window-013,sub-mit003,8,sub-mit003_trial-08,high,6.06
single_class_sensitivity,valence_binary_fixed5,refit,sub-mit003_trial-08_window-014,sub-mit003,8,sub-mit003_trial-08,high,6.06
single_class_sensitivity,valence_binary_fixed5,refit,sub-mit003_trial-08_window-017,sub-mit003,8,sub-mit003_trial-08,high,6.06
single_class_sensitivity,valence_binary_fixed5,refit,sub-mit003_trial-08_window-018,sub-mit003,8,sub-mit003_trial-08,high,6.06
single_class_sensitivity,valence_binary_fixed5,refit,sub-mit003_trial-08_window-019,sub-mit003,8,sub-mit003_trial-08,high,6.06
single_class_sensitivity,valence_binary_fixed5,refit,sub-mit003_trial-08_window-020,sub-mit003,8,sub-mit003_trial-08,high,6.06
single_class_sensitivity,valence_binary_fixed5,refit,sub-mit003_trial-08_window-021,sub-mit003,8,sub-mit003_trial-08,high,6.06
single_class_sensitivity,valence_binary_fixed5,refit,sub-mit003_trial-08_window-022,sub-mit003,8,sub-mit003_trial-08,high,6.06
single_class_sensitivity,valence_binary_fixed5,refit,sub-mit003_trial-08_window-025,sub-mit003,8,sub-mit003_trial-08,high,6.06
single_class_sensitivity,valence_binary_fixed5,refit,sub-mit003_trial-08_window-026,sub-mit003,8,sub-mit003_trial-08,high,6.06
single_class_sensitivity,valence_binary_fixed5,refit,sub-mit003_trial-08_window-027,sub-mit003,8,sub-mit003_trial-08,high,6.06
single_class_sensitivity,valence_binary_fixed5,refit,sub-mit003_trial-08_window-028,sub-mit003,8,sub-mit003_trial-08,high,6.06
single_class_sensitivity,valence_binary_fixed5,refit,sub-mit003_trial-08_window-029,sub-mit003,8,sub-mit003_trial-08,high,6.06
single_class_sensitivity,valence_binary_fixed5,refit,sub-mit003_trial-09_window-001,sub-mit003,9,sub-mit003_trial-09,low,3.07
single_class_sensitivity,valence_binary_fixed5,refit,sub-mit003_trial-09_window-002,sub-mit003,9,sub-mit003_trial-09,low,3.07
single_class_sensitivity,valence_binary_fixed5,refit,sub-mit003_trial-09_window-008,sub-mit003,9,sub-mit003_trial-09,low,3.07
single_class_sensitivity,valence_binary_fixed5,refit,sub-mit003_trial-09_window-010,sub-mit003,9,sub-mit003_trial-09,low,3.07
single_class_sensitivity,valence_binary_fixed5,refit,sub-mit003_trial-09_window-014,sub-mit003,9,sub-mit003_trial-09,low,3.07
single_class_sensitivity,valence_binary_fixed5,refit,sub-mit003_trial-09_window-016,sub-mit003,9,sub-mit003_trial-09,low,3.07
single_class_sensitivity,valence_binary_fixed5,refit,sub-mit003_trial-09_window-017,sub-mit003,9,sub-mit003_trial-09,low,3.07
single_class_sensitivity,valence_binary_fixed5,refit,sub-mit003_trial-09_window-018,sub-mit003,9,sub-mit003_trial-09,low,3.07
single_class_sensitivity,valence_binary_fixed5,refit,sub-mit003_trial-09_window-019,sub-mit003,9,sub-mit003_trial-09,low,3.07
single_class_sensitivity,valence_binary_fixed5,refit,sub-mit003_trial-09_window-020,sub-mit003,9,sub-mit003_trial-09,low,3.07
single_class_sensitivity,valence_binary_fixed5,refit,sub-mit003_trial-09_window-021,sub-mit003,9,sub-mit003_trial-09,low,3.07
single_class_sensitivity,valence_binary_fixed5,refit,sub-mit003_trial-09_window-023,sub-mit003,9,sub-mit003_trial-09,low,3.07
single_class_sensitivity,valence_binary_fixed5,refit,sub-mit003_trial-09_window-024,sub-mit003,9,sub-mit003_trial-09,low,3.07
single_class_sensitivity,valence_binary_fixed5,refit,sub-mit003_trial-09_window-025,sub-mit003,9,sub-mit003_trial-09,low,3.07
single_class_sensitivity,valence_binary_fixed5,refit,sub-mit003_trial-09_window-026,sub-mit003,9,sub-mit003_trial-09,low,3.07
single_class_sensitivity,valence_binary_fixed5,refit,sub-mit003_trial-09_window-027,sub-mit003,9,sub-mit003_trial-09,low,3.07
single_class_sensitivity,valence_binary_fixed5,refit,sub-mit003_trial-09_window-028,sub-mit003,9,sub-mit003_trial-09,low,3.07
single_class_sensitivity,valence_binary_fixed5,refit,sub-mit003_trial-09_window-029,sub-mit003,9,sub-mit003_trial-09,low,3.07
single_class_sensitivity,valence_binary_fixed5,refit,sub-mit003_trial-10_window-001,sub-mit003,10,sub-mit003_trial-10,low,1.0
single_class_sensitivity,valence_binary_fixed5,refit,sub-mit003_trial-10_window-006,sub-mit003,10,sub-mit003_trial-10,low,1.0
single_class_sensitivity,valence_binary_fixed5,refit,sub-mit003_trial-10_window-008,sub-mit003,10,sub-mit003_trial-10,low,1.0
single_class_sensitivity,valence_binary_fixed5,refit,sub-mit003_trial-10_window-009,sub-mit003,10,sub-mit003_trial-10,low,1.0
single_class_sensitivity,valence_binary_fixed5,refit,sub-mit003_trial-10_window-010,sub-mit003,10,sub-mit003_trial-10,low,1.0
single_class_sensitivity,valence_binary_fixed5,refit,sub-mit003_trial-10_window-015,sub-mit003,10,sub-mit003_trial-10,low,1.0
single_class_sensitivity,valence_binary_fixed5,refit,sub-mit003_trial-10_window-016,sub-mit003,10,sub-mit003_trial-10,low,1.0
single_class_sensitivity,valence_binary_fixed5,refit,sub-mit003_trial-10_window-017,sub-mit003,10,sub-mit003_trial-10,low,1.0
single_class_sensitivity,valence_binary_fixed5,refit,sub-mit003_trial-10_window-018,sub-mit003,10,sub-mit003_trial-10,low,1.0
single_class_sensitivity,valence_binary_fixed5,refit,sub-mit003_trial-10_window-021,sub-mit003,10,sub-mit003_trial-10,low,1.0
single_class_sensitivity,valence_binary_fixed5,refit,sub-mit003_trial-10_window-022,sub-mit003,10,sub-mit003_trial-10,low,1.0
single_class_sensitivity,valence_binary_fixed5,refit,sub-mit003_trial-10_window-026,sub-mit003,10,sub-mit003_trial-10,low,1.0
single_class_sensitivity,valence_binary_fixed5,refit,sub-mit003_trial-10_window-027,sub-mit003,10,sub-mit003_trial-10,low,1.0
single_class_sensitivity,valence_binary_fixed5,refit,sub-mit003_trial-10_window-028,sub-mit003,10,sub-mit003_trial-10,low,1.0
single_class_sensitivity,valence_binary_fixed5,refit,sub-mit004_trial-01_window-002,sub-mit004,1,sub-mit004_trial-01,low,4.9
single_class_sensitivity,valence_binary_fixed5,refit,sub-mit004_trial-01_window-003,sub-mit004,1,sub-mit004_trial-01,low,4.9
single_class_sensitivity,valence_binary_fixed5,refit,sub-mit004_trial-01_window-009,sub-mit004,1,sub-mit004_trial-01,low,4.9
single_class_sensitivity,valence_binary_fixed5,refit,sub-mit004_trial-01_window-010,sub-mit004,1,sub-mit004_trial-01,low,4.9
single_class_sensitivity,valence_binary_fixed5,refit,sub-mit004_trial-01_window-011,sub-mit004,1,sub-mit004_trial-01,low,4.9
single_class_sensitivity,valence_binary_fixed5,refit,sub-mit004_trial-01_window-013,sub-mit004,1,sub-mit004_trial-01,low,4.9
single_class_sensitivity,valence_binary_fixed5,refit,sub-mit004_trial-01_window-017,sub-mit004,1,sub-mit004_trial-01,low,4.9
single_class_sensitivity,valence_binary_fixed5,refit,sub-mit004_trial-01_window-020,sub-mit004,1,sub-mit004_trial-01,low,4.9
single_class_sensitivity,valence_binary_fixed5,refit,sub-mit004_trial-01_window-023,sub-mit004,1,sub-mit004_trial-01,low,4.9
single_class_sensitivity,valence_binary_fixed5,refit,sub-mit004_trial-01_window-026,sub-mit004,1,sub-mit004_trial-01,low,4.9
single_class_sensitivity,valence_binary_fixed5,refit,sub-mit004_trial-01_window-027,sub-mit004,1,sub-mit004_trial-01,low,4.9
single_class_sensitivity,valence_binary_fixed5,refit,sub-mit004_trial-01_window-029,sub-mit004,1,sub-mit004_trial-01,low,4.9
single_class_sensitivity,valence_binary_fixed5,refit,sub-mit004_trial-03_window-002,sub-mit004,3,sub-mit004_trial-03,high,7.95
single_class_sensitivity,valence_binary_fixed5,refit,sub-mit004_trial-03_window-003,sub-mit004,3,sub-mit004_trial-03,high,7.95
single_class_sensitivity,valence_binary_fixed5,refit,sub-mit004_trial-03_window-004,sub-mit004,3,sub-mit004_trial-03,high,7.95
single_class_sensitivity,valence_binary_fixed5,refit,sub-mit004_trial-03_window-005,sub-mit004,3,sub-mit004_trial-03,high,7.95
single_class_sensitivity,valence_binary_fixed5,refit,sub-mit004_trial-03_window-006,sub-mit004,3,sub-mit004_trial-03,high,7.95
single_class_sensitivity,valence_binary_fixed5,refit,sub-mit004_trial-03_window-007,sub-mit004,3,sub-mit004_trial-03,high,7.95
single_class_sensitivity,valence_binary_fixed5,refit,sub-mit004_trial-03_window-008,sub-mit004,3,sub-mit004_trial-03,high,7.95
single_class_sensitivity,valence_binary_fixed5,refit,sub-mit004_trial-03_window-014,sub-mit004,3,sub-mit004_trial-03,high,7.95
single_class_sensitivity,valence_binary_fixed5,refit,sub-mit004_trial-03_window-015,sub-mit004,3,sub-mit004_trial-03,high,7.95
single_class_sensitivity,valence_binary_fixed5,refit,sub-mit004_trial-03_window-016,sub-mit004,3,sub-mit004_trial-03,high,7.95
single_class_sensitivity,valence_binary_fixed5,refit,sub-mit004_trial-03_window-020,sub-mit004,3,sub-mit004_trial-03,high,7.95
single_class_sensitivity,valence_binary_fixed5,refit,sub-mit004_trial-05_window-002,sub-mit004,5,sub-mit004_trial-05,low,2.07
single_class_sensitivity,valence_binary_fixed5,refit,sub-mit004_trial-05_window-013,sub-mit004,5,sub-mit004_trial-05,low,2.07
single_class_sensitivity,valence_binary_fixed5,refit,sub-mit004_trial-05_window-014,sub-mit004,5,sub-mit004_trial-05,low,2.07
single_class_sensitivity,valence_binary_fixed5,refit,sub-mit004_trial-05_window-015,sub-mit004,5,sub-mit004_trial-05,low,2.07
single_class_sensitivity,valence_binary_fixed5,refit,sub-mit004_trial-05_window-016,sub-mit004,5,sub-mit004_trial-05,low,2.07
single_class_sensitivity,valence_binary_fixed5,refit,sub-mit004_trial-05_window-025,sub-mit004,5,sub-mit004_trial-05,low,2.07
single_class_sensitivity,valence_binary_fixed5,refit,sub-mit004_trial-05_window-026,sub-mit004,5,sub-mit004_trial-05,low,2.07
single_class_sensitivity,valence_binary_fixed5,refit,sub-mit004_trial-05_window-027,sub-mit004,5,sub-mit004_trial-05,low,2.07
single_class_sensitivity,valence_binary_fixed5,refit,sub-mit004_trial-05_window-028,sub-mit004,5,sub-mit004_trial-05,low,2.07
single_class_sensitivity,valence_binary_fixed5,refit,sub-mit004_trial-07_window-002,sub-mit004,7,sub-mit004_trial-07,low,3.61
single_class_sensitivity,valence_binary_fixed5,refit,sub-mit004_trial-07_window-003,sub-mit004,7,sub-mit004_trial-07,low,3.61
single_class_sensitivity,valence_binary_fixed5,refit,sub-mit004_trial-07_window-004,sub-mit004,7,sub-mit004_trial-07,low,3.61
single_class_sensitivity,valence_binary_fixed5,refit,sub-mit004_trial-07_window-005,sub-mit004,7,sub-mit004_trial-07,low,3.61
single_class_sensitivity,valence_binary_fixed5,refit,sub-mit004_trial-07_window-006,sub-mit004,7,sub-mit004_trial-07,low,3.61
single_class_sensitivity,valence_binary_fixed5,refit,sub-mit004_trial-07_window-012,sub-mit004,7,sub-mit004_trial-07,low,3.61
single_class_sensitivity,valence_binary_fixed5,refit,sub-mit004_trial-07_window-018,sub-mit004,7,sub-mit004_trial-07,low,3.61
single_class_sensitivity,valence_binary_fixed5,refit,sub-mit004_trial-07_window-019,sub-mit004,7,sub-mit004_trial-07,low,3.61
single_class_sensitivity,valence_binary_fixed5,refit,sub-mit004_trial-07_window-020,sub-mit004,7,sub-mit004_trial-07,low,3.61
single_class_sensitivity,valence_binary_fixed5,refit,sub-mit004_trial-07_window-025,sub-mit004,7,sub-mit004_trial-07,low,3.61
single_class_sensitivity,valence_binary_fixed5,refit,sub-mit004_trial-07_window-026,sub-mit004,7,sub-mit004_trial-07,low,3.61
single_class_sensitivity,valence_binary_fixed5,refit,sub-mit004_trial-08_window-003,sub-mit004,8,sub-mit004_trial-08,high,8.97
single_class_sensitivity,valence_binary_fixed5,refit,sub-mit004_trial-08_window-004,sub-mit004,8,sub-mit004_trial-08,high,8.97
single_class_sensitivity,valence_binary_fixed5,refit,sub-mit004_trial-08_window-007,sub-mit004,8,sub-mit004_trial-08,high,8.97
single_class_sensitivity,valence_binary_fixed5,refit,sub-mit004_trial-08_window-008,sub-mit004,8,sub-mit004_trial-08,high,8.97
single_class_sensitivity,valence_binary_fixed5,refit,sub-mit004_trial-08_window-009,sub-mit004,8,sub-mit004_trial-08,high,8.97
single_class_sensitivity,valence_binary_fixed5,refit,sub-mit004_trial-08_window-014,sub-mit004,8,sub-mit004_trial-08,high,8.97
single_class_sensitivity,valence_binary_fixed5,refit,sub-mit004_trial-08_window-016,sub-mit004,8,sub-mit004_trial-08,high,8.97
single_class_sensitivity,valence_binary_fixed5,refit,sub-mit004_trial-08_window-017,sub-mit004,8,sub-mit004_trial-08,high,8.97
single_class_sensitivity,valence_binary_fixed5,refit,sub-mit004_trial-08_window-018,sub-mit004,8,sub-mit004_trial-08,high,8.97
single_class_sensitivity,valence_binary_fixed5,refit,sub-mit004_trial-08_window-019,sub-mit004,8,sub-mit004_trial-08,high,8.97
single_class_sensitivity,valence_binary_fixed5,refit,sub-mit004_trial-08_window-020,sub-mit004,8,sub-mit004_trial-08,high,8.97
single_class_sensitivity,valence_binary_fixed5,refit,sub-mit004_trial-08_window-028,sub-mit004,8,sub-mit004_trial-08,high,8.97
single_class_sensitivity,valence_binary_fixed5,refit,sub-mit004_trial-08_window-029,sub-mit004,8,sub-mit004_trial-08,high,8.97
single_class_sensitivity,valence_binary_fixed5,refit,sub-mit004_trial-10_window-002,sub-mit004,10,sub-mit004_trial-10,low,2.24
single_class_sensitivity,valence_binary_fixed5,refit,sub-mit004_trial-10_window-005,sub-mit004,10,sub-mit004_trial-10,low,2.24
single_class_sensitivity,valence_binary_fixed5,refit,sub-mit004_trial-10_window-010,sub-mit004,10,sub-mit004_trial-10,low,2.24
single_class_sensitivity,valence_binary_fixed5,refit,sub-mit004_trial-10_window-011,sub-mit004,10,sub-mit004_trial-10,low,2.24
single_class_sensitivity,valence_binary_fixed5,refit,sub-mit004_trial-10_window-016,sub-mit004,10,sub-mit004_trial-10,low,2.24
single_class_sensitivity,valence_binary_fixed5,refit,sub-mit004_trial-10_window-018,sub-mit004,10,sub-mit004_trial-10,low,2.24
single_class_sensitivity,valence_binary_fixed5,refit,sub-mit004_trial-10_window-020,sub-mit004,10,sub-mit004_trial-10,low,2.24
single_class_sensitivity,valence_binary_fixed5,refit,sub-mit004_trial-10_window-021,sub-mit004,10,sub-mit004_trial-10,low,2.24
single_class_sensitivity,valence_binary_fixed5,refit,sub-mit004_trial-10_window-023,sub-mit004,10,sub-mit004_trial-10,low,2.24
single_class_sensitivity,valence_binary_fixed5,refit,sub-mit004_trial-10_window-029,sub-mit004,10,sub-mit004_trial-10,low,2.24
single_class_sensitivity,valence_binary_fixed5,refit,sub-mit004_trial-11_window-001,sub-mit004,11,sub-mit004_trial-11,low,2.09
single_class_sensitivity,valence_binary_fixed5,refit,sub-mit004_trial-11_window-005,sub-mit004,11,sub-mit004_trial-11,low,2.09
single_class_sensitivity,valence_binary_fixed5,refit,sub-mit004_trial-11_window-006,sub-mit004,11,sub-mit004_trial-11,low,2.09
single_class_sensitivity,valence_binary_fixed5,refit,sub-mit004_trial-11_window-007,sub-mit004,11,sub-mit004_trial-11,low,2.09
single_class_sensitivity,valence_binary_fixed5,refit,sub-mit004_trial-11_window-008,sub-mit004,11,sub-mit004_trial-11,low,2.09
single_class_sensitivity,valence_binary_fixed5,refit,sub-mit004_trial-11_window-009,sub-mit004,11,sub-mit004_trial-11,low,2.09
single_class_sensitivity,valence_binary_fixed5,refit,sub-mit004_trial-11_window-010,sub-mit004,11,sub-mit004_trial-11,low,2.09
single_class_sensitivity,valence_binary_fixed5,refit,sub-mit004_trial-11_window-014,sub-mit004,11,sub-mit004_trial-11,low,2.09
single_class_sensitivity,valence_binary_fixed5,refit,sub-mit004_trial-11_window-015,sub-mit004,11,sub-mit004_trial-11,low,2.09
single_class_sensitivity,valence_binary_fixed5,refit,sub-mit004_trial-11_window-018,sub-mit004,11,sub-mit004_trial-11,low,2.09
single_class_sensitivity,valence_binary_fixed5,refit,sub-mit004_trial-11_window-019,sub-mit004,11,sub-mit004_trial-11,low,2.09
single_class_sensitivity,valence_binary_fixed5,refit,sub-mit004_trial-11_window-020,sub-mit004,11,sub-mit004_trial-11,low,2.09
single_class_sensitivity,valence_binary_fixed5,refit,sub-mit004_trial-11_window-021,sub-mit004,11,sub-mit004_trial-11,low,2.09
single_class_sensitivity,valence_binary_fixed5,refit,sub-mit004_trial-11_window-022,sub-mit004,11,sub-mit004_trial-11,low,2.09
single_class_sensitivity,valence_binary_fixed5,refit,sub-mit004_trial-11_window-023,sub-mit004,11,sub-mit004_trial-11,low,2.09
single_class_sensitivity,valence_binary_fixed5,refit,sub-mit004_trial-11_window-024,sub-mit004,11,sub-mit004_trial-11,low,2.09
single_class_sensitivity,valence_binary_fixed5,refit,sub-mit061_trial-01_window-001,sub-mit061,1,sub-mit061_trial-01,high,5.08
single_class_sensitivity,valence_binary_fixed5,refit,sub-mit061_trial-01_window-002,sub-mit061,1,sub-mit061_trial-01,high,5.08
single_class_sensitivity,valence_binary_fixed5,refit,sub-mit061_trial-01_window-003,sub-mit061,1,sub-mit061_trial-01,high,5.08
single_class_sensitivity,valence_binary_fixed5,refit,sub-mit061_trial-01_window-004,sub-mit061,1,sub-mit061_trial-01,high,5.08
single_class_sensitivity,valence_binary_fixed5,refit,sub-mit061_trial-01_window-005,sub-mit061,1,sub-mit061_trial-01,high,5.08
single_class_sensitivity,valence_binary_fixed5,refit,sub-mit061_trial-01_window-006,sub-mit061,1,sub-mit061_trial-01,high,5.08
single_class_sensitivity,valence_binary_fixed5,refit,sub-mit061_trial-01_window-011,sub-mit061,1,sub-mit061_trial-01,high,5.08
single_class_sensitivity,valence_binary_fixed5,refit,sub-mit061_trial-01_window-012,sub-mit061,1,sub-mit061_trial-01,high,5.08
single_class_sensitivity,valence_binary_fixed5,refit,sub-mit061_trial-01_window-013,sub-mit061,1,sub-mit061_trial-01,high,5.08
single_class_sensitivity,valence_binary_fixed5,refit,sub-mit061_trial-01_window-014,sub-mit061,1,sub-mit061_trial-01,high,5.08
single_class_sensitivity,valence_binary_fixed5,refit,sub-mit061_trial-01_window-015,sub-mit061,1,sub-mit061_trial-01,high,5.08
single_class_sensitivity,valence_binary_fixed5,refit,sub-mit061_trial-01_window-019,sub-mit061,1,sub-mit061_trial-01,high,5.08
single_class_sensitivity,valence_binary_fixed5,refit,sub-mit061_trial-01_window-020,sub-mit061,1,sub-mit061_trial-01,high,5.08
single_class_sensitivity,valence_binary_fixed5,refit,sub-mit061_trial-01_window-021,sub-mit061,1,sub-mit061_trial-01,high,5.08
single_class_sensitivity,valence_binary_fixed5,refit,sub-mit061_trial-01_window-022,sub-mit061,1,sub-mit061_trial-01,high,5.08
single_class_sensitivity,valence_binary_fixed5,refit,sub-mit061_trial-01_window-023,sub-mit061,1,sub-mit061_trial-01,high,5.08
single_class_sensitivity,valence_binary_fixed5,refit,sub-mit061_trial-01_window-024,sub-mit061,1,sub-mit061_trial-01,high,5.08
single_class_sensitivity,valence_binary_fixed5,refit,sub-mit061_trial-01_window-025,sub-mit061,1,sub-mit061_trial-01,high,5.08
single_class_sensitivity,valence_binary_fixed5,refit,sub-mit061_trial-01_window-028,sub-mit061,1,sub-mit061_trial-01,high,5.08
single_class_sensitivity,valence_binary_fixed5,refit,sub-mit061_trial-01_window-029,sub-mit061,1,sub-mit061_trial-01,high,5.08
single_class_sensitivity,valence_binary_fixed5,refit,sub-mit061_trial-02_window-001,sub-mit061,2,sub-mit061_trial-02,low,3.17
single_class_sensitivity,valence_binary_fixed5,refit,sub-mit061_trial-02_window-003,sub-mit061,2,sub-mit061_trial-02,low,3.17
single_class_sensitivity,valence_binary_fixed5,refit,sub-mit061_trial-02_window-005,sub-mit061,2,sub-mit061_trial-02,low,3.17
single_class_sensitivity,valence_binary_fixed5,refit,sub-mit061_trial-02_window-006,sub-mit061,2,sub-mit061_trial-02,low,3.17
single_class_sensitivity,valence_binary_fixed5,refit,sub-mit061_trial-02_window-007,sub-mit061,2,sub-mit061_trial-02,low,3.17
single_class_sensitivity,valence_binary_fixed5,refit,sub-mit061_trial-02_window-008,sub-mit061,2,sub-mit061_trial-02,low,3.17
single_class_sensitivity,valence_binary_fixed5,refit,sub-mit061_trial-02_window-009,sub-mit061,2,sub-mit061_trial-02,low,3.17
single_class_sensitivity,valence_binary_fixed5,refit,sub-mit061_trial-02_window-010,sub-mit061,2,sub-mit061_trial-02,low,3.17
single_class_sensitivity,valence_binary_fixed5,refit,sub-mit061_trial-02_window-011,sub-mit061,2,sub-mit061_trial-02,low,3.17
single_class_sensitivity,valence_binary_fixed5,refit,sub-mit061_trial-02_window-012,sub-mit061,2,sub-mit061_trial-02,low,3.17
single_class_sensitivity,valence_binary_fixed5,refit,sub-mit061_trial-02_window-013,sub-mit061,2,sub-mit061_trial-02,low,3.17
single_class_sensitivity,valence_binary_fixed5,refit,sub-mit061_trial-02_window-014,sub-mit061,2,sub-mit061_trial-02,low,3.17
single_class_sensitivity,valence_binary_fixed5,refit,sub-mit061_trial-02_window-015,sub-mit061,2,sub-mit061_trial-02,low,3.17
single_class_sensitivity,valence_binary_fixed5,refit,sub-mit061_trial-02_window-016,sub-mit061,2,sub-mit061_trial-02,low,3.17
single_class_sensitivity,valence_binary_fixed5,refit,sub-mit061_trial-02_window-017,sub-mit061,2,sub-mit061_trial-02,low,3.17
single_class_sensitivity,valence_binary_fixed5,refit,sub-mit061_trial-02_window-018,sub-mit061,2,sub-mit061_trial-02,low,3.17
single_class_sensitivity,valence_binary_fixed5,refit,sub-mit061_trial-02_window-019,sub-mit061,2,sub-mit061_trial-02,low,3.17
single_class_sensitivity,valence_binary_fixed5,refit,sub-mit061_trial-02_window-020,sub-mit061,2,sub-mit061_trial-02,low,3.17
single_class_sensitivity,valence_binary_fixed5,refit,sub-mit061_trial-02_window-021,sub-mit061,2,sub-mit061_trial-02,low,3.17
single_class_sensitivity,valence_binary_fixed5,refit,sub-mit061_trial-02_window-022,sub-mit061,2,sub-mit061_trial-02,low,3.17
single_class_sensitivity,valence_binary_fixed5,refit,sub-mit061_trial-02_window-023,sub-mit061,2,sub-mit061_trial-02,low,3.17
single_class_sensitivity,valence_binary_fixed5,refit,sub-mit061_trial-02_window-024,sub-mit061,2,sub-mit061_trial-02,low,3.17
single_class_sensitivity,valence_binary_fixed5,refit,sub-mit061_trial-02_window-025,sub-mit061,2,sub-mit061_trial-02,low,3.17
single_class_sensitivity,valence_binary_fixed5,refit,sub-mit061_trial-02_window-026,sub-mit061,2,sub-mit061_trial-02,low,3.17
single_class_sensitivity,valence_binary_fixed5,refit,sub-mit061_trial-02_window-027,sub-mit061,2,sub-mit061_trial-02,low,3.17
single_class_sensitivity,valence_binary_fixed5,refit,sub-mit061_trial-02_window-028,sub-mit061,2,sub-mit061_trial-02,low,3.17
single_class_sensitivity,valence_binary_fixed5,refit,sub-mit061_trial-02_window-029,sub-mit061,2,sub-mit061_trial-02,low,3.17
single_class_sensitivity,valence_binary_fixed5,refit,sub-mit061_trial-03_window-001,sub-mit061,3,sub-mit061_trial-03,high,6.95
single_class_sensitivity,valence_binary_fixed5,refit,sub-mit061_trial-03_window-002,sub-mit061,3,sub-mit061_trial-03,high,6.95
single_class_sensitivity,valence_binary_fixed5,refit,sub-mit061_trial-03_window-003,sub-mit061,3,sub-mit061_trial-03,high,6.95
single_class_sensitivity,valence_binary_fixed5,refit,sub-mit061_trial-03_window-004,sub-mit061,3,sub-mit061_trial-03,high,6.95
single_class_sensitivity,valence_binary_fixed5,refit,sub-mit061_trial-03_window-009,sub-mit061,3,sub-mit061_trial-03,high,6.95
single_class_sensitivity,valence_binary_fixed5,refit,sub-mit061_trial-03_window-010,sub-mit061,3,sub-mit061_trial-03,high,6.95
single_class_sensitivity,valence_binary_fixed5,refit,sub-mit061_trial-03_window-011,sub-mit061,3,sub-mit061_trial-03,high,6.95
single_class_sensitivity,valence_binary_fixed5,refit,sub-mit061_trial-03_window-012,sub-mit061,3,sub-mit061_trial-03,high,6.95
single_class_sensitivity,valence_binary_fixed5,refit,sub-mit061_trial-03_window-013,sub-mit061,3,sub-mit061_trial-03,high,6.95
single_class_sensitivity,valence_binary_fixed5,refit,sub-mit061_trial-03_window-019,sub-mit061,3,sub-mit061_trial-03,high,6.95
single_class_sensitivity,valence_binary_fixed5,refit,sub-mit061_trial-03_window-020,sub-mit061,3,sub-mit061_trial-03,high,6.95
single_class_sensitivity,valence_binary_fixed5,refit,sub-mit061_trial-03_window-021,sub-mit061,3,sub-mit061_trial-03,high,6.95
single_class_sensitivity,valence_binary_fixed5,refit,sub-mit061_trial-03_window-022,sub-mit061,3,sub-mit061_trial-03,high,6.95
single_class_sensitivity,valence_binary_fixed5,refit,sub-mit061_trial-03_window-023,sub-mit061,3,sub-mit061_trial-03,high,6.95
single_class_sensitivity,valence_binary_fixed5,refit,sub-mit061_trial-03_window-024,sub-mit061,3,sub-mit061_trial-03,high,6.95
single_class_sensitivity,valence_binary_fixed5,refit,sub-mit061_trial-03_window-025,sub-mit061,3,sub-mit061_trial-03,high,6.95
single_class_sensitivity,valence_binary_fixed5,refit,sub-mit061_trial-03_window-026,sub-mit061,3,sub-mit061_trial-03,high,6.95
single_class_sensitivity,valence_binary_fixed5,refit,sub-mit061_trial-03_window-027,sub-mit061,3,sub-mit061_trial-03,high,6.95
single_class_sensitivity,valence_binary_fixed5,refit,sub-mit061_trial-03_window-028,sub-mit061,3,sub-mit061_trial-03,high,6.95
single_class_sensitivity,valence_binary_fixed5,refit,sub-mit061_trial-03_window-029,sub-mit061,3,sub-mit061_trial-03,high,6.95
single_class_sensitivity,valence_binary_fixed5,refit,sub-mit061_trial-04_window-001,sub-mit061,4,sub-mit061_trial-04,high,7.01
single_class_sensitivity,valence_binary_fixed5,refit,sub-mit061_trial-04_window-002,sub-mit061,4,sub-mit061_trial-04,high,7.01
single_class_sensitivity,valence_binary_fixed5,refit,sub-mit061_trial-04_window-003,sub-mit061,4,sub-mit061_trial-04,high,7.01
single_class_sensitivity,valence_binary_fixed5,refit,sub-mit061_trial-04_window-004,sub-mit061,4,sub-mit061_trial-04,high,7.01
single_class_sensitivity,valence_binary_fixed5,refit,sub-mit061_trial-04_window-008,sub-mit061,4,sub-mit061_trial-04,high,7.01
single_class_sensitivity,valence_binary_fixed5,refit,sub-mit061_trial-04_window-009,sub-mit061,4,sub-mit061_trial-04,high,7.01
single_class_sensitivity,valence_binary_fixed5,refit,sub-mit061_trial-04_window-010,sub-mit061,4,sub-mit061_trial-04,high,7.01
single_class_sensitivity,valence_binary_fixed5,refit,sub-mit061_trial-04_window-012,sub-mit061,4,sub-mit061_trial-04,high,7.01
single_class_sensitivity,valence_binary_fixed5,refit,sub-mit061_trial-04_window-013,sub-mit061,4,sub-mit061_trial-04,high,7.01
single_class_sensitivity,valence_binary_fixed5,refit,sub-mit061_trial-04_window-014,sub-mit061,4,sub-mit061_trial-04,high,7.01
single_class_sensitivity,valence_binary_fixed5,refit,sub-mit061_trial-04_window-015,sub-mit061,4,sub-mit061_trial-04,high,7.01
single_class_sensitivity,valence_binary_fixed5,refit,sub-mit061_trial-04_window-016,sub-mit061,4,sub-mit061_trial-04,high,7.01
single_class_sensitivity,valence_binary_fixed5,refit,sub-mit061_trial-04_window-017,sub-mit061,4,sub-mit061_trial-04,high,7.01
single_class_sensitivity,valence_binary_fixed5,refit,sub-mit061_trial-04_window-018,sub-mit061,4,sub-mit061_trial-04,high,7.01
single_class_sensitivity,valence_binary_fixed5,refit,sub-mit061_trial-04_window-019,sub-mit061,4,sub-mit061_trial-04,high,7.01
single_class_sensitivity,valence_binary_fixed5,refit,sub-mit061_trial-04_window-020,sub-mit061,4,sub-mit061_trial-04,high,7.01
single_class_sensitivity,valence_binary_fixed5,refit,sub-mit061_trial-04_window-021,sub-mit061,4,sub-mit061_trial-04,high,7.01
single_class_sensitivity,valence_binary_fixed5,refit,sub-mit061_trial-04_window-022,sub-mit061,4,sub-mit061_trial-04,high,7.01
single_class_sensitivity,valence_binary_fixed5,refit,sub-mit061_trial-04_window-023,sub-mit061,4,sub-mit061_trial-04,high,7.01
single_class_sensitivity,valence_binary_fixed5,refit,sub-mit061_trial-04_window-024,sub-mit061,4,sub-mit061_trial-04,high,7.01
single_class_sensitivity,valence_binary_fixed5,refit,sub-mit061_trial-04_window-025,sub-mit061,4,sub-mit061_trial-04,high,7.01
single_class_sensitivity,valence_binary_fixed5,refit,sub-mit061_trial-04_window-026,sub-mit061,4,sub-mit061_trial-04,high,7.01
single_class_sensitivity,valence_binary_fixed5,refit,sub-mit061_trial-04_window-029,sub-mit061,4,sub-mit061_trial-04,high,7.01
single_class_sensitivity,valence_binary_fixed5,refit,sub-mit061_trial-05_window-009,sub-mit061,5,sub-mit061_trial-05,high,6.95
single_class_sensitivity,valence_binary_fixed5,refit,sub-mit061_trial-05_window-012,sub-mit061,5,sub-mit061_trial-05,high,6.95
single_class_sensitivity,valence_binary_fixed5,refit,sub-mit061_trial-05_window-017,sub-mit061,5,sub-mit061_trial-05,high,6.95
single_class_sensitivity,valence_binary_fixed5,refit,sub-mit061_trial-05_window-018,sub-mit061,5,sub-mit061_trial-05,high,6.95
single_class_sensitivity,valence_binary_fixed5,refit,sub-mit061_trial-05_window-019,sub-mit061,5,sub-mit061_trial-05,high,6.95
single_class_sensitivity,valence_binary_fixed5,refit,sub-mit061_trial-05_window-020,sub-mit061,5,sub-mit061_trial-05,high,6.95
single_class_sensitivity,valence_binary_fixed5,refit,sub-mit061_trial-05_window-021,sub-mit061,5,sub-mit061_trial-05,high,6.95
single_class_sensitivity,valence_binary_fixed5,refit,sub-mit061_trial-05_window-022,sub-mit061,5,sub-mit061_trial-05,high,6.95
single_class_sensitivity,valence_binary_fixed5,refit,sub-mit061_trial-05_window-023,sub-mit061,5,sub-mit061_trial-05,high,6.95
single_class_sensitivity,valence_binary_fixed5,refit,sub-mit061_trial-05_window-024,sub-mit061,5,sub-mit061_trial-05,high,6.95
single_class_sensitivity,valence_binary_fixed5,refit,sub-mit061_trial-05_window-025,sub-mit061,5,sub-mit061_trial-05,high,6.95
single_class_sensitivity,valence_binary_fixed5,refit,sub-mit061_trial-05_window-026,sub-mit061,5,sub-mit061_trial-05,high,6.95
single_class_sensitivity,valence_binary_fixed5,refit,sub-mit061_trial-05_window-027,sub-mit061,5,sub-mit061_trial-05,high,6.95
single_class_sensitivity,valence_binary_fixed5,refit,sub-mit061_trial-05_window-028,sub-mit061,5,sub-mit061_trial-05,high,6.95
single_class_sensitivity,valence_binary_fixed5,refit,sub-mit061_trial-05_window-029,sub-mit061,5,sub-mit061_trial-05,high,6.95
single_class_sensitivity,valence_binary_fixed5,refit,sub-mit061_trial-06_window-001,sub-mit061,6,sub-mit061_trial-06,high,7.1
single_class_sensitivity,valence_binary_fixed5,refit,sub-mit061_trial-06_window-002,sub-mit061,6,sub-mit061_trial-06,high,7.1
single_class_sensitivity,valence_binary_fixed5,refit,sub-mit061_trial-06_window-003,sub-mit061,6,sub-mit061_trial-06,high,7.1
single_class_sensitivity,valence_binary_fixed5,refit,sub-mit061_trial-06_window-005,sub-mit061,6,sub-mit061_trial-06,high,7.1
single_class_sensitivity,valence_binary_fixed5,refit,sub-mit061_trial-06_window-006,sub-mit061,6,sub-mit061_trial-06,high,7.1
single_class_sensitivity,valence_binary_fixed5,refit,sub-mit061_trial-06_window-007,sub-mit061,6,sub-mit061_trial-06,high,7.1
single_class_sensitivity,valence_binary_fixed5,refit,sub-mit061_trial-06_window-008,sub-mit061,6,sub-mit061_trial-06,high,7.1
single_class_sensitivity,valence_binary_fixed5,refit,sub-mit061_trial-06_window-009,sub-mit061,6,sub-mit061_trial-06,high,7.1
single_class_sensitivity,valence_binary_fixed5,refit,sub-mit061_trial-06_window-010,sub-mit061,6,sub-mit061_trial-06,high,7.1
single_class_sensitivity,valence_binary_fixed5,refit,sub-mit061_trial-06_window-011,sub-mit061,6,sub-mit061_trial-06,high,7.1
single_class_sensitivity,valence_binary_fixed5,refit,sub-mit061_trial-06_window-012,sub-mit061,6,sub-mit061_trial-06,high,7.1
single_class_sensitivity,valence_binary_fixed5,refit,sub-mit061_trial-06_window-013,sub-mit061,6,sub-mit061_trial-06,high,7.1
single_class_sensitivity,valence_binary_fixed5,refit,sub-mit061_trial-06_window-014,sub-mit061,6,sub-mit061_trial-06,high,7.1
single_class_sensitivity,valence_binary_fixed5,refit,sub-mit061_trial-06_window-015,sub-mit061,6,sub-mit061_trial-06,high,7.1
single_class_sensitivity,valence_binary_fixed5,refit,sub-mit061_trial-06_window-016,sub-mit061,6,sub-mit061_trial-06,high,7.1
single_class_sensitivity,valence_binary_fixed5,refit,sub-mit061_trial-06_window-017,sub-mit061,6,sub-mit061_trial-06,high,7.1
single_class_sensitivity,valence_binary_fixed5,refit,sub-mit061_trial-06_window-023,sub-mit061,6,sub-mit061_trial-06,high,7.1
single_class_sensitivity,valence_binary_fixed5,refit,sub-mit061_trial-06_window-026,sub-mit061,6,sub-mit061_trial-06,high,7.1
single_class_sensitivity,valence_binary_fixed5,refit,sub-mit061_trial-08_window-001,sub-mit061,8,sub-mit061_trial-08,high,9.0
single_class_sensitivity,valence_binary_fixed5,refit,sub-mit061_trial-08_window-002,sub-mit061,8,sub-mit061_trial-08,high,9.0
single_class_sensitivity,valence_binary_fixed5,refit,sub-mit061_trial-08_window-010,sub-mit061,8,sub-mit061_trial-08,high,9.0
single_class_sensitivity,valence_binary_fixed5,refit,sub-mit061_trial-08_window-011,sub-mit061,8,sub-mit061_trial-08,high,9.0
single_class_sensitivity,valence_binary_fixed5,refit,sub-mit061_trial-08_window-012,sub-mit061,8,sub-mit061_trial-08,high,9.0
single_class_sensitivity,valence_binary_fixed5,refit,sub-mit061_trial-08_window-013,sub-mit061,8,sub-mit061_trial-08,high,9.0
single_class_sensitivity,valence_binary_fixed5,refit,sub-mit061_trial-08_window-014,sub-mit061,8,sub-mit061_trial-08,high,9.0
single_class_sensitivity,valence_binary_fixed5,refit,sub-mit061_trial-08_window-015,sub-mit061,8,sub-mit061_trial-08,high,9.0
single_class_sensitivity,valence_binary_fixed5,refit,sub-mit061_trial-08_window-016,sub-mit061,8,sub-mit061_trial-08,high,9.0
single_class_sensitivity,valence_binary_fixed5,refit,sub-mit061_trial-08_window-017,sub-mit061,8,sub-mit061_trial-08,high,9.0
single_class_sensitivity,valence_binary_fixed5,refit,sub-mit061_trial-08_window-018,sub-mit061,8,sub-mit061_trial-08,high,9.0
single_class_sensitivity,valence_binary_fixed5,refit,sub-mit061_trial-08_window-019,sub-mit061,8,sub-mit061_trial-08,high,9.0
single_class_sensitivity,valence_binary_fixed5,refit,sub-mit061_trial-08_window-020,sub-mit061,8,sub-mit061_trial-08,high,9.0
single_class_sensitivity,valence_binary_fixed5,refit,sub-mit061_trial-08_window-023,sub-mit061,8,sub-mit061_trial-08,high,9.0
single_class_sensitivity,valence_binary_fixed5,refit,sub-mit061_trial-08_window-026,sub-mit061,8,sub-mit061_trial-08,high,9.0
single_class_sensitivity,valence_binary_fixed5,refit,sub-mit061_trial-08_window-029,sub-mit061,8,sub-mit061_trial-08,high,9.0
single_class_sensitivity,valence_binary_fixed5,refit,sub-mit061_trial-09_window-001,sub-mit061,9,sub-mit061_trial-09,high,5.04
single_class_sensitivity,valence_binary_fixed5,refit,sub-mit061_trial-09_window-002,sub-mit061,9,sub-mit061_trial-09,high,5.04
single_class_sensitivity,valence_binary_fixed5,refit,sub-mit061_trial-09_window-003,sub-mit061,9,sub-mit061_trial-09,high,5.04
single_class_sensitivity,valence_binary_fixed5,refit,sub-mit061_trial-09_window-004,sub-mit061,9,sub-mit061_trial-09,high,5.04
single_class_sensitivity,valence_binary_fixed5,refit,sub-mit061_trial-09_window-008,sub-mit061,9,sub-mit061_trial-09,high,5.04
single_class_sensitivity,valence_binary_fixed5,refit,sub-mit061_trial-09_window-011,sub-mit061,9,sub-mit061_trial-09,high,5.04
single_class_sensitivity,valence_binary_fixed5,refit,sub-mit061_trial-09_window-012,sub-mit061,9,sub-mit061_trial-09,high,5.04
single_class_sensitivity,valence_binary_fixed5,refit,sub-mit061_trial-09_window-013,sub-mit061,9,sub-mit061_trial-09,high,5.04
single_class_sensitivity,valence_binary_fixed5,refit,sub-mit061_trial-09_window-017,sub-mit061,9,sub-mit061_trial-09,high,5.04
single_class_sensitivity,valence_binary_fixed5,refit,sub-mit061_trial-09_window-021,sub-mit061,9,sub-mit061_trial-09,high,5.04
single_class_sensitivity,valence_binary_fixed5,refit,sub-mit061_trial-09_window-024,sub-mit061,9,sub-mit061_trial-09,high,5.04
single_class_sensitivity,valence_binary_fixed5,refit,sub-mit061_trial-09_window-029,sub-mit061,9,sub-mit061_trial-09,high,5.04
single_class_sensitivity,valence_binary_fixed5,refit,sub-mit061_trial-10_window-003,sub-mit061,10,sub-mit061_trial-10,low,1.93
single_class_sensitivity,valence_binary_fixed5,refit,sub-mit061_trial-10_window-004,sub-mit061,10,sub-mit061_trial-10,low,1.93
single_class_sensitivity,valence_binary_fixed5,refit,sub-mit061_trial-10_window-005,sub-mit061,10,sub-mit061_trial-10,low,1.93
single_class_sensitivity,valence_binary_fixed5,refit,sub-mit061_trial-10_window-006,sub-mit061,10,sub-mit061_trial-10,low,1.93
single_class_sensitivity,valence_binary_fixed5,refit,sub-mit061_trial-10_window-007,sub-mit061,10,sub-mit061_trial-10,low,1.93
single_class_sensitivity,valence_binary_fixed5,refit,sub-mit061_trial-10_window-010,sub-mit061,10,sub-mit061_trial-10,low,1.93
single_class_sensitivity,valence_binary_fixed5,refit,sub-mit061_trial-10_window-011,sub-mit061,10,sub-mit061_trial-10,low,1.93
single_class_sensitivity,valence_binary_fixed5,refit,sub-mit061_trial-10_window-012,sub-mit061,10,sub-mit061_trial-10,low,1.93
single_class_sensitivity,valence_binary_fixed5,refit,sub-mit061_trial-10_window-013,sub-mit061,10,sub-mit061_trial-10,low,1.93
single_class_sensitivity,valence_binary_fixed5,refit,sub-mit061_trial-10_window-014,sub-mit061,10,sub-mit061_trial-10,low,1.93
single_class_sensitivity,valence_binary_fixed5,refit,sub-mit061_trial-10_window-015,sub-mit061,10,sub-mit061_trial-10,low,1.93
single_class_sensitivity,valence_binary_fixed5,refit,sub-mit061_trial-10_window-016,sub-mit061,10,sub-mit061_trial-10,low,1.93
single_class_sensitivity,valence_binary_fixed5,refit,sub-mit061_trial-10_window-017,sub-mit061,10,sub-mit061_trial-10,low,1.93
single_class_sensitivity,valence_binary_fixed5,refit,sub-mit061_trial-10_window-019,sub-mit061,10,sub-mit061_trial-10,low,1.93
single_class_sensitivity,valence_binary_fixed5,refit,sub-mit061_trial-10_window-020,sub-mit061,10,sub-mit061_trial-10,low,1.93
single_class_sensitivity,valence_binary_fixed5,refit,sub-mit061_trial-10_window-021,sub-mit061,10,sub-mit061_trial-10,low,1.93
single_class_sensitivity,valence_binary_fixed5,refit,sub-mit061_trial-10_window-022,sub-mit061,10,sub-mit061_trial-10,low,1.93
single_class_sensitivity,valence_binary_fixed5,refit,sub-mit061_trial-10_window-024,sub-mit061,10,sub-mit061_trial-10,low,1.93
single_class_sensitivity,valence_binary_fixed5,refit,sub-mit061_trial-10_window-025,sub-mit061,10,sub-mit061_trial-10,low,1.93
single_class_sensitivity,valence_binary_fixed5,refit,sub-mit076_trial-01_window-003,sub-mit076,1,sub-mit076_trial-01,low,4.92
single_class_sensitivity,valence_binary_fixed5,refit,sub-mit076_trial-01_window-004,sub-mit076,1,sub-mit076_trial-01,low,4.92
single_class_sensitivity,valence_binary_fixed5,refit,sub-mit076_trial-01_window-005,sub-mit076,1,sub-mit076_trial-01,low,4.92
single_class_sensitivity,valence_binary_fixed5,refit,sub-mit076_trial-01_window-006,sub-mit076,1,sub-mit076_trial-01,low,4.92
single_class_sensitivity,valence_binary_fixed5,refit,sub-mit076_trial-01_window-007,sub-mit076,1,sub-mit076_trial-01,low,4.92
single_class_sensitivity,valence_binary_fixed5,refit,sub-mit076_trial-01_window-008,sub-mit076,1,sub-mit076_trial-01,low,4.92
single_class_sensitivity,valence_binary_fixed5,refit,sub-mit076_trial-01_window-012,sub-mit076,1,sub-mit076_trial-01,low,4.92
single_class_sensitivity,valence_binary_fixed5,refit,sub-mit076_trial-01_window-018,sub-mit076,1,sub-mit076_trial-01,low,4.92
single_class_sensitivity,valence_binary_fixed5,refit,sub-mit076_trial-01_window-019,sub-mit076,1,sub-mit076_trial-01,low,4.92
single_class_sensitivity,valence_binary_fixed5,refit,sub-mit076_trial-01_window-024,sub-mit076,1,sub-mit076_trial-01,low,4.92
single_class_sensitivity,valence_binary_fixed5,refit,sub-mit076_trial-01_window-025,sub-mit076,1,sub-mit076_trial-01,low,4.92
single_class_sensitivity,valence_binary_fixed5,refit,sub-mit076_trial-02_window-002,sub-mit076,2,sub-mit076_trial-02,low,1.03
single_class_sensitivity,valence_binary_fixed5,refit,sub-mit076_trial-02_window-003,sub-mit076,2,sub-mit076_trial-02,low,1.03
single_class_sensitivity,valence_binary_fixed5,refit,sub-mit076_trial-02_window-010,sub-mit076,2,sub-mit076_trial-02,low,1.03
single_class_sensitivity,valence_binary_fixed5,refit,sub-mit076_trial-02_window-011,sub-mit076,2,sub-mit076_trial-02,low,1.03
single_class_sensitivity,valence_binary_fixed5,refit,sub-mit076_trial-02_window-014,sub-mit076,2,sub-mit076_trial-02,low,1.03
single_class_sensitivity,valence_binary_fixed5,refit,sub-mit076_trial-02_window-015,sub-mit076,2,sub-mit076_trial-02,low,1.03
single_class_sensitivity,valence_binary_fixed5,refit,sub-mit076_trial-02_window-016,sub-mit076,2,sub-mit076_trial-02,low,1.03
single_class_sensitivity,valence_binary_fixed5,refit,sub-mit076_trial-02_window-020,sub-mit076,2,sub-mit076_trial-02,low,1.03
single_class_sensitivity,valence_binary_fixed5,refit,sub-mit076_trial-02_window-023,sub-mit076,2,sub-mit076_trial-02,low,1.03
single_class_sensitivity,valence_binary_fixed5,refit,sub-mit076_trial-02_window-024,sub-mit076,2,sub-mit076_trial-02,low,1.03
single_class_sensitivity,valence_binary_fixed5,refit,sub-mit076_trial-02_window-025,sub-mit076,2,sub-mit076_trial-02,low,1.03
single_class_sensitivity,valence_binary_fixed5,refit,sub-mit076_trial-02_window-026,sub-mit076,2,sub-mit076_trial-02,low,1.03
single_class_sensitivity,valence_binary_fixed5,refit,sub-mit076_trial-02_window-027,sub-mit076,2,sub-mit076_trial-02,low,1.03
single_class_sensitivity,valence_binary_fixed5,refit,sub-mit076_trial-02_window-028,sub-mit076,2,sub-mit076_trial-02,low,1.03
single_class_sensitivity,valence_binary_fixed5,refit,sub-mit076_trial-02_window-029,sub-mit076,2,sub-mit076_trial-02,low,1.03
single_class_sensitivity,valence_binary_fixed5,refit,sub-mit076_trial-03_window-002,sub-mit076,3,sub-mit076_trial-03,high,8.97
single_class_sensitivity,valence_binary_fixed5,refit,sub-mit076_trial-03_window-003,sub-mit076,3,sub-mit076_trial-03,high,8.97
single_class_sensitivity,valence_binary_fixed5,refit,sub-mit076_trial-03_window-004,sub-mit076,3,sub-mit076_trial-03,high,8.97
single_class_sensitivity,valence_binary_fixed5,refit,sub-mit076_trial-03_window-007,sub-mit076,3,sub-mit076_trial-03,high,8.97
single_class_sensitivity,valence_binary_fixed5,refit,sub-mit076_trial-03_window-008,sub-mit076,3,sub-mit076_trial-03,high,8.97
single_class_sensitivity,valence_binary_fixed5,refit,sub-mit076_trial-03_window-009,sub-mit076,3,sub-mit076_trial-03,high,8.97
single_class_sensitivity,valence_binary_fixed5,refit,sub-mit076_trial-03_window-012,sub-mit076,3,sub-mit076_trial-03,high,8.97
single_class_sensitivity,valence_binary_fixed5,refit,sub-mit076_trial-03_window-013,sub-mit076,3,sub-mit076_trial-03,high,8.97
single_class_sensitivity,valence_binary_fixed5,refit,sub-mit076_trial-03_window-014,sub-mit076,3,sub-mit076_trial-03,high,8.97
single_class_sensitivity,valence_binary_fixed5,refit,sub-mit076_trial-03_window-015,sub-mit076,3,sub-mit076_trial-03,high,8.97
single_class_sensitivity,valence_binary_fixed5,refit,sub-mit076_trial-03_window-018,sub-mit076,3,sub-mit076_trial-03,high,8.97
single_class_sensitivity,valence_binary_fixed5,refit,sub-mit076_trial-03_window-019,sub-mit076,3,sub-mit076_trial-03,high,8.97
single_class_sensitivity,valence_binary_fixed5,refit,sub-mit076_trial-03_window-020,sub-mit076,3,sub-mit076_trial-03,high,8.97
single_class_sensitivity,valence_binary_fixed5,refit,sub-mit076_trial-03_window-021,sub-mit076,3,sub-mit076_trial-03,high,8.97
single_class_sensitivity,valence_binary_fixed5,refit,sub-mit076_trial-03_window-022,sub-mit076,3,sub-mit076_trial-03,high,8.97
single_class_sensitivity,valence_binary_fixed5,refit,sub-mit076_trial-03_window-023,sub-mit076,3,sub-mit076_trial-03,high,8.97
single_class_sensitivity,valence_binary_fixed5,refit,sub-mit076_trial-03_window-024,sub-mit076,3,sub-mit076_trial-03,high,8.97
single_class_sensitivity,valence_binary_fixed5,refit,sub-mit076_trial-03_window-025,sub-mit076,3,sub-mit076_trial-03,high,8.97
single_class_sensitivity,valence_binary_fixed5,refit,sub-mit076_trial-03_window-026,sub-mit076,3,sub-mit076_trial-03,high,8.97
single_class_sensitivity,valence_binary_fixed5,refit,sub-mit076_trial-04_window-001,sub-mit076,4,sub-mit076_trial-04,low,1.05
single_class_sensitivity,valence_binary_fixed5,refit,sub-mit076_trial-04_window-002,sub-mit076,4,sub-mit076_trial-04,low,1.05
single_class_sensitivity,valence_binary_fixed5,refit,sub-mit076_trial-04_window-003,sub-mit076,4,sub-mit076_trial-04,low,1.05
single_class_sensitivity,valence_binary_fixed5,refit,sub-mit076_trial-04_window-004,sub-mit076,4,sub-mit076_trial-04,low,1.05
single_class_sensitivity,valence_binary_fixed5,refit,sub-mit076_trial-04_window-005,sub-mit076,4,sub-mit076_trial-04,low,1.05
single_class_sensitivity,valence_binary_fixed5,refit,sub-mit076_trial-04_window-006,sub-mit076,4,sub-mit076_trial-04,low,1.05
single_class_sensitivity,valence_binary_fixed5,refit,sub-mit076_trial-04_window-007,sub-mit076,4,sub-mit076_trial-04,low,1.05
single_class_sensitivity,valence_binary_fixed5,refit,sub-mit076_trial-04_window-008,sub-mit076,4,sub-mit076_trial-04,low,1.05
single_class_sensitivity,valence_binary_fixed5,refit,sub-mit076_trial-04_window-009,sub-mit076,4,sub-mit076_trial-04,low,1.05
single_class_sensitivity,valence_binary_fixed5,refit,sub-mit076_trial-04_window-010,sub-mit076,4,sub-mit076_trial-04,low,1.05
single_class_sensitivity,valence_binary_fixed5,refit,sub-mit076_trial-04_window-011,sub-mit076,4,sub-mit076_trial-04,low,1.05
single_class_sensitivity,valence_binary_fixed5,refit,sub-mit076_trial-04_window-012,sub-mit076,4,sub-mit076_trial-04,low,1.05
single_class_sensitivity,valence_binary_fixed5,refit,sub-mit076_trial-04_window-013,sub-mit076,4,sub-mit076_trial-04,low,1.05
single_class_sensitivity,valence_binary_fixed5,refit,sub-mit076_trial-04_window-014,sub-mit076,4,sub-mit076_trial-04,low,1.05
single_class_sensitivity,valence_binary_fixed5,refit,sub-mit076_trial-04_window-015,sub-mit076,4,sub-mit076_trial-04,low,1.05
single_class_sensitivity,valence_binary_fixed5,refit,sub-mit076_trial-04_window-016,sub-mit076,4,sub-mit076_trial-04,low,1.05
single_class_sensitivity,valence_binary_fixed5,refit,sub-mit076_trial-04_window-017,sub-mit076,4,sub-mit076_trial-04,low,1.05
single_class_sensitivity,valence_binary_fixed5,refit,sub-mit076_trial-04_window-018,sub-mit076,4,sub-mit076_trial-04,low,1.05
single_class_sensitivity,valence_binary_fixed5,refit,sub-mit076_trial-04_window-019,sub-mit076,4,sub-mit076_trial-04,low,1.05
single_class_sensitivity,valence_binary_fixed5,refit,sub-mit076_trial-04_window-020,sub-mit076,4,sub-mit076_trial-04,low,1.05
single_class_sensitivity,valence_binary_fixed5,refit,sub-mit076_trial-04_window-021,sub-mit076,4,sub-mit076_trial-04,low,1.05
single_class_sensitivity,valence_binary_fixed5,refit,sub-mit076_trial-04_window-022,sub-mit076,4,sub-mit076_trial-04,low,1.05
single_class_sensitivity,valence_binary_fixed5,refit,sub-mit076_trial-04_window-023,sub-mit076,4,sub-mit076_trial-04,low,1.05
single_class_sensitivity,valence_binary_fixed5,refit,sub-mit076_trial-04_window-024,sub-mit076,4,sub-mit076_trial-04,low,1.05
single_class_sensitivity,valence_binary_fixed5,refit,sub-mit076_trial-04_window-025,sub-mit076,4,sub-mit076_trial-04,low,1.05
single_class_sensitivity,valence_binary_fixed5,refit,sub-mit076_trial-04_window-026,sub-mit076,4,sub-mit076_trial-04,low,1.05
single_class_sensitivity,valence_binary_fixed5,refit,sub-mit076_trial-04_window-027,sub-mit076,4,sub-mit076_trial-04,low,1.05
single_class_sensitivity,valence_binary_fixed5,refit,sub-mit076_trial-04_window-028,sub-mit076,4,sub-mit076_trial-04,low,1.05
single_class_sensitivity,valence_binary_fixed5,refit,sub-mit076_trial-04_window-029,sub-mit076,4,sub-mit076_trial-04,low,1.05
single_class_sensitivity,valence_binary_fixed5,refit,sub-mit076_trial-05_window-003,sub-mit076,5,sub-mit076_trial-05,high,7.93
single_class_sensitivity,valence_binary_fixed5,refit,sub-mit076_trial-05_window-004,sub-mit076,5,sub-mit076_trial-05,high,7.93
single_class_sensitivity,valence_binary_fixed5,refit,sub-mit076_trial-05_window-006,sub-mit076,5,sub-mit076_trial-05,high,7.93
single_class_sensitivity,valence_binary_fixed5,refit,sub-mit076_trial-05_window-007,sub-mit076,5,sub-mit076_trial-05,high,7.93
single_class_sensitivity,valence_binary_fixed5,refit,sub-mit076_trial-05_window-008,sub-mit076,5,sub-mit076_trial-05,high,7.93
single_class_sensitivity,valence_binary_fixed5,refit,sub-mit076_trial-05_window-009,sub-mit076,5,sub-mit076_trial-05,high,7.93
single_class_sensitivity,valence_binary_fixed5,refit,sub-mit076_trial-05_window-010,sub-mit076,5,sub-mit076_trial-05,high,7.93
single_class_sensitivity,valence_binary_fixed5,refit,sub-mit076_trial-05_window-011,sub-mit076,5,sub-mit076_trial-05,high,7.93
single_class_sensitivity,valence_binary_fixed5,refit,sub-mit076_trial-05_window-012,sub-mit076,5,sub-mit076_trial-05,high,7.93
single_class_sensitivity,valence_binary_fixed5,refit,sub-mit076_trial-05_window-013,sub-mit076,5,sub-mit076_trial-05,high,7.93
single_class_sensitivity,valence_binary_fixed5,refit,sub-mit076_trial-05_window-014,sub-mit076,5,sub-mit076_trial-05,high,7.93
single_class_sensitivity,valence_binary_fixed5,refit,sub-mit076_trial-05_window-015,sub-mit076,5,sub-mit076_trial-05,high,7.93
single_class_sensitivity,valence_binary_fixed5,refit,sub-mit076_trial-05_window-016,sub-mit076,5,sub-mit076_trial-05,high,7.93
single_class_sensitivity,valence_binary_fixed5,refit,sub-mit076_trial-05_window-017,sub-mit076,5,sub-mit076_trial-05,high,7.93
single_class_sensitivity,valence_binary_fixed5,refit,sub-mit076_trial-05_window-020,sub-mit076,5,sub-mit076_trial-05,high,7.93
single_class_sensitivity,valence_binary_fixed5,refit,sub-mit076_trial-05_window-021,sub-mit076,5,sub-mit076_trial-05,high,7.93
single_class_sensitivity,valence_binary_fixed5,refit,sub-mit076_trial-05_window-022,sub-mit076,5,sub-mit076_trial-05,high,7.93
single_class_sensitivity,valence_binary_fixed5,refit,sub-mit076_trial-05_window-023,sub-mit076,5,sub-mit076_trial-05,high,7.93
single_class_sensitivity,valence_binary_fixed5,refit,sub-mit076_trial-05_window-024,sub-mit076,5,sub-mit076_trial-05,high,7.93
single_class_sensitivity,valence_binary_fixed5,refit,sub-mit076_trial-05_window-025,sub-mit076,5,sub-mit076_trial-05,high,7.93
single_class_sensitivity,valence_binary_fixed5,refit,sub-mit076_trial-05_window-026,sub-mit076,5,sub-mit076_trial-05,high,7.93
single_class_sensitivity,valence_binary_fixed5,refit,sub-mit076_trial-05_window-027,sub-mit076,5,sub-mit076_trial-05,high,7.93
single_class_sensitivity,valence_binary_fixed5,refit,sub-mit076_trial-05_window-028,sub-mit076,5,sub-mit076_trial-05,high,7.93
single_class_sensitivity,valence_binary_fixed5,refit,sub-mit076_trial-05_window-029,sub-mit076,5,sub-mit076_trial-05,high,7.93
single_class_sensitivity,valence_binary_fixed5,refit,sub-mit076_trial-06_window-001,sub-mit076,6,sub-mit076_trial-06,low,1.0
single_class_sensitivity,valence_binary_fixed5,refit,sub-mit076_trial-06_window-002,sub-mit076,6,sub-mit076_trial-06,low,1.0
single_class_sensitivity,valence_binary_fixed5,refit,sub-mit076_trial-06_window-007,sub-mit076,6,sub-mit076_trial-06,low,1.0
single_class_sensitivity,valence_binary_fixed5,refit,sub-mit076_trial-06_window-008,sub-mit076,6,sub-mit076_trial-06,low,1.0
single_class_sensitivity,valence_binary_fixed5,refit,sub-mit076_trial-06_window-010,sub-mit076,6,sub-mit076_trial-06,low,1.0
single_class_sensitivity,valence_binary_fixed5,refit,sub-mit076_trial-06_window-011,sub-mit076,6,sub-mit076_trial-06,low,1.0
single_class_sensitivity,valence_binary_fixed5,refit,sub-mit076_trial-06_window-018,sub-mit076,6,sub-mit076_trial-06,low,1.0
single_class_sensitivity,valence_binary_fixed5,refit,sub-mit076_trial-06_window-021,sub-mit076,6,sub-mit076_trial-06,low,1.0
single_class_sensitivity,valence_binary_fixed5,refit,sub-mit076_trial-06_window-024,sub-mit076,6,sub-mit076_trial-06,low,1.0
single_class_sensitivity,valence_binary_fixed5,refit,sub-mit076_trial-06_window-025,sub-mit076,6,sub-mit076_trial-06,low,1.0
single_class_sensitivity,valence_binary_fixed5,refit,sub-mit076_trial-06_window-026,sub-mit076,6,sub-mit076_trial-06,low,1.0
single_class_sensitivity,valence_binary_fixed5,refit,sub-mit076_trial-06_window-027,sub-mit076,6,sub-mit076_trial-06,low,1.0
single_class_sensitivity,valence_binary_fixed5,refit,sub-mit076_trial-06_window-028,sub-mit076,6,sub-mit076_trial-06,low,1.0
single_class_sensitivity,valence_binary_fixed5,refit,sub-mit076_trial-06_window-029,sub-mit076,6,sub-mit076_trial-06,low,1.0
single_class_sensitivity,valence_binary_fixed5,refit,sub-mit076_trial-07_window-010,sub-mit076,7,sub-mit076_trial-07,high,8.05
single_class_sensitivity,valence_binary_fixed5,refit,sub-mit076_trial-07_window-015,sub-mit076,7,sub-mit076_trial-07,high,8.05
single_class_sensitivity,valence_binary_fixed5,refit,sub-mit076_trial-07_window-016,sub-mit076,7,sub-mit076_trial-07,high,8.05
single_class_sensitivity,valence_binary_fixed5,refit,sub-mit076_trial-07_window-017,sub-mit076,7,sub-mit076_trial-07,high,8.05
single_class_sensitivity,valence_binary_fixed5,refit,sub-mit076_trial-07_window-018,sub-mit076,7,sub-mit076_trial-07,high,8.05
single_class_sensitivity,valence_binary_fixed5,refit,sub-mit076_trial-07_window-021,sub-mit076,7,sub-mit076_trial-07,high,8.05
single_class_sensitivity,valence_binary_fixed5,refit,sub-mit076_trial-07_window-022,sub-mit076,7,sub-mit076_trial-07,high,8.05
single_class_sensitivity,valence_binary_fixed5,refit,sub-mit076_trial-07_window-023,sub-mit076,7,sub-mit076_trial-07,high,8.05
single_class_sensitivity,valence_binary_fixed5,refit,sub-mit076_trial-07_window-025,sub-mit076,7,sub-mit076_trial-07,high,8.05
single_class_sensitivity,valence_binary_fixed5,refit,sub-mit076_trial-07_window-026,sub-mit076,7,sub-mit076_trial-07,high,8.05
single_class_sensitivity,valence_binary_fixed5,refit,sub-mit076_trial-08_window-001,sub-mit076,8,sub-mit076_trial-08,low,1.0
single_class_sensitivity,valence_binary_fixed5,refit,sub-mit076_trial-08_window-002,sub-mit076,8,sub-mit076_trial-08,low,1.0
single_class_sensitivity,valence_binary_fixed5,refit,sub-mit076_trial-08_window-004,sub-mit076,8,sub-mit076_trial-08,low,1.0
single_class_sensitivity,valence_binary_fixed5,refit,sub-mit076_trial-08_window-005,sub-mit076,8,sub-mit076_trial-08,low,1.0
single_class_sensitivity,valence_binary_fixed5,refit,sub-mit076_trial-08_window-006,sub-mit076,8,sub-mit076_trial-08,low,1.0
single_class_sensitivity,valence_binary_fixed5,refit,sub-mit076_trial-08_window-007,sub-mit076,8,sub-mit076_trial-08,low,1.0
single_class_sensitivity,valence_binary_fixed5,refit,sub-mit076_trial-08_window-008,sub-mit076,8,sub-mit076_trial-08,low,1.0
single_class_sensitivity,valence_binary_fixed5,refit,sub-mit076_trial-08_window-009,sub-mit076,8,sub-mit076_trial-08,low,1.0
single_class_sensitivity,valence_binary_fixed5,refit,sub-mit076_trial-08_window-010,sub-mit076,8,sub-mit076_trial-08,low,1.0
single_class_sensitivity,valence_binary_fixed5,refit,sub-mit076_trial-08_window-011,sub-mit076,8,sub-mit076_trial-08,low,1.0
single_class_sensitivity,valence_binary_fixed5,refit,sub-mit076_trial-08_window-012,sub-mit076,8,sub-mit076_trial-08,low,1.0
single_class_sensitivity,valence_binary_fixed5,refit,sub-mit076_trial-08_window-013,sub-mit076,8,sub-mit076_trial-08,low,1.0
single_class_sensitivity,valence_binary_fixed5,refit,sub-mit076_trial-08_window-014,sub-mit076,8,sub-mit076_trial-08,low,1.0
single_class_sensitivity,valence_binary_fixed5,refit,sub-mit076_trial-08_window-015,sub-mit076,8,sub-mit076_trial-08,low,1.0
single_class_sensitivity,valence_binary_fixed5,refit,sub-mit076_trial-08_window-016,sub-mit076,8,sub-mit076_trial-08,low,1.0
single_class_sensitivity,valence_binary_fixed5,refit,sub-mit076_trial-08_window-017,sub-mit076,8,sub-mit076_trial-08,low,1.0
single_class_sensitivity,valence_binary_fixed5,refit,sub-mit076_trial-08_window-018,sub-mit076,8,sub-mit076_trial-08,low,1.0
single_class_sensitivity,valence_binary_fixed5,refit,sub-mit076_trial-08_window-019,sub-mit076,8,sub-mit076_trial-08,low,1.0
single_class_sensitivity,valence_binary_fixed5,refit,sub-mit076_trial-08_window-020,sub-mit076,8,sub-mit076_trial-08,low,1.0
single_class_sensitivity,valence_binary_fixed5,refit,sub-mit076_trial-08_window-021,sub-mit076,8,sub-mit076_trial-08,low,1.0
single_class_sensitivity,valence_binary_fixed5,refit,sub-mit076_trial-08_window-022,sub-mit076,8,sub-mit076_trial-08,low,1.0
single_class_sensitivity,valence_binary_fixed5,refit,sub-mit076_trial-08_window-023,sub-mit076,8,sub-mit076_trial-08,low,1.0
single_class_sensitivity,valence_binary_fixed5,refit,sub-mit076_trial-08_window-024,sub-mit076,8,sub-mit076_trial-08,low,1.0
single_class_sensitivity,valence_binary_fixed5,refit,sub-mit076_trial-08_window-025,sub-mit076,8,sub-mit076_trial-08,low,1.0
single_class_sensitivity,valence_binary_fixed5,refit,sub-mit076_trial-08_window-026,sub-mit076,8,sub-mit076_trial-08,low,1.0
single_class_sensitivity,valence_binary_fixed5,refit,sub-mit076_trial-08_window-027,sub-mit076,8,sub-mit076_trial-08,low,1.0
single_class_sensitivity,valence_binary_fixed5,refit,sub-mit076_trial-08_window-028,sub-mit076,8,sub-mit076_trial-08,low,1.0
single_class_sensitivity,valence_binary_fixed5,refit,sub-mit076_trial-10_window-001,sub-mit076,10,sub-mit076_trial-10,high,8.05
single_class_sensitivity,valence_binary_fixed5,refit,sub-mit076_trial-10_window-002,sub-mit076,10,sub-mit076_trial-10,high,8.05
single_class_sensitivity,valence_binary_fixed5,refit,sub-mit076_trial-10_window-003,sub-mit076,10,sub-mit076_trial-10,high,8.05
single_class_sensitivity,valence_binary_fixed5,refit,sub-mit076_trial-10_window-004,sub-mit076,10,sub-mit076_trial-10,high,8.05
single_class_sensitivity,valence_binary_fixed5,refit,sub-mit076_trial-10_window-005,sub-mit076,10,sub-mit076_trial-10,high,8.05
single_class_sensitivity,valence_binary_fixed5,refit,sub-mit076_trial-10_window-006,sub-mit076,10,sub-mit076_trial-10,high,8.05
single_class_sensitivity,valence_binary_fixed5,refit,sub-mit076_trial-10_window-007,sub-mit076,10,sub-mit076_trial-10,high,8.05
single_class_sensitivity,valence_binary_fixed5,refit,sub-mit076_trial-10_window-008,sub-mit076,10,sub-mit076_trial-10,high,8.05
single_class_sensitivity,valence_binary_fixed5,refit,sub-mit076_trial-10_window-010,sub-mit076,10,sub-mit076_trial-10,high,8.05
single_class_sensitivity,valence_binary_fixed5,refit,sub-mit076_trial-10_window-011,sub-mit076,10,sub-mit076_trial-10,high,8.05
single_class_sensitivity,valence_binary_fixed5,refit,sub-mit076_trial-10_window-014,sub-mit076,10,sub-mit076_trial-10,high,8.05
single_class_sensitivity,valence_binary_fixed5,refit,sub-mit076_trial-10_window-018,sub-mit076,10,sub-mit076_trial-10,high,8.05
single_class_sensitivity,valence_binary_fixed5,refit,sub-mit076_trial-10_window-019,sub-mit076,10,sub-mit076_trial-10,high,8.05
single_class_sensitivity,valence_binary_fixed5,refit,sub-mit076_trial-10_window-020,sub-mit076,10,sub-mit076_trial-10,high,8.05
single_class_sensitivity,valence_binary_fixed5,refit,sub-mit076_trial-10_window-022,sub-mit076,10,sub-mit076_trial-10,high,8.05
single_class_sensitivity,valence_binary_fixed5,refit,sub-mit076_trial-10_window-023,sub-mit076,10,sub-mit076_trial-10,high,8.05
single_class_sensitivity,valence_binary_fixed5,refit,sub-mit076_trial-10_window-024,sub-mit076,10,sub-mit076_trial-10,high,8.05
single_class_sensitivity,valence_binary_fixed5,refit,sub-mit076_trial-10_window-025,sub-mit076,10,sub-mit076_trial-10,high,8.05
single_class_sensitivity,valence_binary_fixed5,refit,sub-mit076_trial-10_window-026,sub-mit076,10,sub-mit076_trial-10,high,8.05
single_class_sensitivity,valence_binary_fixed5,refit,sub-mit076_trial-10_window-027,sub-mit076,10,sub-mit076_trial-10,high,8.05
single_class_sensitivity,valence_binary_fixed5,refit,sub-mit076_trial-10_window-028,sub-mit076,10,sub-mit076_trial-10,high,8.05
single_class_sensitivity,valence_binary_fixed5,refit,sub-mit121_trial-01_window-001,sub-mit121,1,sub-mit121_trial-01,high,7.01
single_class_sensitivity,valence_binary_fixed5,refit,sub-mit121_trial-01_window-002,sub-mit121,1,sub-mit121_trial-01,high,7.01
single_class_sensitivity,valence_binary_fixed5,refit,sub-mit121_trial-01_window-003,sub-mit121,1,sub-mit121_trial-01,high,7.01
single_class_sensitivity,valence_binary_fixed5,refit,sub-mit121_trial-01_window-004,sub-mit121,1,sub-mit121_trial-01,high,7.01
single_class_sensitivity,valence_binary_fixed5,refit,sub-mit121_trial-01_window-005,sub-mit121,1,sub-mit121_trial-01,high,7.01
single_class_sensitivity,valence_binary_fixed5,refit,sub-mit121_trial-01_window-006,sub-mit121,1,sub-mit121_trial-01,high,7.01
single_class_sensitivity,valence_binary_fixed5,refit,sub-mit121_trial-01_window-007,sub-mit121,1,sub-mit121_trial-01,high,7.01
single_class_sensitivity,valence_binary_fixed5,refit,sub-mit121_trial-01_window-008,sub-mit121,1,sub-mit121_trial-01,high,7.01
single_class_sensitivity,valence_binary_fixed5,refit,sub-mit121_trial-01_window-009,sub-mit121,1,sub-mit121_trial-01,high,7.01
single_class_sensitivity,valence_binary_fixed5,refit,sub-mit121_trial-01_window-012,sub-mit121,1,sub-mit121_trial-01,high,7.01
single_class_sensitivity,valence_binary_fixed5,refit,sub-mit121_trial-01_window-013,sub-mit121,1,sub-mit121_trial-01,high,7.01
single_class_sensitivity,valence_binary_fixed5,refit,sub-mit121_trial-01_window-016,sub-mit121,1,sub-mit121_trial-01,high,7.01
single_class_sensitivity,valence_binary_fixed5,refit,sub-mit121_trial-01_window-017,sub-mit121,1,sub-mit121_trial-01,high,7.01
single_class_sensitivity,valence_binary_fixed5,refit,sub-mit121_trial-01_window-018,sub-mit121,1,sub-mit121_trial-01,high,7.01
single_class_sensitivity,valence_binary_fixed5,refit,sub-mit121_trial-01_window-019,sub-mit121,1,sub-mit121_trial-01,high,7.01
single_class_sensitivity,valence_binary_fixed5,refit,sub-mit121_trial-01_window-020,sub-mit121,1,sub-mit121_trial-01,high,7.01
single_class_sensitivity,valence_binary_fixed5,refit,sub-mit121_trial-01_window-021,sub-mit121,1,sub-mit121_trial-01,high,7.01
single_class_sensitivity,valence_binary_fixed5,refit,sub-mit121_trial-01_window-022,sub-mit121,1,sub-mit121_trial-01,high,7.01
single_class_sensitivity,valence_binary_fixed5,refit,sub-mit121_trial-01_window-023,sub-mit121,1,sub-mit121_trial-01,high,7.01
single_class_sensitivity,valence_binary_fixed5,refit,sub-mit121_trial-01_window-024,sub-mit121,1,sub-mit121_trial-01,high,7.01
single_class_sensitivity,valence_binary_fixed5,refit,sub-mit121_trial-01_window-025,sub-mit121,1,sub-mit121_trial-01,high,7.01
single_class_sensitivity,valence_binary_fixed5,refit,sub-mit121_trial-01_window-026,sub-mit121,1,sub-mit121_trial-01,high,7.01
single_class_sensitivity,valence_binary_fixed5,refit,sub-mit121_trial-01_window-027,sub-mit121,1,sub-mit121_trial-01,high,7.01
single_class_sensitivity,valence_binary_fixed5,refit,sub-mit121_trial-01_window-028,sub-mit121,1,sub-mit121_trial-01,high,7.01
single_class_sensitivity,valence_binary_fixed5,refit,sub-mit121_trial-01_window-029,sub-mit121,1,sub-mit121_trial-01,high,7.01
single_class_sensitivity,valence_binary_fixed5,refit,sub-mit121_trial-02_window-001,sub-mit121,2,sub-mit121_trial-02,high,8.74
single_class_sensitivity,valence_binary_fixed5,refit,sub-mit121_trial-02_window-003,sub-mit121,2,sub-mit121_trial-02,high,8.74
single_class_sensitivity,valence_binary_fixed5,refit,sub-mit121_trial-02_window-004,sub-mit121,2,sub-mit121_trial-02,high,8.74
single_class_sensitivity,valence_binary_fixed5,refit,sub-mit121_trial-02_window-005,sub-mit121,2,sub-mit121_trial-02,high,8.74
single_class_sensitivity,valence_binary_fixed5,refit,sub-mit121_trial-02_window-006,sub-mit121,2,sub-mit121_trial-02,high,8.74
single_class_sensitivity,valence_binary_fixed5,refit,sub-mit121_trial-02_window-007,sub-mit121,2,sub-mit121_trial-02,high,8.74
single_class_sensitivity,valence_binary_fixed5,refit,sub-mit121_trial-02_window-009,sub-mit121,2,sub-mit121_trial-02,high,8.74
single_class_sensitivity,valence_binary_fixed5,refit,sub-mit121_trial-02_window-010,sub-mit121,2,sub-mit121_trial-02,high,8.74
single_class_sensitivity,valence_binary_fixed5,refit,sub-mit121_trial-02_window-011,sub-mit121,2,sub-mit121_trial-02,high,8.74
single_class_sensitivity,valence_binary_fixed5,refit,sub-mit121_trial-02_window-012,sub-mit121,2,sub-mit121_trial-02,high,8.74
single_class_sensitivity,valence_binary_fixed5,refit,sub-mit121_trial-02_window-013,sub-mit121,2,sub-mit121_trial-02,high,8.74
single_class_sensitivity,valence_binary_fixed5,refit,sub-mit121_trial-02_window-014,sub-mit121,2,sub-mit121_trial-02,high,8.74
single_class_sensitivity,valence_binary_fixed5,refit,sub-mit121_trial-02_window-015,sub-mit121,2,sub-mit121_trial-02,high,8.74
single_class_sensitivity,valence_binary_fixed5,refit,sub-mit121_trial-02_window-016,sub-mit121,2,sub-mit121_trial-02,high,8.74
single_class_sensitivity,valence_binary_fixed5,refit,sub-mit121_trial-02_window-017,sub-mit121,2,sub-mit121_trial-02,high,8.74
single_class_sensitivity,valence_binary_fixed5,refit,sub-mit121_trial-02_window-018,sub-mit121,2,sub-mit121_trial-02,high,8.74
single_class_sensitivity,valence_binary_fixed5,refit,sub-mit121_trial-02_window-019,sub-mit121,2,sub-mit121_trial-02,high,8.74
single_class_sensitivity,valence_binary_fixed5,refit,sub-mit121_trial-02_window-020,sub-mit121,2,sub-mit121_trial-02,high,8.74
single_class_sensitivity,valence_binary_fixed5,refit,sub-mit121_trial-02_window-021,sub-mit121,2,sub-mit121_trial-02,high,8.74
single_class_sensitivity,valence_binary_fixed5,refit,sub-mit121_trial-02_window-022,sub-mit121,2,sub-mit121_trial-02,high,8.74
single_class_sensitivity,valence_binary_fixed5,refit,sub-mit121_trial-02_window-025,sub-mit121,2,sub-mit121_trial-02,high,8.74
single_class_sensitivity,valence_binary_fixed5,refit,sub-mit121_trial-02_window-026,sub-mit121,2,sub-mit121_trial-02,high,8.74
single_class_sensitivity,valence_binary_fixed5,refit,sub-mit121_trial-02_window-027,sub-mit121,2,sub-mit121_trial-02,high,8.74
single_class_sensitivity,valence_binary_fixed5,refit,sub-mit121_trial-02_window-028,sub-mit121,2,sub-mit121_trial-02,high,8.74
single_class_sensitivity,valence_binary_fixed5,refit,sub-mit121_trial-02_window-029,sub-mit121,2,sub-mit121_trial-02,high,8.74
single_class_sensitivity,valence_binary_fixed5,refit,sub-mit121_trial-03_window-002,sub-mit121,3,sub-mit121_trial-03,low,4.02
single_class_sensitivity,valence_binary_fixed5,refit,sub-mit121_trial-03_window-003,sub-mit121,3,sub-mit121_trial-03,low,4.02
single_class_sensitivity,valence_binary_fixed5,refit,sub-mit121_trial-03_window-004,sub-mit121,3,sub-mit121_trial-03,low,4.02
single_class_sensitivity,valence_binary_fixed5,refit,sub-mit121_trial-03_window-005,sub-mit121,3,sub-mit121_trial-03,low,4.02
single_class_sensitivity,valence_binary_fixed5,refit,sub-mit121_trial-03_window-006,sub-mit121,3,sub-mit121_trial-03,low,4.02
single_class_sensitivity,valence_binary_fixed5,refit,sub-mit121_trial-03_window-007,sub-mit121,3,sub-mit121_trial-03,low,4.02
single_class_sensitivity,valence_binary_fixed5,refit,sub-mit121_trial-03_window-008,sub-mit121,3,sub-mit121_trial-03,low,4.02
single_class_sensitivity,valence_binary_fixed5,refit,sub-mit121_trial-03_window-009,sub-mit121,3,sub-mit121_trial-03,low,4.02
single_class_sensitivity,valence_binary_fixed5,refit,sub-mit121_trial-03_window-010,sub-mit121,3,sub-mit121_trial-03,low,4.02
single_class_sensitivity,valence_binary_fixed5,refit,sub-mit121_trial-03_window-011,sub-mit121,3,sub-mit121_trial-03,low,4.02
single_class_sensitivity,valence_binary_fixed5,refit,sub-mit121_trial-03_window-012,sub-mit121,3,sub-mit121_trial-03,low,4.02
single_class_sensitivity,valence_binary_fixed5,refit,sub-mit121_trial-03_window-013,sub-mit121,3,sub-mit121_trial-03,low,4.02
single_class_sensitivity,valence_binary_fixed5,refit,sub-mit121_trial-03_window-014,sub-mit121,3,sub-mit121_trial-03,low,4.02
single_class_sensitivity,valence_binary_fixed5,refit,sub-mit121_trial-03_window-015,sub-mit121,3,sub-mit121_trial-03,low,4.02
single_class_sensitivity,valence_binary_fixed5,refit,sub-mit121_trial-03_window-016,sub-mit121,3,sub-mit121_trial-03,low,4.02
single_class_sensitivity,valence_binary_fixed5,refit,sub-mit121_trial-03_window-017,sub-mit121,3,sub-mit121_trial-03,low,4.02
single_class_sensitivity,valence_binary_fixed5,refit,sub-mit121_trial-03_window-018,sub-mit121,3,sub-mit121_trial-03,low,4.02
single_class_sensitivity,valence_binary_fixed5,refit,sub-mit121_trial-03_window-019,sub-mit121,3,sub-mit121_trial-03,low,4.02
single_class_sensitivity,valence_binary_fixed5,refit,sub-mit121_trial-03_window-020,sub-mit121,3,sub-mit121_trial-03,low,4.02
single_class_sensitivity,valence_binary_fixed5,refit,sub-mit121_trial-03_window-023,sub-mit121,3,sub-mit121_trial-03,low,4.02
single_class_sensitivity,valence_binary_fixed5,refit,sub-mit121_trial-03_window-024,sub-mit121,3,sub-mit121_trial-03,low,4.02
single_class_sensitivity,valence_binary_fixed5,refit,sub-mit121_trial-03_window-025,sub-mit121,3,sub-mit121_trial-03,low,4.02
single_class_sensitivity,valence_binary_fixed5,refit,sub-mit121_trial-03_window-026,sub-mit121,3,sub-mit121_trial-03,low,4.02
single_class_sensitivity,valence_binary_fixed5,refit,sub-mit121_trial-03_window-027,sub-mit121,3,sub-mit121_trial-03,low,4.02
single_class_sensitivity,valence_binary_fixed5,refit,sub-mit121_trial-03_window-028,sub-mit121,3,sub-mit121_trial-03,low,4.02
single_class_sensitivity,valence_binary_fixed5,refit,sub-mit121_trial-03_window-029,sub-mit121,3,sub-mit121_trial-03,low,4.02
single_class_sensitivity,valence_binary_fixed5,refit,sub-mit121_trial-04_window-001,sub-mit121,4,sub-mit121_trial-04,low,4.98
single_class_sensitivity,valence_binary_fixed5,refit,sub-mit121_trial-04_window-002,sub-mit121,4,sub-mit121_trial-04,low,4.98
single_class_sensitivity,valence_binary_fixed5,refit,sub-mit121_trial-04_window-003,sub-mit121,4,sub-mit121_trial-04,low,4.98
single_class_sensitivity,valence_binary_fixed5,refit,sub-mit121_trial-04_window-004,sub-mit121,4,sub-mit121_trial-04,low,4.98
single_class_sensitivity,valence_binary_fixed5,refit,sub-mit121_trial-04_window-005,sub-mit121,4,sub-mit121_trial-04,low,4.98
single_class_sensitivity,valence_binary_fixed5,refit,sub-mit121_trial-04_window-008,sub-mit121,4,sub-mit121_trial-04,low,4.98
single_class_sensitivity,valence_binary_fixed5,refit,sub-mit121_trial-04_window-011,sub-mit121,4,sub-mit121_trial-04,low,4.98
single_class_sensitivity,valence_binary_fixed5,refit,sub-mit121_trial-04_window-012,sub-mit121,4,sub-mit121_trial-04,low,4.98
single_class_sensitivity,valence_binary_fixed5,refit,sub-mit121_trial-04_window-015,sub-mit121,4,sub-mit121_trial-04,low,4.98
single_class_sensitivity,valence_binary_fixed5,refit,sub-mit121_trial-04_window-016,sub-mit121,4,sub-mit121_trial-04,low,4.98
single_class_sensitivity,valence_binary_fixed5,refit,sub-mit121_trial-04_window-017,sub-mit121,4,sub-mit121_trial-04,low,4.98
single_class_sensitivity,valence_binary_fixed5,refit,sub-mit121_trial-04_window-018,sub-mit121,4,sub-mit121_trial-04,low,4.98
single_class_sensitivity,valence_binary_fixed5,refit,sub-mit121_trial-04_window-019,sub-mit121,4,sub-mit121_trial-04,low,4.98
single_class_sensitivity,valence_binary_fixed5,refit,sub-mit121_trial-04_window-020,sub-mit121,4,sub-mit121_trial-04,low,4.98
single_class_sensitivity,valence_binary_fixed5,refit,sub-mit121_trial-04_window-021,sub-mit121,4,sub-mit121_trial-04,low,4.98
single_class_sensitivity,valence_binary_fixed5,refit,sub-mit121_trial-04_window-022,sub-mit121,4,sub-mit121_trial-04,low,4.98
single_class_sensitivity,valence_binary_fixed5,refit,sub-mit121_trial-04_window-023,sub-mit121,4,sub-mit121_trial-04,low,4.98
single_class_sensitivity,valence_binary_fixed5,refit,sub-mit121_trial-04_window-024,sub-mit121,4,sub-mit121_trial-04,low,4.98
single_class_sensitivity,valence_binary_fixed5,refit,sub-mit121_trial-04_window-025,sub-mit121,4,sub-mit121_trial-04,low,4.98
single_class_sensitivity,valence_binary_fixed5,refit,sub-mit121_trial-04_window-028,sub-mit121,4,sub-mit121_trial-04,low,4.98
single_class_sensitivity,valence_binary_fixed5,refit,sub-mit121_trial-05_window-001,sub-mit121,5,sub-mit121_trial-05,low,1.95
single_class_sensitivity,valence_binary_fixed5,refit,sub-mit121_trial-05_window-002,sub-mit121,5,sub-mit121_trial-05,low,1.95
single_class_sensitivity,valence_binary_fixed5,refit,sub-mit121_trial-05_window-003,sub-mit121,5,sub-mit121_trial-05,low,1.95
single_class_sensitivity,valence_binary_fixed5,refit,sub-mit121_trial-05_window-004,sub-mit121,5,sub-mit121_trial-05,low,1.95
single_class_sensitivity,valence_binary_fixed5,refit,sub-mit121_trial-05_window-005,sub-mit121,5,sub-mit121_trial-05,low,1.95
single_class_sensitivity,valence_binary_fixed5,refit,sub-mit121_trial-05_window-006,sub-mit121,5,sub-mit121_trial-05,low,1.95
single_class_sensitivity,valence_binary_fixed5,refit,sub-mit121_trial-05_window-007,sub-mit121,5,sub-mit121_trial-05,low,1.95
single_class_sensitivity,valence_binary_fixed5,refit,sub-mit121_trial-05_window-008,sub-mit121,5,sub-mit121_trial-05,low,1.95
single_class_sensitivity,valence_binary_fixed5,refit,sub-mit121_trial-05_window-009,sub-mit121,5,sub-mit121_trial-05,low,1.95
single_class_sensitivity,valence_binary_fixed5,refit,sub-mit121_trial-05_window-010,sub-mit121,5,sub-mit121_trial-05,low,1.95
single_class_sensitivity,valence_binary_fixed5,refit,sub-mit121_trial-05_window-011,sub-mit121,5,sub-mit121_trial-05,low,1.95
single_class_sensitivity,valence_binary_fixed5,refit,sub-mit121_trial-05_window-012,sub-mit121,5,sub-mit121_trial-05,low,1.95
single_class_sensitivity,valence_binary_fixed5,refit,sub-mit121_trial-05_window-013,sub-mit121,5,sub-mit121_trial-05,low,1.95
single_class_sensitivity,valence_binary_fixed5,refit,sub-mit121_trial-05_window-014,sub-mit121,5,sub-mit121_trial-05,low,1.95
single_class_sensitivity,valence_binary_fixed5,refit,sub-mit121_trial-05_window-015,sub-mit121,5,sub-mit121_trial-05,low,1.95
single_class_sensitivity,valence_binary_fixed5,refit,sub-mit121_trial-05_window-016,sub-mit121,5,sub-mit121_trial-05,low,1.95
single_class_sensitivity,valence_binary_fixed5,refit,sub-mit121_trial-05_window-017,sub-mit121,5,sub-mit121_trial-05,low,1.95
single_class_sensitivity,valence_binary_fixed5,refit,sub-mit121_trial-05_window-018,sub-mit121,5,sub-mit121_trial-05,low,1.95
single_class_sensitivity,valence_binary_fixed5,refit,sub-mit121_trial-05_window-019,sub-mit121,5,sub-mit121_trial-05,low,1.95
single_class_sensitivity,valence_binary_fixed5,refit,sub-mit121_trial-05_window-020,sub-mit121,5,sub-mit121_trial-05,low,1.95
single_class_sensitivity,valence_binary_fixed5,refit,sub-mit121_trial-05_window-021,sub-mit121,5,sub-mit121_trial-05,low,1.95
single_class_sensitivity,valence_binary_fixed5,refit,sub-mit121_trial-05_window-024,sub-mit121,5,sub-mit121_trial-05,low,1.95
single_class_sensitivity,valence_binary_fixed5,refit,sub-mit121_trial-05_window-025,sub-mit121,5,sub-mit121_trial-05,low,1.95
single_class_sensitivity,valence_binary_fixed5,refit,sub-mit121_trial-05_window-026,sub-mit121,5,sub-mit121_trial-05,low,1.95
single_class_sensitivity,valence_binary_fixed5,refit,sub-mit121_trial-05_window-027,sub-mit121,5,sub-mit121_trial-05,low,1.95
single_class_sensitivity,valence_binary_fixed5,refit,sub-mit121_trial-05_window-028,sub-mit121,5,sub-mit121_trial-05,low,1.95
single_class_sensitivity,valence_binary_fixed5,refit,sub-mit121_trial-05_window-029,sub-mit121,5,sub-mit121_trial-05,low,1.95
single_class_sensitivity,valence_binary_fixed5,refit,sub-mit121_trial-06_window-003,sub-mit121,6,sub-mit121_trial-06,high,5.27
single_class_sensitivity,valence_binary_fixed5,refit,sub-mit121_trial-06_window-004,sub-mit121,6,sub-mit121_trial-06,high,5.27
single_class_sensitivity,valence_binary_fixed5,refit,sub-mit121_trial-06_window-008,sub-mit121,6,sub-mit121_trial-06,high,5.27
single_class_sensitivity,valence_binary_fixed5,refit,sub-mit121_trial-06_window-009,sub-mit121,6,sub-mit121_trial-06,high,5.27
single_class_sensitivity,valence_binary_fixed5,refit,sub-mit121_trial-06_window-010,sub-mit121,6,sub-mit121_trial-06,high,5.27
single_class_sensitivity,valence_binary_fixed5,refit,sub-mit121_trial-06_window-011,sub-mit121,6,sub-mit121_trial-06,high,5.27
single_class_sensitivity,valence_binary_fixed5,refit,sub-mit121_trial-06_window-012,sub-mit121,6,sub-mit121_trial-06,high,5.27
single_class_sensitivity,valence_binary_fixed5,refit,sub-mit121_trial-06_window-013,sub-mit121,6,sub-mit121_trial-06,high,5.27
single_class_sensitivity,valence_binary_fixed5,refit,sub-mit121_trial-06_window-014,sub-mit121,6,sub-mit121_trial-06,high,5.27
single_class_sensitivity,valence_binary_fixed5,refit,sub-mit121_trial-06_window-015,sub-mit121,6,sub-mit121_trial-06,high,5.27
single_class_sensitivity,valence_binary_fixed5,refit,sub-mit121_trial-06_window-016,sub-mit121,6,sub-mit121_trial-06,high,5.27
single_class_sensitivity,valence_binary_fixed5,refit,sub-mit121_trial-06_window-017,sub-mit121,6,sub-mit121_trial-06,high,5.27
single_class_sensitivity,valence_binary_fixed5,refit,sub-mit121_trial-06_window-018,sub-mit121,6,sub-mit121_trial-06,high,5.27
single_class_sensitivity,valence_binary_fixed5,refit,sub-mit121_trial-06_window-019,sub-mit121,6,sub-mit121_trial-06,high,5.27
single_class_sensitivity,valence_binary_fixed5,refit,sub-mit121_trial-06_window-020,sub-mit121,6,sub-mit121_trial-06,high,5.27
single_class_sensitivity,valence_binary_fixed5,refit,sub-mit121_trial-06_window-021,sub-mit121,6,sub-mit121_trial-06,high,5.27
single_class_sensitivity,valence_binary_fixed5,refit,sub-mit121_trial-06_window-022,sub-mit121,6,sub-mit121_trial-06,high,5.27
single_class_sensitivity,valence_binary_fixed5,refit,sub-mit121_trial-06_window-023,sub-mit121,6,sub-mit121_trial-06,high,5.27
single_class_sensitivity,valence_binary_fixed5,refit,sub-mit121_trial-06_window-024,sub-mit121,6,sub-mit121_trial-06,high,5.27
single_class_sensitivity,valence_binary_fixed5,refit,sub-mit121_trial-06_window-025,sub-mit121,6,sub-mit121_trial-06,high,5.27
single_class_sensitivity,valence_binary_fixed5,refit,sub-mit121_trial-06_window-026,sub-mit121,6,sub-mit121_trial-06,high,5.27
single_class_sensitivity,valence_binary_fixed5,refit,sub-mit121_trial-06_window-027,sub-mit121,6,sub-mit121_trial-06,high,5.27
single_class_sensitivity,valence_binary_fixed5,refit,sub-mit121_trial-06_window-028,sub-mit121,6,sub-mit121_trial-06,high,5.27
single_class_sensitivity,valence_binary_fixed5,refit,sub-mit121_trial-06_window-029,sub-mit121,6,sub-mit121_trial-06,high,5.27
single_class_sensitivity,valence_binary_fixed5,refit,sub-mit121_trial-07_window-001,sub-mit121,7,sub-mit121_trial-07,low,2.03
single_class_sensitivity,valence_binary_fixed5,refit,sub-mit121_trial-07_window-005,sub-mit121,7,sub-mit121_trial-07,low,2.03
single_class_sensitivity,valence_binary_fixed5,refit,sub-mit121_trial-07_window-006,sub-mit121,7,sub-mit121_trial-07,low,2.03
single_class_sensitivity,valence_binary_fixed5,refit,sub-mit121_trial-07_window-007,sub-mit121,7,sub-mit121_trial-07,low,2.03
single_class_sensitivity,valence_binary_fixed5,refit,sub-mit121_trial-07_window-008,sub-mit121,7,sub-mit121_trial-07,low,2.03
single_class_sensitivity,valence_binary_fixed5,refit,sub-mit121_trial-07_window-009,sub-mit121,7,sub-mit121_trial-07,low,2.03
single_class_sensitivity,valence_binary_fixed5,refit,sub-mit121_trial-07_window-010,sub-mit121,7,sub-mit121_trial-07,low,2.03
single_class_sensitivity,valence_binary_fixed5,refit,sub-mit121_trial-07_window-011,sub-mit121,7,sub-mit121_trial-07,low,2.03
single_class_sensitivity,valence_binary_fixed5,refit,sub-mit121_trial-07_window-012,sub-mit121,7,sub-mit121_trial-07,low,2.03
single_class_sensitivity,valence_binary_fixed5,refit,sub-mit121_trial-07_window-013,sub-mit121,7,sub-mit121_trial-07,low,2.03
single_class_sensitivity,valence_binary_fixed5,refit,sub-mit121_trial-07_window-014,sub-mit121,7,sub-mit121_trial-07,low,2.03
single_class_sensitivity,valence_binary_fixed5,refit,sub-mit121_trial-07_window-015,sub-mit121,7,sub-mit121_trial-07,low,2.03
single_class_sensitivity,valence_binary_fixed5,refit,sub-mit121_trial-07_window-016,sub-mit121,7,sub-mit121_trial-07,low,2.03
single_class_sensitivity,valence_binary_fixed5,refit,sub-mit121_trial-07_window-019,sub-mit121,7,sub-mit121_trial-07,low,2.03
single_class_sensitivity,valence_binary_fixed5,refit,sub-mit121_trial-07_window-020,sub-mit121,7,sub-mit121_trial-07,low,2.03
single_class_sensitivity,valence_binary_fixed5,refit,sub-mit121_trial-07_window-021,sub-mit121,7,sub-mit121_trial-07,low,2.03
single_class_sensitivity,valence_binary_fixed5,refit,sub-mit121_trial-07_window-022,sub-mit121,7,sub-mit121_trial-07,low,2.03
single_class_sensitivity,valence_binary_fixed5,refit,sub-mit121_trial-07_window-023,sub-mit121,7,sub-mit121_trial-07,low,2.03
single_class_sensitivity,valence_binary_fixed5,refit,sub-mit121_trial-07_window-024,sub-mit121,7,sub-mit121_trial-07,low,2.03
single_class_sensitivity,valence_binary_fixed5,refit,sub-mit121_trial-07_window-025,sub-mit121,7,sub-mit121_trial-07,low,2.03
single_class_sensitivity,valence_binary_fixed5,refit,sub-mit121_trial-07_window-028,sub-mit121,7,sub-mit121_trial-07,low,2.03
single_class_sensitivity,valence_binary_fixed5,refit,sub-mit121_trial-07_window-029,sub-mit121,7,sub-mit121_trial-07,low,2.03
single_class_sensitivity,valence_binary_fixed5,refit,sub-mit121_trial-08_window-001,sub-mit121,8,sub-mit121_trial-08,high,7.91
single_class_sensitivity,valence_binary_fixed5,refit,sub-mit121_trial-08_window-002,sub-mit121,8,sub-mit121_trial-08,high,7.91
single_class_sensitivity,valence_binary_fixed5,refit,sub-mit121_trial-08_window-005,sub-mit121,8,sub-mit121_trial-08,high,7.91
single_class_sensitivity,valence_binary_fixed5,refit,sub-mit121_trial-08_window-006,sub-mit121,8,sub-mit121_trial-08,high,7.91
single_class_sensitivity,valence_binary_fixed5,refit,sub-mit121_trial-08_window-009,sub-mit121,8,sub-mit121_trial-08,high,7.91
single_class_sensitivity,valence_binary_fixed5,refit,sub-mit121_trial-08_window-010,sub-mit121,8,sub-mit121_trial-08,high,7.91
single_class_sensitivity,valence_binary_fixed5,refit,sub-mit121_trial-08_window-011,sub-mit121,8,sub-mit121_trial-08,high,7.91
single_class_sensitivity,valence_binary_fixed5,refit,sub-mit121_trial-08_window-012,sub-mit121,8,sub-mit121_trial-08,high,7.91
single_class_sensitivity,valence_binary_fixed5,refit,sub-mit121_trial-08_window-013,sub-mit121,8,sub-mit121_trial-08,high,7.91
single_class_sensitivity,valence_binary_fixed5,refit,sub-mit121_trial-08_window-014,sub-mit121,8,sub-mit121_trial-08,high,7.91
single_class_sensitivity,valence_binary_fixed5,refit,sub-mit121_trial-08_window-015,sub-mit121,8,sub-mit121_trial-08,high,7.91
single_class_sensitivity,valence_binary_fixed5,refit,sub-mit121_trial-08_window-016,sub-mit121,8,sub-mit121_trial-08,high,7.91
single_class_sensitivity,valence_binary_fixed5,refit,sub-mit121_trial-08_window-017,sub-mit121,8,sub-mit121_trial-08,high,7.91
single_class_sensitivity,valence_binary_fixed5,refit,sub-mit121_trial-08_window-018,sub-mit121,8,sub-mit121_trial-08,high,7.91
single_class_sensitivity,valence_binary_fixed5,refit,sub-mit121_trial-08_window-019,sub-mit121,8,sub-mit121_trial-08,high,7.91
single_class_sensitivity,valence_binary_fixed5,refit,sub-mit121_trial-08_window-020,sub-mit121,8,sub-mit121_trial-08,high,7.91
single_class_sensitivity,valence_binary_fixed5,refit,sub-mit121_trial-08_window-021,sub-mit121,8,sub-mit121_trial-08,high,7.91
single_class_sensitivity,valence_binary_fixed5,refit,sub-mit121_trial-08_window-022,sub-mit121,8,sub-mit121_trial-08,high,7.91
single_class_sensitivity,valence_binary_fixed5,refit,sub-mit121_trial-08_window-023,sub-mit121,8,sub-mit121_trial-08,high,7.91
single_class_sensitivity,valence_binary_fixed5,refit,sub-mit121_trial-08_window-024,sub-mit121,8,sub-mit121_trial-08,high,7.91
single_class_sensitivity,valence_binary_fixed5,refit,sub-mit121_trial-08_window-025,sub-mit121,8,sub-mit121_trial-08,high,7.91
single_class_sensitivity,valence_binary_fixed5,refit,sub-mit121_trial-08_window-026,sub-mit121,8,sub-mit121_trial-08,high,7.91
single_class_sensitivity,valence_binary_fixed5,refit,sub-mit121_trial-08_window-027,sub-mit121,8,sub-mit121_trial-08,high,7.91
single_class_sensitivity,valence_binary_fixed5,refit,sub-mit121_trial-08_window-028,sub-mit121,8,sub-mit121_trial-08,high,7.91
single_class_sensitivity,valence_binary_fixed5,refit,sub-mit121_trial-08_window-029,sub-mit121,8,sub-mit121_trial-08,high,7.91
single_class_sensitivity,valence_binary_fixed5,refit,sub-mit121_trial-09_window-001,sub-mit121,9,sub-mit121_trial-09,low,1.55
single_class_sensitivity,valence_binary_fixed5,refit,sub-mit121_trial-09_window-002,sub-mit121,9,sub-mit121_trial-09,low,1.55
single_class_sensitivity,valence_binary_fixed5,refit,sub-mit121_trial-09_window-004,sub-mit121,9,sub-mit121_trial-09,low,1.55
single_class_sensitivity,valence_binary_fixed5,refit,sub-mit121_trial-09_window-005,sub-mit121,9,sub-mit121_trial-09,low,1.55
single_class_sensitivity,valence_binary_fixed5,refit,sub-mit121_trial-09_window-006,sub-mit121,9,sub-mit121_trial-09,low,1.55
single_class_sensitivity,valence_binary_fixed5,refit,sub-mit121_trial-09_window-007,sub-mit121,9,sub-mit121_trial-09,low,1.55
single_class_sensitivity,valence_binary_fixed5,refit,sub-mit121_trial-09_window-008,sub-mit121,9,sub-mit121_trial-09,low,1.55
single_class_sensitivity,valence_binary_fixed5,refit,sub-mit121_trial-09_window-009,sub-mit121,9,sub-mit121_trial-09,low,1.55
single_class_sensitivity,valence_binary_fixed5,refit,sub-mit121_trial-09_window-010,sub-mit121,9,sub-mit121_trial-09,low,1.55
single_class_sensitivity,valence_binary_fixed5,refit,sub-mit121_trial-09_window-011,sub-mit121,9,sub-mit121_trial-09,low,1.55
single_class_sensitivity,valence_binary_fixed5,refit,sub-mit121_trial-09_window-012,sub-mit121,9,sub-mit121_trial-09,low,1.55
single_class_sensitivity,valence_binary_fixed5,refit,sub-mit121_trial-09_window-013,sub-mit121,9,sub-mit121_trial-09,low,1.55
single_class_sensitivity,valence_binary_fixed5,refit,sub-mit121_trial-09_window-014,sub-mit121,9,sub-mit121_trial-09,low,1.55
single_class_sensitivity,valence_binary_fixed5,refit,sub-mit121_trial-09_window-015,sub-mit121,9,sub-mit121_trial-09,low,1.55
single_class_sensitivity,valence_binary_fixed5,refit,sub-mit121_trial-09_window-016,sub-mit121,9,sub-mit121_trial-09,low,1.55
single_class_sensitivity,valence_binary_fixed5,refit,sub-mit121_trial-09_window-017,sub-mit121,9,sub-mit121_trial-09,low,1.55
single_class_sensitivity,valence_binary_fixed5,refit,sub-mit121_trial-09_window-020,sub-mit121,9,sub-mit121_trial-09,low,1.55
single_class_sensitivity,valence_binary_fixed5,refit,sub-mit121_trial-09_window-021,sub-mit121,9,sub-mit121_trial-09,low,1.55
single_class_sensitivity,valence_binary_fixed5,refit,sub-mit121_trial-09_window-022,sub-mit121,9,sub-mit121_trial-09,low,1.55
single_class_sensitivity,valence_binary_fixed5,refit,sub-mit121_trial-09_window-023,sub-mit121,9,sub-mit121_trial-09,low,1.55
single_class_sensitivity,valence_binary_fixed5,refit,sub-mit121_trial-09_window-024,sub-mit121,9,sub-mit121_trial-09,low,1.55
single_class_sensitivity,valence_binary_fixed5,refit,sub-mit121_trial-09_window-025,sub-mit121,9,sub-mit121_trial-09,low,1.55
single_class_sensitivity,valence_binary_fixed5,refit,sub-mit121_trial-09_window-026,sub-mit121,9,sub-mit121_trial-09,low,1.55
single_class_sensitivity,valence_binary_fixed5,refit,sub-mit121_trial-09_window-027,sub-mit121,9,sub-mit121_trial-09,low,1.55
single_class_sensitivity,valence_binary_fixed5,refit,sub-mit121_trial-09_window-028,sub-mit121,9,sub-mit121_trial-09,low,1.55
single_class_sensitivity,valence_binary_fixed5,refit,sub-mit121_trial-09_window-029,sub-mit121,9,sub-mit121_trial-09,low,1.55
single_class_sensitivity,valence_binary_fixed5,refit,sub-mit121_trial-10_window-001,sub-mit121,10,sub-mit121_trial-10,low,2.07
single_class_sensitivity,valence_binary_fixed5,refit,sub-mit121_trial-10_window-002,sub-mit121,10,sub-mit121_trial-10,low,2.07
single_class_sensitivity,valence_binary_fixed5,refit,sub-mit121_trial-10_window-003,sub-mit121,10,sub-mit121_trial-10,low,2.07
single_class_sensitivity,valence_binary_fixed5,refit,sub-mit121_trial-10_window-004,sub-mit121,10,sub-mit121_trial-10,low,2.07
single_class_sensitivity,valence_binary_fixed5,refit,sub-mit121_trial-10_window-005,sub-mit121,10,sub-mit121_trial-10,low,2.07
single_class_sensitivity,valence_binary_fixed5,refit,sub-mit121_trial-10_window-006,sub-mit121,10,sub-mit121_trial-10,low,2.07
single_class_sensitivity,valence_binary_fixed5,refit,sub-mit121_trial-10_window-007,sub-mit121,10,sub-mit121_trial-10,low,2.07
single_class_sensitivity,valence_binary_fixed5,refit,sub-mit121_trial-10_window-008,sub-mit121,10,sub-mit121_trial-10,low,2.07
single_class_sensitivity,valence_binary_fixed5,refit,sub-mit121_trial-10_window-009,sub-mit121,10,sub-mit121_trial-10,low,2.07
single_class_sensitivity,valence_binary_fixed5,refit,sub-mit121_trial-10_window-010,sub-mit121,10,sub-mit121_trial-10,low,2.07
single_class_sensitivity,valence_binary_fixed5,refit,sub-mit121_trial-10_window-011,sub-mit121,10,sub-mit121_trial-10,low,2.07
single_class_sensitivity,valence_binary_fixed5,refit,sub-mit121_trial-10_window-012,sub-mit121,10,sub-mit121_trial-10,low,2.07
single_class_sensitivity,valence_binary_fixed5,refit,sub-mit121_trial-10_window-015,sub-mit121,10,sub-mit121_trial-10,low,2.07
single_class_sensitivity,valence_binary_fixed5,refit,sub-mit121_trial-10_window-016,sub-mit121,10,sub-mit121_trial-10,low,2.07
single_class_sensitivity,valence_binary_fixed5,refit,sub-mit121_trial-10_window-017,sub-mit121,10,sub-mit121_trial-10,low,2.07
single_class_sensitivity,valence_binary_fixed5,refit,sub-mit121_trial-10_window-018,sub-mit121,10,sub-mit121_trial-10,low,2.07
single_class_sensitivity,valence_binary_fixed5,refit,sub-mit121_trial-10_window-019,sub-mit121,10,sub-mit121_trial-10,low,2.07
single_class_sensitivity,valence_binary_fixed5,refit,sub-mit121_trial-10_window-020,sub-mit121,10,sub-mit121_trial-10,low,2.07
single_class_sensitivity,valence_binary_fixed5,refit,sub-mit121_trial-10_window-021,sub-mit121,10,sub-mit121_trial-10,low,2.07
single_class_sensitivity,valence_binary_fixed5,refit,sub-mit121_trial-10_window-022,sub-mit121,10,sub-mit121_trial-10,low,2.07
single_class_sensitivity,valence_binary_fixed5,refit,sub-mit121_trial-10_window-023,sub-mit121,10,sub-mit121_trial-10,low,2.07
single_class_sensitivity,valence_binary_fixed5,refit,sub-mit121_trial-10_window-024,sub-mit121,10,sub-mit121_trial-10,low,2.07
single_class_sensitivity,valence_binary_fixed5,refit,sub-mit121_trial-10_window-025,sub-mit121,10,sub-mit121_trial-10,low,2.07
single_class_sensitivity,valence_binary_fixed5,refit,sub-mit121_trial-10_window-026,sub-mit121,10,sub-mit121_trial-10,low,2.07
single_class_sensitivity,valence_binary_fixed5,refit,sub-mit121_trial-10_window-027,sub-mit121,10,sub-mit121_trial-10,low,2.07
single_class_sensitivity,valence_binary_fixed5,refit,sub-mit121_trial-10_window-028,sub-mit121,10,sub-mit121_trial-10,low,2.07
single_class_sensitivity,valence_binary_fixed5,refit,sub-mit121_trial-10_window-029,sub-mit121,10,sub-mit121_trial-10,low,2.07
single_class_sensitivity,valence_binary_fixed5,refit,sub-mit121_trial-11_window-001,sub-mit121,11,sub-mit121_trial-11,high,5.96
single_class_sensitivity,valence_binary_fixed5,refit,sub-mit121_trial-11_window-002,sub-mit121,11,sub-mit121_trial-11,high,5.96
single_class_sensitivity,valence_binary_fixed5,refit,sub-mit121_trial-11_window-003,sub-mit121,11,sub-mit121_trial-11,high,5.96
single_class_sensitivity,valence_binary_fixed5,refit,sub-mit121_trial-11_window-004,sub-mit121,11,sub-mit121_trial-11,high,5.96
single_class_sensitivity,valence_binary_fixed5,refit,sub-mit121_trial-11_window-006,sub-mit121,11,sub-mit121_trial-11,high,5.96
single_class_sensitivity,valence_binary_fixed5,refit,sub-mit121_trial-11_window-009,sub-mit121,11,sub-mit121_trial-11,high,5.96
single_class_sensitivity,valence_binary_fixed5,refit,sub-mit121_trial-11_window-010,sub-mit121,11,sub-mit121_trial-11,high,5.96
single_class_sensitivity,valence_binary_fixed5,refit,sub-mit121_trial-11_window-011,sub-mit121,11,sub-mit121_trial-11,high,5.96
single_class_sensitivity,valence_binary_fixed5,refit,sub-mit121_trial-11_window-012,sub-mit121,11,sub-mit121_trial-11,high,5.96
single_class_sensitivity,valence_binary_fixed5,refit,sub-mit121_trial-11_window-013,sub-mit121,11,sub-mit121_trial-11,high,5.96
single_class_sensitivity,valence_binary_fixed5,refit,sub-mit121_trial-11_window-014,sub-mit121,11,sub-mit121_trial-11,high,5.96
single_class_sensitivity,valence_binary_fixed5,refit,sub-mit121_trial-11_window-015,sub-mit121,11,sub-mit121_trial-11,high,5.96
single_class_sensitivity,valence_binary_fixed5,refit,sub-mit121_trial-11_window-016,sub-mit121,11,sub-mit121_trial-11,high,5.96
single_class_sensitivity,valence_binary_fixed5,refit,sub-mit121_trial-11_window-017,sub-mit121,11,sub-mit121_trial-11,high,5.96
single_class_sensitivity,valence_binary_fixed5,refit,sub-mit121_trial-11_window-018,sub-mit121,11,sub-mit121_trial-11,high,5.96
single_class_sensitivity,valence_binary_fixed5,refit,sub-mit121_trial-11_window-019,sub-mit121,11,sub-mit121_trial-11,high,5.96
single_class_sensitivity,valence_binary_fixed5,refit,sub-mit121_trial-11_window-020,sub-mit121,11,sub-mit121_trial-11,high,5.96
single_class_sensitivity,valence_binary_fixed5,refit,sub-mit121_trial-11_window-023,sub-mit121,11,sub-mit121_trial-11,high,5.96
single_class_sensitivity,valence_binary_fixed5,refit,sub-mit121_trial-11_window-024,sub-mit121,11,sub-mit121_trial-11,high,5.96
single_class_sensitivity,valence_binary_fixed5,refit,sub-mit121_trial-11_window-025,sub-mit121,11,sub-mit121_trial-11,high,5.96
single_class_sensitivity,valence_binary_fixed5,refit,sub-mit121_trial-11_window-026,sub-mit121,11,sub-mit121_trial-11,high,5.96
single_class_sensitivity,valence_binary_fixed5,refit,sub-mit121_trial-11_window-029,sub-mit121,11,sub-mit121_trial-11,high,5.96
single_class_sensitivity,valence_binary_fixed5,refit,sub-mit123_trial-01_window-001,sub-mit123,1,sub-mit123_trial-01,high,5.81
single_class_sensitivity,valence_binary_fixed5,refit,sub-mit123_trial-01_window-002,sub-mit123,1,sub-mit123_trial-01,high,5.81
single_class_sensitivity,valence_binary_fixed5,refit,sub-mit123_trial-01_window-003,sub-mit123,1,sub-mit123_trial-01,high,5.81
single_class_sensitivity,valence_binary_fixed5,refit,sub-mit123_trial-01_window-004,sub-mit123,1,sub-mit123_trial-01,high,5.81
single_class_sensitivity,valence_binary_fixed5,refit,sub-mit123_trial-01_window-005,sub-mit123,1,sub-mit123_trial-01,high,5.81
single_class_sensitivity,valence_binary_fixed5,refit,sub-mit123_trial-01_window-006,sub-mit123,1,sub-mit123_trial-01,high,5.81
single_class_sensitivity,valence_binary_fixed5,refit,sub-mit123_trial-01_window-007,sub-mit123,1,sub-mit123_trial-01,high,5.81
single_class_sensitivity,valence_binary_fixed5,refit,sub-mit123_trial-01_window-010,sub-mit123,1,sub-mit123_trial-01,high,5.81
single_class_sensitivity,valence_binary_fixed5,refit,sub-mit123_trial-01_window-013,sub-mit123,1,sub-mit123_trial-01,high,5.81
single_class_sensitivity,valence_binary_fixed5,refit,sub-mit123_trial-01_window-014,sub-mit123,1,sub-mit123_trial-01,high,5.81
single_class_sensitivity,valence_binary_fixed5,refit,sub-mit123_trial-01_window-015,sub-mit123,1,sub-mit123_trial-01,high,5.81
single_class_sensitivity,valence_binary_fixed5,refit,sub-mit123_trial-01_window-016,sub-mit123,1,sub-mit123_trial-01,high,5.81
single_class_sensitivity,valence_binary_fixed5,refit,sub-mit123_trial-01_window-018,sub-mit123,1,sub-mit123_trial-01,high,5.81
single_class_sensitivity,valence_binary_fixed5,refit,sub-mit123_trial-01_window-019,sub-mit123,1,sub-mit123_trial-01,high,5.81
single_class_sensitivity,valence_binary_fixed5,refit,sub-mit123_trial-01_window-021,sub-mit123,1,sub-mit123_trial-01,high,5.81
single_class_sensitivity,valence_binary_fixed5,refit,sub-mit123_trial-01_window-022,sub-mit123,1,sub-mit123_trial-01,high,5.81
single_class_sensitivity,valence_binary_fixed5,refit,sub-mit123_trial-01_window-024,sub-mit123,1,sub-mit123_trial-01,high,5.81
single_class_sensitivity,valence_binary_fixed5,refit,sub-mit123_trial-01_window-025,sub-mit123,1,sub-mit123_trial-01,high,5.81
single_class_sensitivity,valence_binary_fixed5,refit,sub-mit123_trial-01_window-026,sub-mit123,1,sub-mit123_trial-01,high,5.81
single_class_sensitivity,valence_binary_fixed5,refit,sub-mit123_trial-01_window-028,sub-mit123,1,sub-mit123_trial-01,high,5.81
single_class_sensitivity,valence_binary_fixed5,refit,sub-mit123_trial-01_window-029,sub-mit123,1,sub-mit123_trial-01,high,5.81
single_class_sensitivity,valence_binary_fixed5,refit,sub-mit123_trial-02_window-001,sub-mit123,2,sub-mit123_trial-02,low,1.1
single_class_sensitivity,valence_binary_fixed5,refit,sub-mit123_trial-02_window-002,sub-mit123,2,sub-mit123_trial-02,low,1.1
single_class_sensitivity,valence_binary_fixed5,refit,sub-mit123_trial-02_window-003,sub-mit123,2,sub-mit123_trial-02,low,1.1
single_class_sensitivity,valence_binary_fixed5,refit,sub-mit123_trial-02_window-004,sub-mit123,2,sub-mit123_trial-02,low,1.1
single_class_sensitivity,valence_binary_fixed5,refit,sub-mit123_trial-02_window-005,sub-mit123,2,sub-mit123_trial-02,low,1.1
single_class_sensitivity,valence_binary_fixed5,refit,sub-mit123_trial-02_window-006,sub-mit123,2,sub-mit123_trial-02,low,1.1
single_class_sensitivity,valence_binary_fixed5,refit,sub-mit123_trial-02_window-007,sub-mit123,2,sub-mit123_trial-02,low,1.1
single_class_sensitivity,valence_binary_fixed5,refit,sub-mit123_trial-02_window-008,sub-mit123,2,sub-mit123_trial-02,low,1.1
single_class_sensitivity,valence_binary_fixed5,refit,sub-mit123_trial-02_window-009,sub-mit123,2,sub-mit123_trial-02,low,1.1
single_class_sensitivity,valence_binary_fixed5,refit,sub-mit123_trial-02_window-010,sub-mit123,2,sub-mit123_trial-02,low,1.1
single_class_sensitivity,valence_binary_fixed5,refit,sub-mit123_trial-02_window-011,sub-mit123,2,sub-mit123_trial-02,low,1.1
single_class_sensitivity,valence_binary_fixed5,refit,sub-mit123_trial-02_window-013,sub-mit123,2,sub-mit123_trial-02,low,1.1
single_class_sensitivity,valence_binary_fixed5,refit,sub-mit123_trial-02_window-014,sub-mit123,2,sub-mit123_trial-02,low,1.1
single_class_sensitivity,valence_binary_fixed5,refit,sub-mit123_trial-02_window-015,sub-mit123,2,sub-mit123_trial-02,low,1.1
single_class_sensitivity,valence_binary_fixed5,refit,sub-mit123_trial-02_window-016,sub-mit123,2,sub-mit123_trial-02,low,1.1
single_class_sensitivity,valence_binary_fixed5,refit,sub-mit123_trial-02_window-017,sub-mit123,2,sub-mit123_trial-02,low,1.1
single_class_sensitivity,valence_binary_fixed5,refit,sub-mit123_trial-02_window-018,sub-mit123,2,sub-mit123_trial-02,low,1.1
single_class_sensitivity,valence_binary_fixed5,refit,sub-mit123_trial-02_window-019,sub-mit123,2,sub-mit123_trial-02,low,1.1
single_class_sensitivity,valence_binary_fixed5,refit,sub-mit123_trial-02_window-020,sub-mit123,2,sub-mit123_trial-02,low,1.1
single_class_sensitivity,valence_binary_fixed5,refit,sub-mit123_trial-02_window-021,sub-mit123,2,sub-mit123_trial-02,low,1.1
single_class_sensitivity,valence_binary_fixed5,refit,sub-mit123_trial-02_window-022,sub-mit123,2,sub-mit123_trial-02,low,1.1
single_class_sensitivity,valence_binary_fixed5,refit,sub-mit123_trial-02_window-023,sub-mit123,2,sub-mit123_trial-02,low,1.1
single_class_sensitivity,valence_binary_fixed5,refit,sub-mit123_trial-02_window-024,sub-mit123,2,sub-mit123_trial-02,low,1.1
single_class_sensitivity,valence_binary_fixed5,refit,sub-mit123_trial-02_window-025,sub-mit123,2,sub-mit123_trial-02,low,1.1
single_class_sensitivity,valence_binary_fixed5,refit,sub-mit123_trial-02_window-028,sub-mit123,2,sub-mit123_trial-02,low,1.1
single_class_sensitivity,valence_binary_fixed5,refit,sub-mit123_trial-02_window-029,sub-mit123,2,sub-mit123_trial-02,low,1.1
single_class_sensitivity,valence_binary_fixed5,refit,sub-mit123_trial-03_window-001,sub-mit123,3,sub-mit123_trial-03,high,7.04
single_class_sensitivity,valence_binary_fixed5,refit,sub-mit123_trial-03_window-002,sub-mit123,3,sub-mit123_trial-03,high,7.04
single_class_sensitivity,valence_binary_fixed5,refit,sub-mit123_trial-03_window-004,sub-mit123,3,sub-mit123_trial-03,high,7.04
single_class_sensitivity,valence_binary_fixed5,refit,sub-mit123_trial-03_window-005,sub-mit123,3,sub-mit123_trial-03,high,7.04
single_class_sensitivity,valence_binary_fixed5,refit,sub-mit123_trial-03_window-006,sub-mit123,3,sub-mit123_trial-03,high,7.04
single_class_sensitivity,valence_binary_fixed5,refit,sub-mit123_trial-03_window-007,sub-mit123,3,sub-mit123_trial-03,high,7.04
single_class_sensitivity,valence_binary_fixed5,refit,sub-mit123_trial-03_window-008,sub-mit123,3,sub-mit123_trial-03,high,7.04
single_class_sensitivity,valence_binary_fixed5,refit,sub-mit123_trial-03_window-009,sub-mit123,3,sub-mit123_trial-03,high,7.04
single_class_sensitivity,valence_binary_fixed5,refit,sub-mit123_trial-03_window-010,sub-mit123,3,sub-mit123_trial-03,high,7.04
single_class_sensitivity,valence_binary_fixed5,refit,sub-mit123_trial-03_window-014,sub-mit123,3,sub-mit123_trial-03,high,7.04
single_class_sensitivity,valence_binary_fixed5,refit,sub-mit123_trial-03_window-015,sub-mit123,3,sub-mit123_trial-03,high,7.04
single_class_sensitivity,valence_binary_fixed5,refit,sub-mit123_trial-03_window-016,sub-mit123,3,sub-mit123_trial-03,high,7.04
single_class_sensitivity,valence_binary_fixed5,refit,sub-mit123_trial-03_window-017,sub-mit123,3,sub-mit123_trial-03,high,7.04
single_class_sensitivity,valence_binary_fixed5,refit,sub-mit123_trial-03_window-018,sub-mit123,3,sub-mit123_trial-03,high,7.04
single_class_sensitivity,valence_binary_fixed5,refit,sub-mit123_trial-03_window-019,sub-mit123,3,sub-mit123_trial-03,high,7.04
single_class_sensitivity,valence_binary_fixed5,refit,sub-mit123_trial-03_window-020,sub-mit123,3,sub-mit123_trial-03,high,7.04
single_class_sensitivity,valence_binary_fixed5,refit,sub-mit123_trial-03_window-022,sub-mit123,3,sub-mit123_trial-03,high,7.04
single_class_sensitivity,valence_binary_fixed5,refit,sub-mit123_trial-03_window-023,sub-mit123,3,sub-mit123_trial-03,high,7.04
single_class_sensitivity,valence_binary_fixed5,refit,sub-mit123_trial-03_window-024,sub-mit123,3,sub-mit123_trial-03,high,7.04
single_class_sensitivity,valence_binary_fixed5,refit,sub-mit123_trial-03_window-025,sub-mit123,3,sub-mit123_trial-03,high,7.04
single_class_sensitivity,valence_binary_fixed5,refit,sub-mit123_trial-03_window-027,sub-mit123,3,sub-mit123_trial-03,high,7.04
single_class_sensitivity,valence_binary_fixed5,refit,sub-mit123_trial-03_window-029,sub-mit123,3,sub-mit123_trial-03,high,7.04
single_class_sensitivity,valence_binary_fixed5,refit,sub-mit123_trial-04_window-002,sub-mit123,4,sub-mit123_trial-04,low,1.08
single_class_sensitivity,valence_binary_fixed5,refit,sub-mit123_trial-04_window-003,sub-mit123,4,sub-mit123_trial-04,low,1.08
single_class_sensitivity,valence_binary_fixed5,refit,sub-mit123_trial-04_window-004,sub-mit123,4,sub-mit123_trial-04,low,1.08
single_class_sensitivity,valence_binary_fixed5,refit,sub-mit123_trial-04_window-005,sub-mit123,4,sub-mit123_trial-04,low,1.08
single_class_sensitivity,valence_binary_fixed5,refit,sub-mit123_trial-04_window-006,sub-mit123,4,sub-mit123_trial-04,low,1.08
single_class_sensitivity,valence_binary_fixed5,refit,sub-mit123_trial-04_window-007,sub-mit123,4,sub-mit123_trial-04,low,1.08
single_class_sensitivity,valence_binary_fixed5,refit,sub-mit123_trial-04_window-008,sub-mit123,4,sub-mit123_trial-04,low,1.08
single_class_sensitivity,valence_binary_fixed5,refit,sub-mit123_trial-04_window-009,sub-mit123,4,sub-mit123_trial-04,low,1.08
single_class_sensitivity,valence_binary_fixed5,refit,sub-mit123_trial-04_window-010,sub-mit123,4,sub-mit123_trial-04,low,1.08
single_class_sensitivity,valence_binary_fixed5,refit,sub-mit123_trial-04_window-011,sub-mit123,4,sub-mit123_trial-04,low,1.08
single_class_sensitivity,valence_binary_fixed5,refit,sub-mit123_trial-04_window-012,sub-mit123,4,sub-mit123_trial-04,low,1.08
single_class_sensitivity,valence_binary_fixed5,refit,sub-mit123_trial-04_window-013,sub-mit123,4,sub-mit123_trial-04,low,1.08
single_class_sensitivity,valence_binary_fixed5,refit,sub-mit123_trial-04_window-014,sub-mit123,4,sub-mit123_trial-04,low,1.08
single_class_sensitivity,valence_binary_fixed5,refit,sub-mit123_trial-04_window-015,sub-mit123,4,sub-mit123_trial-04,low,1.08
single_class_sensitivity,valence_binary_fixed5,refit,sub-mit123_trial-04_window-016,sub-mit123,4,sub-mit123_trial-04,low,1.08
single_class_sensitivity,valence_binary_fixed5,refit,sub-mit123_trial-04_window-017,sub-mit123,4,sub-mit123_trial-04,low,1.08
single_class_sensitivity,valence_binary_fixed5,refit,sub-mit123_trial-04_window-018,sub-mit123,4,sub-mit123_trial-04,low,1.08
single_class_sensitivity,valence_binary_fixed5,refit,sub-mit123_trial-04_window-019,sub-mit123,4,sub-mit123_trial-04,low,1.08
single_class_sensitivity,valence_binary_fixed5,refit,sub-mit123_trial-04_window-020,sub-mit123,4,sub-mit123_trial-04,low,1.08
single_class_sensitivity,valence_binary_fixed5,refit,sub-mit123_trial-04_window-021,sub-mit123,4,sub-mit123_trial-04,low,1.08
single_class_sensitivity,valence_binary_fixed5,refit,sub-mit123_trial-04_window-022,sub-mit123,4,sub-mit123_trial-04,low,1.08
single_class_sensitivity,valence_binary_fixed5,refit,sub-mit123_trial-04_window-023,sub-mit123,4,sub-mit123_trial-04,low,1.08
single_class_sensitivity,valence_binary_fixed5,refit,sub-mit123_trial-04_window-024,sub-mit123,4,sub-mit123_trial-04,low,1.08
single_class_sensitivity,valence_binary_fixed5,refit,sub-mit123_trial-04_window-026,sub-mit123,4,sub-mit123_trial-04,low,1.08
single_class_sensitivity,valence_binary_fixed5,refit,sub-mit123_trial-04_window-027,sub-mit123,4,sub-mit123_trial-04,low,1.08
single_class_sensitivity,valence_binary_fixed5,refit,sub-mit123_trial-04_window-028,sub-mit123,4,sub-mit123_trial-04,low,1.08
single_class_sensitivity,valence_binary_fixed5,refit,sub-mit123_trial-04_window-029,sub-mit123,4,sub-mit123_trial-04,low,1.08
single_class_sensitivity,valence_binary_fixed5,refit,sub-mit123_trial-05_window-003,sub-mit123,5,sub-mit123_trial-05,low,1.0
single_class_sensitivity,valence_binary_fixed5,refit,sub-mit123_trial-05_window-004,sub-mit123,5,sub-mit123_trial-05,low,1.0
single_class_sensitivity,valence_binary_fixed5,refit,sub-mit123_trial-05_window-005,sub-mit123,5,sub-mit123_trial-05,low,1.0
single_class_sensitivity,valence_binary_fixed5,refit,sub-mit123_trial-05_window-006,sub-mit123,5,sub-mit123_trial-05,low,1.0
single_class_sensitivity,valence_binary_fixed5,refit,sub-mit123_trial-05_window-007,sub-mit123,5,sub-mit123_trial-05,low,1.0
single_class_sensitivity,valence_binary_fixed5,refit,sub-mit123_trial-05_window-008,sub-mit123,5,sub-mit123_trial-05,low,1.0
single_class_sensitivity,valence_binary_fixed5,refit,sub-mit123_trial-05_window-009,sub-mit123,5,sub-mit123_trial-05,low,1.0
single_class_sensitivity,valence_binary_fixed5,refit,sub-mit123_trial-05_window-010,sub-mit123,5,sub-mit123_trial-05,low,1.0
single_class_sensitivity,valence_binary_fixed5,refit,sub-mit123_trial-05_window-011,sub-mit123,5,sub-mit123_trial-05,low,1.0
single_class_sensitivity,valence_binary_fixed5,refit,sub-mit123_trial-05_window-012,sub-mit123,5,sub-mit123_trial-05,low,1.0
single_class_sensitivity,valence_binary_fixed5,refit,sub-mit123_trial-05_window-015,sub-mit123,5,sub-mit123_trial-05,low,1.0
single_class_sensitivity,valence_binary_fixed5,refit,sub-mit123_trial-05_window-017,sub-mit123,5,sub-mit123_trial-05,low,1.0
single_class_sensitivity,valence_binary_fixed5,refit,sub-mit123_trial-05_window-018,sub-mit123,5,sub-mit123_trial-05,low,1.0
single_class_sensitivity,valence_binary_fixed5,refit,sub-mit123_trial-05_window-019,sub-mit123,5,sub-mit123_trial-05,low,1.0
single_class_sensitivity,valence_binary_fixed5,refit,sub-mit123_trial-05_window-020,sub-mit123,5,sub-mit123_trial-05,low,1.0
single_class_sensitivity,valence_binary_fixed5,refit,sub-mit123_trial-05_window-021,sub-mit123,5,sub-mit123_trial-05,low,1.0
single_class_sensitivity,valence_binary_fixed5,refit,sub-mit123_trial-05_window-022,sub-mit123,5,sub-mit123_trial-05,low,1.0
single_class_sensitivity,valence_binary_fixed5,refit,sub-mit123_trial-05_window-023,sub-mit123,5,sub-mit123_trial-05,low,1.0
single_class_sensitivity,valence_binary_fixed5,refit,sub-mit123_trial-05_window-024,sub-mit123,5,sub-mit123_trial-05,low,1.0
single_class_sensitivity,valence_binary_fixed5,refit,sub-mit123_trial-05_window-025,sub-mit123,5,sub-mit123_trial-05,low,1.0
single_class_sensitivity,valence_binary_fixed5,refit,sub-mit123_trial-05_window-026,sub-mit123,5,sub-mit123_trial-05,low,1.0
single_class_sensitivity,valence_binary_fixed5,refit,sub-mit123_trial-05_window-029,sub-mit123,5,sub-mit123_trial-05,low,1.0
single_class_sensitivity,valence_binary_fixed5,refit,sub-mit123_trial-07_window-001,sub-mit123,7,sub-mit123_trial-07,low,1.0
single_class_sensitivity,valence_binary_fixed5,refit,sub-mit123_trial-07_window-002,sub-mit123,7,sub-mit123_trial-07,low,1.0
single_class_sensitivity,valence_binary_fixed5,refit,sub-mit123_trial-07_window-003,sub-mit123,7,sub-mit123_trial-07,low,1.0
single_class_sensitivity,valence_binary_fixed5,refit,sub-mit123_trial-07_window-004,sub-mit123,7,sub-mit123_trial-07,low,1.0
single_class_sensitivity,valence_binary_fixed5,refit,sub-mit123_trial-07_window-005,sub-mit123,7,sub-mit123_trial-07,low,1.0
single_class_sensitivity,valence_binary_fixed5,refit,sub-mit123_trial-07_window-006,sub-mit123,7,sub-mit123_trial-07,low,1.0
single_class_sensitivity,valence_binary_fixed5,refit,sub-mit123_trial-07_window-007,sub-mit123,7,sub-mit123_trial-07,low,1.0
single_class_sensitivity,valence_binary_fixed5,refit,sub-mit123_trial-07_window-008,sub-mit123,7,sub-mit123_trial-07,low,1.0
single_class_sensitivity,valence_binary_fixed5,refit,sub-mit123_trial-07_window-009,sub-mit123,7,sub-mit123_trial-07,low,1.0
single_class_sensitivity,valence_binary_fixed5,refit,sub-mit123_trial-07_window-010,sub-mit123,7,sub-mit123_trial-07,low,1.0
single_class_sensitivity,valence_binary_fixed5,refit,sub-mit123_trial-07_window-011,sub-mit123,7,sub-mit123_trial-07,low,1.0
single_class_sensitivity,valence_binary_fixed5,refit,sub-mit123_trial-07_window-012,sub-mit123,7,sub-mit123_trial-07,low,1.0
single_class_sensitivity,valence_binary_fixed5,refit,sub-mit123_trial-07_window-013,sub-mit123,7,sub-mit123_trial-07,low,1.0
single_class_sensitivity,valence_binary_fixed5,refit,sub-mit123_trial-07_window-014,sub-mit123,7,sub-mit123_trial-07,low,1.0
single_class_sensitivity,valence_binary_fixed5,refit,sub-mit123_trial-07_window-015,sub-mit123,7,sub-mit123_trial-07,low,1.0
single_class_sensitivity,valence_binary_fixed5,refit,sub-mit123_trial-07_window-016,sub-mit123,7,sub-mit123_trial-07,low,1.0
single_class_sensitivity,valence_binary_fixed5,refit,sub-mit123_trial-07_window-017,sub-mit123,7,sub-mit123_trial-07,low,1.0
single_class_sensitivity,valence_binary_fixed5,refit,sub-mit123_trial-07_window-020,sub-mit123,7,sub-mit123_trial-07,low,1.0
single_class_sensitivity,valence_binary_fixed5,refit,sub-mit123_trial-07_window-023,sub-mit123,7,sub-mit123_trial-07,low,1.0
single_class_sensitivity,valence_binary_fixed5,refit,sub-mit123_trial-07_window-024,sub-mit123,7,sub-mit123_trial-07,low,1.0
single_class_sensitivity,valence_binary_fixed5,refit,sub-mit123_trial-07_window-025,sub-mit123,7,sub-mit123_trial-07,low,1.0
single_class_sensitivity,valence_binary_fixed5,refit,sub-mit123_trial-07_window-026,sub-mit123,7,sub-mit123_trial-07,low,1.0
single_class_sensitivity,valence_binary_fixed5,refit,sub-mit123_trial-07_window-027,sub-mit123,7,sub-mit123_trial-07,low,1.0
single_class_sensitivity,valence_binary_fixed5,refit,sub-mit123_trial-07_window-028,sub-mit123,7,sub-mit123_trial-07,low,1.0
single_class_sensitivity,valence_binary_fixed5,refit,sub-mit123_trial-07_window-029,sub-mit123,7,sub-mit123_trial-07,low,1.0
single_class_sensitivity,valence_binary_fixed5,refit,sub-mit123_trial-08_window-001,sub-mit123,8,sub-mit123_trial-08,low,1.08
single_class_sensitivity,valence_binary_fixed5,refit,sub-mit123_trial-08_window-002,sub-mit123,8,sub-mit123_trial-08,low,1.08
single_class_sensitivity,valence_binary_fixed5,refit,sub-mit123_trial-08_window-003,sub-mit123,8,sub-mit123_trial-08,low,1.08
single_class_sensitivity,valence_binary_fixed5,refit,sub-mit123_trial-08_window-004,sub-mit123,8,sub-mit123_trial-08,low,1.08
single_class_sensitivity,valence_binary_fixed5,refit,sub-mit123_trial-08_window-005,sub-mit123,8,sub-mit123_trial-08,low,1.08
single_class_sensitivity,valence_binary_fixed5,refit,sub-mit123_trial-08_window-009,sub-mit123,8,sub-mit123_trial-08,low,1.08
single_class_sensitivity,valence_binary_fixed5,refit,sub-mit123_trial-08_window-010,sub-mit123,8,sub-mit123_trial-08,low,1.08
single_class_sensitivity,valence_binary_fixed5,refit,sub-mit123_trial-08_window-011,sub-mit123,8,sub-mit123_trial-08,low,1.08
single_class_sensitivity,valence_binary_fixed5,refit,sub-mit123_trial-08_window-012,sub-mit123,8,sub-mit123_trial-08,low,1.08
single_class_sensitivity,valence_binary_fixed5,refit,sub-mit123_trial-08_window-013,sub-mit123,8,sub-mit123_trial-08,low,1.08
single_class_sensitivity,valence_binary_fixed5,refit,sub-mit123_trial-08_window-014,sub-mit123,8,sub-mit123_trial-08,low,1.08
single_class_sensitivity,valence_binary_fixed5,refit,sub-mit123_trial-08_window-015,sub-mit123,8,sub-mit123_trial-08,low,1.08
single_class_sensitivity,valence_binary_fixed5,refit,sub-mit123_trial-08_window-016,sub-mit123,8,sub-mit123_trial-08,low,1.08
single_class_sensitivity,valence_binary_fixed5,refit,sub-mit123_trial-08_window-017,sub-mit123,8,sub-mit123_trial-08,low,1.08
single_class_sensitivity,valence_binary_fixed5,refit,sub-mit123_trial-08_window-018,sub-mit123,8,sub-mit123_trial-08,low,1.08
single_class_sensitivity,valence_binary_fixed5,refit,sub-mit123_trial-08_window-019,sub-mit123,8,sub-mit123_trial-08,low,1.08
single_class_sensitivity,valence_binary_fixed5,refit,sub-mit123_trial-08_window-020,sub-mit123,8,sub-mit123_trial-08,low,1.08
single_class_sensitivity,valence_binary_fixed5,refit,sub-mit123_trial-08_window-023,sub-mit123,8,sub-mit123_trial-08,low,1.08
single_class_sensitivity,valence_binary_fixed5,refit,sub-mit123_trial-08_window-027,sub-mit123,8,sub-mit123_trial-08,low,1.08
single_class_sensitivity,valence_binary_fixed5,refit,sub-mit123_trial-08_window-029,sub-mit123,8,sub-mit123_trial-08,low,1.08
single_class_sensitivity,valence_binary_fixed5,refit,sub-mit123_trial-09_window-001,sub-mit123,9,sub-mit123_trial-09,low,1.26
single_class_sensitivity,valence_binary_fixed5,refit,sub-mit123_trial-09_window-002,sub-mit123,9,sub-mit123_trial-09,low,1.26
single_class_sensitivity,valence_binary_fixed5,refit,sub-mit123_trial-09_window-003,sub-mit123,9,sub-mit123_trial-09,low,1.26
single_class_sensitivity,valence_binary_fixed5,refit,sub-mit123_trial-09_window-004,sub-mit123,9,sub-mit123_trial-09,low,1.26
single_class_sensitivity,valence_binary_fixed5,refit,sub-mit123_trial-09_window-005,sub-mit123,9,sub-mit123_trial-09,low,1.26
single_class_sensitivity,valence_binary_fixed5,refit,sub-mit123_trial-09_window-006,sub-mit123,9,sub-mit123_trial-09,low,1.26
single_class_sensitivity,valence_binary_fixed5,refit,sub-mit123_trial-09_window-007,sub-mit123,9,sub-mit123_trial-09,low,1.26
single_class_sensitivity,valence_binary_fixed5,refit,sub-mit123_trial-09_window-008,sub-mit123,9,sub-mit123_trial-09,low,1.26
single_class_sensitivity,valence_binary_fixed5,refit,sub-mit123_trial-09_window-011,sub-mit123,9,sub-mit123_trial-09,low,1.26
single_class_sensitivity,valence_binary_fixed5,refit,sub-mit123_trial-09_window-012,sub-mit123,9,sub-mit123_trial-09,low,1.26
single_class_sensitivity,valence_binary_fixed5,refit,sub-mit123_trial-09_window-013,sub-mit123,9,sub-mit123_trial-09,low,1.26
single_class_sensitivity,valence_binary_fixed5,refit,sub-mit123_trial-09_window-014,sub-mit123,9,sub-mit123_trial-09,low,1.26
single_class_sensitivity,valence_binary_fixed5,refit,sub-mit123_trial-09_window-015,sub-mit123,9,sub-mit123_trial-09,low,1.26
single_class_sensitivity,valence_binary_fixed5,refit,sub-mit123_trial-09_window-016,sub-mit123,9,sub-mit123_trial-09,low,1.26
single_class_sensitivity,valence_binary_fixed5,refit,sub-mit123_trial-09_window-017,sub-mit123,9,sub-mit123_trial-09,low,1.26
single_class_sensitivity,valence_binary_fixed5,refit,sub-mit123_trial-09_window-018,sub-mit123,9,sub-mit123_trial-09,low,1.26
single_class_sensitivity,valence_binary_fixed5,refit,sub-mit123_trial-09_window-019,sub-mit123,9,sub-mit123_trial-09,low,1.26
single_class_sensitivity,valence_binary_fixed5,refit,sub-mit123_trial-09_window-020,sub-mit123,9,sub-mit123_trial-09,low,1.26
single_class_sensitivity,valence_binary_fixed5,refit,sub-mit123_trial-09_window-021,sub-mit123,9,sub-mit123_trial-09,low,1.26
single_class_sensitivity,valence_binary_fixed5,refit,sub-mit123_trial-09_window-023,sub-mit123,9,sub-mit123_trial-09,low,1.26
single_class_sensitivity,valence_binary_fixed5,refit,sub-mit123_trial-09_window-024,sub-mit123,9,sub-mit123_trial-09,low,1.26
single_class_sensitivity,valence_binary_fixed5,refit,sub-mit123_trial-09_window-025,sub-mit123,9,sub-mit123_trial-09,low,1.26
single_class_sensitivity,valence_binary_fixed5,refit,sub-mit123_trial-09_window-026,sub-mit123,9,sub-mit123_trial-09,low,1.26
single_class_sensitivity,valence_binary_fixed5,refit,sub-mit123_trial-09_window-027,sub-mit123,9,sub-mit123_trial-09,low,1.26
single_class_sensitivity,valence_binary_fixed5,refit,sub-mit123_trial-09_window-028,sub-mit123,9,sub-mit123_trial-09,low,1.26
single_class_sensitivity,valence_binary_fixed5,refit,sub-mit123_trial-09_window-029,sub-mit123,9,sub-mit123_trial-09,low,1.26
single_class_sensitivity,valence_binary_fixed5,refit,sub-mit123_trial-10_window-001,sub-mit123,10,sub-mit123_trial-10,low,2.55
single_class_sensitivity,valence_binary_fixed5,refit,sub-mit123_trial-10_window-002,sub-mit123,10,sub-mit123_trial-10,low,2.55
single_class_sensitivity,valence_binary_fixed5,refit,sub-mit123_trial-10_window-003,sub-mit123,10,sub-mit123_trial-10,low,2.55
single_class_sensitivity,valence_binary_fixed5,refit,sub-mit123_trial-10_window-005,sub-mit123,10,sub-mit123_trial-10,low,2.55
single_class_sensitivity,valence_binary_fixed5,refit,sub-mit123_trial-10_window-006,sub-mit123,10,sub-mit123_trial-10,low,2.55
single_class_sensitivity,valence_binary_fixed5,refit,sub-mit123_trial-10_window-007,sub-mit123,10,sub-mit123_trial-10,low,2.55
single_class_sensitivity,valence_binary_fixed5,refit,sub-mit123_trial-10_window-008,sub-mit123,10,sub-mit123_trial-10,low,2.55
single_class_sensitivity,valence_binary_fixed5,refit,sub-mit123_trial-10_window-009,sub-mit123,10,sub-mit123_trial-10,low,2.55
single_class_sensitivity,valence_binary_fixed5,refit,sub-mit123_trial-10_window-010,sub-mit123,10,sub-mit123_trial-10,low,2.55
single_class_sensitivity,valence_binary_fixed5,refit,sub-mit123_trial-10_window-011,sub-mit123,10,sub-mit123_trial-10,low,2.55
single_class_sensitivity,valence_binary_fixed5,refit,sub-mit123_trial-10_window-012,sub-mit123,10,sub-mit123_trial-10,low,2.55
single_class_sensitivity,valence_binary_fixed5,refit,sub-mit123_trial-10_window-013,sub-mit123,10,sub-mit123_trial-10,low,2.55
single_class_sensitivity,valence_binary_fixed5,refit,sub-mit123_trial-10_window-014,sub-mit123,10,sub-mit123_trial-10,low,2.55
single_class_sensitivity,valence_binary_fixed5,refit,sub-mit123_trial-10_window-015,sub-mit123,10,sub-mit123_trial-10,low,2.55
single_class_sensitivity,valence_binary_fixed5,refit,sub-mit123_trial-10_window-016,sub-mit123,10,sub-mit123_trial-10,low,2.55
single_class_sensitivity,valence_binary_fixed5,refit,sub-mit123_trial-10_window-017,sub-mit123,10,sub-mit123_trial-10,low,2.55
single_class_sensitivity,valence_binary_fixed5,refit,sub-mit123_trial-10_window-018,sub-mit123,10,sub-mit123_trial-10,low,2.55
single_class_sensitivity,valence_binary_fixed5,refit,sub-mit123_trial-10_window-019,sub-mit123,10,sub-mit123_trial-10,low,2.55
single_class_sensitivity,valence_binary_fixed5,refit,sub-mit123_trial-10_window-020,sub-mit123,10,sub-mit123_trial-10,low,2.55
single_class_sensitivity,valence_binary_fixed5,refit,sub-mit123_trial-10_window-021,sub-mit123,10,sub-mit123_trial-10,low,2.55
single_class_sensitivity,valence_binary_fixed5,refit,sub-mit123_trial-10_window-022,sub-mit123,10,sub-mit123_trial-10,low,2.55
single_class_sensitivity,valence_binary_fixed5,refit,sub-mit123_trial-10_window-023,sub-mit123,10,sub-mit123_trial-10,low,2.55
single_class_sensitivity,valence_binary_fixed5,refit,sub-mit123_trial-10_window-024,sub-mit123,10,sub-mit123_trial-10,low,2.55
single_class_sensitivity,valence_binary_fixed5,refit,sub-mit123_trial-10_window-025,sub-mit123,10,sub-mit123_trial-10,low,2.55
single_class_sensitivity,valence_binary_fixed5,refit,sub-mit123_trial-10_window-026,sub-mit123,10,sub-mit123_trial-10,low,2.55
single_class_sensitivity,valence_binary_fixed5,refit,sub-mit123_trial-10_window-027,sub-mit123,10,sub-mit123_trial-10,low,2.55
single_class_sensitivity,valence_binary_fixed5,refit,sub-mit123_trial-10_window-028,sub-mit123,10,sub-mit123_trial-10,low,2.55
single_class_sensitivity,valence_binary_fixed5,refit,sub-mit123_trial-10_window-029,sub-mit123,10,sub-mit123_trial-10,low,2.55
single_class_sensitivity,valence_binary_fixed5,refit,sub-mit123_trial-11_window-001,sub-mit123,11,sub-mit123_trial-11,low,2.92
single_class_sensitivity,valence_binary_fixed5,refit,sub-mit123_trial-11_window-002,sub-mit123,11,sub-mit123_trial-11,low,2.92
single_class_sensitivity,valence_binary_fixed5,refit,sub-mit123_trial-11_window-003,sub-mit123,11,sub-mit123_trial-11,low,2.92
single_class_sensitivity,valence_binary_fixed5,refit,sub-mit123_trial-11_window-004,sub-mit123,11,sub-mit123_trial-11,low,2.92
single_class_sensitivity,valence_binary_fixed5,refit,sub-mit123_trial-11_window-005,sub-mit123,11,sub-mit123_trial-11,low,2.92
single_class_sensitivity,valence_binary_fixed5,refit,sub-mit123_trial-11_window-006,sub-mit123,11,sub-mit123_trial-11,low,2.92
single_class_sensitivity,valence_binary_fixed5,refit,sub-mit123_trial-11_window-007,sub-mit123,11,sub-mit123_trial-11,low,2.92
single_class_sensitivity,valence_binary_fixed5,refit,sub-mit123_trial-11_window-008,sub-mit123,11,sub-mit123_trial-11,low,2.92
single_class_sensitivity,valence_binary_fixed5,refit,sub-mit123_trial-11_window-009,sub-mit123,11,sub-mit123_trial-11,low,2.92
single_class_sensitivity,valence_binary_fixed5,refit,sub-mit123_trial-11_window-010,sub-mit123,11,sub-mit123_trial-11,low,2.92
single_class_sensitivity,valence_binary_fixed5,refit,sub-mit123_trial-11_window-011,sub-mit123,11,sub-mit123_trial-11,low,2.92
single_class_sensitivity,valence_binary_fixed5,refit,sub-mit123_trial-11_window-012,sub-mit123,11,sub-mit123_trial-11,low,2.92
single_class_sensitivity,valence_binary_fixed5,refit,sub-mit123_trial-11_window-013,sub-mit123,11,sub-mit123_trial-11,low,2.92
single_class_sensitivity,valence_binary_fixed5,refit,sub-mit123_trial-11_window-014,sub-mit123,11,sub-mit123_trial-11,low,2.92
single_class_sensitivity,valence_binary_fixed5,refit,sub-mit123_trial-11_window-015,sub-mit123,11,sub-mit123_trial-11,low,2.92
single_class_sensitivity,valence_binary_fixed5,refit,sub-mit123_trial-11_window-016,sub-mit123,11,sub-mit123_trial-11,low,2.92
single_class_sensitivity,valence_binary_fixed5,refit,sub-mit123_trial-11_window-017,sub-mit123,11,sub-mit123_trial-11,low,2.92
single_class_sensitivity,valence_binary_fixed5,refit,sub-mit123_trial-11_window-018,sub-mit123,11,sub-mit123_trial-11,low,2.92
single_class_sensitivity,valence_binary_fixed5,refit,sub-mit123_trial-11_window-019,sub-mit123,11,sub-mit123_trial-11,low,2.92
single_class_sensitivity,valence_binary_fixed5,refit,sub-mit123_trial-11_window-020,sub-mit123,11,sub-mit123_trial-11,low,2.92
single_class_sensitivity,valence_binary_fixed5,refit,sub-mit123_trial-11_window-021,sub-mit123,11,sub-mit123_trial-11,low,2.92
single_class_sensitivity,valence_binary_fixed5,refit,sub-mit123_trial-11_window-022,sub-mit123,11,sub-mit123_trial-11,low,2.92
single_class_sensitivity,valence_binary_fixed5,refit,sub-mit123_trial-11_window-023,sub-mit123,11,sub-mit123_trial-11,low,2.92
single_class_sensitivity,valence_binary_fixed5,refit,sub-mit123_trial-11_window-024,sub-mit123,11,sub-mit123_trial-11,low,2.92
single_class_sensitivity,valence_binary_fixed5,refit,sub-mit123_trial-11_window-025,sub-mit123,11,sub-mit123_trial-11,low,2.92
single_class_sensitivity,valence_binary_fixed5,refit,sub-mit123_trial-11_window-026,sub-mit123,11,sub-mit123_trial-11,low,2.92
single_class_sensitivity,valence_binary_fixed5,refit,sub-mit123_trial-11_window-027,sub-mit123,11,sub-mit123_trial-11,low,2.92
single_class_sensitivity,valence_binary_fixed5,refit,sub-mit123_trial-11_window-028,sub-mit123,11,sub-mit123_trial-11,low,2.92
single_class_sensitivity,valence_binary_fixed5,refit,sub-mit123_trial-11_window-029,sub-mit123,11,sub-mit123_trial-11,low,2.92
single_class_sensitivity,valence_binary_fixed5,sensitivity_test,sub-mit117_trial-08_window-003,sub-mit117,8,sub-mit117_trial-08,low,1.05
single_class_sensitivity,valence_binary_fixed5,sensitivity_test,sub-mit117_trial-08_window-007,sub-mit117,8,sub-mit117_trial-08,low,1.05
single_class_sensitivity,valence_binary_fixed5,sensitivity_test,sub-mit117_trial-08_window-010,sub-mit117,8,sub-mit117_trial-08,low,1.05
single_class_sensitivity,valence_binary_fixed5,sensitivity_test,sub-mit117_trial-08_window-011,sub-mit117,8,sub-mit117_trial-08,low,1.05
single_class_sensitivity,valence_binary_fixed5,sensitivity_test,sub-mit117_trial-08_window-018,sub-mit117,8,sub-mit117_trial-08,low,1.05
single_class_sensitivity,valence_binary_fixed5,sensitivity_test,sub-mit117_trial-08_window-019,sub-mit117,8,sub-mit117_trial-08,low,1.05
single_class_sensitivity,valence_binary_fixed5,sensitivity_test,sub-mit117_trial-08_window-022,sub-mit117,8,sub-mit117_trial-08,low,1.05
single_class_sensitivity,valence_binary_fixed5,sensitivity_test,sub-mit117_trial-08_window-023,sub-mit117,8,sub-mit117_trial-08,low,1.05
single_class_sensitivity,valence_binary_fixed5,sensitivity_test,sub-mit117_trial-08_window-027,sub-mit117,8,sub-mit117_trial-08,low,1.05
